"Data Source","World Development Indicators",

"Last Updated Date","2026-07-13",

"Country Name","Country Code","Indicator Name","Indicator Code","1960","1961","1962","1963","1964","1965","1966","1967","1968","1969","1970","1971","1972","1973","1974","1975","1976","1977","1978","1979","1980","1981","1982","1983","1984","1985","1986","1987","1988","1989","1990","1991","1992","1993","1994","1995","1996","1997","1998","1999","2000","2001","2002","2003","2004","2005","2006","2007","2008","2009","2010","2011","2012","2013","2014","2015","2016","2017","2018","2019","2020","2021","2022","2023","2024","2025",
"Aruba","ABW","Urban population (% of total population)","SP.URB.TOTL.IN.ZS","59.0236701687155","59.0727998569268","59.2122712335815","59.4323593543099","59.7233404762133","60.075490856393","60.4790867519502","60.9244044199862","61.4017201176024","61.9013101019","62.4134506299803","62.9284179589446","63.4364883458941","63.9279380479301","64.393043322154","64.822080425667","65.2053256155704","65.5330551489654","65.7955452829535","65.9830722746357","66.0859123811135","66.0991174416016","66.0706191076215","66.0149065385293","65.9393526607032","65.85044772886","65.7546819977163","65.6585457219888","65.5685291563943","65.4911225556494","65.4328161744708","65.4009220636969","65.3905890889858","65.3844666218501","65.3800478100985","65.376703433065","65.3738042700838","65.3707211004889","65.3668247036146","65.3614858587949","65.3545497799987","65.3351137913914","65.2820691308217","65.1982922587168","65.0886533661558","64.9580226442175","64.811270283981","64.6532664765254","64.4888814129295","64.3229852842726","64.1612965549477","63.9992605838571","63.8252085199599","63.6382914355326","63.4392531303795","63.2288374043053","63.0077880571142","62.7768488886109","62.5367636985996","62.288276286885","62.0028837566365","61.9275339886843","61.8811657924257","61.8351492675589","61.7909396819594","61.7485249229588",
"Africa Eastern and Southern","AFE","Urban population (% of total population)","SP.URB.TOTL.IN.ZS","14.6403707377234","14.8677302411759","15.1073674819099","15.3538988801913","15.6071524444076","15.8722457974654","16.1491586540483","16.4300857616442","16.7177015787169","17.0202368912783","17.3391453677373","17.6776253340453","18.0414446048655","18.4165839044054","18.7846219299136","19.1466187210624","19.4953455274938","19.8365091026403","20.1682614121293","20.4981090939751","20.8433172860217","21.1670112648211","21.4903837159971","21.8611551587153","22.2807384756766","22.7402422863894","23.239144785621","23.7646148522235","24.2951116720964","24.8181998844666","25.3020442054102","25.7041334837666","26.0300551735773","26.3471822105264","26.717769359466","27.0426760218554","27.2782744312251","27.5210299379438","27.8207453137344","28.1370584222489","28.4686879776452","28.8315061435738","29.2210306166309","29.6390356014361","30.0878370669042","30.5372758629303","30.9876495544836","31.3629773942904","31.848999584948","32.2400677597918","32.5903609820214","32.9380985869792","33.2867060801392","33.6673142772775","34.0775774023013","34.4906809355644","34.8812106693274","35.2829868326458","35.714718464725","36.0973307017698","36.4883219609866","36.9085426088518","37.3605781096471","37.7723012408349","38.2414414289603","38.7021396558821",
"Afghanistan","AFG","Urban population (% of total population)","SP.URB.TOTL.IN.ZS","8.12255149340207","8.38959494931345","8.66266423654956","8.94270943787613","9.23113447844093","9.52934328339171","9.83873977787624","10.1607278870423","10.4967115360376","10.84809465001","11.2297657038792","11.6660355418459","12.1619847549558","12.6916916731915","13.2347712388712","13.7708383943132","14.2795080818354","14.7403952437562","15.1331148223937","15.4376007470002","15.6809994542625","15.9037575307894","16.1073778271006","16.2936657965111","16.4644268923362","16.6214665678908","16.7665902764903","16.9016034714497","17.0283116060842","17.1485201337089","17.264034507639","17.3766601811896","17.4882026076758","17.6004672404128","17.7152595327158","17.8343849378999","17.9596489092802","18.0928569001719","18.2358143638901","18.3903267537499","18.5581995230666","18.7412381251552","18.9412480133309","19.1600346409089","19.3993593959593","19.7059095753667","20.1104530189181","20.5906579215423","21.1241481349633","21.6885475109053","22.2614799010924","22.8205691572485","23.3434391310979","23.8077136743646","24.1910166387726","24.4649118421568","24.6588345720126","24.8352821238871","24.9991645191406","25.1437258839803","25.2622103446137","25.3478620272481","25.3939250580909","25.4730529631167","25.7007352636188","25.9401644699898",
"Africa Western and Central","AFW","Urban population (% of total population)","SP.URB.TOTL.IN.ZS","13.9464796319237","14.4684194613816","15.0173831298384","15.5923183426511","16.1906158800289","16.8140481994758","17.455019010897","18.1081615025206","18.7684286824826","19.430801122985","20.0923890635696","20.7643404473544","21.4546914500367","22.1629658544381","22.8790230642497","23.591809981719","24.3081407413288","25.021406376423","25.7017104128805","26.348663984594","26.9966782452075","27.6445069183424","28.2744239920441","28.8914928383052","29.5106185197845","30.1247371845415","30.6903185861855","31.3335896923465","31.9294090434588","32.5195968416227","33.099075887341","33.7878250317871","34.3460832425771","34.8905095320242","35.421243774841","35.9510481961924","36.5042201729237","37.086983841365","37.6770000053917","38.2663210641396","38.8599330559094","39.460746992679","40.0574081818729","40.6531005844209","41.2483844799298","41.8453135723565","42.4489363789709","43.0212188517424","43.5885609704807","44.1595723394052","44.7340356184081","45.306921990073","45.8819111655464","46.4556737847896","47.0323463433828","47.6135647497926","48.1862744131428","48.7610092648065","49.3326762524323","49.9054685471984","50.4923214842153","51.0894191806819","51.7001028474527","52.3021093132307","52.8788239433226","53.4772052295821",
"Angola","AGO","Urban population (% of total population)","SP.URB.TOTL.IN.ZS","10.3871038748875","10.8105449526381","11.2070600250908","11.5817203164711","11.9451804039409","12.308094864662","12.6811182757965","13.0749052145061","13.5001102579529","13.9673879832988","14.4890356191567","15.0758622803081","15.7625860843817","16.5450304427496","17.4163699403863","18.369779162266","19.3984326933631","20.4955051186518","21.6541710231065","22.8676049917016","24.1289816094112","25.4314754612098","26.7682611320717","28.1325132069711","29.5174062708824","30.91611490878","32.321813705638","33.727677246431","35.1268801161331","36.5125968997187","37.878002182162","39.2162705484376","40.5205765835195","41.7840948723822","43","44.2110025396864","45.4556005898678","46.7206500231881","47.993006712291","49.2595265298203","50.5070653484197","51.7224790407329","52.8926234794038","54.0043545370761","55.0445280863936","56","56.8939032662772","57.7564632930133","58.5851745819614","59.3775316348744","60.1310289535053","60.8431610396073","61.5114223949332","62.1333075212361","62.723115793241","63.51567832685","64.2992302517989","65.0850525086068","65.8732136723372","66.6637823180533","67.4568270208187","68.2524163556969","69.0506188977513","69.8515032220457","70.6551379036435","71.4615915176085",
"Albania","ALB","Urban population (% of total population)","SP.URB.TOTL.IN.ZS","30.8420674130923","30.9827513418507","31.0731900817639","31.1398055648366","31.1906326249604","31.2337060960272","31.2770608119285","31.3287316065561","31.3967533138017","31.4901653651322","31.6190126513611","31.7832190295765","31.9754582795241","32.1890629144681","32.4173654476724","32.6536983924011","32.8913942619184","33.1237855694883","33.3442048283749","33.5459569579484","33.7329401193584","33.9086307674847","34.078980200443","34.2492672113262","34.4247705932271","34.6107691392387","34.8125416424538","35.0353668959653","35.284523692866","35.5669897834013","35.8970478012844","36.282411606506","36.7184275131439","37.201625125729","37.728534048792","38.2956838868638","38.8996042444751","39.5368247261567","40.2038749364394","40.8972844798541","41.6135829609314","42.354513990929","43.1520419609419","44.0295089223208","44.9784925669394","45.9937666920583","47.0701050949378","48.2022815728384","49.3850699230207","50.6132439427449","51.8815774292716","53.2917382892465","53.8637553661449","54.2979678058548","54.7325813178673","55.1579291374894","55.5738734464276","55.980276426546","56.377000259892","56.7639071287255","57.1408592155544","57.5077187031778","57.8643477747383","58.2106086137857","58.5463634043555","58.871474331067",
"Andorra","AND","Urban population (% of total population)","SP.URB.TOTL.IN.ZS","58.4500007629395","60.2093959076999","62.0361481576873","63.9184116151966","65.8443403825224","67.8020885619596","69.779810255803","71.7656595663472","73.7477905958871","75.7143574467173","77.6535142211328","79.5534150214282","81.4022139498983","83.1880651088379","84.8991226005418","86.5235405273046","88.0494729914213","89.4650740951865","90.758497940895","91.9178986308415","92.9314302673209","93.7872469526279","94.4735027890573","94.9783518789038","95.2899483244622","95.3964462280273","95.3921798028267","95.377365948814","95.3489827983728","95.3040084838867","94.7658920288086","94.3135604858398","94.0108012203437","93.7590394297725","93.5443620126415","93.3528558674658","93.1706078927605","92.9837049870406","92.7782340488214","92.5402819766179","92.2559356689453","91.8949711110146","91.4605308311615","90.9887515425879","90.5157699584961","89.9563631945418","89.3789218918348","89.0500030517578","88.9407363930477","88.84433315185","88.7604726056609","88.6888340319763","88.6290967082924","88.5809399121053","88.544042920911","88.5180850122057","88.5027454634853","88.4977035522461","88.5080998493791","88.5391793666245","88.5907780427517","88.6627318165299","88.7548766267286","88.8201609217082","88.8850044816278","88.9492672283129",
"Arab World","ARB","Urban population (% of total population)","SP.URB.TOTL.IN.ZS","30.9469841178994","31.6986283522282","32.5088281715815","33.3211275180484","34.099958852189","34.8247463776517","35.4887334551699","36.135856521639","36.8046208046175","37.4816820594287","38.1510988170214","38.8001097864788","39.4518741251562","40.0472132223514","40.6093903938806","41.1512669359608","41.6698983813024","42.1896887107373","42.6990250118045","43.1952540851744","43.7216600593104","44.302212618309","44.8777255315849","45.4254618655866","46.0337487863182","46.6643746509095","47.2952529165784","47.9107954054291","48.4971557570001","49.0532791221626","49.5413126255844","49.9008738978685","50.3473192930772","50.6503278854775","50.9111622395073","51.1341913037906","51.3799445297912","51.6467557350173","51.9040659178161","52.1630246121578","52.4414305753963","52.738168430817","53.0428526060555","53.3521913954159","53.6638769892058","53.9820002905638","54.3116023572253","54.6554574046587","55.012130650449","55.3595981551546","55.5920977319462","56.052080900428","56.7609778940107","57.5747135596837","58.0278238886845","58.351712270484","58.5622937950483","58.6808941601595","58.7847025324078","58.8962879377102","59.0899689866908","59.112484714184","59.3339325148117","59.569940800309","59.8198752449274","60.0362191816888",
"United Arab Emirates","ARE","Urban population (% of total population)","SP.URB.TOTL.IN.ZS","73.5","74.5394859753477","75.4751894908409","76.3230038344243","77.0988222940425","77.8185381576404","78.4980447131624","79.1532352485533","79.8000030517578","80.4878127899824","81.2230740162758","81.9570973473456","82.6411933998997","83.2266727906458","83.6648461362916","83.8978876754588","83.8691315636637","83.3878322179769","82.6247971931856","81.7871675264013","81.1041461310978","80.6536345381341","80.3043955582727","79.9973102271053","79.7336810810801","79.5182620351747","79.3351302664863","79.1617721750887","78.9933447775113","78.8334696681809","78.6857684415241","78.5538626919677","78.4413740139383","78.3519240018627","78.2891342501676","78.2578079598212","78.2689693716933","78.3820753836003","78.5955507596055","78.9002662187301","79.287092479995","79.7469002624215","80.2705602850306","80.8489432668434","81.4729199268812","82.2122832763517","82.5588968646829","82.758608500318","82.9658963549658","83.1701992996163","83.3714299144178","83.5695007795347","83.7643244751488","83.9558135814626","84.1438806787019","84.3284383471193","84.5093991669984","84.686675718659","84.8601805824625","85.0298263388195","85.1955255681984","85.3571908511355","85.5147347682487","85.6680699002526","85.8171088279791","85.9617641324017",
"Argentina","ARG","Urban population (% of total population)","SP.URB.TOTL.IN.ZS","71.7238893802647","72.4354744941627","73.1728787774807","73.9273735418668","74.6879628669135","75.4436508322132","76.1834415173586","76.8963390019422","77.5713473655565","78.197470687794","78.7618397059741","79.2692164343612","79.7364960845372","80.172591002121","80.5835904331507","80.9755836236642","81.3546598196994","81.7269082672944","82.098418212487","82.4752789013152","82.8639554289458","83.2689842072422","83.6905247145442","84.1222444561233","84.5580771403692","84.9919564756716","85.4178161704202","85.8295899330048","86.2212114718152","86.5866144952409","86.9197327116719","87.2150276705697","87.4815873775619","87.7307713525095","87.964582650281","88.1853677511823","88.3954731355194","88.5972452835983","88.793030675725","88.9851757922053","89.1760271133454","89.3682951289372","89.5616701920513","89.752468256564","89.9397208794212","90.1233737736072","90.3033726521064","90.4796632279031","90.6521912139817","90.8209023233265","90.9930051940977","91.1072286738406","91.2041217246797","91.3014507719473","91.3975345472954","91.4923019108628","91.5856817228217","91.6776028433824","91.7679941327998","91.8567844513802","91.9439026594897","92.0292776175651","92.112838186126","92.1945132257907","92.2742315972952","92.3519221615173",
"Armenia","ARM","Urban population (% of total population)","SP.URB.TOTL.IN.ZS","51.1513366699219","52.4819793701172","53.5790939331055","54.6176986694336","55.554515838623","56.0575141906738","56.4653091430664","57.0468978881836","57.7038421630859","58.7554321289062","59.8698662446259","60.6373062133789","61.540210723877","62.2766189575195","63.0193824768066","63.8236122131348","64.5332489013672","65.0811996459961","65.531379699707","65.8899357391783","66.1789456444719","66.4733810359012","66.755881479394","67.0194069873643","67.256917572226","67.4613732463931","67.6257340222794","67.7429599122989","67.8060109288654","67.8012840695329","67.715704725076","67.5489914581788","67.3189719323147","67.0403082101074","66.7276623541806","66.3956964271579","66.0590724916631","65.7324526103198","65.4304988457517","65.1678732605826","64.959237917436","64.8228123790872","64.7396211980252","64.6663537455064","64.5972633621116","64.5334210637509","64.4758978663344","64.4257647857723","64.3840928379746","64.3519530388516","64.3304164043132","64.3207449145194","64.3268379506998","64.3584061131466","64.4142934233291","64.4929623431549","64.5928753345316","64.7124948593667","64.8502833795679","65.0047033570428","65.174217253699","65.3572875314441","65.5624462874485","65.6956882008852","65.8113671449901","65.9287015589872",
"American Samoa","ASM","Urban population (% of total population)","SP.URB.TOTL.IN.ZS","37.630733896367","38.1525839096364","39.2872955226102","40.8971834238165","42.8525438300483","45.0236729580982","47.2808670247592","49.494422246824","51.5346348410855","53.2718010243364","54.5969643668068","55.6781182307226","56.6648019949481","57.5724235151291","58.4244855714931","59.2444909442675","60.0559424136796","60.8823427599568","61.7471947633265","62.6740012040162","63.6838351491801","64.7594806420641","65.8801826050643","67.0404090055583","68.2337812268115","69.4539206520893","70.6944486646571","71.9489866477803","73.2111559847244","74.4745780587547","75.75476136421","77.1886431276343","78.8200233343089","80.5535241084936","82.3063685835789","83.9957798929559","85.5389811700152","86.8531955481476","87.855646160744","88.4635561411951","88.6075809307222","88.553433064242","88.4330093344384","88.2572251046343","88.0361455323111","87.7798357749499","87.4983609900321","87.2017863350389","86.9001769674517","86.6035980447517","86.3190673549669","86.0284991724475","85.7161174344451","85.3846465194761","85.0351448001542","84.668670649093","84.2862824389061","83.8890385422071","83.4779973316097","83.0542171797274","82.6240780620716","82.2127091544092","81.794797704649","81.3721542708222","80.9446986961818","80.5123508239818",
"Antigua and Barbuda","ATG","Urban population (% of total population)","SP.URB.TOTL.IN.ZS","39.5657705152055","39.3318081653543","38.8272208218301","38.126158195326","37.2995588692159","36.4183614268739","35.5535044516741","34.7759265269904","34.1565662361968","33.7663621626675","33.6675914101397","33.6846034454342","33.7236069227181","33.7820287765769","33.8575407060716","33.9478144102634","34.0505215882132","34.163333938982","34.283923161631","34.4099609552212","34.5391190188136","34.6690690514693","34.7974827522494","34.9220318202148","35.0403879544266","35.1502228539458","35.2492082178336","35.335015745151","35.4053171349589","35.4577840863186","35.4900882982909","35.4992668871244","35.4264942344835","35.2418190034","34.9622518377762","34.6045871837806","34.1856194875816","33.7221431953478","33.2309527532477","32.7288426074498","32.2326072041227","31.7554348168059","31.2280374899146","30.6003743426951","29.905566716031","29.1737995723752","28.43525787418","27.7201265838981","27.0585906639822","26.4808350768849","26.0170447850587","25.694689859722","25.4555618588267","25.2475667667937","25.0899726107741","25","24.9239807471655","24.8500263836871","24.7781432093764","24.708337524045","24.6406156275043","24.574983819566","24.5114484000414","24.4500156687422","24.3906919254799","24.3334834700661",
"Australia","AUS","Urban population (% of total population)","SP.URB.TOTL.IN.ZS","81.5939131138277","81.9401168447656","82.2247152663558","82.4591944202891","82.678057786171","82.9158056314309","83.2069450044827","83.6388442296174","84.2014373835647","84.783175206959","85.2725152110675","85.5579296998576","85.6966512146316","85.8158245996083","85.9089602046269","85.9695831519514","85.9912185628314","85.9717564438803","85.9214912027925","85.8525573446016","85.7770893731575","85.707218017469","85.6300575999377","85.5372200194631","85.4475664516222","85.3799543006555","85.3532409678372","85.3581201309523","85.3697439220883","85.3836041559764","85.3951926476336","85.4000007462027","85.3907597470933","85.3660763370105","85.3300727660859","85.2868710503009","85.2405932056372","85.1953612480762","85.1552971935996","85.1245230581889","85.1071608578257","85.1481094164726","85.2842102783464","85.4097077818668","85.518767609412","85.6190871221958","85.7492544263523","85.8968519574969","86.0253816967666","86.1278139101818","86.2198600512143","86.3268946146423","86.4451259136625","86.5740515760243","86.7221289343356","86.8778642539361","87.0166295249235","87.12809266445","87.2267680845925","87.3019647888406","87.2713470458985","87.2353407632761","87.3343268253813","87.4866955653765","87.6021469990446","87.7192672666333",
"Austria","AUT","Urban population (% of total population)","SP.URB.TOTL.IN.ZS","49.9005599053504","50.0134094923753","50.1387328948846","50.2820388400265","50.4411692793639","50.6148005045414","50.8016088072034","51.0002704789946","51.2094618115595","51.4278590965426","51.6541386255885","51.8869425346511","52.1248994805461","52.3707647295136","52.6288510898596","52.903455903843","53.198876513723","53.5194102617586","53.8693544902089","54.2530065413329","54.6746637573898","55.1466847788736","55.7973637584991","56.6850021732437","57.7411688175191","58.9032492379678","60.1086289812329","61.294693593957","62.398828622783","63.3584196143538","64.110852115312","64.6009589145985","64.9499929346872","65.280505951617","65.585473658006","65.8629352596037","66.1109299621598","66.3274969714236","66.5106754931446","66.6585047330725","66.7690238969566","66.8408161285718","66.8887457136458","66.9263574955092","66.9558612872944","66.9797950654143","67.0006968062814","67.0211044863084","67.0435560819078","67.0705895694924","67.1047429254747","67.1484255415056","67.2085909812279","67.2981308784247","67.4154327591781","67.5576175537383","67.7218061923556","67.9051196052802","68.1046787227623","68.3176044750522","68.5410177924001","68.773601700253","68.998085127906","69.2265358276021","69.4658181096788","69.7152152366353",
"Azerbaijan","AZE","Urban population (% of total population)","SP.URB.TOTL.IN.ZS","48.0960235595703","48.9945373535156","49.00927734375","49.5199241638184","49.5284957885742","49.6463012695312","49.5775680541992","49.8879928588867","50.0235290527344","49.9790382385254","50.1965682720836","50.3596725463867","50.7014541625977","51.249568939209","51.6204605102539","51.981861114502","52.4026985168457","52.7007217407227","52.9483604431152","52.7214741837185","53.1531524658203","53.1928176879883","53.1883125305176","53.1502532958984","53.1190032958984","53.2208862304688","53.4095458984375","53.5169372558594","53.7326774597168","54.1239323522628","53.6960678100586","53.2414665222168","52.9185485839844","52.6992034912109","52.5011177062988","52.3116760253906","52.1216049194336","51.9270782470703","51.4672050476074","50.998251151426","51.1320838928223","51.1584815979004","51.2144165039062","51.7257995605469","52.2831993103027","52.5028533935547","52.6540145874023","52.8281555175781","53.063304901123","53.1358125434574","53.2848367714869","53.5085461893249","53.8076442276208","54.1821087431318","54.6319175926151","55.1570486328276","55.7574797205266","56.4331887124691","57.1841534654123","58.1308191977779","58.2934691761937","58.3659969744818","58.4382815854684","58.5075350483702","58.573795837717","58.6371024281175",
"Burundi","BDI","Urban population (% of total population)","SP.URB.TOTL.IN.ZS","1.83856656446502","1.92495251210765","2.01385684556026","2.10503150051228","2.19771316546114","2.29545155481425","2.40280810130907","2.51479320891319","2.6316921325473","2.75329325457697","2.87938495736776","3.00975562328525","3.144193634695","3.28248737396257","3.42442522345354","3.56979556553348","3.71838678256794","3.86998725692251","4.02438537096273","4.18123558024844","4.34343747899039","4.51409025854643","4.69233627788626","4.87713387836215","5.06744140132635","5.26221718813112","5.46041958012872","5.6610069186714","5.86293754511142","6.06516980080104","6.26688751370564","6.46281419953055","6.64880538600158","6.82684917355131","6.99924539529555","7.16829388435013","7.33629447383088","7.50554699685361","7.67835128653415","7.85700717598833","8.04381449833197","8.24107308668089","8.45108277415092","8.67614339385788","8.9185547789176","9.1806167624459","9.4646291775586","9.77289185737152","10.1064353383035","10.4979900434482","10.9843097335487","11.5616652230006","12.2244596804615","12.9670962745892","13.7839781740413","14.6695085474754","15.6180905635494","16.6241273909209","17.6820221982475","18.786178154187","19.9309984273971","21.1108861865354","22.3202446002597","23.5534768372276","24.8302838651025","25.6870184681663",
"Belgium","BEL","Urban population (% of total population)","SP.URB.TOTL.IN.ZS","65.8680443819957","66.2246229423023","66.5898492132674","67.0127679163484","67.4921687465952","68.0116169164062","68.5546776381795","69.1049161243133","69.645897587206","70.1611872392558","70.6343502928609","71.059425198608","71.4714752540753","71.8840444402217","72.2950642332966","72.7044056681458","73.1119397796152","73.5175376025508","73.9210701717984","74.322408522204","74.7214236886134","75.1179867058726","75.5119686088274","75.9032404323239","76.2916732112078","76.677137980325","77.0595057745216","77.4386476286433","77.8144345775361","78.1867376560459","78.5554278990186","78.9203763413001","79.2814540177363","79.6385319631731","79.9914812124564","80.3401728004321","80.6844777619461","81.0242671318444","81.3594119449727","81.6897832361771","82.0152520403035","82.3356893921976","82.6509663267055","82.9609538786731","83.2655230829461","83.5645449743707","83.8578905877926","84.1454309580577","84.427037120012","84.7025801085014","84.9719309583717","85.2349607044689","85.4915403816388","85.7415410247275","85.9848336685807","86.2212893480444","86.4507790979645","86.6731739531869","86.8883449485575","87.0961631189222","87.2964994991269","87.4305564090635","87.489200269855","87.551492636772","87.6126557010527","87.6726083114649",
"Benin","BEN","Urban population (% of total population)","SP.URB.TOTL.IN.ZS","9.78963141426664","10.2494693125982","10.8017443780542","11.4456834981464","12.1718319904604","12.9707351725818","13.8329383620962","14.7489868765892","15.7094260336464","16.7048011508534","17.7256575457959","18.7625405360595","19.8059954392298","20.8465675728923","21.8748022546328","22.8812448020367","23.8564405326898","24.7909347641776","25.6752728140858","26.5","27.3020371175737","28.119206762055","28.943406950421","29.7665356996492","30.5804910267167","31.3771709486008","32.1484734822788","32.8862966447279","33.5825384529254","34.2290969238486","34.8178700744747","35.340755921781","35.7897618395069","36.181941228694","36.5273254197057","36.8385136903681","37.126775626037","37.4033808120677","37.679598833816","37.9666992766374","38.2759517258875","38.6186257669218","39.0035069872981","39.4169696013044","39.8525699078742","40.3097749006517","40.7877794072449","41.2857782552618","41.8029662723105","42.338538285999","42.8916891239353","43.4616136137276","44.0475065829838","44.6502883669319","45.2880529235999","45.9407403257663","46.6094559006664","47.2942774880391","47.9952829275963","48.7125500590248","49.4461567219896","50.1961807561354","50.9627000010887","51.7457922964593","52.5455354818423","53.3620073968188",
"Burkina Faso","BFA","Urban population (% of total population)","SP.URB.TOTL.IN.ZS","5.03571128845215","5.11663722991943","5.19885778427124","5.28240346908569","5.36727714538574","5.453537940979","5.54116725921631","5.63020658493042","5.72066736221313","5.81261157989502","5.90600919723511","6.00090456008911","6.097327709198","6.19532108306885","6.29485940933228","6.38334765393346","6.53940323665028","6.84646079847896","7.28102713473539","7.81418389802092","8.41701274093687","9.0605953160846","9.71601327606543","10.3543482734807","10.9466819609318","11.4581473159859","11.8893133177795","12.26558834261","12.6088107285023","12.9286074163191","13.2346053469232","13.5364314611772","13.8437126999438","14.1660760040858","14.5131483144658","14.8945565719465","15.3191448028844","15.8141283865811","16.4430937418116","17.1834171163423","18.0003503329444","18.8591452143893","19.725053583448","20.563327262892","21.3392180754924","22.0179778440204","22.5528306908743","22.9741760828193","23.3633747838557","23.7452325601116","24.115092498158","24.4682976845657","24.8001912059054","25.106116148748","25.3814155996643","25.621432645225","25.821510372001","25.9769918665632","26.0832202154822","26.1187254401157","26.3578373628627","26.8114307743017","27.2791369742712","27.7872478365158","28.3352514896662","28.9226360719085",
"Bangladesh","BGD","Urban population (% of total population)","SP.URB.TOTL.IN.ZS","5.11217784881592","5.27711092017363","5.46558127424798","5.65604955464145","5.85493480642397","6.06504811958475","6.28920058411298","6.53020328999785","6.79086732722856","7.0740037857943","7.38242375568427","7.71893832688767","8.08635858939368","8.48749563319151","8.95617235414869","9.63451603110182","10.5513364356921","11.6027057458323","12.6997238964727","13.7534908225636","14.6751064590553","15.3936634620895","16.0067506349457","16.5856824227561","17.1288583407786","17.6403224651566","18.1241188720337","18.5842916375536","19.0248848378598","19.4499425490959","19.8635088474054","20.2666857869933","20.6483331421589","21.002845267132","21.3383159101032","21.661231550566","21.9780786680138","22.2953437419401","22.6195132518384","22.957073677202","23.3145114975244","23.6999214768623","24.1132383547332","24.5525557512625","25.0094809886101","25.4769540701509","25.9479149992596","26.415303779311","26.87206041368","27.3111249057412","27.7254372588696","28.1100162712427","28.4787972894576","28.8407036106763","29.1944442321013","29.5395099477892","29.8753915517965","30.2015798381799","30.5175656009959","30.8228396343012","31.1168927321524","31.3992156886061","31.673734726234","32.1578465036834","32.6783196323307","33.2395847043975",
"Bulgaria","BGR","Urban population (% of total population)","SP.URB.TOTL.IN.ZS","37.1103363037109","38.4144706726074","39.3013801574707","40.2784042358398","43.0380744934082","45.6997494263354","47.0041198730469","48.0023765563965","49.0096244812012","50.5960388183594","52.3233871459961","53.8185234069824","55.1741676330566","56.2724342346191","58.0859909057617","58.0091388481304","58.4939002990723","59.4182548522949","60.517162322998","61.4790496826172","62.1413650512695","63.0104827880859","63.8886375427246","64.6457977294922","65.6103744506836","64.9559933070956","65.2507095336914","66.0016479492188","66.703010559082","67.3130798339844","67.0388031005859","67.0880279541016","67.1506882200337","67.4275283813477","67.7225112915039","67.8335418701172","67.6981964111328","67.6594467163086","67.8654022216797","68.0479965209961","68.2631454467773","69.196711983564","69.4859161376953","69.7808456420898","69.9193344116211","70.0869598388672","70.5075225830078","70.6844177246094","70.902099609375","71.3017349243164","71.5149307250977","72.6101653885532","72.7684860229492","72.9632821572019","73.0844879150391","73.1030578613281","73.1750030517578","73.3904571533203","73.600212097168","73.7162322998047","73.3239898681641","73.346765618041","73.4799164005224","73.7322671584613","73.9499356882481","74.1727501848475",
"Bahrain","BHR","Urban population (% of total population)","SP.URB.TOTL.IN.ZS","82.2947692284906","82.3255241071977","82.3497656349904","82.3668787679434","82.3762484621313","82.3181714338731","81.8297447507059","80.9564946440383","79.9314559329762","78.9749621423176","78.3073467968607","78.1318698166571","78.1871764957216","78.3123642550333","78.4983328452259","78.7368319034424","79.0196110668262","79.3384199725204","79.6850082576682","80.0511255594129","80.4285215148977","80.8267316370319","81.3760079093542","82.1330061890458","83.0301076618872","84.0100378745224","85.0155223735956","85.9892867057508","86.8740564176321","87.6125570558838","88.1475141671497","88.4141682579058","88.4377266220855","88.3963386224123","88.3272531646575","88.2394796624129","88.1420275292704","88.043906178822","87.9541250246595","87.8816934803747","87.8356209595597","87.8397146150894","88.1427867595875","88.8325339694118","89.8569005979296","91.168165501421","92.7186075361661","94.460505558445","96.3461384245376","98.3277849907243","100","100","100","100","100","100","100","100","100","100","100","100","100","100","100","100",
"Bahamas, The","BHS","Urban population (% of total population)","SP.URB.TOTL.IN.ZS","57.6002669532329","58.0468893374653","58.5330738171384","59.0800576911177","59.6910261732412","60.3629865055675","61.0853448042221","61.8520533132148","62.6570642765557","63.4943299382543","64.3578025423208","65.2414343327648","66.1391775535963","67.0449844488251","67.952807262461","68.856598238514","69.7503096209938","70.6278936539103","71.4833025812733","72.3104886470928","73.1083775505396","73.9443515783955","74.8532296310355","75.7961697065426","76.7379968138464","77.6435359618762","78.4776121595618","79.2050504158326","79.7906757396183","80.1993131398482","80.401533049016","80.5003285639749","80.581153601484","80.6457325200193","80.6987329843932","80.7448226594184","80.7886692099075","80.8349403006729","80.8883035965274","80.9534267622834","81.0361161567684","81.152720524793","81.3054206830642","81.4819614595541","81.6708410883427","81.8605578035102","82.0396098391364","82.1964954293015","82.3197128080855","82.3977602095684","82.4198104431593","82.4130347470308","82.3947485339925","82.3635791100868","82.3180931037043","82.2568571432361","82.1784378570728","82.0814018736052","81.9643158212241","81.8257463283204","81.6642600232849","81.4784235345083","81.3200717047725","81.3213799173676","81.3249262966481","81.3309172016028",
"Bosnia and Herzegovina","BIH","Urban population (% of total population)","SP.URB.TOTL.IN.ZS","19.0035371170106","19.670434906265","20.3855663028408","21.1592791848877","21.9786811751885","22.8332041839125","23.7122801212291","24.6053408973074","25.5018184223169","26.3911446064267","27.2627513598062","28.1133421178789","28.9889092538633","29.9111349251381","30.8550493812863","31.7997499996048","32.7243341573906","33.6078992319405","34.4295426005516","35.1683616405207","35.8034537291448","36.3179406302668","36.7541925336046","37.1462760745434","37.5010223212231","37.8266066308324","38.1312043605602","38.4229908675953","38.7101415091264","39.0008316423425","39.3032366244323","39.6238819113722","39.9525534247335","40.2798708993447","40.6066230101592","40.9327870219153","41.2583401993513","41.5832598072054","41.9075231102159","42.231107373121","42.5539898606589","42.8761478375679","43.1975585685863","43.5181993184523","43.8380473519042","44.1570799336802","44.4752743285185","44.7926078011574","45.1090576163352","45.4246010387901","45.7392153332604","46.0528777644843","46.3655655972","46.6954224739896","47.130783484831","47.5711645087011","48.0248845752382","48.4918401819106","48.971927825824","49.4650440037758","49.9710852122997","50.4899479477034","51.0215287060993","51.5657239834305","52.1224302754935","52.6915440779561",
"Belarus","BLR","Urban population (% of total population)","SP.URB.TOTL.IN.ZS","32.663028717041","33.8954429626465","34.9349479675293","35.9475479125977","36.9817352294922","38.0234222412109","39.0930938720703","40.2240867614746","41.4552536010742","42.7054748535156","43.9739262884839","45.2219734191895","46.5728950500488","48.0048446655273","49.3873672485352","50.7264976501465","51.9906921386719","53.1845397949219","54.3652648925781","55.4136029325515","56.5710296630859","57.6291580200195","58.6659622192383","59.7341957092285","60.7963256835938","61.8150367736816","62.7989044189453","63.8252601623535","64.9021301269531","65.8265636943463","66.4269790649414","67.0062866210938","67.3208541870117","67.5179672241211","67.7585983276367","68.0162734985352","68.2737426757812","68.6145935058594","69.0234222412109","69.4807636785987","69.9172295434732","70.3147201538086","70.8804702758789","71.3092422485352","71.7658538818359","72.0310134887695","72.6113815307617","73.0913467407227","73.5531692504883","74.1909646620571","74.5501403808594","75.0597534179688","75.5281066894531","75.94970703125","76.3405227661133","76.6263885498047","76.8458709716797","77.0208206176758","77.2132720947266","77.4550771852757","77.7890385790408","78.131086803694","78.4732787892908","78.8146420666327","79.1551015210848","79.4945820380127",
"Belize","BLZ","Urban population (% of total population)","SP.URB.TOTL.IN.ZS","53.8851007874855","53.8998267329443","53.9315856913383","53.9757099150092","54.0277337670604","54.0831916105953","54.1376178087172","54.1865467245296","54.2255127211358","54.2500501616392","54.2530689517437","54.1923730123718","54.0560333618046","53.8564909201225","53.6053193197871","53.3140921932601","52.9943831730032","52.6577658914781","52.3158139811464","51.9801010744698","51.6577231511727","51.2908303149135","50.8422319137357","50.339610876783","49.8073548163703","49.2698513448123","48.751488074424","48.2766526175203","47.8697325864159","47.5551155934258","47.3571892508649","47.2992377705329","47.3157093961853","47.3536666895074","47.4066621669842","47.4683420814088","47.5323526855742","47.5923402322735","47.6419509742997","47.6748311644458","47.6836847507377","47.6257993221451","47.4865009861554","47.2806245981404","47.0226655922949","46.7271194028137","46.4084814638913","46.0812472097226","45.7599120745023","45.4589714924251","45.1914838193558","44.9417819131729","44.6903068035216","44.4380542363795","44.1850161758379","43.931184585988","43.6765514309211","43.4211086747287","43.164848281502","42.9077622153323","42.649842440311","42.3910809205294","42.1373251262137","41.9459437504976","41.7532107338224","41.5621435428272",
"Bermuda","BMU","Urban population (% of total population)","SP.URB.TOTL.IN.ZS","99.6606816083312","100","100","100","100","100","100","100","100","100","100","100","100","100","100","100","100","100","100","100","100","100","100","100","100","100","100","100","100","100","100","100","100","100","100","100","100","100","100","100","100","100","100","100","100","100","100","100","100","100","100","100","100","100","100","100","100","100","100","100","100","100","100","100","100","100",
"Bolivia","BOL","Urban population (% of total population)","SP.URB.TOTL.IN.ZS","36.8940483509697","37.084012938428","37.2786705850994","37.4793123751766","37.6872293928522","37.903712722319","38.1300534477696","38.3675426533967","38.6174714233929","38.8811308419509","39.1598119932633","39.4548059615229","39.7674038309223","40.0988966856541","40.4505756099111","40.8237316878859","41.2150995889051","41.6884693275951","42.3369810010072","43.146993781364","44.0947764154638","45.1565976501054","46.308726232087","47.5274309082073","48.7889804252647","50.0696435300578","51.345688969385","52.5933854900449","53.7890018388359","54.9088067625565","55.9290690080053","56.8260573219808","57.5776686644471","58.2268316609648","58.8292590535639","59.391206278167","59.9202441998117","60.4239436835356","60.9098755943764","61.3856107973717","61.8587201575591","62.3374810379005","62.8187632085055","63.2918711090474","63.7564671612252","64.2133062205259","64.6631431424362","65.1067327824433","65.5448299960338","65.9781896386949","66.4075665659133","66.833715633176","67.2581444827699","67.6697055519889","68.037425413","68.3958051297665","68.7446327876947","69.0838016274736","69.4133879813999","69.7334986708387","70.0442635528254","70.3450412826165","70.6352598708131","70.9151414044538","71.2361453773988","71.5631037265869",
"Brazil","BRA","Urban population (% of total population)","SP.URB.TOTL.IN.ZS","44.6809618118226","45.5029204567696","46.3016845520166","47.0872447116639","47.8711440527209","48.664925692197","49.4801327471016","50.3283083344443","51.2209955712343","52.1697375744812","53.1833074822629","54.3280321339847","55.6603463643346","57.1367059834728","58.7085334377884","60.3272511736705","61.9442816375084","63.5110472756912","64.9789705346081","66.2994738606484","67.4180425303102","68.3725962273929","69.2557781933047","70.0829125735291","70.8607419854387","71.5960090464063","72.2954563738046","72.9658265850064","73.6138622973844","74.2463061283112","74.8699006951598","75.4934501058885","76.0910875240585","76.6406402906957","77.1710338911115","77.7144999942454","78.3021415455398","79.0008493879259","79.789068166086","80.5466061325216","81.1484365423806","81.5960450621957","81.9943491502673","82.3540335841671","82.6816824814559","82.9838799596945","83.2672101364439","83.5382571292649","83.8036050557184","84.0698380333651","84.343846036308","84.6225758599683","84.8973874181312","85.1676585442726","85.4331367898168","85.6935697061881","85.9487048448108","86.1982897571091","86.4420719945072","86.6797991084296","86.9112186503004","87.1360781715439","87.349556243881","87.6159710235763","87.8958549533146","88.1772996487898",
"Barbados","BRB","Urban population (% of total population)","SP.URB.TOTL.IN.ZS","40.4303601473229","40.5979952558923","40.8525674962628","41.1855874728158","41.5918246910789","42.0660486565795","42.6030288748449","43.1975348514026","43.84433609178","44.5382021015045","45.3197105276028","46.5590175062743","48.3974765787629","50.6398889695303","53.1172532385586","55.6605679458299","58.1008316513261","60.2690429150293","61.9962002969215","63.1133023569848","63.4619433165868","63.4790707984044","63.4960890261007","63.5110996268304","63.5240932119026","63.535060392626","63.5439917803095","63.5508779862619","63.5557096217921","63.5584772982088","63.5586463259898","63.5402778588977","63.4960325310869","63.428796531611","63.3412978875224","63.2362646258735","63.1164247737166","62.984506358104","62.843237406088","62.695345944721","62.5379397803044","62.3048911059175","61.965577912278","61.5543861265895","61.101971231796","60.6389887108416","60.1960940466703","59.803942722226","59.4931902204528","59.2944920242948","59.2366008990356","59.236693205614","59.2372151062924","59.2385370835674","59.2410313429534","59.2450700899645","59.2510255301153","59.25926986892","59.270175311893","59.2841140645486","59.3014583324011","59.3220365433819","59.3538514107686","59.4235740235775","59.5397032429174","59.6996239887007",
"Brunei Darussalam","BRN","Urban population (% of total population)","SP.URB.TOTL.IN.ZS","43.347098628027","45.2547818770716","47.4220139109406","49.7641215374695","52.1880358203809","54.6006878233976","56.9090086102425","59.0199292446383","60.8403807903077","62.2772943109735","63.2376008703585","63.6265261714569","63.5388507294769","63.2392395960141","62.7821356127739","62.2176720291418","61.5959820945033","60.967199058244","60.3814561697493","59.8888866784047","59.5396238335958","59.3850002908767","59.3780975341797","59.5584471913985","60.0533276795725","60.7934862734779","61.7096702478914","62.732626877589","63.7931034373474","64.8218472019427","65.7496054461515","66.5029745122162","67.1218123459373","67.7094708825572","68.272763683326","68.8131879002755","69.3322406854373","69.8314191908431","70.3122205685247","70.7761419705137","71.2246805488418","71.657883335906","72.1021556496525","72.577635652792","73.0675067339261","73.552870858133","74.0148299904911","74.4344860960786","74.7929411399737","75.0712970872547","75.2506559029998","75.312125504778","75.2714233503027","75.1756915148608","75.0572639801502","74.9484620568562","74.8816070556641","74.8476440654983","74.8172471714305","74.7923311783673","74.7748108912151","74.7667316936175","74.7772642014221","74.8199193881365","74.8983133873697","75.0109886586819",
"Bhutan","BTN","Urban population (% of total population)","SP.URB.TOTL.IN.ZS","2.48268163392509","2.52664105200995","2.56865670541924","2.61135330925832","2.65696826503802","2.70773897426915","2.76590283846253","2.83369725912898","2.91335963777932","3.00712737592437","3.16440490553352","3.51245034070307","4.09482364908449","4.85853339443042","5.76650357887108","6.78165820453667","7.86692127355741","8.98521678806352","10.0994687501852","11.1726011620527","12.1675380257962","13.0472030442676","13.8558080344387","14.6620029937008","15.4653680929851","16.2654832039386","17.061928198208","17.8542829474404","18.6421273232824","19.4250411973811","20.2026044413832","20.9743969269355","21.739998525685","22.4989891092786","23.250948549363","23.9954567175851","24.7320934855918","25.4604387250299","26.1800723075463","26.8905741047879","27.5915239884015","28.282501830034","28.9630875013322","29.6328608739429","30.2914018195132","30.9379917831613","31.5664945864425","32.1738216649326","32.76371954591","33.3396804958817","33.9051967813552","34.4637606688377","35.0188644248365","35.5740003158589","36.1326606084122","36.6983375690037","37.2745234641407","37.8645544995016","38.4661892776975","39.0746823405146","39.6888839873439","40.3075199874379","40.9365143617581","41.7352457989939","42.5645249803412","43.4301832473753",
"Botswana","BWA","Urban population (% of total population)","SP.URB.TOTL.IN.ZS","3.00183842990332","3.06761053773735","3.14032650567961","3.22010465013842","3.37400263840686","3.83373315592927","4.63098813770292","5.64569147409951","6.77841629892652","7.92973574599147","9.00022294910186","9.88578063389711","10.5712642366056","11.1468859569309","11.6511003202516","12.1153934795647","12.571251587867","13.0501607981557","13.5836072634278","14.2030771366801","14.9400565709098","15.8138805197944","17.2318522887696","19.5665981393227","22.6171101043958","26.1636434752903","29.9864535433074","33.8657955997486","37.581924935915","40.9150968431081","43.6455666126291","45.5396336959653","46.7985294866841","47.8662437145732","48.7932865701141","49.6118603364468","50.354167296711","51.0524097340465","51.7387899315932","52.4455101724909","53.2047727398794","54.0489894446035","55.0142988603802","56.0979233496432","57.2582489329358","58.4535554684584","59.6421228144112","60.7822308289942","61.8321593704079","62.7501882968523","63.4945974665277","64.0187810722889","64.3993247826904","64.7579735458393","65.0965122400825","65.4103584313295","65.6949296854899","65.9456435684731","66.1579176461888","66.3271694845464","66.4488166494554","66.5182767068255","66.5889787170477","67.0212655349864","67.4623537838418","67.9559561532102",
"Central African Republic","CAF","Urban population (% of total population)","SP.URB.TOTL.IN.ZS","20.1233615875244","20.6646644721118","21.2411510198558","21.8553746740567","22.5098888780147","23.20724707503","23.9500027084028","24.7407092214333","25.5819200574216","26.476188659668","27.6171278366582","29.0750627800494","30.667615507899","32.2124080382642","33.5270623892025","34.3949253700663","34.8418271555259","35.1599393343814","35.4453027854613","35.7003739664201","35.9276093349123","36.1294653485925","36.308398465115","36.4668651421345","36.6073218373054","36.7322250082822","36.8440311127194","36.9451966082716","37.0381800475841","37.1243778681434","37.2008008942142","37.2682293278798","37.3280641352245","37.3817062823325","37.4305567352881","37.4760164601754","37.5194864230787","37.5623675900822","37.6060609272702","37.6519674007269","37.7014879765364","37.7560236207831","37.8169752995511","37.8863171931924","37.9626889392062","38.0448510426866","38.134433681123","38.2343339436079","38.3474489192338","38.476675697093","38.6244963104203","38.8030669465007","39.0301696038517","39.3042963482777","39.6226521868738","39.9824421267351","40.3808711749566","40.8151443386334","41.2824666248606","41.7800430407332","42.3050785933463","42.8547782897949","43.2751967457285","43.6983692134165","44.1243555638904","44.5532156681816",
"Canada","CAN","Urban population (% of total population)","SP.URB.TOTL.IN.ZS","69.041773106798","69.6917584737778","70.4488432416319","71.2891256737979","72.144071883708","72.9460309621744","73.6323659163904","74.2864917141429","74.9550315218266","75.540273925426","75.9485885572817","76.0869235503366","76.0210665764411","75.8794422290009","75.7154396957817","75.5823038498304","75.532954066479","75.5453395652958","75.5762003387456","75.6213704748932","75.6767135132808","75.7394654800076","75.85360553545","76.0282934779807","76.218047632138","76.3784725109779","76.465781906127","76.4979428749186","76.5177005456627","76.5340762904945","76.5564437077021","76.5953841315163","76.7352832428064","76.9965686255912","77.3171285420943","77.6356482587498","77.8924633929695","78.0903398790871","78.2693823081821","78.4439309329358","78.6292995508947","78.8414764949736","79.0990234802234","79.391380674239","79.6923063348315","79.9760615882965","80.219066099279","80.4425615136782","80.6628944916604","80.8591838893921","81.0120892252937","81.1031425434213","81.1513483248791","81.183439957458","81.211183161556","81.2465670276699","81.3023011093703","81.4018945832226","81.5500341646653","81.7363672047941","81.9509888710566","82.1779279079275","82.3500897353968","82.5250564408346","82.7002565766633","82.8757020253886",
"Central Europe and the Baltics","CEB","Urban population (% of total population)","SP.URB.TOTL.IN.ZS","44.4354004176091","45.0383931598587","45.603618398966","46.1642067803419","46.8766291362742","47.5781870941873","48.1593002946405","48.7211670986162","49.3161259339982","49.9973911493663","50.696544063409","51.3896659680557","52.1526169318002","52.9171774536431","53.7326495896826","54.3516220326218","55.1640953041908","55.8568497457454","56.3717682911376","56.9491024752879","57.8891705429865","58.4670614500192","58.9584629137967","59.4247882248229","59.8860703769915","60.1832203099228","60.5216417197287","60.8547670616496","61.1302584912376","61.3171421778646","61.396699916962","61.4821469402508","61.5415037790635","61.5627107855609","61.5674227222002","61.5522600323767","61.5131340429187","61.4760150081343","61.4568259405213","61.4430439007385","61.4406529042584","61.5302776725809","61.5839935887768","61.5712683744702","61.5745184206623","61.6684376748335","61.7598296238782","61.7629328161568","61.8748408884735","61.9070756085004","61.9831332825539","62.0062995511589","61.9739324654094","61.9617031095155","61.9632949711014","61.9708877552038","61.9025261003991","61.871575661727","61.8111043373164","61.7449526458334","61.6318247679717","61.5491099540844","61.5935240282645","61.69707902806","61.7976712496974","61.9065627516826",
"Switzerland","CHE","Urban population (% of total population)","SP.URB.TOTL.IN.ZS","51.0184853532088","51.6790269617828","52.3516907011524","53.0349712890845","53.7207195221377","54.4007861968703","55.0670221098409","55.7112780576078","56.3254048367294","56.9012532437643","57.4289933592361","57.9055482477298","58.3266188168094","58.7062133273633","59.0572669855868","59.3927149976754","59.7254925698242","60.0685349082287","60.434777219084","60.8371547085856","61.2892322920315","61.8114218847078","62.4445714399011","63.168953602551","63.9592991837694","64.7903389946677","65.6368038463578","66.4734245499512","67.2749319165596","68.0160567572947","68.6623855629981","69.2414147163891","69.820059647118","70.4051871933076","70.9804424734025","71.5294706058473","72.0359167090865","72.4834259015645","72.8556433017258","73.1362140280151","73.302430524727","73.3762992611964","73.4195324136588","73.4518762174754","73.4761317507392","73.4951000915434","73.5115823179813","73.5283795081459","73.5482927401305","73.5741230920283","73.6086716419323","73.65058748615","73.7522629583622","74.1121384785551","74.7402679059582","75.6044960143169","76.6726675773771","77.9126273688843","79.2922201625844","80.7792907322229","82.3416838515457","84.2006477608879","84.9206266284521","85.1854212679815","85.4615370020764","85.7272157802756",
"Channel Islands","CHI","Urban population (% of total population)","SP.URB.TOTL.IN.ZS","38.9007653004056","38.6649683857098","38.4025439307987","38.1022258605072","37.7715206491591","37.4154850483824","37.0378433981243","36.6403892081911","36.2256533868621","35.7979124880866","35.3608630319553","34.9303499485996","34.5096398977757","34.0916272067505","33.6849291173594","33.3036282136881","32.955297127511","32.6342964983922","32.3490078995469","32.1207450606409","31.9677446969679","31.9038301177449","31.8801154389729","31.8643879590337","31.8497491595644","31.8299341105315","31.7955709920061","31.7313651011001","31.6387664102247","31.5278915279115","31.4095988296707","31.2832776266238","31.0913820687852","30.8421607425072","30.6019547304498","30.4335168389694","30.3922462731803","30.399341204478","30.4134224421718","30.4330686725485","30.4565425668312","30.4917013606365","30.5750453017198","30.7147995585339","30.8959988423466","31.106756489445","31.3350770753618","31.5692415250024","31.79721921014","32.0070188116634","32.1868229080383","32.326335016388","32.4414334604748","32.5432251775809","32.6275595274837","32.6907784276403","32.7426259745361","32.7853219355631","32.8125991997971","32.8235411026876","32.8247184979451","32.8148141071941","32.7920439098264","32.7554337975051","32.7056211227456","32.6430856346098",
"Chile","CHL","Urban population (% of total population)","SP.URB.TOTL.IN.ZS","67.8400829185243","68.6703645904272","69.4770903697945","70.2630375251873","71.0290617662928","71.7760188027985","72.5047643443917","73.2161541007599","73.9110437815904","74.5902890965706","75.2576239323404","75.9412590436768","76.6532330053805","77.3781881508753","78.1026484240847","78.8131377689322","79.4961801293415","80.138299449236","80.7260196725395","81.2458647431755","81.6843586050675","82.0280252021392","82.2659680645396","82.4382374634575","82.5795301526956","82.6965460762869","82.7971058945277","82.8890302677142","82.9801398561428","83.0782553201097","83.1911973199111","83.3267865158432","83.4959351320883","83.7341884954788","84.0491405833779","84.4167268897386","84.8148594016272","85.2214501061097","85.6144109902521","85.9716540411206","86.2710912457813","86.4906345913002","86.6114115090282","86.6792973033246","86.7336754490112","86.7768244484887","86.8125123390851","86.8445071581285","86.8765769429469","86.9124897308683","86.9560135592209","87.0109164653326","87.0824943735696","87.1827777654221","87.3133701497978","87.4653320342387","87.6306290578181","87.8000295757281","87.9620493753008","88.1273685623538","88.2953490438375","88.4660511664452","88.6395352768685","88.8158617217972","88.9950908479196","89.1772830019223",
"China","CHN","Urban population (% of total population)","SP.URB.TOTL.IN.ZS","19.7456455230713","19.2942504882812","17.3249530792236","16.8362922668457","18.2999991337848","17.983678817749","17.8597278594971","17.7404155731201","17.6203937530518","17.4994716644287","17.3799896240234","17.2605571746826","17.1318130493164","17.2007942199707","17.1639575958252","17.3447303771973","17.4365386962891","17.551118850708","17.9152069091797","18.9610633850098","19.3911151885986","20.1564884185791","20.565502166748","21.6235637664795","23.0142688751221","23.7069091796875","24.5249156951904","25.3193054199219","25.8146724700928","26.2102489471436","26.1957015991211","26.9402465820312","27.4598693847656","27.9900760650635","28.5098037719727","29.0403804779053","30.4798641204834","31.9099540710449","33.3501663208008","34.7797050476074","36.4320234662299","37.6597442626953","39.0897827148438","40.5302314758301","41.7600135803223","42.9899978637695","44.3430099487305","45.8892440795898","46.9895057678223","48.3417053222656","49.2340270628041","51.8300285339355","53.1003112792969","54.4900016784668","55.7502555847168","57.3297843933105","58.8399238586426","60.2402687072754","61.5001983642578","62.7099151611328","63.5234230266258","64.721076965332","65.2176361083984","65.5301448035523","65.8946980998325","66.3429910348272",
"Cote d'Ivoire","CIV","Urban population (% of total population)","SP.URB.TOTL.IN.ZS","18.432515852339","19.7456488225576","21.0517187529334","22.3078735305445","23.471261042469","24.4990235677489","25.3840175139237","26.1667202287161","26.8756201861492","27.539200227042","28.1859431922138","28.8443319224839","29.5428492586715","30.3099780415957","31.174201112076","32.1922046152639","33.6710973445348","35.3137698132902","36.4000015258789","36.8617009805874","37.1825465500242","37.4694535276869","37.7343984448654","37.9674546257742","38.1840779398354","38.3956360000261","38.6134964193236","38.8490268107049","39.1117034868819","39.3925656514032","39.6845429703483","39.9873817237167","40.3003187081632","40.6225907203425","40.9534345569096","41.2920870145192","41.6377848898263","41.9897649794856","42.3472061187643","42.710690759617","43.0840065011913","43.4670149035012","43.859032147728","44.2593744150531","44.667357886658","45.082298743724","45.5035131674326","45.930317338965","46.3620274395029","46.7979596502274","47.2374301523201","47.6797551269623","48.1242507553354","48.5702332186208","49.0173144557368","49.4694894689553","49.929991034032","50.3977309654344","50.8718477756395","51.3514799771241","51.8357660823651","52.3183461956059","52.8492549676673","53.4075201638704","53.9733113940142","54.5489501450761",
"Cameroon","CMR","Urban population (% of total population)","SP.URB.TOTL.IN.ZS","13.6119108368075","13.9384757726207","14.369167285079","14.8934582332916","15.5008214763674","16.1807298734157","16.9226562835454","17.7160735658656","18.5504545794855","19.4152721835141","20.2999992370605","21.374848143842","22.7302457878973","24.2359867488176","25.7618656061943","27.1776769396186","28.3678197492979","29.419914701097","30.4351996787323","31.4090465731337","32.343730778183","33.2415276877619","34.1047126957522","34.9355611960357","35.7363485824943","36.5093502490097","37.2568415894637","37.9817383019459","38.6934138807857","39.3961686754218","40.0887363273593","40.770166213607","41.4395077111738","42.0958101970685","42.7381230483001","43.3654956418773","43.9769773548092","44.5716175641045","45.1484656467721","45.7065709798209","46.2449829402599","46.7627509050978","47.2589242513436","47.7325523560061","48.1826845960942","48.5837852394685","49.2044173412861","49.7027028593758","50.0858325268669","50.4714131335678","50.8505075371362","51.2229843034125","51.5887119982861","51.9475591877024","52.2993944376709","52.6440863142742","52.9815033836792","53.3115142121504","53.6339873660653","53.9487914119331","54.2557949164174","54.5548664463635","54.8458745688318","55.1286878511388","55.4031748609078","55.6692041661323",
"Congo, Dem. Rep.","COD","Urban population (% of total population)","SP.URB.TOTL.IN.ZS","22.2999992370605","22.4039303624686","22.5253645210241","22.6635481638071","22.8177277418976","22.9871497063755","23.1710605083208","23.3687065988136","23.5793344289339","23.8021904497616","24.0365211123768","24.2815728678594","24.5365921672894","24.8008254617469","25.0735192023119","25.3539198400642","25.641273826084","25.9348276114512","26.2338276472459","26.537520384548","26.8451522744375","27.1559697679944","27.4692193162988","27.7841473704305","28.1000003814697","28.4242457661701","28.7644881926091","29.1201799888515","29.4907734829627","29.8757210030076","30.2744748770515","30.6864874331592","31.1112109993961","31.5480979038271","31.9966004745173","32.4561710395319","32.9262619269359","33.4063254647945","33.8958139811728","34.3941798041357","34.9008752617485","35.4153526820763","35.937064393184","36.4654627231369","37","37.4018738621901","37.8024827128113","38.201781337298","38.5997245210844","38.9962670496049","39.391363708294","39.7849692825859","40.1770385579151","40.5675263197158","40.9563873534225","41.3435764444694","41.7290483782911","42.1127579403217","42.4946599159958","42.8747090907476","43.2528602500115","43.6290681792218","44.003287663813","44.3754734892194","44.7455804408753","45.1135633042151",
"Congo, Rep.","COG","Urban population (% of total population)","SP.URB.TOTL.IN.ZS","36.7193612039898","37","37.0187574684261","37.0738060288988","37.1633099142098","37.2854333571505","37.4383405905127","37.6201958470878","37.8291633596676","38.0634073610436","38.3210920840074","38.6003817613506","38.8994406258648","39.2164329103416","39.6010806992311","40.2437702078688","41.2133168737384","42.4189103975899","43.7914801829815","45.2619556334712","46.7612661526171","48.2203411439773","49.5701100111097","50.7415021575726","51.64425476977","52.3123299063106","52.8612816098073","53.3525676707376","53.7961874417823","54.2021402756221","54.5804255249375","54.9410425424093","55.2939906807182","55.6492692925447","56.0168777305696","56.4068153474735","56.8293178931295","57.2976513812709","57.8079287900723","58.345204994721","58.8947380255871","59.4417859130405","59.9716066874511","60.4694583791889","60.9205990186239","61.310286636126","61.6237792620651","61.8502563370293","62.0354815675203","62.2172294650265","62.3922871058739","62.5597508130231","62.7187169094345","62.8682817180686","63.0075415618859","63.135592763847","63.2515316469123","63.3544545340423","63.4434577481975","63.5176376123385","63.5760904494257","63.6179125824196","63.6422003342807","63.6626757615625","63.8866111699904","64.1236534817412",
"Colombia","COL","Urban population (% of total population)","SP.URB.TOTL.IN.ZS","48.1420447606249","49.0956195097112","50.0509092076619","51.0078643714204","51.9658998362126","52.9531446187154","53.9860976982893","55.044735269508","56.1084404029467","57.1565961691806","58.168585638785","59.1237918823351","60.0015979704063","60.7765931451242","61.4612020415864","62.0902987085223","62.6781287629113","63.2305589125476","63.7534558652251","64.2526863287378","64.7341170108799","65.2036146194454","65.6670458622282","66.1302774470225","66.5991760816223","67.080718624805","67.5710912301344","68.0586487882339","68.5411793186232","69.018582293323","69.4907571843537","69.9576034637361","70.4190206034906","70.8733475069429","71.3349044726196","71.8237121859285","72.3326212825811","72.8506360383423","73.3667607289768","73.8699996302493","74.3493570179247","74.7938371677676","75.192444355543","75.5341828570154","75.8080569479496","76.004938901378","76.1619191918164","76.3144038775849","76.4596761810047","76.5964145836792","76.7232975672119","76.839003613206","76.942211203265","77.0315988189922","77.1058449419909","77.1636280538646","77.2036266362166","77.2245191706503","77.2804816598084","77.4595528518377","77.6382533537045","77.8339570326128","78.0464633137335","78.275571579544","78.5210811866115","78.7827914751151",
"Comoros","COM","Urban population (% of total population)","SP.URB.TOTL.IN.ZS","13.1582448093106","14.0436931933351","14.9472190921321","15.8317176139493","16.6600838670345","17.3952129596355","18","18.5034198595806","18.9631194826166","19.3850020865354","19.7749708887649","20.1389291067326","20.4827799578662","20.8124266595933","21.1337724293417","21.4527204845388","21.7751740426125","22.1070363209904","22.4542105371","22.8225999083691","23.2167687463019","23.6658981255069","24.1958739975537","24.7837548436415","25.4036823536605","26.0297982175004","26.6362441250514","27.1971617662032","27.686692830846","28.0789790088695","28.3481619901639","28.4669403072928","28.4656667857423","28.4403314078112","28.3994895148917","28.3468419976372","28.286089746701","28.2209336527364","28.1550746063967","28.0922134983353","28.0360512192055","27.9902886596605","27.9586267103537","27.9448864609618","27.9596300229124","28.016895208368","28.1143215973031","28.2493321448949","28.4193498063202","28.6217975367563","28.8540982913801","29.1136750253686","29.397950693899","29.7043482521482","30.0302906552932","30.3732008585112","30.7305018169792","31.0996559689293","31.4073645195839","31.7287584068243","32.0638072194881","32.4124444313246","32.7746035528748","33.1502180946901","33.5392215673301","33.941547481361",
"Cabo Verde","CPV","Urban population (% of total population)","SP.URB.TOTL.IN.ZS","6.50009775253468","6.59489432191283","7.22263287503178","8.3337834019702","9.80596957125737","11.5168150514225","13.343943510995","15.164978618504","16.8575440424788","18.2992634514487","19.3392812631966","20.0042899177288","20.4734745546593","20.8474870509805","21.1578960816143","21.4362703214828","21.7141784455078","22.0231891286113","22.3948710457152","22.8607928717416","23.4604730207698","24.4882806244481","26.0892463324208","28.130646238488","30.4859764133008","33.0287329275104","35.6324118517678","38.1705092567242","40.5165212130308","42.5439437913386","44.1279427641346","45.3967306887148","46.5644771731675","47.6439492545935","48.6494973094647","49.5954717142527","50.4962228454294","51.3661010794665","52.2194567928358","53.070640362009","53.9332149202283","54.7762172320995","55.5703407979481","56.3297071979641","57.0677167011018","57.7977695763157","58.5332660925599","59.287606518789","60.0741911239572","60.906420177019","61.7974262732302","62.7419929036884","63.7260454520996","64.7486207521826","65.8085112712742","66.9045094767116","68.0354078358316","69.1999988159713","70.3970748844677","71.6254285086577","72.8838521558784","74.1607930892827","75.033738060849","75.9064245753376","76.7721471004354","77.6300668010068",
"Costa Rica","CRI","Urban population (% of total population)","SP.URB.TOTL.IN.ZS","34.1050281949645","34.2224764057798","34.3486288437322","34.4892636783508","34.7554550996129","35.2068749817777","35.800326964344","36.4968927519451","37.2576540492145","38.0436925607855","38.8160899912916","39.5359280453661","40.1642884276424","40.6645274867642","41.0688201290256","41.4266278553563","41.7478904491862","42.0439599936293","42.3261885717999","42.6059282668122","42.8945311617803","43.2033493398183","43.5437348840406","43.9270398775612","44.3652296687604","44.8730350473926","45.4678195748098","46.1428726478186","46.8912120210327","47.7058554490659","48.5798206865317","49.5061254880439","50.4777876082162","51.4878248016624","52.529254822996","53.5950954268308","54.6783643677805","55.7720794004588","56.8692582794794","57.962918759456","59.0462378975394","60.1427600448608","61.2787633575946","62.4518059303802","63.6596013546005","64.8998632216384","66.1703051228767","67.4686406496983","68.7925833934861","70.1398469456228","71.5081448974915","72.8426586679914","73.3895020668217","73.9431776192863","74.4866963181212","75.0198195767549","75.5423088085047","76.0539254265608","76.5544308439668","77.0435864735963","77.5211537281257","77.9868940200009","78.4405687613972","78.8819393641702","79.3107672397967","79.7268137993004",
"Caribbean small states","CSS","Urban population (% of total population)","SP.URB.TOTL.IN.ZS","32.2349204111028","32.8115125331694","33.6350192557381","34.6270019673813","35.678574495726","36.788046886139","37.9457040806709","39.0975144675526","40.1882667980852","41.163508985685","41.986653386132","42.7815685823684","43.5826648625119","44.3610089355117","45.141404262886","45.9004145164727","46.6115744090444","47.2480839678685","47.7833059261774","48.1909943573749","48.4655031049749","48.6940491631139","48.9391364447013","49.198577315743","49.4686256996731","49.7463363230189","50.0209829700358","50.2773221725109","50.5183562248862","50.7408276101806","50.9262462544479","51.059979484097","51.1505881797527","51.21660598423","51.2699368621113","51.3222014725692","51.3673378016993","51.3984988848215","51.4171947048152","51.4259165681056","51.4260417104618","51.4143461829153","51.3780185932835","51.3001335734813","51.1736246779686","50.9493887735074","50.7701857397449","50.5917218872534","50.4201440786193","50.264922890817","50.1513014486905","50.1249359664817","50.1446818440705","50.1507539138983","50.1596535005104","50.1679113039414","50.1731298812102","50.1782963503998","50.095481721741","50.0613448862218","50.1148273041796","50.1235419064094","50.1314448681558","50.1020889305245","50.0999425738621","50.1011216203825",
"Cuba","CUB","Urban population (% of total population)","SP.URB.TOTL.IN.ZS","57.7107438456288","57.8934597431252","58.0949392745354","58.3142182490712","58.550332475944","58.8023177643655","59.0692099235474","59.3500447627013","59.6438580910388","59.9496857177716","60.26115314047","60.6689434347383","61.2792246768773","62.0566150040713","62.9562155755096","63.933127550381","64.9424520878745","65.9392903471794","66.8787434874845","67.7159126679789","68.4058990478516","68.9207385953448","69.5234146118164","70.2598724365234","70.8201293945312","71.0718841552734","71.5774281303923","72.1459121704102","72.6781387329102","73.2533798217773","73.7279891967773","74.1448516845703","74.4140930175781","74.4948654174805","74.5084381103516","74.5832290649414","74.784049987793","75.0676345825195","75.3100128173828","75.3816833496094","75.635383605957","75.887565612793","75.8514891112497","75.8636638735113","75.917681659226","76.0033319545493","76.1121531072403","76.2356834650585","76.365461375763","76.4930251871133","76.6099132468685","76.707663902788","76.7776920066844","76.81640625","76.8442459106445","76.8702850341797","76.9115829467773","76.9603271484375","77.0156326293945","77.0728225708008","77.1080322265625","77.0987701416016","77.1056060791016","77.1259872296321","77.1664929228275","77.2270774821152",
"Curacao","CUW","Urban population (% of total population)","SP.URB.TOTL.IN.ZS","75.1694874716848","75.6455077215137","76.091837781617","76.5103835107321","76.9030443212345","77.2717196254996","77.6183088359028","77.9447113648197","78.2528266246256","78.544554027696","78.8217929864063","79.0864429131321","79.3404032202487","79.5855733201316","79.8238526251563","80.0571405476981","80.2873365001327","80.5163398948353","80.7460501441815","80.9783666605467","81.2151888563063","81.4584161438359","81.7099479355108","81.9716836437065","82.2455226807985","82.5333644591621","82.8371083911729","83.1586538892064","83.4999003656379","83.8627472328428","84.2490939031968","84.6608397890751","85.0998746479707","85.6585187944984","86.3868003016417","87.2231241478651","88.1058856503431","88.9734801262502","89.7643028927608","90.4167492670495","90.8692145662905","91.060147058155","91.0970316517813","91.1278267399674","91.1534053060108","91.1746923604573","91.1926129138527","91.2080919767428","91.2220545596735","91.2354256731905","91.2491303278397","91.2639416184104","91.2791300612311","91.2938785868797","91.3082030810948","91.3220471649755","91.3353544596205","91.3480685861287","91.3601331655991","91.3714918191305","91.3820881678218","91.391865832772","91.4007684350799","91.4080929292235","91.4321812441765","91.4727714986125",
"Cayman Islands","CYM","Urban population (% of total population)","SP.URB.TOTL.IN.ZS","100","100","100","100","100","100","100","100","100","100","100","100","100","100","100","100","100","100","100","100","100","100","100","100","100","100","100","100","100","100","100","100","100","100","100","100","100","100","100","100","100","100","100","100","100","100","100","100","100","100","100","100","100","100","100","100","100","100","100","100","100","100","100","100","100","100",
"Cyprus","CYP","Urban population (% of total population)","SP.URB.TOTL.IN.ZS","35.3071144601599","36.3775852229318","37.0736236275065","37.6117208608495","38.0291249553911","38.3630839435619","38.6508458577922","38.9296587305127","39.2367705941536","39.6094294811456","40.084883423919","40.7003804549044","41.4931686065322","42.7074963835247","46.0872047272702","50.4136911939071","53.269489334916","55.4796670968471","57.5780335848425","59.453575744641","61.067126376007","62.379518278705","63.3374807231127","64.036545812015","64.6460933767473","65.1941015208215","65.6841642936538","66.1198757446603","66.5048299232573","66.8426208788611","67.1368426608878","67.3910893187537","67.6074573603626","67.802111495789","67.9900353030289","68.1691720632769","68.3349402485415","68.4827583308314","68.6080447821551","68.706218074521","68.7726966799379","68.8024068077544","68.7863589370716","68.7120973207373","68.5908141437316","68.4340674211981","68.2534151682801","68.0604154001212","67.8666261318649","67.6836053786548","67.5229111556342","67.3979892758544","67.3010289148738","67.2102333625375","67.1230558819804","67.0402477918073","66.9625604106231","66.8907450570326","66.8255530496405","66.7677357070518","66.7180443478713","66.6718365394971","66.6694829407584","66.6739477522639","66.6824259192483","66.6950270703775",
"Czechia","CZE","Urban population (% of total population)","SP.URB.TOTL.IN.ZS","59.5590911449629","60.0644614118642","60.5514894217143","61.0175322948706","61.4715202734485","61.9209369106216","62.3732657595636","62.8359903734483","63.3165943054493","63.8225611087405","64.3576535534307","64.9683141373196","65.7057029485439","66.4354510585972","66.9998550415039","67.3442306518555","69.4821701049805","70.4012603759766","69.7328186035156","70.1171722412109","74.6868468928695","75.4982454715088","75.4892493933998","75.4732018705868","75.4507619753134","75.4225887798231","75.3893413563594","75.351678777166","75.3102601144864","75.2657444405642","75.218790827643","75.1662908993883","75.0901441347259","74.9830160311069","74.8537367272699","74.7092872936794","74.5566488007996","74.4028023190951","74.2547289190302","74.1194096710694","74.0038256456769","73.9131752504002","73.8360067578753","73.7649150201353","73.6991647167017","73.6375545423198","73.578883191735","73.5219493596925","73.4655517409377","73.4084890302159","73.3495599222723","73.2878338394746","73.2249239592898","73.1622186934979","73.0995921041469","73.0370442874355","72.9745753395623","72.9121853567256","72.8498744351241","72.7876426709563","72.7254901604208","72.6810594374316","72.6967638379524","72.7352388396817","72.7947984592185","72.8754367116112",
"Germany","DEU","Urban population (% of total population)","SP.URB.TOTL.IN.ZS","75.6992409865797","76.1717481632679","76.6758651852156","77.2097631126453","77.7449869109102","78.2575384070784","78.7234194282177","79.1186318013963","79.4191773536822","79.6010579121433","79.6627851870384","79.6968705005988","79.7310978143457","79.7625459328083","79.7913607527508","79.8176881709377","79.8416740841331","79.8634643891014","79.8832049826069","79.9010417614138","79.9171206222865","79.9315874619892","79.9445881772863","79.956268664942","79.9667748217206","79.9762525443865","79.9848477297039","79.9927062744372","79.9999740753505","80.0067970292083","80.0133210327747","80.0196919828142","80.026055776091","80.0325583093694","80.0393454794137","80.0465631829882","80.0543573168571","80.0628737777848","80.0722584625357","80.0826572678738","80.0942160905637","80.1070808273695","80.1213973750556","80.1373116303862","80.1549694901257","80.1745168510383","80.1960996098884","80.2198636634402","80.2459549084581","80.2745192417062","80.305702559949","80.3405762928198","80.393447520218","80.4732318400362","80.57574023743","80.6974371632814","80.8347870684725","80.9842544038853","81.1423036204018","81.3053991689039","81.4700055002738","81.6325870653934","81.7867852780995","81.9034366692129","82.0211432579125","82.13822205362",
"Djibouti","DJI","Urban population (% of total population)","SP.URB.TOTL.IN.ZS","50.7989009774412","51.8796954147937","53.0176451756564","54.2039700819635","55.4298682615396","56.6865378422092","57.9651769517971","59.2569837181277","60.5531562690257","61.8448927323157","63.1233912358223","64.3798499073702","65.6054668747838","66.7914402658878","67.9289682085069","69.0092488304656","70.0234802595885","70.9628606237002","71.8185880506254","72.5818606681886","73.2438766042144","73.7958339865276","74.2289309429525","74.5539492577674","74.8487879867949","75.1332740303969","75.3957483463265","75.6282696244695","75.8228965547117","75.9716878269389","76.0667021310371","76.099997794303","76.0505618940741","75.9104671311523","75.691109845553","75.4038861624412","75.060192206982","74.6714241043403","74.2489779796812","73.8042499581697","73.3486361649708","72.8935327252495","72.4503357641707","72.0304414068997","71.6452457786012","71.3061450044404","71.0245352095823","70.8118125191918","70.6793730584341","70.6383251554484","70.6486554782903","70.6776532458676","70.7266311335377","70.7969331287484","70.8899032189478","71.0068853915837","71.1492236341041","71.318261933957","71.5153442785902","71.7418146554518","71.9990170519895","72.2882954556515","72.6109938538856","72.8408245988921","72.9052635052978","72.9758660686475",
"Dominica","DMA","Urban population (% of total population)","SP.URB.TOTL.IN.ZS","37.8540096053616","37.9427941408211","38.0117459043053","38.0664532292997","38.112611028362","38.1559142140497","38.2020576989206","38.2567363955323","38.3256452164424","38.4144790742085","38.538517528523","38.7929096363652","39.2249737607288","39.8099084965934","40.5281301479447","41.3600550187683","42.2860994130499","43.2866796347751","44.3422119879295","45.4331127764989","46.5397983044688","47.6785350198007","49.1102481486328","50.9468231230865","53.0422628009078","55.2718886678945","57.5110222098441","59.6349849125543","61.5190982618229","63.0386837434474","64.0690628432256","64.4977994208783","64.6328384371474","64.7417175067339","64.8258587618353","64.8928347425124","64.9502179888262","65.0055810408374","65.0664964386069","65.1405367221955","65.2352744316641","65.3586067945228","65.5209250395792","65.7244163144059","65.9653093849432","66.2400724917823","66.5451738755145","66.877081776731","67.232264436023","67.6071900939817","67.9983269911984","68.3978165602727","68.754609337094","69.119704197722","69.4907847110252","69.8679153463528","70.2511605730541","70.6405848604787","71.0362526779762","71.4382284948964","71.846576780589","72.2613620044042","72.682648635692","73.1105011438027","73.5449839980866","73.9861616678942",
"Denmark","DNK","Urban population (% of total population)","SP.URB.TOTL.IN.ZS","73.9614295653425","74.5145508810535","75.0859892821741","75.6717203124532","76.2665399441275","76.8652441494335","77.462628900608","78.0534901698876","78.632623929509","79.1948261517088","79.7326849349195","80.2567285445029","80.7819744359731","81.2969076357846","81.7847747412214","82.2288223495671","82.6122970581055","82.9511515161899","83.2647695106668","83.5415443450597","83.7698693228921","83.9484048587073","84.1127579780418","84.2721445979129","84.4201285728692","84.5521668473999","84.6637163659945","84.7502340731422","84.8071769133325","84.8300018310547","84.8358814278461","84.8537114843465","84.8829479724314","84.9196035564477","84.960190029235","85.0012191836328","85.0392028124808","85.0706527086185","85.0920806648854","85.0999984741211","85.0999984741211","85.188307882087","85.3000030517578","85.4199981689453","85.7130276911593","86.0059706832865","86.2501288149818","86.4251464366349","86.583137512207","86.7617653139929","86.8652420043945","87.1567653955846","87.2336196899414","87.5436524760432","87.6823985731907","87.7254056577329","87.6999969482422","88.0161943799509","88.1059762310689","88.2096490810669","88.2394485473632","88.2616449318149","88.3880239837703","88.552638542867","88.6960552688405","88.8458435892689",
"Dominican Republic","DOM","Urban population (% of total population)","SP.URB.TOTL.IN.ZS","30.1789973963079","31.0014327342027","31.8979534297406","32.8568765912405","33.8652014399515","34.9099271971228","35.9780530840035","37.0565783218427","38.1325021318895","39.1928237353931","40.2488967641146","41.3614595762685","42.5508428585751","43.7830761472097","45.0328403874014","46.2748165243796","47.4836855033734","48.6341282696122","49.7008257683251","50.6584589447414","51.4817087440903","52.1349771534049","52.6418651281588","53.0517255683344","53.399614337093","53.6993945633686","53.9649293760952","54.2100819042068","54.4487152766372","54.6946926223206","54.9618770701908","55.2641317491819","55.6153197882278","56.0297239121388","56.5282357577084","57.1317099454393","57.8287488204273","58.6073675691044","59.4555813779028","60.3614054332546","61.3128549215919","62.2979450293469","63.2914022524877","64.426197134766","65.8914085229291","67.5759180469321","69.333853706035","71.0193434994977","72.4865154265802","73.5894974865426","74.1642773174177","74.2440389501301","74.2398679969568","74.2251359951216","74.1931533822153","74.1372305958285","74.0506780735522","73.926806252977","73.7589255716938","73.5403464672933","73.2643793773663","72.9243347395035","72.4203155643711","72.3577991823338","72.4121874752151","72.517694062591",
"Algeria","DZA","Urban population (% of total population)","SP.URB.TOTL.IN.ZS","31.3412936756611","32.8829705018944","34.5117600471594","36.0556697016157","37.3783887750792","38.3436065773656","38.8383231189227","39.1016836642956","39.3116643992892","39.474071107059","39.6029262487579","39.7122522855387","39.8160716785543","39.9284068889574","40.063280377901","40.2347146065378","40.4567320360207","40.7737297725369","41.2620143723981","41.9484842586561","42.7836993406455","43.7311040750778","44.7541429186646","45.8162603281174","46.8809007601478","47.9115086714672","48.8715285187873","49.7325370727722","50.5447020016562","51.3484934823682","52.1421276982904","52.9271811434719","53.7052303119619","54.4778516978094","55.2466217950637","56.0131170977738","56.7789140999889","57.5455892957581","58.3146995318038","59.0844647469391","59.8521239445692","60.6177172788536","61.3812658601162","62.1427907986812","62.9023132048725","63.6598541890144","64.4154348614309","65.1690763324461","65.901485871159","66.5097384559521","67.1235057867459","67.7344007507578","68.3421258553675","68.9463836079277","69.5468765157615","70.1433070861612","70.7353778263851","71.3227912436551","71.905249845153","72.4824561380175","73.0541126293395","73.6199218261573","74.1795862354514","74.732808364138","75.2792907190618","75.8187358069877",
"East Asia & Pacific (excluding high income)","EAP","Urban population (% of total population)","SP.URB.TOTL.IN.ZS","19.3597012325498","19.1113655779424","17.7516461240436","17.4761825948228","18.6319959678358","18.4897430884761","18.497670487811","18.516509872886","18.5367045598288","18.5541170791145","18.5584821233427","18.565346176423","18.5813506907648","18.7307399448375","18.7101005187441","18.8627580375804","19.0338121211289","19.2022920350736","19.5681695918861","20.4505056722387","20.8842257606923","21.5498285375355","21.9632232124115","22.8505650541078","23.9813322547909","24.6151898280098","25.3418418201102","26.0555911204331","26.5608577910992","26.9990125042079","27.153451655707","27.8658554806451","28.4426258887253","29.0482432109065","29.66177773201","30.2923585268799","31.5647615317975","32.82683909351","34.0883136174159","35.3304458531331","36.7098568881928","37.7841855057617","38.996284226454","40.212083972774","41.2783334979221","42.3396914809038","43.4769730591545","44.7353095541115","45.6933496616839","46.8344355218795","47.6560812444264","49.6140488674566","50.6757055422017","51.8122190695644","52.8565756064242","54.1114656751357","55.3186115241997","56.4654638258327","57.6502705350874","58.6555692756585","59.3705245555409","60.3526131684329","60.8593968560328","61.2276463501262","61.6125537930801","62.0532518845953",
"Early-demographic dividend","EAR","Urban population (% of total population)","SP.URB.TOTL.IN.ZS","22.6111798475022","22.8931519341722","23.1882905754284","23.4921861178481","23.8047646792118","24.1243942689876","24.4549017331862","24.8126569373521","25.176220036134","25.5560615071727","25.9417857254424","26.3468860661538","26.7824306804712","27.227677614009","27.6091423199831","28.0253384724064","28.5327454471545","29.0564630088625","29.5770413324906","30.0822101055187","30.5565381928159","30.9816600095925","31.3806265174391","31.7708742275867","32.1554651957467","32.5348658090859","32.9098583119003","33.2874137739255","33.657221148758","34.0192739565532","34.4154758059632","34.7755888695964","35.1376739768077","35.4875138913659","35.8561375130889","36.2285479412161","36.5752810175117","36.9411850173533","37.3162722456829","37.6983008536369","38.0803817655307","38.4624516015098","38.8449997668426","39.2372244886496","39.640743488933","40.0491199566483","40.4596760928047","40.8566741985846","41.2894669444167","41.7208534147391","42.1325153327682","42.55386928757","43.0048413961797","43.5232298113552","44.0073800418903","44.4503233893376","44.8097968515725","45.1249360555588","45.4349772935468","45.7649596058874","46.0812452315672","46.3752600779412","46.6969243405166","47.0167430983708","47.3447903059446","47.668162672247",
"East Asia & Pacific","EAS","Urban population (% of total population)","SP.URB.TOTL.IN.ZS","24.8513492209844","24.8296621518179","23.7924728041018","23.6132200607588","24.6649627015068","24.6026682486481","24.6460514212859","24.7079560044894","24.7907110238827","24.8754551299438","24.9401734050226","25.0422094276838","25.1263673123767","25.3407048603749","25.4274442864412","25.6227676829985","25.8121624241666","26.0085097351172","26.3628942606835","27.1765207907139","27.5885845950612","28.2040596539329","28.5898956018626","29.3804550776809","30.386409492218","30.9567007942595","31.6097271099713","32.2524513965906","32.7111527574607","33.1084157565494","33.2474297181422","33.8845188514209","34.3931752770217","34.9186386434568","35.4516888896544","36.0021326170646","37.1228624451425","38.2184501469737","39.3190214254934","40.412768429923","41.6343413119014","42.615489470344","43.7684853220953","44.9513109057327","46.0139133803762","47.0408499812646","48.1178518187495","49.3049109425273","50.2178679776185","51.2691603606568","52.0187036677998","53.7652047882868","54.6999640125725","55.6959158950493","56.6126794721138","57.7233143419672","58.7921942331022","59.8037083838459","60.8515259788814","61.7435560127223","62.3741418144863","63.2351929830371","63.6828244393002","64.0244370902805","64.3743990279048","64.7709883214594",
"Europe & Central Asia (excluding high income)","ECA","Urban population (% of total population)","SP.URB.TOTL.IN.ZS","36.9185485156032","37.6124412608665","38.1183593168603","38.6566631477022","39.2267023038896","39.8375269587009","40.4707381836405","41.156117776451","41.8981243414048","42.6189195821398","43.2927435621897","43.9646164564826","44.6865140613507","45.3825380126026","46.0356274426059","46.7034268008906","47.3368163441087","47.9104600648407","48.5297372753699","49.0416690282671","49.551474729463","50.059701808737","50.5663407715962","51.0951614368479","51.6202193894695","52.1081631178126","52.5911264068176","53.0893491085072","53.5921060777763","53.9967927750862","54.3204776679957","54.6262078554192","54.8928554245342","55.1368075976274","55.3413208046074","55.5149835642082","55.6777290718747","55.8888786639234","56.0931349176516","56.3944600600128","56.7337504152734","57.0403250825841","57.3793057352578","57.7592991522649","58.1443868660183","58.520684503589","58.9220241693206","59.3245654612929","59.762630366817","60.2228045773549","60.7251070375303","61.3214773416833","62.2669531526226","63.8500039555659","65.5655995922325","66.8135844921441","67.2028741800351","67.2908425220823","67.4464992918229","67.7517086172661","67.9547177892126","68.150425455559","68.1628939259503","68.1622524490527","68.2699431236416","68.3267539699245",
"Europe & Central Asia","ECS","Urban population (% of total population)","SP.URB.TOTL.IN.ZS","54.9656304498622","55.5272615927539","56.0382387961857","56.5963316680669","57.2047579930714","57.8170551067099","58.4260884030651","59.0079022694617","59.5646978426965","60.1175916538307","60.6269928362439","61.0896590128662","61.6010146571901","62.1102900683717","62.6069695972882","63.0384907336408","63.4552098408412","63.8197432059729","64.1623523277533","64.4973192360329","64.8629560426598","65.1746949950005","65.4693994503245","65.7448900749823","66.0036884285532","66.24183082558","66.4969089814731","66.7499765540872","66.9942279179","67.2052311777494","67.3527369223314","67.4806485088998","67.5440400769328","67.6137464587566","67.7206412625084","67.8309725111582","67.9865914194383","68.1707916316653","68.3273355923022","68.4405226275719","68.6569733328698","68.8662870889579","69.0578481309501","69.2484024834728","69.4043166751762","69.5656545250357","69.7661315979996","69.9675738648992","70.1642887567137","70.352331842697","70.5831396534732","70.8155293928508","71.1504938153916","71.6786349261689","72.2373791056216","72.6866596702429","72.930310614191","73.0395942866041","73.1814390087833","73.3626410452614","73.4955944360825","73.6225305947295","73.729597001213","73.843585823465","73.9693471857728","74.0723400318719",
"Ecuador","ECU","Urban population (% of total population)","SP.URB.TOTL.IN.ZS","34.6950308240235","35.2587254881153","35.8065898938699","36.3304568513207","36.812169632844","37.2586149484359","37.68027304897","38.0876241853196","38.4911486083582","38.9013265689591","39.328638317996","39.7835641063421","40.2765841848709","40.8181788044559","41.4200360284356","42.132441898578","42.9729108497525","43.9081460035355","44.9058906335303","45.9338880133406","46.9598814165697","47.9516141168213","48.8698950659447","49.7232228721393","50.5551420381965","51.3755649277394","52.1784349561663","52.9576955388756","53.7072900912657","54.4211620287351","55.0896733142119","55.7280698971372","56.3627931231524","56.99457981186","57.6157113551947","58.218469145091","58.7951345734834","59.3379890323065","59.8393139134949","60.2913906089831","60.6865005107058","61.0123544006659","61.2871268050958","61.5418469886978","61.7829573274038","62.0068704145716","62.2099988435587","62.3887552077227","62.5395521004212","62.6588021150118","62.7405258611644","62.7949053547691","62.8408732819135","62.8837286624122","62.9232432195799","62.959188676731","62.9913367571804","63.0194591842425","63.0433276812321","63.0627139714638","63.0773897782521","63.0871268249117","63.0901835932266","63.1307729554263","63.2376932397602","63.3918189058262",
"Egypt, Arab Rep.","EGY","Urban population (% of total population)","SP.URB.TOTL.IN.ZS","37.8263442369778","38.4212039315716","39.0478469857571","39.6763686992294","40.2700684313894","40.7922455416376","41.2085805892811","41.5640472029535","41.9141314114464","42.2511994269619","42.5695332872464","42.8634150300458","43.1271266931065","43.3549503141744","43.5411679309957","43.6800615813166","43.7627538490255","43.8038991538137","43.8347149234644","43.8627061415982","43.8877089226138","43.9095593809095","43.9280936308841","43.9431477869359","43.9545579634636","43.9621602748655","43.9656842703086","43.9514369138869","43.8726789286798","43.7398336516572","43.5688827270165","43.3758077989551","43.1765905116707","42.9872125093605","42.823655436222","42.7019009364527","42.6396966117235","42.6357980293511","42.6559554142127","42.6900387539957","42.7339398932519","42.7835506765333","42.8347629483917","42.8834685533792","42.9255593360476","42.9569271409488","42.9729991680104","42.9729666344509","42.9608989120873","42.9383470624904","42.9057175520154","42.8634168470177","42.8118514138525","42.7514277188751","42.6825522284408","42.6056314089048","42.5210717266225","42.4486008687179","42.4577177449969","42.4812027332648","42.5181534630674","42.5686062621468","42.6325129008032","42.7098115041919","42.8004363938404","42.9043204925248",
"Euro area","EMU","Urban population (% of total population)","SP.URB.TOTL.IN.ZS","60.6344447487411","61.2107116012429","61.8265508334371","62.5148003659364","63.3248346227882","64.1422201347308","64.8923195375","65.5678487002249","66.1492225375777","66.6883764613777","67.1612001525585","67.5774081786383","67.9550689987208","68.3086527236211","68.6583453222683","68.8739368601394","69.088430480266","69.3218083639671","69.5512643596164","69.7731931253531","69.9756298378331","70.1947843580927","70.4000063898407","70.5886011691517","70.7789239399842","70.9188230272908","71.0927125153969","71.2694354159883","71.4474366494832","71.6175278747298","71.7517586074163","71.8865876721315","72.0188653359602","72.1636776718477","72.3154774000006","72.454023448905","72.6591788106746","72.9311226214357","73.1181811675438","73.268215081843","73.4895196048799","73.7626825673801","73.9572989412582","74.1236631286792","74.2754760697791","74.4354754280854","74.5932608545581","74.7231648890742","74.8278828155237","74.9583774003797","75.1170270025016","75.2498062636401","75.4120805085951","75.627532415858","75.8133540817088","76.0229382546648","76.2867357539682","76.4140813562854","76.5823371318115","76.7497988367106","76.856499971289","76.96550965754","77.0874793664882","77.211826995621","77.3400724518483","77.4751873230132",
"Eritrea","ERI","Urban population (% of total population)","SP.URB.TOTL.IN.ZS","10.4014621683306","10.6880395167343","10.9653120610397","11.2329340037658","11.4905595474322","11.737842894558","11.9744382476625","12.1999998092651","12.4116549253264","12.608156796719","12.7915984083304","12.9640727450477","13.1276727917584","13.2844915333498","13.4366219547092","13.5861570407239","13.7351897762813","13.8858131462687","14.0401201355734","14.2002037290828","14.3681569116842","14.5460726682648","14.7360439837122","14.9401638429135","15.1630640122333","15.4389057159424","15.7664384841919","16.1984958648682","16.6822948455811","17.6743583679199","18.5684947967529","19.8300696376343","21.4315344055512","23.2697147008939","25.2414361240526","27.2435242754175","29.1728047553789","30.9261031643271","32.4002451026521","33.4920561707444","34.0983619689941","34.3253211975098","34.5420799255371","34.7451286315918","34.9324645996094","35.1022033691406","35.2525177001953","35.3820953369141","35.4897117614746","35.5742034912109","35.6346549987793","35.6706275939941","35.6824264526367","35.6713333129883","35.639720916748","35.591007232666","35.5254287719727","35.4427146911621","35.3451042175293","35.2352333068848","35.116138458252","34.9871139526367","34.8469276428223","34.696403503418","34.5365524291992","34.5404504255216",
"Spain","ESP","Urban population (% of total population)","SP.URB.TOTL.IN.ZS","56.4544385988162","57.140239011971","57.9579730363808","58.9259338215885","59.9909163499255","61.1125122272394","62.2503130593783","63.3639104521899","64.4128960115223","65.3568613432232","66.1553980531405","66.7976567883342","67.3912798464124","67.9734532985709","68.5387144411232","69.0865174619117","69.6163165487787","70.1275658895667","70.6197196721181","71.0922320842751","71.5445573138803","71.976149548776","72.3864629768046","72.7749517858085","73.1410701636301","73.4842722981117","73.8040123770958","74.0997445884247","74.3709231199409","74.6170021594867","74.8374358949045","75.0307020244923","75.1991108679216","75.3443453546763","75.4723725309182","75.588297274636","75.6972244638181","75.804258976453","75.9145056905294","76.0330694840356","76.1650552349602","76.3156889510385","76.4934217249538","76.709335590859","76.9549627547133","77.2206801920294","77.4968648783202","77.7738937890987","78.0421438998777","78.2919921861701","78.5138156234888","78.695397956495","78.8455680301618","78.9858086902112","79.1196713833488","79.2454892743023","79.3615955277997","79.4663233085683","79.5580057813361","79.6349761108307","79.6955674617799","79.7846242983598","79.9548794567814","80.128491001856","80.315199821207","80.5149251039138",
"Estonia","EST","Urban population (% of total population)","SP.URB.TOTL.IN.ZS","57.5905914306641","58.8204193115234","60.094123840332","60.9519653320312","61.7069664001465","62.4530448913574","63.0544891357422","63.6162986755371","64.1745529174805","64.6328659057617","65.1748926604344","65.5471649169922","66.1060028076172","66.6622848510742","67.1876220703125","67.6982269287109","68.2090377807617","68.7161407470703","69.2126617431641","69.6109237264603","69.9892807006836","70.3328552246094","70.6393508911133","70.8462982177734","70.973388671875","71.1091384887695","71.2458877563477","71.3310165405273","71.4050140380859","71.4338586887699","71.2695807435219","70.9558713666771","70.5333354332329","70.0366053397264","69.500313482695","68.959092258676","68.4475740642067","68.0003912958243","67.6521763500664","67.43756162347","67.385529072627","67.3926456349791","67.4090870965661","67.4341760348669","67.467351453949","67.5080523578799","67.5557177507269","67.6097866365576","67.6696980194394","67.7348909034398","67.8048042926262","67.8775556334506","67.9629593320316","68.0923458296768","68.2668382808032","68.4796609690553","68.724038178078","68.9931941915158","69.2803532930133","69.5787397662154","69.8815778947665","70.1777274135822","70.4892333736738","70.6770085523126","70.6981161541961","70.7208526598129",
"Ethiopia","ETH","Urban population (% of total population)","SP.URB.TOTL.IN.ZS","7.108798308432","7.24281163556916","7.37952636193974","7.51883904180589","7.6606462294298","7.80484447907362","7.95133034499954","8.10000038146973","8.25173075699006","8.40744626748687","8.56711640835299","8.73071067498127","8.89819856276453","9.06954956709563","9.24473318336739","9.42371890697266","9.60647623330427","9.79297465775507","9.98318367571788","10.1770727825855","10.3746114737509","10.5757692446068","10.7805155905461","10.9888200069616","11.2015259613264","11.4297619796544","11.67893537982","11.9426809359238","12.2152770565957","12.4910021504654","12.7641346261628","13.0289528923177","13.2797353575599","13.5107604305191","13.7172676452417","13.8825578689575","14.102746963501","14.3073453903198","14.5135431289673","14.713321685791","14.9193096160889","15.1177673339844","15.333233833313","15.5438537597656","15.7585906982422","15.982967376709","16.2148475646973","16.0948330261902","16.7936706542969","17.1511001586914","17.4937839508057","17.863790512085","18.2061367034912","18.615514755249","19.0262870788574","19.451566696167","19.8763618469238","20.3084850311279","20.7838096618652","21.2486705780029","21.6260051727295","22.1067085266113","22.7367687225342","23.0586471557617","23.6222839355469","24.1096952088946",
"European Union","EUU","Urban population (% of total population)","SP.URB.TOTL.IN.ZS","58.430959156063","58.9985608908344","59.5935825471122","60.2397117058597","60.9779281215842","61.7252512149245","62.4184839471487","63.045339385626","63.6057384974674","64.1430123921516","64.6327661854191","65.0839759098171","65.511278150477","65.9223573252291","66.3233404734243","66.6053874107966","66.924392377378","67.221542692554","67.4692444299148","67.7345811561873","68.0888679203033","68.3570115932369","68.5910179865137","68.8100141863124","69.0257253775518","69.1970749773534","69.3885882964478","69.5747737510992","69.7531966026829","69.9196356020789","70.054084566223","70.1905178084607","70.3202279016993","70.4484424140157","70.5767970988969","70.6909210079313","70.8540696314829","71.0672589719252","71.2137042295307","71.3330925045521","71.5199736472839","71.7569992027077","71.9446161852977","72.0888509718286","72.230887310077","72.4002351707177","72.5614920699129","72.6886302974583","72.821398818322","72.9468469621213","73.1092331195545","73.2162096061221","73.3526656193263","73.5376776618371","73.6983165180291","73.8743742665848","74.089077283109","74.1940799110393","74.3280995844319","74.4596491524844","74.5499802167242","74.6469430900615","74.7659682006806","74.8943502719612","75.0300099964199","75.1738610583145",
"Finland","FIN","Urban population (% of total population)","SP.URB.TOTL.IN.ZS","55.5769661212511","56.2508965736239","56.842618967401","57.3763002065869","57.8611708794806","58.3064615743814","58.7214028795882","59.1152253834001","59.4971596741163","59.8764363400358","60.2622859694576","60.663939150681","61.0906264720049","61.5515785217285","62.0522575378418","62.3913764953613","62.6182746887207","62.7793235778809","62.8767318725586","62.969898223877","63.0913391113281","63.181697845459","63.2419242858887","63.2944946289062","63.3598670959473","63.4717712402344","63.590274810791","63.6999893188477","63.7958984375","63.8365631103516","63.8772201538086","63.9701843261719","64.0954742431641","64.2520294189453","64.4893951416016","64.8059387207031","65.2098222301322","65.6793976054672","66.1787142075127","66.6718213970733","67.1227685349539","67.4982392821958","67.7951641569199","68.0425549126858","68.2766596767133","68.5140529517604","68.7588279849327","69.0200377316963","69.2943672196361","69.546259966947","69.7855798796947","70.0583261874252","70.3661363168712","70.6742118159277","70.9879168940753","71.3054930040604","71.6158383428171","71.9563038312956","72.3423467740343","72.7431214358314","73.0849439791673","73.3710215780329","73.6967597835949","74.0062548602828","74.2637190463636","74.5247844319848",
"Fiji","FJI","Urban population (% of total population)","SP.URB.TOTL.IN.ZS","25.6475547589689","27.3501385947638","28.9084011052576","30.3014754524823","31.5084947984699","32.5085923052523","33.2737659978748","33.8682897886002","34.3953934011238","34.8704744401824","35.2979355618661","35.6821794222653","36.0276086774701","36.3386259835709","36.6196339966578","36.8750353728212","37.1099638536732","37.3173768571228","37.4876427548842","37.6295359146614","37.7532062840299","37.8688038105653","37.986478441843","38.1163801254386","38.2686588089274","38.453464439885","38.67794623645","39.023867463703","39.5778307341765","40.3006154547738","41.1471304301944","42.0722844651373","43.0309863643019","43.9781449323873","44.8686689740928","45.6574672941176","46.295551139339","46.8061521189816","47.2625624522263","47.6792097632103","48.0649880871211","48.4287914591462","48.7795139144731","49.1260494882891","49.4772922157817","49.8421361321385","50.2294752725468","50.6494569776975","51.0979752573339","51.5628013169579","52.0415147785104","52.5335449475105","53.0383211294771","53.5552726299291","54.0838287543856","54.6234188083653","55.1734720973874","55.7408343449609","56.2328347385698","56.70989552257","57.186684691874","57.6618364761928","58.1352701465266","58.6069049738768","59.0766602292457","59.5444551836369",
"France","FRA","Urban population (% of total population)","SP.URB.TOTL.IN.ZS","61.6814049817776","62.532604923054","63.4598445709101","64.5733094041364","65.8602703980992","67.1844272221459","68.4228523195035","69.4526181333994","70.1838035411656","70.786779752051","71.3599779089291","71.875132564358","72.3147256282583","72.6612390105508","72.897154621156","73.0141655469367","73.0820015754495","73.1339199821614","73.1746727920795","73.2106388615716","73.2481970470056","73.2937262047492","73.3522531908044","73.4180335490284","73.487468496869","73.5623571560102","73.6440191686816","73.7337741771127","73.8329418235332","73.9428417501728","74.0675966432025","74.2197862924166","74.4051122960444","74.6168782336776","74.8499283532348","75.0991069026347","75.3592581297959","75.6252262826369","75.8918556090764","76.1682703613968","76.5143983146093","76.9074413607811","77.2543866607525","77.4691216035138","77.4900500011961","77.4363315105438","77.3467240068648","77.2457976606157","77.1561901569367","77.1005391809676","77.0962844808803","77.1182717387509","77.1669464919916","77.2440721470918","77.3524296788613","77.7610919150066","78.5999114705779","78.6467804026368","78.6714432536599","78.6890784549356","78.7119131765249","78.7364603392338","78.7591921123356","78.7804323126547","78.7999750964116","78.8449650563584",
"Faroe Islands","FRO","Urban population (% of total population)","SP.URB.TOTL.IN.ZS","20.9984683595515","21.6866877173704","22.412109037719","23.1615656056231","23.9218907061082","24.6799176242003","25.4224796449249","26.1364100533078","26.8085421343748","27.4257091731516","27.9942041043547","28.5899480662329","29.2279565746019","29.8569205330892","30.4334201982191","30.914035826516","31.2553476745044","31.4118022167294","31.3884429931641","31.4651908874512","31.5722255706787","31.6016368865967","31.77223777771","32.0617332458496","32.3089866638184","32.2029457092285","32.4033737182617","32.8750991821289","33.0186882019043","33.3576583862305","33.4792633056641","33.7204170227051","34.0233879089355","34.2075805664062","33.9336471557617","34.3788681030273","34.8897514343262","35.1851005554199","35.463436126709","35.6715698242188","35.6986770629883","35.9342155456543","35.9365425109863","36.1276473999023","36.317985534668","36.3320579528809","36.4584197998047","36.2929878234863","36.4679222106934","36.8888092041016","37.2536926269531","37.2975959777832","37.3244972229004","37.7414817810059","37.9093894958496","38.1431503295898","38.3200225830078","38.3324699401855","38.4058837890625","38.3945655822754","38.6689987182617","38.8083763122559","38.9959824546757","39.1975270123645","39.4132325882965","39.643321785446",
"Micronesia, Fed. Sts.","FSM","Urban population (% of total population)","SP.URB.TOTL.IN.ZS","23.0080980906817","23.261703858866","23.5068228095967","23.7434788767321","23.971695994131","24.1914980956519","24.4029091151533","24.6059529864939","24.8006536435321","24.9870350201266","25.1651210501359","25.3349356674186","25.4965028058332","25.6498413157285","25.8048955699167","25.964669989463","26.1187576201955","26.256746412136","26.3682243153067","26.4427792797295","26.4699992298635","26.4655591874024","26.4521685363108","26.4297596438728","26.3982648027906","26.3576163057664","26.3077464455027","26.2485875147016","26.1800718060654","26.1021316122964","26.0146992260968","25.917706940169","25.8110870472152","25.6947718399376","25.5767394695015","25.2888274538158","24.6466898360747","23.8305797418484","23.0414720747208","22.4803417382757","22.3299999237061","22.3299999237061","22.3299999237061","22.3299999237061","22.3299999237061","22.3299999237061","22.3275140420008","22.3208324539882","22.3111192453232","22.2995385016606","22.2903529875138","22.2914664135472","22.2942568788425","22.2986323961146","22.3046193122479","22.3122336099411","22.3214896137555","22.332401189542","22.3449820355433","22.359245777081","22.3752060036598","22.3928762855411","22.4122701819053","22.4334012451903","22.4562830235421","22.4809290622703",
"Gabon","GAB","Urban population (% of total population)","SP.URB.TOTL.IN.ZS","12.6000003814697","13.1381219347483","14.2379123962478","15.8055691261001","17.7472894844367","19.9692708313893","22.3777105270895","24.8788059316691","27.3787544052595","29.7837533079926","32","34.1746006169382","36.4902200563138","38.9063938210336","41.3826574140045","43.8785463381332","46.3535960963265","48.7673421914913","51.0793201265342","53.2490654043621","55.2361135278817","57","58.5452504929655","59.9374893809745","61.2279002198546","62.4676665654336","63.7079719735395","65","66.3848281228557","67.8303940892529","69.2781718586779","70.6696353906172","71.9462586445569","73.045618801257","74.024363723863","74.9893550877512","75.9421043380347","76.8793794878098","77.7979485501723","78.6945795382183","79.5660404650438","80.4090993437448","81.2205241874174","81.9970830091574","82.7355438220611","83.4326746392243","84.0852434737431","84.6900183387136","85.2437672472316","85.7432582123932","86.1852592472945","86.5665383650315","86.8838635787001","87.1482480671637","87.6236017962969","88.085308383892","88.5445883406178","89.0009733256896","89.4539949981866","89.9031850170394","90.3480750410147","90.7881967286967","91.2243355459988","91.6375962797313","91.8632094677575","92.0876666682068",
"United Kingdom","GBR","Urban population (% of total population)","SP.URB.TOTL.IN.ZS","78.5503107965497","78.3663913939232","78.1875107335425","77.9930058788831","77.792841598491","77.5949669582873","77.407331024193","77.2378828621291","77.0945715380164","76.9853461177761","76.9181556673291","76.9023108087531","76.9664092010843","77.1097588679539","77.3109917306611","77.5493534649081","77.8040897463968","78.0544462508291","78.279668653907","78.4590026313326","78.5716938588077","78.5988698930662","78.5790435793683","78.5365448356556","78.4775775496664","78.4080567918043","78.3338976324727","78.2610151420751","78.1953243910149","78.1427404496957","78.1091783885209","78.1020654236402","78.1549335902337","78.2748023147801","78.4474219748331","78.6591002712985","78.8961449050823","79.1448635770901","79.391563988228","79.6225538394017","79.8241408315172","79.9838301298823","80.1146062677742","80.2331593332802","80.3423284929998","80.4455938127627","80.5464353583991","80.6483331957387","80.7547673906116","80.8692180088478","80.995165116277","81.1359685592627","81.2905667759508","81.4573768694887","81.6355750750722","81.8243772295647","82.0229991698295","82.23065673273","82.4465657551295","82.6699420738913","82.9000015258789","82.9886431523641","83.0753982997505","83.1601932891335","83.2429544416085","83.323608078271",
"Georgia","GEO","Urban population (% of total population)","SP.URB.TOTL.IN.ZS","42.6363105773926","43.6326637268066","44.3934364318848","44.7050704956055","45.1996841430664","45.7822456359863","46.3095397949219","46.7458992004395","47.1781425476074","47.6105690002441","47.954139183804","48.3053169250488","48.6202011108398","48.9652900695801","49.4482955932617","50.1762504577637","50.7479591369629","51.021556854248","51.5062408447266","51.9929275512695","52.2925300598145","52.6315803527832","52.9925270080566","53.3174324035645","53.6521606445312","54.0060501098633","54.4002113342285","54.8743476867676","55.4403190612793","55.3208055667491","55.13720103806","54.9029370973093","54.6303689947684","54.331352777181","54.0177444912905","53.7014001838407","53.3941759015751","53.1079276912372","52.8545115995706","52.645783673319","52.4935999592259","52.4098165040349","52.4127676027039","52.5144705663341","52.7173199317225","53.0036280624359","53.3593916521584","53.7706073945741","54.2232719833673","54.7033821122222","55.1969344748228","55.6899257648533","56.1683526759979","56.6182119019407","57.0237612994258","57.3803800455672","57.6984032005062","57.9996827205757","58.3038181862576","58.6304091780343","58.9990552763878","59.4293560618005","60.0101622679115","60.7523077799724","61.0789605093733","61.1781364090406",
"Ghana","GHA","Urban population (% of total population)","SP.URB.TOTL.IN.ZS","23.2863556454639","23.949136595321","24.6235472406362","25.2948762183993","25.9521989290125","26.5845907728776","27.1811271503967","27.7308834619717","28.2229351080045","28.6463574888971","28.9924166743913","29.2857724049612","29.5409923443974","29.7649445120356","29.9644117080709","30.1461767326988","30.3170223861145","30.4837314685133","30.6530867800907","30.8318711210418","31.026867291562","31.2448580918466","31.4926263220909","31.7769547824902","32.1104883606371","32.522407144245","33.0272759758795","33.6117199701364","34.265810320866","34.9796182219183","35.7432148671435","36.5466714503918","37.3800591655132","38.233449206358","39.0969127667762","39.960521040618","40.8143452217336","41.6484565039731","42.4529260811866","43.2178251472243","43.9373786640616","44.6410507317701","45.3484692124806","46.0547973581418","46.7572004525685","47.4528437795757","48.1388926229785","48.8125122665918","49.4708679942306","50.1111250897099","50.7296926788704","51.3304086646488","51.9197918381031","52.4985794475913","53.0663398797148","53.6226415210752","54.167052758274","54.6991419779128","55.218477566593","55.7246279109161","56.2171613974837","56.6952556826536","57.250609602871","57.8074737774654","58.3654868038581","58.9246861473125",
"Gibraltar","GIB","Urban population (% of total population)","SP.URB.TOTL.IN.ZS","100","100","100","100","100","100","100","100","100","100","100","100","100","100","100","100","100","100","100","100","100","100","100","100","100","100","100","100","100","100","100","100","100","100","100","100","100","100","100","100","100","100","100","100","100","100","100","100","100","100","100","100","100","100","100","100","100","100","100","100","100","100","100","100","100","100",
"Guinea","GIN","Urban population (% of total population)","SP.URB.TOTL.IN.ZS","9.71325785205227","10.2368241697066","10.824825151229","11.4705143585108","12.1671453534433","12.907971697918","13.6862469538261","14.4952246830592","15.3281584475084","16.1783018090653","17.0389083296211","17.9032315710672","18.764525095295","19.6160424641959","20.4510372396612","21.2627629835823","22.0444732578505","22.7894216243573","23.490861644994","24.1420468816519","24.7362308962224","25.2666672505969","25.7266095066668","26.1147891604759","26.466799138267","26.7973899426865","27.1085339065344","27.4030510441306","27.6837613697955","27.9534848978491","28.2150416426116","28.4712516184031","28.7249348395438","28.9789113203538","29.2360010751533","29.4990241182623","29.7715516995972","30.0528319349072","30.3398459469057","30.63021654503","30.9231105645224","31.2176948406254","31.5131362085814","31.8086015036327","32.1032575610216","32.3962712159907","32.6868093037822","32.9740386596386","33.2571261188022","33.5352385165154","33.8075426880206","34.0732054685603","34.3313936933767","34.5812741977122","34.8177920826682","35.0373191833496","35.3100280761719","35.5827331542969","35.8554382324219","36.1281547546387","36.4802208060551","36.8502178436256","37.2384967469106","37.6454083954705","38.0713036688655","38.5165334466562",
"Gambia, The","GMB","Urban population (% of total population)","SP.URB.TOTL.IN.ZS","9.06718449184662","8.92614083353027","8.83801039069747","8.82123739287275","8.97559371363964","9.33217246916084","9.86172838079784","10.5368279617028","11.3300377250278","12.2139241839249","13.1610538515464","14.1439932410444","15.1353088655709","16.1269540216536","17.287158390375","18.7110000404511","20.3178993884755","22.0398278247921","23.8087567397443","25.5566575236759","27.2155015669304","28.7172602598516","29.9939049927831","30.9844971504735","31.7741376923283","32.4540605630479","33.0504584367687","33.5921287081256","34.1078687717537","34.6264760222881","35.1767478543638","35.7874816626157","36.4874748416791","37.3130852637624","38.3363887885843","39.5666608739251","40.9481646518734","42.4301869523111","43.96201460512","45.4929344401818","46.9722332873784","48.3491979765917","49.5731153377033","50.6010077995371","51.5062022597801","52.3582132660613","53.1603285370566","53.9196109423854","54.6431233516671","55.3379286345209","56.0110896605662","56.6696692994225","57.3207304207091","57.970305611505","58.6141799655551","59.2458499408388","59.8652472486563","60.471712657237","61.0645869348107","61.643210849607","62.2069251698555","62.7550706637859","63.2869880996278","63.8020182456108","64.2994103409645","64.9884861325581",
"Guinea-Bissau","GNB","Urban population (% of total population)","SP.URB.TOTL.IN.ZS","13.4809606179676","13.7111391553898","13.9122047275785","14.0891587291475","14.2457051600975","14.3855480204289","14.5123913101424","14.6299390292385","14.7418951777177","14.8519637555805","14.9638487628276","15.0812541994595","15.2078840654768","15.3474423608799","15.5036330856695","15.6801602398461","15.8807278234103","16.1090398363626","16.3688002787036","16.6834954357574","17.2605382274848","18.1993267237653","19.4242614440825","20.8713922211948","22.4767688878607","24.1764412768385","25.9064592208868","27.6028725527639","29.2017311052283","30.6390847110383","31.8509832029524","32.7516507277478","33.4002994246409","33.9519253078613","34.4608840002895","34.9311501499718","35.3666984049549","35.771503413285","36.1495398230088","36.5047822821727","36.8412054388232","37.1627839410066","37.4734924367695","37.7773055741583","38.0781980012196","38.3801443659997","38.6871193165452","39.0030975009025","39.3320535671181","39.6716434222135","40.0095596313477","40.4391136169434","40.8686027526855","41.2976379394531","41.7271995544434","42.1568145751953","42.586109161377","43.0155792236328","43.4449081420898","43.8745574951172","44.3038330078125","44.7334136962891","45.1627159118652","45.5923843383789","46.113204421822","46.6510315281292",
"Equatorial Guinea","GNQ","Urban population (% of total population)","SP.URB.TOTL.IN.ZS","26.0317601840134","26.1106039982883","26.1294480996515","26.1454840819746","26.1589984657337","26.170277771405","26.1796085194648","26.1872772303891","26.1935704246541","26.1987746227361","26.2031763451112","26.2070621122556","26.2107184446454","26.2144318627569","26.2184888870663","26.2231760380496","26.2287798361831","26.235586801943","26.2438834558054","26.2539563182465","26.2660919097425","26.2805767507696","26.297697361804","26.3175517029202","26.6193282681373","27.4211574951498","28.6120566626659","30.0808110261592","31.7162058411031","33.407026362971","35.0420578472365","36.5100855493731","37.6998947248541","38.500270629153","38.799943915078","38.8041524265093","38.8068320483764","38.808691785582","38.810342340543","38.8123944156763","38.8154587133988","38.8638365386531","39.1969150391705","39.895902485648","40.9304009672368","42.2814597171299","43.9301279685204","45.8574549546013","48.0444899085658","50.4722820636069","53.1218806529176","55.9743349096911","59.0106940671203","62.2120073583984","65.5593240167184","68.951270615355","69.253269853051","69.5516019132985","69.8396623666175","70.1175419547293","70.3853314193247","70.6431215020592","70.8910029445467","71.1290664883517","71.3574028749806","71.5761028458697",
"Greece","GRC","Urban population (% of total population)","SP.URB.TOTL.IN.ZS","55.8445548559924","56.3608306346623","57.0067328146866","57.7986091689676","58.6954022821796","59.6621967992899","60.6640773652658","61.6661286250748","62.6334352236841","63.5310818060611","64.3241530171731","64.9889767043221","65.5963386905499","66.1906248971366","66.7628628278688","67.3084435360774","67.8227580750934","68.3011974982477","68.7391528588712","69.132015210295","69.47517560585","69.765554054684","70.0217661637418","70.2569459488594","70.4728797155812","70.6719098710672","70.856378822477","71.0286289769706","71.191002741708","71.345842523849","71.4954907305534","71.6402415130464","71.7712094830401","71.8845576676716","71.986767203146","72.0831868417364","72.1791653357157","72.2800514373571","72.3911938989336","72.5179414727182","72.665642910984","72.8460703788502","73.0977109642516","73.432268024093","73.8267602923728","74.2617376694311","74.717750055608","75.1753473512439","75.615079456679","76.0174962722535","76.3631476983077","76.6352609929407","76.8679797449322","77.0951999650171","77.3130486275866","77.5194426317545","77.7122988766348","77.8895342613411","78.0490656849874","78.1888100466875","78.3066842455552","78.3884898647442","78.5502190980809","78.7746303842088","78.9967856500534","79.2246082848537",
"Grenada","GRD","Urban population (% of total population)","SP.URB.TOTL.IN.ZS","30.3945129514131","30.5903083499239","30.7972262992318","31.0091496401403","31.221194851805","31.4284784133816","31.6261168040256","31.8092265028927","31.9729239891385","32.1123257419185","32.223663251327","32.3182727231583","32.4050941218202","32.4846483012786","32.5579373970587","32.6259635446858","32.6897288796851","32.7502355375818","32.8084856539013","32.8654813641687","32.9222248039094","32.9792059879697","33.0315953384808","33.076694005368","33.1173008892946","33.1558609455493","33.1948191294205","33.236620396197","33.2837097011674","33.3385319996203","33.4035322468443","33.4838633944224","33.6304612487265","33.8645013126556","34.1599790749802","34.4927373890347","34.8386191081534","35.1734670856707","35.473124174921","35.7134332292386","35.8702371019579","35.9199973947796","35.9199179937357","35.9194385233611","35.9181958391436","35.9158260786725","35.9119653795374","35.9062498793276","35.8983157156326","35.8877990260417","35.8743359481443","35.8601091092326","35.8652755773132","35.8792242623778","35.9014624346562","35.9319491111708","35.9706014181883","36.0173296416579","36.0720421424532","36.1346465679904","36.2050502515788","36.2831603706908","36.3688840183487","36.462128238584","36.5628000454229","36.6708064336827",
"Greenland","GRL","Urban population (% of total population)","SP.URB.TOTL.IN.ZS","58.2503899413268","59.7808394274457","61.9725780718926","64.5465944414405","67.0576770317163","68.9954462385956","70.2491655445124","71.1740142841281","71.955335922125","72.5947847620593","73.0873298537822","73.4585736281982","73.7262855503392","73.9357505367654","74.1231596654067","74.3247040141926","74.5758515677655","74.9443740844727","75.1863174438477","75.8333969116211","76.3902206420898","76.7726669311523","77.1274871826172","77.5079116821289","78.0012893676758","78.5116500854492","79.0983734130859","79.4232330322266","79.5434646606445","79.7381057739258","79.97265625","80.1740493774414","80.2990036010742","80.467903137207","80.7938690185547","81.0566635131836","81.0665817260742","81.072395324707","81.1202621459961","81.1649703979492","81.4517822265625","81.7906112670898","82.0752868652344","82.3485946655273","82.5634307861328","82.6899108886719","82.8471984863281","83.2039566040039","83.621826171875","83.8556137084961","84.2784881591797","84.5286026000977","84.8864593505859","85.3725891113281","85.6772384643555","86.046257019043","86.2261047363281","86.3915557861328","86.72509765625","87.0217895507812","87.2840881978115","87.5452017613678","87.8049405256832","88.0631147749908","88.3195347935238","88.5740108655152",
"Guatemala","GTM","Urban population (% of total population)","SP.URB.TOTL.IN.ZS","31.8455277440654","32.3589735548288","32.8401100946434","33.2881100625875","33.7053230805779","34.1218628459205","34.5485286426928","34.9670540634734","35.3611200978348","35.7144077353495","36.0105979655898","36.2333717781282","36.366410162537","36.382141201195","36.1509521826572","35.6792060213707","35.0572628068745","34.3717378825139","33.7092465916344","33.1564042775815","32.7998262837005","32.7147507565397","32.7373446965517","32.7895524211378","32.870104251726","32.9781544417959","33.1128572448268","33.2733669142984","33.45883770369","33.6684238664812","33.9012796561515","34.1565593261803","34.4334171300471","34.7310073212315","35.0756010770794","35.7556305117631","36.8833711270944","38.3195642319091","39.9406715289323","41.6231547208891","43.2434755105047","44.678095600504","45.7754731938848","46.5865389722105","47.326819486636","48.0557951573834","48.7676356188334","49.4565105053665","50.1165894513633","50.7420420912045","51.3270380592706","51.8657469899423","52.3523385176","52.7809822766245","53.1458479013964","53.4411050262961","53.6609232857043","53.7994723140017","53.845962303542","54.1882267267974","54.5483167911628","54.9047071553758","55.2581228215265","55.6082319565539","55.9547027274763","56.2972033013999",
"Guam","GUM","Urban population (% of total population)","SP.URB.TOTL.IN.ZS","79.3049689455811","81.240944464179","83.1264025434844","84.6827264701074","85.9381114117584","86.9207525361477","87.6588450109854","88.1805840039818","88.5141646828472","88.6877822152918","88.7338102941305","88.7423942291572","88.74929904439","88.7542652620078","88.7579861576801","88.7611550070765","88.7644650858665","88.7686096697198","88.7742820343059","88.7821754552944","88.796202619978","88.8519526830834","88.9626286756888","89.1179154321913","89.308866885648","89.5265369691159","89.7619796156522","90.0062487583139","90.2503983301582","90.4854822642422","90.7067343821472","90.9393667531683","91.1984367719938","91.4732873968821","91.7555535281099","92.0368700659536","92.3088719106896","92.5631939625945","92.7914711219447","92.9853382890167","93.1395316242857","93.2781071591292","93.4166219465011","93.5502870629964","93.6758326459328","93.7899888326279","93.8894857603993","93.9710535665648","94.0314223884421","94.0673223633488","94.0765173267308","94.0771054436498","94.0777276704115","94.0782751403862","94.0787476782557","94.079145108702","94.079467256407","94.0797139460527","94.079885002321","94.0799802498939","94.0804991087801","94.0884327694075","94.1068261842046","94.1349341638921","94.1726346571831","94.2197463433641",
"Guyana","GUY","Urban population (% of total population)","SP.URB.TOTL.IN.ZS","29.0161728416049","29.1382492742653","29.2771731090196","29.4250797371791","29.5748662575551","29.7194297689584","29.8516673702001","29.9644761600913","30.050753237443","30.1033957010663","30.1152629947398","30.0912921072951","30.0395340148337","29.9675126516419","29.882422675256","29.7914587432124","29.7018155130475","29.6206876422977","29.5552697884994","29.5127566091889","29.5000445881269","29.5020892595106","29.506901097448","29.5138361702495","29.5222629148087","29.5315497680192","29.5410651667745","29.5501775479683","29.5582553484942","29.5646670052457","29.5687809551164","29.569626041612","29.5528652056286","29.5116033535051","29.4485829712731","29.366438121652","29.2678028673613","29.1553112711205","29.0315973956489","28.899295303666","28.7610390578913","28.6194627210441","28.4796776810692","28.3083472486662","28.0668850172523","27.7758550706193","27.4604582346121","27.1458953350755","26.8573671978542","26.620074648793","26.4592185137368","26.3999996185303","26.3999996185303","26.4003891353669","26.4018152016157","26.4043918297579","26.4080892882899","26.412905546573","26.4188378517884","26.4258834773058","26.4340397353676","26.443303961947","26.4536735068183","26.4651457279878","26.477717988557","26.4913876548981",
"High income","HIC","Urban population (% of total population)","SP.URB.TOTL.IN.ZS","61.3883575998166","61.9960065832115","62.5908821042117","63.2073490550864","63.8514826471422","64.4838605084831","65.1043187427636","65.7003944825531","66.2691821210896","66.8235348263533","67.3246790606881","67.7863641063308","68.261913545176","68.7488742269272","69.2453017917801","69.6308139212961","69.983099792037","70.3175261456009","70.6117975031916","70.9258770176753","71.2501098829357","71.5401383908467","71.8279049604684","72.0986546208112","72.3639806417655","72.6270911353383","72.9156672732019","73.2073103027309","73.4913326087031","73.7589594056016","73.9724957226774","74.1845057765261","74.3701983996525","74.5518722908192","74.7699702058122","75.0025083624005","75.2654102351054","75.5109630408566","75.7282802856799","75.8994986686149","76.1243587136707","76.3835804739705","76.70572876164","77.0606383849569","77.4095974944961","77.7101607010208","77.9906658084009","78.2586161871986","78.4997972665246","78.6868043607071","78.8495856511893","78.9755394321621","79.0761339258933","79.1842530422909","79.2816675807236","79.387375702382","79.4995336680827","79.5646323222643","79.6265084521732","79.6868403779463","79.7425183592538","79.808750690419","79.9047258563531","80.017512944144","80.1320285164635","80.2483970459505",
"Hong Kong SAR, China","HKG","Urban population (% of total population)","SP.URB.TOTL.IN.ZS","85.1999969482422","85.2064180853235","85.2800991951516","85.4364684432748","85.6604800828049","85.9387185773589","86.2577683905539","86.6042139860069","86.964639827335","87.3256303781553","87.6737701020847","88.0023896106757","88.3435286255202","88.7164777383179","89.1103264665498","89.5173517742288","89.9298306253682","90.3400399839811","90.7402568140805","91.1227580796796","91.4798207447915","91.7967668038879","92.054476734095","92.2741264642881","92.5123372731306","92.8215203265498","93.3278344372433","94.5097139418933","96.2423155775524","98.0057365026504","99.3105631904423","99.7358552273683","99.8254998717847","99.9052758430407","99.961658640719","99.9932976351594","100","100","100","100","100","100","100","100","100","100","100","100","100","100","100","100","100","100","100","100","100","100","100","100","100","100","100","100","100","100",
"Honduras","HND","Urban population (% of total population)","SP.URB.TOTL.IN.ZS","23.349577439198","23.2349791761308","23.3677603403326","23.6741871308527","24.1287142867622","24.7073538563781","25.3861178880174","26.1410184299968","26.9480675306334","27.7832772382441","28.6226596011457","29.4422266676553","30.2179904860896","30.9259631047657","31.5508246925291","32.1427977118835","32.7347220770331","33.3230345634208","33.9074428389078","34.4876545713555","35.0633774286251","35.6343190785779","36.200187189075","36.7606894279779","37.3155334631478","37.8644269624458","38.4070775937334","38.9431930248718","39.4721690083612","39.9880398481216","40.4877408913689","40.9747754656802","41.452387449279","41.9238207203885","42.392319157232","42.8611266380328","43.3334870410143","43.8126442443997","44.3018421264124","44.8043245652756","45.3233354392127","45.8623033555915","46.4194190064116","46.990184604045","47.5739776096056","48.1703884178554","48.7790074235564","49.3994250214704","50.0312316063593","50.6740175729851","51.3273733161098","51.9908892304951","52.6641557109031","53.356379133253","53.8768089124249","54.3828473751434","54.8868414578857","55.3877322339915","55.8852577716247","56.3791561389766","56.8691654042685","57.3550236357547","57.8364689017254","58.3132392705102","58.7850728104829","59.2517075900659",
"Heavily indebted poor countries (HIPC)","HPC","Urban population (% of total population)","SP.URB.TOTL.IN.ZS","12.2650643009359","12.574985374857","12.9054641627552","13.2583726391252","13.6330950448793","14.0304710702778","14.4436212851163","14.8635645785181","15.2898791899857","15.7269148629041","16.172021196668","16.6448139680707","17.1227154509656","17.6127876437601","18.0965330625372","18.5688421229036","19.0286249193911","19.476329648456","19.897839608292","20.3024657365749","20.7156728513935","21.1111680197283","21.4870094194327","21.8701715277821","22.2754544900836","22.7042494741557","23.1321663312593","23.6089690469271","24.0470989528396","24.4777877031623","24.8931531116761","25.3453304000469","25.6826388564973","25.9950197069466","26.3689262121073","26.7245130638536","27.0052822875328","27.2926973714885","27.6067567723373","27.9228080218387","28.2533687315917","28.593177931967","28.9116693755986","29.2192481398389","29.5421314416791","29.8714355908867","30.2208756483016","30.5364840577191","30.9723129432456","31.3639376101069","31.7646366285593","32.1726769221166","32.5803279178654","33.0085325284937","33.4500793922766","33.876402244952","34.3061574682177","34.7436136608517","35.1902982941101","35.60787726524","36.0239709463492","36.4661763671202","36.9406309816039","37.3827611102379","37.8610562629747","38.332449317985",
"Croatia","HRV","Urban population (% of total population)","SP.URB.TOTL.IN.ZS","30.1287842196594","31.0293667366837","31.9869156024686","33.0119239911468","34.0818359058508","35.1772548111985","36.2787841718078","37.3670274522966","38.4225881172827","39.4260696313841","40.3580754592184","41.2016890347163","41.9809632229508","42.7187716854379","43.4215702223125","44.096555822845","44.7509254763058","45.3918761719654","46.0266048990942","46.6623086469628","47.3061844048415","47.9697280958491","48.6811775021638","49.4425228230101","50.2269948944448","51.0104602718882","51.7687855107607","52.4778371664827","53.1134817944746","53.6515859501566","54.0680161889492","54.347540899497","54.5675850528016","54.7798436680054","54.9772628749087","55.1568369839241","55.3155603054641","55.4504271499415","55.5584318277687","55.6365686493584","55.6818319251231","55.6913829056559","55.6745468592554","55.6386960202113","55.5890878734365","55.5307217475444","55.4685969711483","55.4077128728613","55.3530687812969","55.3096640250682","55.2824979327886","55.2773793281248","55.3042888624873","55.3659479687433","55.4591834926844","55.5812594509004","55.7294398599808","55.9009887365155","56.093170097094","56.303247958306","56.5284863367411","56.7683502560171","56.9977571733605","57.2431560672198","57.5158981711443","57.8144543604143",
"Haiti","HTI","Urban population (% of total population)","SP.URB.TOTL.IN.ZS","15.2364282608032","15.60373878479","15.9790678024292","16.3624668121338","16.753942489624","17.1535377502441","17.5612411499023","17.9770240783691","18.4009304046631","18.832878112793","19.2728691101074","20.2740631733654","20.3882713508093","20.4357020274151","20.4693421938564","20.4923977999005","20.5080747953143","20.519579129865","20.5301167533196","20.5428936154453","20.5611156660091","20.5879888547781","20.6254834497434","20.7173240342271","20.9263676988077","21.2507708625418","21.6859466012783","22.2273079908661","22.8702681071541","23.6102400259911","24.4426368232261","25.3628715747079","26.3663573562854","27.4485072438076","28.6047343131232","29.8304516400811","31.1210723005304","32.4720093703197","33.8786759252981","35.3364850413145","36.8408497942176","38.3871832598564","39.9708985140797","41.2007603284477","41.8705746346912","42.5791771857318","43.2846444920296","43.9866171992907","44.6847359532184","45.3786413995138","46.0679741838751","46.7523749519985","47.4314843495779","48.1049430223048","48.7723916158687","49.4334707759572","50.087821148256","50.735083378449","51.374898112219","52.0069059952475","52.6307476732151","53.2460637918026","53.8524949966907","54.4496819335618","55.0372652481002","55.6148855859942",
"Hungary","HUN","Urban population (% of total population)","SP.URB.TOTL.IN.ZS","53.4360120616323","53.580207241608","53.7345427094181","53.8987296989357","54.0724794440342","54.2555031785867","54.4475121364666","54.6482175515471","54.8573306577015","55.074562688803","55.2996248787249","55.5322284613404","55.7720846705229","56.0189047401455","56.2723999040815","56.5322813962041","56.7982604503868","57.0700483005026","57.3473561804248","57.6298953240268","57.9173769651817","58.2095123377629","58.5060126756435","58.8065892126969","59.1109531827963","59.4188158198149","59.7298883576261","60.043882030103","60.360508071119","60.6794777145472","61.000502194261","61.3232927441337","61.6475605980383","61.9730169898483","62.2993731534369","62.6263403226773","62.9536297314429","63.2809526136067","63.6080202030422","63.9345437336226","64.2602344392211","64.646880283041","65.0400009155273","64.8452987670898","65.0225372314453","66.1261367797852","67.0155868530273","67.0041656494141","68.0976986078883","68.4592590332031","69.5305480957031","69.4779934082031","69.5772326660156","69.9277636266638","70.3071053512008","70.4847717285156","70.4733810424805","70.4542541503906","70.4711761474609","70.4565277099609","70.2917327880859","70.2059275331413","70.1585064243445","70.2923026891431","70.491825943218","70.6936831786278",
"IBRD only","IBD","Urban population (% of total population)","SP.URB.TOTL.IN.ZS","27.0906209719841","27.2972528267703","26.9233656310886","27.0196202993594","27.7971182525757","27.9653747388672","28.187047161126","28.4300756411269","28.6719753333694","28.9113992692481","29.1326552081323","29.3488574775622","29.6101390751206","29.9650661303526","30.3053048043121","30.7359333439954","31.1360890812525","31.5327404064194","32.0128331695554","32.7172093813589","33.1898268592345","33.7568730035968","34.1841029665685","34.8175054197777","35.5622023494254","36.0600344170224","36.5906623833104","37.1069847802352","37.512490626841","37.8760720718016","38.0817077339643","38.5345905483247","38.9120525758869","39.2919260181123","39.6796897431969","40.0779128631084","40.7752739022944","41.4827084638523","42.1951529813287","42.8937295342446","43.6667023896647","44.2905845807242","44.9754758078454","45.6701134027848","46.2937905593518","46.9145693724127","47.5769747009825","48.2961047629039","48.8903466913443","49.5693483292079","50.1080208606821","51.1470854803375","51.7855203403866","52.4999014352869","53.1837216780098","53.9332868281978","54.6015207244718","55.2222227935355","55.8598392575292","56.4284852445038","56.8651715048446","57.4187341409059","57.7552337954716","58.0307469598053","58.3264723309511","58.6463509114596",
"IDA & IBRD total","IBT","Urban population (% of total population)","SP.URB.TOTL.IN.ZS","24.7453380926788","24.9490339425416","24.6859891137237","24.821556255286","25.5184612399292","25.7144906135613","25.9571532975346","26.2175409449711","26.4799040561326","26.7453500682438","27.0000511549121","27.2598443924737","27.5615251865438","27.9313576149368","28.2518789218516","28.6544325972448","29.0706085180483","29.4859694467637","29.967791088764","30.6268091503906","31.0930048232439","31.6234073789308","32.032714096761","32.6059909914862","33.2683217631934","33.7317331719571","34.2220771764415","34.7054572777521","35.0972904293823","35.4521979252093","35.6798710681183","36.1066823572326","36.458593378092","36.8070881086774","37.1677584070326","37.5354070965147","38.1326385759104","38.7388454032476","39.3519700492772","39.954786055162","40.6179140854658","41.1684094357595","41.7671509236574","42.3768546604705","42.9371005044193","43.4956847988649","44.0855839099272","44.709662759241","45.2440244123133","45.8297491959586","46.3037304771863","47.1596578727806","47.7248227220067","48.3523840418748","48.934439191868","49.5550964553733","50.1171733804251","50.6447335432842","51.1832192304679","51.6653910881874","52.0454778410909","52.5081681188004","52.8163796983223","53.0823484348401","53.3694237912271","53.6757479244859",
"IDA total","IDA","Urban population (% of total population)","SP.URB.TOTL.IN.ZS","13.5154652785851","13.8549407808777","14.1928455010402","14.5331443811695","14.8823604830021","15.2438999789537","15.6138989628974","15.992233437292","16.3879749743638","16.8090586482742","17.2466753703403","17.7214231489879","18.2343663457657","18.7197840466583","19.0078817184262","19.3434704720625","19.8920296073669","20.4544782258905","21.0165934410526","21.5607777948131","22.0803678042797","22.5280883067111","22.9369488229649","23.3369996451235","23.7350974220144","24.1389358237416","24.5459230833922","24.9756165253291","25.3916670296955","25.7937557112013","26.1931851563238","26.6065700375292","26.9630818844435","27.3062282681296","27.6784960297831","28.0464902530454","28.3903917346113","28.7435797915361","29.1160854588869","29.4976980360492","29.8995493417227","30.3269978837214","30.7703132122554","31.2356830668994","31.7251219779908","32.2219540706682","32.7260807604272","33.203970481379","33.7049397121855","34.151308147173","34.5786366508417","35.024952783726","35.5080433803967","35.996332190864","36.4051820747557","36.7864206452414","37.1903965759359","37.609058115614","38.0388916782972","38.4653846981284","38.8904386172881","39.3204218850565","39.7691797117658","40.2201100518451","40.6826937203111","41.1497531407779",
"IDA blend","IDB","Urban population (% of total population)","SP.URB.TOTL.IN.ZS","18.3657442776044","18.8373340750167","19.2787448615676","19.7057279562176","20.1226600458357","20.5426141363529","20.9620859729211","21.3994523824023","21.8513626591881","22.2913794449331","22.735221173857","23.1966529953349","23.7113155897154","24.2637051645202","24.8320046581168","25.4173614990046","26.0142183714419","26.6067248869477","27.2082301010234","27.727591171151","28.2133024738494","28.6824491594506","29.142295333354","29.5989522236611","30.039679482115","30.4680861653389","30.9099960613133","31.358761284282","31.804874929289","32.2190299759903","32.6450774654059","33.0707305416841","33.4995155748258","33.9338518725267","34.3746372243563","34.819745913618","35.2677660291527","35.7189121945745","36.1733262179814","36.6305795115605","37.1026016090268","37.6077426188299","38.1449950358966","38.7046042253944","39.2712038089643","39.8348778202094","40.3888250207305","40.8889051590091","41.3446440311986","41.7469202004975","42.1151997510905","42.5084884969366","42.9159323176066","43.3275756317313","43.7524751266553","44.1901706504123","44.6500251183283","45.1144259487283","45.5767065281075","46.0543233703288","46.5685904859548","47.0949322895637","47.6330129185198","48.1773673159897","48.6958359099619","49.2173940770698",
"Indonesia","IDN","Urban population (% of total population)","SP.URB.TOTL.IN.ZS","14.6076543358271","14.8315031668716","15.0556141743538","15.2663218061679","15.4668037669967","15.663223950935","15.8617462520776","16.0685345645194","16.2897527823552","16.5315647996801","16.8001345105888","17.1011495609793","17.453166786076","17.8781647506989","18.3683266057108","18.914196501399","19.5063185880508","20.1352370159536","20.7914959353946","21.4656394966611","22.1466142996691","22.8406637690508","23.5724196827312","24.3433192272382","25.150523426766","25.9911933055087","26.8624898876605","27.7615741974155","28.6856072589677","29.6317500965114","30.5945178088725","31.5991952251753","32.6914992355049","33.8555422228307","35.0672005338812","36.3023505153847","37.5368685140699","38.746630876665","39.9075139498987","40.9953940804992","41.9861540600656","42.9018895186157","43.7824069030376","44.6301761521872","45.4476736441888","46.2373757571669","47.0017588692457","47.7432993585496","48.4644736032029","49.16775798133","49.8521375148888","50.4830017089844","51.1593933105469","51.8307495117188","52.5002136230469","53.1720771789551","53.812557220459","54.4541015625","55.0956840515137","55.7382049560547","56.2785287648768","56.8761702464027","57.4934704226599","58.1179353397878","58.7509635387997","59.3929063969984",
"IDA only","IDX","Urban population (% of total population)","SP.URB.TOTL.IN.ZS","11.28773762757","11.5646323960672","11.8525408599155","12.1497060950396","12.4645247032006","12.7959090720671","13.1396010061546","13.4879785117695","13.8553835551728","14.264537646635","14.6937656034929","15.1653843441503","15.6684065555497","16.1164715112003","16.2655871252707","16.4706322207828","16.9802242620331","17.5096352740973","18.0360569752818","18.5750578503858","19.0747600806135","19.4698844254303","19.8277221870918","20.1858747597226","20.5508653674403","20.925651263439","21.295975001079","21.697080541785","22.0780782478745","22.4553986253428","22.8199644511323","23.2065700885777","23.51689100904","23.8114058406188","24.1452024331018","24.4681315230062","24.7511091410674","25.0458325250437","25.3675009516326","25.702648374138","26.0574811611718","26.4310487338827","26.8198463630514","27.2316527155715","27.6713595496945","28.1248815877796","28.5964458513824","29.0506215781357","29.5610760390448","30.0171376731367","30.4633398402301","30.9302827805092","31.452020011677","31.9790558643189","32.3798094567338","32.7341136354124","33.1174714726553","33.5219118462806","33.9449607807614","34.3572845737014","34.7470118346024","35.1349266899544","35.5450909648779","35.9594486372929","36.4071269030645","36.8594065949293",
"Isle of Man","IMN","Urban population (% of total population)","SP.URB.TOTL.IN.ZS","55.110259108453","55.3487493722809","55.6392786176057","55.9697802402618","56.2734786492118","56.4867687464414","56.5473944721667","56.4868515951987","56.3482779444531","56.1476025003956","55.9001569669697","55.6008121259437","55.0133863828856","54.1171124383413","53.133221547179","52.270894420151","51.713096584982","51.3108192093176","50.934085831854","50.6313144089653","50.4392751592684","50.3936613299374","50.4611284584485","50.5971463654293","50.7687519350477","50.9438671233318","51.0965150353989","51.254615817498","51.4287436722179","51.5873167210931","51.7020197044612","51.7473739470826","51.7602299893162","51.7698301376695","51.7771247581586","51.7838845879791","51.7918815779566","51.8018367218248","51.8123361086376","51.821658247347","51.8280887588444","51.8267726358515","51.7294050812584","51.5389094585101","51.3260536002657","51.1608382095573","51.1148712415781","51.2353481079414","51.4683663096054","51.7305375428215","51.9396170300917","52.0246324097527","52.0555317322629","52.0804107092926","52.0997913403899","52.1164840474526","52.1331532169475","52.1498415744309","52.1651893864538","52.1789898247578","52.1909519786866","52.1999559660634","52.1955609162662","52.1832571730182","52.1633405796294","52.1358064010515",
"India","IND","Urban population (% of total population)","SP.URB.TOTL.IN.ZS","17.9250073975312","18.0240089532608","18.1435710412125","18.283856024527","18.4430405128829","18.6197192716934","18.8124870663716","19.019938662331","19.2406688249846","19.4732723197457","19.7163439120276","19.973429065388","20.2765374145567","20.6395528614156","21.0444612042606","21.4761700378174","21.9195869568118","22.3596195559694","22.7811754300159","23.169162173677","23.5084873816783","23.7875348455702","24.0306681216752","24.2539519859126","24.4606633455594","24.654828858249","24.8404751816147","25.0216289732896","25.2023168909072","25.3865655921008","25.5784017345035","25.7797610905819","25.9808576702657","26.1767814681192","26.3710188638872","26.5661772139368","26.7648638746349","26.9696862023486","27.1832515534447","27.4081672842903","27.6470407512523","27.9028652096636","28.1756878910456","28.4660287698","28.7726067228528","29.0945497159107","29.4309857146804","29.7810426848684","30.1438485921815","30.5185314023263","30.9042190810094","31.2746502853309","31.5898935604399","31.9096789235237","32.2288233408821","32.5472990022299","32.8650780972823","33.1821328157539","33.4984353473598","33.8139578818147","34.1286726088333","34.4425517181304","34.7555673994206","35.0676918424186","35.3788972368389","35.689155772396",
"Not classified","INX","Urban population (% of total population)","SP.URB.TOTL.IN.ZS","","","","","","","","","","","","","","","","","","","","","","","","","","","","","","","","","","","","","","","","","","","","","","","","","","","","","","","","","","","","","","","","","","",
"Ireland","IRL","Urban population (% of total population)","SP.URB.TOTL.IN.ZS","44.8695987621473","45.3886927459708","46.0657794516136","46.8873936107826","47.7632999301661","48.6089077192659","49.3478045796129","50.021799154292","50.6774259588724","51.2915782108973","51.8454815445478","52.3236946036989","52.7576343945787","53.1742670372942","53.5704404923808","53.9447772582623","54.2958998333622","54.6224307161041","54.9229924049116","55.1962073982082","55.4406981944175","55.6545423116142","55.8398832572538","56.0017381748838","56.1482789000872","56.2871472116201","56.4242497997356","56.5510451146144","56.6660711580872","56.7817832011751","56.9095941132045","57.0615580637211","57.2482078114213","57.4647494894716","57.6989865369237","57.9391944274763","58.1743161677665","58.4058211904851","58.6407683900153","58.8800098607384","59.1247997891425","59.3763923617156","59.6367259990731","59.9120142632573","60.1994750854288","60.4882988006461","60.7703677431593","61.0601979374234","61.3581903884996","61.6421022728798","61.8910689348512","62.0872735820277","62.2529318511038","62.4047157756118","62.535401730577","62.6392123492764","62.7229399123734","62.9035196521232","63.0844503476779","63.2737009154127","63.4713366724915","63.6774229356985","63.8920250215059","64.1152082461268","64.3470379255585","64.5875793756168",
"Iran, Islamic Rep.","IRN","Urban population (% of total population)","SP.URB.TOTL.IN.ZS","33.9658279418945","34.6205711364746","35.2811813354492","35.9474678039551","36.6192245483398","37.1398936876466","37.7032128843461","38.856128692627","39.7407341003418","40.6321067810059","41.5296859741211","42.4329261779785","43.3412475585938","44.2540664672852","45.1707801818848","46.0907859802246","46.769541819479","47.7590560913086","48.4847259521484","49.2110366821289","49.9376831054688","50.6643346598317","51.3907508850098","52.1165504455566","52.8414649963379","53.5651817321777","54.1512307839486","54.8261528015137","55.3658065795898","55.9107780456543","56.4611129760742","56.8992834183695","57.850040435791","58.6953926086426","59.553092956543","60.42333984375","61.0621868466265","62.1140785217285","62.9052391052246","63.7097473144531","64.4780120849609","65.2168655395508","65.9271621704102","66.6049270629883","67.2567367553711","67.8708801269531","68.3101850492144","68.806189933608","69.3790072996746","69.99007683587","70.6092626774386","71.204050944517","71.7633634041294","72.3030873515412","72.8324070385223","73.3561403575949","73.8796100096595","74.4011840820312","74.8034286499023","75.2038879394531","75.5986404418945","75.9926376342773","76.3342208862305","76.6759567260742","77.0201263427734","77.3761530941751",
"Iraq","IRQ","Urban population (% of total population)","SP.URB.TOTL.IN.ZS","43.9759124653229","45.4828003722345","47.0384522914624","48.5801237155997","50.0450701372396","51.3608159119315","52.5474449350408","53.6929181548471","54.8133047350851","55.9068563570209","56.9718247019209","58.0064614510512","59.0090182856779","59.9777468870673","60.9108989364855","61.8067261151988","62.6634801044734","63.4746859437452","64.2806393971142","65.1315075203491","66.0064583480416","66.8744740283897","67.7045367095918","68.465628539846","69.1267316673506","69.6568282403037","70.0249004069035","70.1963949932514","70.1716778240465","69.9997485924188","69.7197319066576","69.3644144079145","68.9665827373411","68.559023536089","68.1745234453098","67.845869106155","67.6058471597764","67.4895351063262","67.4917273345237","67.5442299364519","67.6331913847871","67.751941516652","67.8938101691696","68.0521271794625","68.2202223846538","68.391425621866","68.5590667282222","68.716475540845","68.8569818968574","68.9742328505284","69.0582953378474","69.1252233869916","69.2222213745117","69.444450378418","69.6666641235352","69.920524597168","69.9123778259643","69.8944511190753","69.8765148865842","69.8683395385742","69.8683166503906","69.8682708740234","69.8682861328125","69.868278503418","69.8861494108913","69.9396739468105",
"Iceland","ISL","Urban population (% of total population)","SP.URB.TOTL.IN.ZS","80.3518905639648","80.982795715332","81.5369720458984","82.0250244140625","82.6508560180664","83.1879806518555","83.5386734008789","83.8983154296875","84.3988265991211","84.7535705566406","85.0411682128906","85.3253631591797","85.7456665039062","86.1972427368164","86.4965896606445","86.8598556518555","87.1798782348633","87.4364547729492","87.6704940795898","87.8784942626953","88.0869979858398","88.3426513671875","88.6081848144531","88.886344909668","89.1222763061523","89.3303909301758","89.5552825927734","89.8277282714844","90.1216888427734","90.3974075317383","90.6059112548828","90.9010925292969","91.145637512207","91.296257019043","91.4494400024414","91.6399917602539","91.8401641845703","92.0188980102539","91.6760097262822","91.8121341861987","91.9674192031642","92.0452304560359","92.1674022598912","92.3235559316863","92.4377293375354","92.377441015064","92.1949009038813","92.3614571703229","93.0646442174216","93.4441340553707","93.4588348107886","93.41106112427","93.514892578125","93.6166725158692","93.6196716315805","93.727919768566","93.7822647094726","93.7718982310092","93.8526667025487","93.9770847416131","94.1367102874722","94.2108206403841","94.1787071228028","94.1518261784801","94.1819039916522","94.2179320191117",
"Israel","ISR","Urban population (% of total population)","SP.URB.TOTL.IN.ZS","76.9069002716268","78.0005646084167","78.8450881467936","79.6570180638979","80.4295805088071","81.1640162342173","81.8615659928241","82.5234705373233","83.1509706204109","83.7453069947824","84.3077204131339","84.8394516281609","85.3425160420498","85.8328438224127","86.3192846110449","86.7956395448488","87.2562998971496","87.6956569412726","88.1081019505432","88.4880261982867","88.8298209578284","89.1278775024937","89.3765871056078","89.5709576727512","89.7303446217827","89.8757977781482","90.0082456055114","90.129119704443","90.2398516755136","90.3418731192938","90.4366156363544","90.5255108272659","90.6099902925991","90.6914856329246","90.7714284488131","90.8511786571744","90.9329267580104","91.0183078868813","91.1059081529216","91.1940273629403","91.2809653237465","91.365021842149","91.4444967249569","91.5176897789793","91.5829008110251","91.6384296279033","91.6825760364229","91.713639843393","91.7292868898136","91.7319738585748","91.7316426703946","91.7304024673781","91.7276502819515","91.7227831465406","91.7151980935716","91.7042921554705","91.6894623646632","91.6701057535759","91.6456193546346","91.6154002002652","91.5788453228939","91.5353517549466","91.4979834273327","91.5089569794505","91.536188843818","91.5783060866328",
"Italy","ITA","Urban population (% of total population)","SP.URB.TOTL.IN.ZS","59.2893774438496","59.8108936598119","60.3211698045279","60.8562430814637","61.4106892183191","61.9722633910981","62.5287207758048","63.0678165484433","63.5773058850175","64.0449439615316","64.4584859539895","64.8011235401742","65.0952520132444","65.3818598204908","65.6630191855156","65.93180430874","66.1812893905852","66.4045486314727","66.5946562318235","66.7446863920592","66.8477133126008","66.8957067261538","66.8973453437563","66.8849239308828","66.8645181676116","66.838537979828","66.8093932934176","66.779494034266","66.7512501282587","66.7270715012812","66.709368079219","66.7007288477386","66.7046939025797","66.7268353013949","66.7649491303665","66.8166099473719","66.8793923102889","66.950870776995","67.0286199053679","67.1102142532851","67.1932283786243","67.27519882288","67.3538786566538","67.4299414611787","67.5072499739908","67.5897169318419","67.6812550714834","67.7857771296669","67.9071958431441","68.0494239486665","68.2163741829857","68.4015073889511","68.7608794235259","69.3073989916076","69.5807638614879","69.6100006103516","69.5969232525286","69.5180784259382","69.4800033569336","69.5050010681153","69.5187492370606","69.4812507629394","69.4839779766539","69.5381540123301","69.6047535143071","69.680861801678",
"Jamaica","JAM","Urban population (% of total population)","SP.URB.TOTL.IN.ZS","29.7499461367826","30.7432816023984","31.8983242236801","33.1632524418887","34.494280828651","35.8476239555937","37.1794963943434","38.4461127165269","39.6036874937708","40.6084352977019","41.4272087135995","42.1508557503623","42.850003524192","43.5177150811773","44.152225307985","44.7517690912819","45.3145813177345","45.8388968740097","46.3229506467742","46.7649775226947","47.1632123884379","47.5158901306706","47.8211020738558","48.0863989128291","48.319534412407","48.5279997041476","48.7189137335525","48.8993954461234","49.0765637873617","49.2575377027692","49.4494361378472","49.6585107146052","49.8793624099619","50.1051175348913","50.3347875926727","50.5669713966556","50.8002677601895","51.0332754966239","51.2645934193083","51.4928203415923","51.7165550768252","51.934190578424","52.1467222312645","52.3564891419558","52.5637655955662","52.7685237926234","52.9707359336549","53.1703742191887","53.3674108497524","53.5618180258738","53.7535679480806","53.956586109128","54.2478817703732","54.548819811983","54.8660395670395","55.1995248014924","55.549259277615","55.9152267548307","56.297410990325","56.6957957395074","57.1103647563627","57.5411017937226","57.9879906034775","58.4510149367429","58.9301585439922","59.4254051751628",
"Jordan","JOR","Urban population (% of total population)","SP.URB.TOTL.IN.ZS","42.7105675086699","43.538418025749","44.3650815096396","45.1806394824036","45.9857787947279","46.7833650838614","47.576263987053","48.3673411415514","49.1594621846056","49.9554927534643","50.7582984853765","51.5707450175908","52.3956979873563","53.2360230319217","54.0945857885359","54.9742518944477","55.877886986906","56.8083567031595","57.7685266804572","58.7561412858229","59.8270666521535","61.0852745803005","62.509538301601","64.0604220795659","65.6984901777058","67.3843068595316","69.0784363885541","70.7414430282841","72.3338910422324","73.8163446939097","75.1493682468269","76.2935259644948","77.2093821104241","77.8575009481257","78.185706296847","78.2491281447452","78.260589791547","78.2689390880147","78.2751272220723","78.280105381644","78.2848247546539","78.2902365290261","78.2972918926847","78.3069420335538","78.3185350370311","78.412126230667","78.755612573541","79.3358270749644","80.1290966207551","81.1117480967305","82.2601083887084","83.5505043825064","84.9592629639423","86.4627110188335","88.0371754329978","89.8881391939133","90.56272794707","90.8764609714428","91.2008859099729","91.515966492507","91.8216722992319","92.117972910453","92.4048379066163","92.682236868336","92.9501393764286","93.2085150119551",
"Japan","JPN","Urban population (% of total population)","SP.URB.TOTL.IN.ZS","63.2581272441637","64.2724301568983","65.2338060537393","66.1447111189244","67.0205733570673","67.8778304862691","68.7175938053346","69.5276778884656","70.3160321311653","71.0928717875749","71.8621514888884","72.7088282579266","73.678910701481","74.6313684290253","75.4106178027416","75.8511067264535","75.9718496490584","76.0333398797102","76.0764616511381","76.1171567691576","76.172396260342","76.2503223945228","76.3474944329034","76.4572744627542","76.5743728196347","76.6930644715793","76.81341381908","76.9402952490325","77.072111271414","77.2063887541774","77.3404178010312","77.4744816932723","77.6108029675096","77.7480283183434","77.8843368177677","78.0190838015653","78.1374047267253","78.2318902291629","78.3266396189341","78.448341899402","78.6126803295375","79.1577482060887","80.5469860733981","82.4206778416671","84.3710541898905","85.9573620483714","87.1460898958075","88.2701404492656","89.2921563808851","90.1131158718189","90.6228586840649","90.8631654434251","91.0265277326652","91.1516595654317","91.2548945132333","91.3532644103625","91.4541254852142","91.5498419685883","91.6377318609728","91.7164207898107","91.7809926267889","91.8741049279527","91.9776532428406","92.0826903891473","92.1901718034531","92.3001449420786",
"Kazakhstan","KAZ","Urban population (% of total population)","SP.URB.TOTL.IN.ZS","44.7324092180001","45.3925045262029","46.0424759886721","46.6788642175969","47.2982098251666","47.8970534235706","48.4719356249982","49.0193970416385","49.535978285681","50.018219969315","50.4613362061313","50.8717121225821","51.2513244419389","51.608530815696","51.9501425639142","52.2829710066543","52.6138274639771","52.9495232559436","53.2968697026145","53.6724488047352","54.0979508522279","54.5728602107034","55.0696601222248","55.5652784663909","56.0366431228003","56.4606819710519","56.8143228907444","57.0744937614766","57.2181224628473","57.2347953638185","57.2078573640742","57.1542662389527","57.0785089227206","56.9840568701253","56.8743815359144","56.7529543748356","56.6232468416365","56.4887303910647","56.3528764778678","56.2102542327601","56.0239607657944","55.7813717131331","55.5045911261585","55.2115277236592","54.9200902244233","54.6481873472392","54.4137278108953","54.2346203341799","54.1287736358813","54.1167144748885","54.2054127497102","54.3996086425518","54.69208192838","55.0779764821252","55.5524361787178","56.1106048930882","56.7476265001667","57.4586448748837","58.2388038921695","59.0832474269546","59.9871193541692","61.030254280267","61.444157327248","61.7560919499181","62.072531584162","62.3855569507987",
"Kenya","KEN","Urban population (% of total population)","SP.URB.TOTL.IN.ZS","8.23352130661889","8.43593866814932","8.63407949596207","8.81534505126462","8.9723034255813","9.11698114874609","9.26227467484218","9.42108045795278","9.60629495216106","9.82929171820225","10.1439264299252","10.5964179687854","11.1579861872809","11.7970225025571","12.4819183317594","13.1810650920333","13.8628542005242","14.4956770743776","15.0479251307389","15.4844182465257","15.8352387726023","16.16414108945","16.4751642144151","16.7672965803142","17.0395266199639","17.2908427661806","17.5202334517811","17.7266871095817","17.9091921723993","18.0668782773996","18.1962956954221","18.2983212940893","18.3803510644475","18.4500145151536","18.5149411548647","18.5827604922377","18.6611020359295","18.7575952945971","18.8798697768976","19.0288523643308","19.4553832211834","20.4416297068833","21.8586568137501","23.563889811899","25.4147539714454","27.2686745625048","28.9830768551925","30.4153861196239","31.4230276259143","31.8603086707305","31.8713287706458","31.8673949025409","31.8558130142761","31.8324454433988","31.7931545274563","31.7338026039958","31.6502520105647","31.5383650847102","31.3940041639796","31.1895566421135","31.2063494632616","31.2879334021971","31.4307820066946","31.6330340816429","31.8937831721599","32.2121192871745",
"Kyrgyz Republic","KGZ","Urban population (% of total population)","SP.URB.TOTL.IN.ZS","34.350573366068","34.7818405057919","35.1972555240042","35.5929328179983","35.9649867850676","36.3095318225054","36.6226823276052","36.9005526976602","37.1392573299639","37.3349106218097","37.4900688899904","37.6326611151445","37.7705217664009","37.8989073690999","38.0144741377128","38.1138782867115","38.1937760305674","38.2508235837521","38.2816771607373","38.2858741212225","38.2832527626962","38.2777496871555","38.2695413863947","38.2587046915326","38.2453164336881","38.2294534439799","38.2111925535269","38.1906105934481","38.1677843948621","38.12026488628","37.9710077270028","37.7077412766154","37.367181569335","36.9792757432412","36.5739709364138","36.1812142869325","35.830952932877","35.5531340123269","35.377704663362","35.3281527012343","35.3216067847574","35.3160273737858","35.3118703235333","35.3086519815317","35.3058886953128","35.3030968124082","35.2997926803498","35.2954926466692","35.2897130588983","35.2815523593591","35.267768240398","35.2466507961984","35.218916221918","35.1850529225105","35.1455493029297","35.1008937681291","35.0515747230627","34.9980805726839","34.9408997219466","34.8805205758044","34.8174315392111","34.7521210171204","34.7003053497743","34.706439175362","34.7219977865937","34.7463537261057",
"Cambodia","KHM","Urban population (% of total population)","SP.URB.TOTL.IN.ZS","10.1775901678028","10.2739138569467","10.2707259841133","10.1933402645208","10.2905911419145","10.365090321623","10.4279841533175","10.4721445983652","11.2936069596535","13.9961232011907","17.5978154762729","22.5577833897132","29.3620437819179","33.0280080187312","18.945826292038","4.67870002997871","5.08274885304631","5.55148421547109","5.81850947307866","9.22948257639624","12.7330101032649","12.9190998767324","13.1719054113951","13.4748091275637","13.7778771295026","14.0857495563467","14.3996884844149","14.7203094704518","15.0463160721478","15.3776861663992","15.7157497390038","16.0597496099039","16.4097495102946","16.7657494060925","17.1276884970302","17.4962488002108","17.8834321201168","18.1846372155166","18.3715559169572","18.5111858410878","18.6242216655572","18.7186818716995","18.803641734126","18.8881765274479","18.9813615262763","19.0922720052225","19.2299832388976","19.4035705019128","19.6574509865325","20.1979728726519","21.1232251168762","22.3824788531276","23.9411047582349","25.7644735090271","27.8179557823331","30.0669222549819","32.4767436038024","35.0127905056235","37.6404336372742","39.5830241256026","39.832658030922","40.1091858128847","40.374616187368","40.6290788072508","40.8727033252729","41.10561939401",
"Kiribati","KIR","Urban population (% of total population)","SP.URB.TOTL.IN.ZS","15.2200002670288","16.0120038028723","17.0329565078386","18.2063338065588","19.4556111236637","20.7042638837846","21.8757675115524","22.8935974315981","23.6684731551541","24.1892833644704","24.5333605646173","24.8079783428282","25.0966164689799","25.4796986871281","26.1393190357789","27.3973551696405","28.968705560387","30.4955327542434","31.5803111115808","32.1160561907744","32.4352012502084","32.6823276264719","32.8862222766202","33.0756721577086","33.2794642267923","33.5247822932253","33.804244131291","34.0945160150785","34.39144545272","34.689792049254","34.9862195296306","35.2581279892105","35.4883396105748","35.7162203273478","35.9876137513594","36.3333481846524","37.0518305378991","38.6030123331399","40.5328905371864","42.2976634213444","43.3274808848011","43.4777440627131","43.4985457088421","43.510668313316","43.5238025326975","43.5443274444527","43.7349826427011","44.6212141757087","45.9461325515373","47.3510238975116","48.4603839564718","49.1228169536795","49.5800786695548","49.9687043258795","50.3909308922385","50.9541970402064","51.7710553002321","52.9734697275451","54.5004023142497","56.2846727145489","58.4123714112748","59.6364645301985","60.5739126559419","61.5244676194408","62.4620431275642","63.3850857782871",
"St. Kitts and Nevis","KNA","Urban population (% of total population)","SP.URB.TOTL.IN.ZS","27.5366169176044","27.8893775857455","28.4581724866762","29.181940816948","30.008300102617","30.8848678697393","31.7592616443712","32.5790989525686","33.2919973203877","33.8455742738846","34.2001838866985","34.4664939768163","34.7277910885109","34.9736695240867","35.199830853403","35.4019766463193","35.5758084726951","35.7170279023898","35.8213365052629","35.8844358511739","35.9019481424905","35.876847682934","35.8155380783139","35.7232516700643","35.6050720001667","35.4660826106028","35.3113670433543","35.1460088404027","34.9750915437297","34.803698695317","34.6369138371462","34.4786979982536","34.315544470369","34.1362064106915","33.9452400262317","33.7463783110243","33.543354259104","33.3399008645055","33.1397511212637","32.9466380234133","32.764294564989","32.5960599951138","32.4368354358251","32.2808981467536","32.1287199225823","31.9804975781124","31.8364279281447","31.6967077874804","31.5615339709202","31.4311032932653","31.3056125693165","31.2000648379646","31.2035138804223","31.2131485582887","31.2290015317909","31.2513929695583","31.2806171906169","31.3169642505921","31.3607229995076","31.4121818392285","31.4716289738952","31.5393525093972","31.6156404983167","31.7007809622822","31.795061903951","31.8987713138283",
"Korea, Rep.","KOR","Urban population (% of total population)","SP.URB.TOTL.IN.ZS","27.6858239622977","28.4487165107257","29.2335073020446","30.0578676824386","30.9563602392687","31.9635475598961","33.1034551656567","34.5588302969076","36.5332576645622","38.7099888112837","40.7085270995502","42.3477332957849","43.7893372123996","45.1473735759202","46.5094025449477","47.9673969434303","49.5736556126164","51.3027034426193","53.0955799830981","54.8987778188484","56.6554425515705","58.3339941411302","59.950566865243","61.5442686216481","63.149438472478","64.7952808591987","66.5771098057876","68.5628466782553","70.5877839860655","72.4660369649545","73.9851161168568","75.1606018983188","76.1960694185519","77.1082857281795","77.8585649228147","78.400437187912","78.7508147919442","78.9918025094803","79.1812369650495","79.3623394908518","79.579960745642","79.8787704357425","80.2766294544335","80.707793508044","81.104386778171","81.3901352283669","81.566462110512","81.712125801927","81.8350833138518","81.9245045084002","81.9685075986486","81.9615408086376","81.9087898200378","81.8269383502703","81.7315682816954","81.639489860678","81.5559241797057","81.471030429984","81.3823523035196","81.2901063535619","81.1759595622913","81.1616526507785","81.1624941626873","81.1645551720421","81.1682528469686","81.1740263306674",
"Kuwait","KWT","Urban population (% of total population)","SP.URB.TOTL.IN.ZS","75.4013550052817","76.3700197161683","77.2427865900079","77.9980407125789","78.6141671696597","79.0666680854608","79.3675119894763","79.5763574782492","79.7750246608338","80.0424138541563","80.4939568993655","81.656531365252","83.5364556306897","85.7134704845301","87.7855537295352","89.3806044696737","90.6507054044274","91.8382522152241","92.9225862788451","93.8979522698293","94.7699286306905","95.6395103847841","96.5026679633863","97.2410310103215","97.7431429295846","97.9080673156669","97.9303458074497","97.9475408045042","97.9592598575884","97.9673813350993","97.9737836054336","97.980345036988","97.9889439981594","98.0014588573446","98.0197679829403","98.0496205617356","98.1478003887634","98.325317830217","98.5480279188186","98.7836741452018","99","99.2347539628831","99.5090276880805","99.7655794280652","99.94716743531","100","100","100","100","100","100","100","100","100","100","100","100","100","100","100","100","100","100","100","100","100",
"Latin America & Caribbean (excluding high income)","LAC","Urban population (% of total population)","SP.URB.TOTL.IN.ZS","48.0788043576842","48.8021818839656","49.5343652626739","50.2789578786209","51.0341452806306","51.8029014537737","52.5870033339067","53.384018347954","54.1912792432833","55.0055349834474","55.823668019949","56.6819862739629","57.5797834111018","58.5159348386552","59.4742862049426","60.4385633791531","61.3934917289855","62.3219338605912","63.2058631081029","64.0281856772924","64.7688181463845","65.4434117576775","66.08918239091","66.7096017620667","67.3013113033808","67.8657088096162","68.4203016210662","68.9598606957392","69.4822715962567","69.9908783088037","70.4834058496492","70.9660912262246","71.4296235628738","71.8683411887273","72.299580209222","72.7452544086427","73.219936639156","73.7422132507215","74.2980782628212","74.8366696263766","75.3186541658514","75.741687308366","76.1296531171983","76.4817960478969","76.7954618472755","77.0716845184147","77.3134268945943","77.5435954919696","77.7652858794026","77.9792598810571","78.1876870618433","78.3888872646348","78.5940283945465","78.8064966818605","79.0227573337338","79.2439673946642","79.4649263007294","79.6816524224664","79.8777853019987","80.0895983954183","80.3040110850269","80.5058130551037","80.7043500381091","80.9255861415046","81.1587710342698","81.3986631711555",
"Lao PDR","LAO","Urban population (% of total population)","SP.URB.TOTL.IN.ZS","7.84814202598587","7.90432861841945","7.97837837038716","8.06763081413555","8.16942548191116","8.28110190596055","8.39999961853027","8.57046396421839","8.82304048899681","9.13436902717287","9.48108941305389","9.8398414809472","10.1872650651601","10.5","10.7830788547102","11.0583738218417","11.3277841706634","11.593209170444","11.8565480904523","12.119700199957","12.384564768227","12.653041064531","12.9270283581378","13.2084259183162","13.4991330143349","13.7979016421535","14.0901650229649","14.3720647322738","14.6529785135985","14.9408429869976","15.2435947725302","15.5691704902549","15.9255067602307","16.3205402025163","16.7622074371706","17.2790469212159","17.9638238907301","18.8482710950308","19.8765944516706","21.0036006639099","22.1840964350091","23.3728884682287","24.5247834668291","25.5945881340707","26.5371091732139","27.3224977292697","28.0378756242097","28.7343050001346","29.4034348148069","30.0420311503825","30.6468600890172","31.2146877128668","31.7422801040872","32.2264033448341","32.6638235172635","33.1240204432199","33.8267455533474","34.5115346444216","35.2050070032013","35.9072880879451","36.6185033569111","37.338778268357","38.0682382805397","38.8070088517156","39.5552154401406","40.3129835040701",
"Lebanon","LBN","Urban population (% of total population)","SP.URB.TOTL.IN.ZS","41.6676311519583","43.2585062349918","44.978192138843","46.7947672255983","48.6763098573436","50.5908983961652","52.5066112041493","54.3915266433821","56.2137230759496","57.9412788639381","59.5304742166014","61.0267563041276","62.5305268532813","64.0575298077639","65.5969556657538","67.1379949254296","68.6698380849699","70.1816756425532","71.6626980963581","73.1020959445631","74.4890596853469","75.812779816888","77.0624468373649","78.2272512449562","79.2963835378406","80.2590342141964","81.1043937722024","81.821652710037","82.4000015258789","82.8897319076857","83.3477779215982","83.7732936330693","84.1654331075521","84.5233504104997","84.8461996073652","85.1331347636015","85.3833099446618","85.5958792159991","85.7699966430664","85.9041501933228","86","86.1451238111303","86.2942846645228","86.4475351790771","86.6049279736931","86.7665156672703","86.9323508787087","87.1024862269079","87.2769743307677","87.4558678091878","87.6392192810679","87.8270813653079","88.0195066808075","88.2165478464663","88.4182574811842","88.6246882038608","88.835892633396","89.0519233886895","89.272833088641","89.4986743521503","89.729499798117","89.965362045441","90.206313713022","90.4524074197598","90.703695784554","90.9602314263044",
"Liberia","LBR","Urban population (% of total population)","SP.URB.TOTL.IN.ZS","18.5915235768282","19.248108845249","19.9247802177828","20.6389939801611","21.3690176711614","22.116057146124","22.8795299372063","23.658853576566","24.4534455963608","25.2627235287481","26.0861049058858","26.9230072599313","27.7728481230422","28.6350450273763","29.5242558741251","30.4830838449125","31.5220573773807","32.6059167539197","33.7062311029961","34.7945695530767","35.8425012326281","36.8215952701168","37.7034207940095","38.4595469327728","39.0874764959255","39.5066909790039","36.7412033081055","40.7482147216797","41.3213653564453","41.8659858703613","43.3351173400879","58","56.436256072998","52.7073282470703","48.256672454834","44.5277446289062","42.9640007019043","43.0233158123711","43.189424629289","43.4445723809339","43.7710042955819","44.1509656015089","44.566701526991","45.0004573003041","45.4344781497244","45.8510093035277","46.2322959899902","46.6104850769043","47.1080497871025","47.6245255922562","48.1407517057907","48.6583302770849","49.1773247639526","49.6977986242077","50.2198153156642","50.7434382961363","51.2687310234384","51.7957569553849","52.3245795497906","52.85526226447","53.3878685572381","53.9224618859098","54.4591057083","54.997863482224","55.5387986654968","56.0819747159338",
"Libya","LBY","Urban population (% of total population)","SP.URB.TOTL.IN.ZS","23.2680672317826","23.5415174725755","23.8538177111532","24.2039511100692","24.5776029112969","25.6863211852176","28.2121451136458","31.8320327764143","36.2032778713434","40.9831740962536","45.8290151489651","50.3980947272985","54.347706529074","57.316316191273","59.573254285865","61.6961485652982","63.7053235841688","65.5977833282444","67.3705317832924","69.0205729350803","70.5449107693754","71.9405492719453","73.2044924285575","74.3337442249793","75.3228002058948","76.2328563637547","77.1316323398212","78.0187535575283","78.8908356322509","79.7444941793643","80.5763448142435","81.3830031522637","82.1610848088","82.9072053992275","83.6179805389214","84.2900258432567","84.9199569276086","85.5043894073521","86.0399388978625","86.5232210145148","86.9508513726842","87.3194455877457","87.6256192750746","87.8659880500458","88.0371675280346","88.135773324416","88.1599560242948","88.1560287475586","88.1474456787109","88.1345825195312","88.1177139282227","88.0970458984375","88.0727920532227","88.0451431274414","88.0142059326172","87.8159103393555","87.8160056703177","87.8166729870528","87.818484275334","87.8220115209342","87.8278267096263","87.8365018271835","87.8486088593786","87.8647197919848","87.8854066107749","87.9112413015221",
"St. Lucia","LCA","Urban population (% of total population)","SP.URB.TOTL.IN.ZS","20.2760166627749","20.4303091589622","20.5821936383701","20.7350274625006","20.8918767146077","21.0558074779451","21.2298858357668","21.4171778713264","21.6207496678778","21.8436673086749","22.0930377744035","22.3988861537292","22.772768745421","23.1975538128208","23.6586092874491","24.1413031008266","24.6310031844739","25.1130774699117","25.5728938886605","25.9958203722409","26.3704664199718","26.7366437223127","27.1256726868766","27.5232487856798","27.9173882327449","28.296107242095","28.6474220277529","28.9593488037417","29.2199037840841","29.4171031828031","29.5389632139216","29.5736982837359","29.5408675059156","29.4587481057258","29.3316316964674","29.1636117100817","28.9587815785097","28.7212347336928","28.4550646075721","28.1643646320887","27.8532282391838","27.5160334778671","26.9383251458178","26.0119584764195","24.8459172882296","23.5419158996884","22.2016686292365","20.9268897953144","19.8192937163625","18.9805947108213","18.5125070971313","18.4743479557314","18.6193081275177","18.9258370999948","19.3915445904726","20.0204288176073","20.8164880000551","21.783720356472","22.9261241055144","24.2476974658382","25.7524386560998","27.4443458949551","29.097678526676","29.0976313248036","29.0973354237452","29.096571131107",
"Latin America & Caribbean","LCN","Urban population (% of total population)","SP.URB.TOTL.IN.ZS","48.8701922768977","49.5732919687902","50.2897071083441","51.0214849473117","51.7664412583106","52.5263887864273","53.3016049393476","54.0885559825618","54.8831026783602","55.6814595111952","56.4801939735293","57.3150999845594","58.18766164571","59.0956447269533","60.0244934545277","60.9586612268124","61.8837470768588","62.783319457907","63.6389832179432","64.4351441812456","65.1524256119431","65.8069708262151","66.4337717851684","67.03684425004","67.6138460223476","68.1660292257571","68.7099444740007","69.2409719883423","69.7570259959405","70.2610127616355","70.7505182769898","71.2311970322501","71.6945218171849","72.1364154101887","72.5730135794419","73.023563308086","73.5008520297039","74.020546839668","74.5682610771802","75.0958154393426","75.5652938767543","75.976045174242","76.3512501777298","76.6914735334426","76.9954336361577","77.266868551194","77.5042941356727","77.7312607437126","77.950737593591","78.1635374830328","78.37135488215","78.5717207273562","78.7697906096959","78.9755056336712","79.185365448744","79.4004597252698","79.6161243552428","79.8285331741903","80.019051151549","80.2273019080141","80.4373918656823","80.6341875645003","80.8277330006255","81.0435031875464","81.2716849224706","81.5060587040558",
"Least developed countries: UN classification","LDC","Urban population (% of total population)","SP.URB.TOTL.IN.ZS","9.35780877476759","9.60318814075076","9.8615403507536","10.1294974380027","10.4144552753969","10.7142541371928","11.0262343327346","11.3459242845443","11.692501170785","12.0940241338716","12.5276616356741","13.0161221696971","13.5514499362621","14.0368036680399","14.1945919122172","14.4156150863844","14.9763743861511","15.5606162174541","16.1459690499889","16.7494621902764","17.3065927248651","17.7473491555128","18.1540933779301","18.5657784000272","18.9869338169239","19.4195377454541","19.845149270712","20.3031887943286","20.737290849884","21.1672069345806","21.5833900508364","22.0249658888834","22.3865356838702","22.7326161596903","23.118473275543","23.4898811137205","23.8167625433268","24.1544462380056","24.5211917191596","24.8999321067343","25.2928484467998","25.7000042420153","26.1192955266477","26.5603771715792","27.028124416625","27.5088909962302","27.9983947849888","28.4552997421588","28.9877215658902","29.4686997453348","29.9273951664358","30.3566815515875","30.7678755749609","31.1964735168481","31.6474007044254","32.1000663267792","32.5615637568186","33.0338857488887","33.5099096116646","33.9542997559168","34.3799933582931","34.8106741074615","35.2521934518586","35.6888977222996","36.1583212100394","36.6351976248878",
"Low income","LIC","Urban population (% of total population)","SP.URB.TOTL.IN.ZS","13.2462506733345","13.6164083909011","13.967597235487","14.3194543418185","14.6766302554939","15.0492132495503","15.4499653355331","15.8719607281966","16.2968202850066","16.7076536510043","17.0957421690298","17.4715284921677","17.8573888538","18.2325422214139","18.5721974955928","18.8795381551001","19.1585505292272","19.429420306504","19.6996495090093","19.9851335174329","20.2907490666988","20.5800168255365","20.8576022427816","21.1566992778912","21.4909152895814","21.8605362958433","22.2311801168925","22.6691378643421","23.0691246404919","23.4608469582084","23.8261491941384","24.2362070182799","24.5107022084861","24.7606443840681","25.0867234317666","25.3814516920312","25.5782735145292","25.7893689421526","26.0392354852189","26.2885520784874","26.5415450970094","26.7916388962873","27.0094051425373","27.2127119449808","27.4359374450748","27.6555122460358","27.900077606572","28.1218408784964","28.4714334703433","28.7556436917097","29.0729554278402","29.494437993566","30.0528155394808","30.6098031497852","30.9580301102549","31.2227026369501","31.5400399249211","31.9030612391146","32.3037160978336","32.6958821290116","33.08213074864","33.4763957965515","33.9116273369541","34.2895467257933","34.7310805373622","35.1617278732072",
"Liechtenstein","LIE","Urban population (% of total population)","SP.URB.TOTL.IN.ZS","20.4396544804587","20.420605474338","20.3055159614396","20.1074502911318","19.8501040130191","19.5571726767058","19.2523518317963","18.9593370278949","18.7018238146061","18.5035077415342","18.3924334400423","18.3598255507924","18.3458722192724","18.3356013098623","18.3279490119914","18.3218515150889","18.3162450085841","18.3100656819063","18.3022497244848","18.2917333257488","18.2781897387842","18.2505045658245","18.178841120986","18.0669795458188","17.9239911919501","17.7589474110067","17.5809195546159","17.3989789744046","17.2221970219999","17.0596450490288","16.9214495973985","16.8123611423634","16.7281990656039","16.6500852753784","16.560019266569","16.4400005340576","16.2145929601375","15.8749720970618","15.5030549446521","15.1807585027303","14.9899997711182","14.8957603808328","14.8086674998164","14.7291064332791","14.6574624864307","14.594120964481","14.5394671726401","14.4938864161177","14.4577640001239","14.4314852298684","14.4154354105611","14.4099998474121","14.4124545370445","14.4201755971624","14.4336985145967","14.4535587761782","14.4802918687379","14.5144332791067","14.5565184941154","14.6070830005951","14.6666622853765","14.6989159370696","14.6923070071538","14.6783761234077","14.657584904886","14.6298998993293",
"Sri Lanka","LKA","Urban population (% of total population)","SP.URB.TOTL.IN.ZS","17.5533825543367","18.0155308751702","18.4606989280411","18.8706034571545","19.3119033650933","19.8378040937703","20.4071896667004","20.9780408678962","21.5083384813705","21.9560632911361","22.2791960812058","22.432952322804","22.4356202327961","22.3984635027226","22.3349262088303","22.2487000824801","22.1434768550332","22.0229482578506","21.8908060222932","21.7507418797223","21.6064475614988","21.4550510669985","21.2599901402247","20.9993175577374","20.6843591593567","20.3229060427251","19.9227493054853","19.4916800452798","19.0374893597511","18.5679683465418","18.0909081032944","17.6140997276515","17.1453343172557","16.6924029697495","16.2630967827755","15.8652068539762","15.5065242809941","15.1948401614719","14.9379455930521","14.7436316733772","14.6196895000898","14.5739539539707","14.6107836754127","14.7256630416211","14.9130061059922","15.167273918248","15.4829275281105","15.8544279853018","16.2762363395441","16.7428136405592","17.2486209380693","17.7881192817964","18.2617686748284","18.4323136480916","18.6153877203724","18.796256612131","18.9747679368162","19.1507693078088","19.3241083384127","19.4946326418437","19.6621898312161","19.8266275195269","19.9877933196367","20.1455348442463","20.2996997058686","20.4501355167937",
"Lower middle income","LMC","Urban population (% of total population)","SP.URB.TOTL.IN.ZS","18.3398087192243","18.5748244506559","18.824881283295","19.0876782442413","19.3638264778246","19.6523157121226","19.9502540430685","20.2591330628208","20.5857376609834","20.9330899841695","21.2945651508808","21.6843550144975","22.1204382570088","22.5689955215034","22.935145094228","23.3414289207324","23.8683327158075","24.4002131745482","24.924392592875","25.4168318336368","25.8612432742269","26.2364719426605","26.5771853116187","26.9001276615409","27.2100939585169","27.511181045832","27.8097331170545","28.1063038563245","28.4007131368622","28.6883888891739","29.0266786232118","29.3236577621325","29.6134643811413","29.8972676805386","30.1817921235509","30.4662649547091","30.7587554310112","31.0580377670901","31.3657715117348","31.6857936169086","32.0214229287972","32.3794181825427","32.7638018246544","33.1758574483595","33.6073941709283","34.0545691114954","34.5117530268796","34.966445022232","35.415543687891","35.8513128846003","36.2735483182374","36.6778364164453","37.0484114964955","37.4274790077421","37.8093027168867","38.185025353104","38.5571311552537","38.9231471210338","39.2838199953492","39.6454155985217","40.0181811356754","40.4037713212789","40.7948368732016","41.2024823337283","41.6034373818137","42.0137846915991",
"Low & middle income","LMY","Urban population (% of total population)","SP.URB.TOTL.IN.ZS","22.5626988939039","22.720287904245","22.398813374141","22.5168156901633","23.236726197403","23.4220462476738","23.6697049080726","23.9372223424725","24.2082970744222","24.4781279870079","24.739431961105","25.0125272819137","25.3150109157207","25.6885031598361","26.0053426538158","26.4151095039988","26.8412323119443","27.2717638430781","27.7757663384492","28.4679203423084","28.9576364800859","29.5168012084529","29.9490073790941","30.5595332435651","31.263688131141","31.7589718842551","32.2813737747191","32.7976378744856","33.2206026252438","33.6079459167142","33.8897253463067","34.3685041952259","34.7802916369441","35.1856666266002","35.5933345346271","36.0045792667334","36.6523950074319","37.3104086645529","37.9724008848814","38.632397416452","39.3441966399783","39.9394437986361","40.5840748665473","41.2362776973907","41.841609047877","42.4448632923241","43.0721632114442","43.7313443578033","44.296632656456","44.9146397964738","45.4142988752394","46.3060209061561","46.898793612362","47.5558053161274","48.164746904256","48.8131137351494","49.4002817533326","49.9511508416674","50.513558376457","51.0178827228954","51.4188594538107","51.9053998647644","52.2288701723598","52.5071871488085","52.8061674651841","53.1245267427522",
"Lesotho","LSO","Urban population (% of total population)","SP.URB.TOTL.IN.ZS","3.65841406461029","4.24218196844057","4.85539105687054","5.47257375763996","6.06826249848857","6.61698970715613","7.10204280897603","7.5899025441981","8.12344466915734","8.67535094591858","9.22348907359089","9.74572675128337","10.2199316781051","10.6239715531652","10.9357140755726","11.1330269444366","11.1985630223217","11.2125928517642","11.2236685637463","11.2316439031188","11.2376366856488","11.2427647271037","11.2481458432507","11.254897849857","11.2641385626898","11.2769857975165","11.3025176541181","11.4625666178279","11.8017138472364","12.2854805685212","12.882508296282","13.5614385451186","14.2909128296309","15.0395726644187","15.7760595640817","16.4690150432199","17.0902459734706","17.6629117791702","18.2204915806807","18.7718543941527","19.3273988558381","19.8975236019886","20.4926272688562","21.1231084926925","21.7993659097494","22.5317981562788","23.3329886243114","24.2187949905661","25.1966303659683","26.2591028264855","27.4004815007995","28.6150355175921","29.8970340055453","31.2407460933407","32.6404409096604","34.0903875831861","35.5077950709441","36.5283648068846","37.569092747415","38.6040920446259","39.6329305425532","40.6551760851997","41.6703965165322","42.6781596804785","43.6780334209246","44.6695855817109",
"Late-demographic dividend","LTE","Urban population (% of total population)","SP.URB.TOTL.IN.ZS","28.1865377492529","28.3533905549244","27.4886619026335","27.4218676224169","28.5303172961684","28.5621288782334","28.6852951149223","28.8300280299254","28.9665572729496","29.0871863029324","29.1786273839993","29.2533266898711","29.3850409395924","29.6615277506762","29.8905315445753","30.273982436224","30.5984712161841","30.9086672856012","31.3730525012155","32.2539637849228","32.7406109564516","33.4111478065009","33.842424888395","34.66046114081","35.6859446449769","36.2773498999773","36.9331385881411","37.5583913903036","37.9878509605674","38.3486920420778","38.4112256777608","38.9489225625353","39.351868105284","39.7613121958892","40.1888040462805","40.6367066362096","41.6647598813731","42.6951652446523","43.7381667125328","44.7570655931593","45.9301030414284","46.824121624004","47.8457015259866","48.8810754232342","49.7719954411966","50.6585131865521","51.6357355450764","52.7380161745815","53.5584495858467","54.5225313726798","55.2002774149779","56.9188763539629","57.8070692828074","58.7788304798318","59.6576878869777","60.7294578905785","61.7622468361698","62.7392997946222","63.7579414927705","64.6307387465605","65.2628534044695","66.1284355869503","66.577578734994","66.9097159245761","67.2581719439057","67.6587211144091",
"Lithuania","LTU","Urban population (% of total population)","SP.URB.TOTL.IN.ZS","39.7610321044922","40.6679420471191","41.5205688476562","42.4215240478516","43.4007911682129","44.4119110107422","45.4506149291992","46.554328918457","47.7800521850586","49.3315353393555","50.6384767546272","51.3255729675293","52.6267242431641","53.8523483276367","55.0108833312988","56.2189750671387","57.3460998535156","58.3479881286621","59.4188079833984","60.4604820792967","61.4531440734863","62.4556427001953","63.3279037475586","64.0898742675781","64.801513671875","65.4525299072266","66.1096343994141","66.7879943847656","67.4002456665039","67.6694848674817","67.6504225503728","67.6130216346299","67.5609840319184","67.4973020339323","67.4249679323659","67.3469740189134","67.2663125852689","67.1859759231267","67.1089563241809","67.0382460801258","66.9768374826555","66.9286097501613","66.8887100219727","66.7596664428711","66.6022567749023","66.5784912109375","66.6381530761719","66.7184982299805","66.7527770996094","66.7816619873047","66.7712860107422","66.7518340055756","66.8536758422852","67.0092086791992","67.1514937628023","67.2282485961914","67.1894226074219","67.1012954711914","67.1464742010457","67.245735168457","67.4254608154297","68.1912117004395","68.2866452426813","68.575454583199","68.8285833315315","69.0816381352764",
"Luxembourg","LUX","Urban population (% of total population)","SP.URB.TOTL.IN.ZS","69.5090948970592","69.8387987293297","70.2178339916795","70.6466979373293","71.1170633593874","71.6206030509616","72.1489898051601","72.693896415091","73.2469956738624","73.7999603745822","74.3396910235695","74.8877744183978","75.5067637394821","76.1887842213159","76.904961872619","77.6264227021113","78.3242927185128","78.9696979305431","79.5337643469223","79.9876179763701","80.3023848276065","80.4568609918507","80.5372635239798","80.6002239770629","80.6484573199055","80.6872397309181","80.7218473885114","80.7575564710961","80.7996431570829","80.8533836248822","80.9240540529049","81.025113008349","81.2001998208798","81.4647504350596","81.799437867949","82.1888653313266","82.6176360369709","83.0703531966602","83.5316200221732","83.9860397252884","84.4182155177842","84.8173254067976","85.203425653095","85.5906295073034","85.9799097226846","86.3735649102561","86.7738936810355","87.1831946460401","87.6037664162874","88.0379076027949","88.48791681658","88.9562814837254","89.4405768017292","89.9413746679705","90.4577807676859","90.9893679353068","91.5357090052649","92.0963768119916","92.6709441899184","93.2589839734767","93.8600689970981","94.5861743396533","94.7605400940185","94.8015300320787","94.8438702866393","94.8841729598587",
"Latvia","LVA","Urban population (% of total population)","SP.URB.TOTL.IN.ZS","57.0838131478836","57.718287158182","58.3170221862707","58.8876095676281","59.4376406377323","59.9747067320615","60.5063991860941","61.0403093353081","61.584028515182","62.1451480611938","62.7347095984444","63.3557554080196","64.0029243058646","64.6595051093728","65.3108830510341","65.9424433633385","66.539571278776","67.0876520298367","67.5720708490104","67.9932770078434","68.405233099207","68.8238688697789","69.2329800571362","69.620436736241","69.9741089820555","70.281866869542","70.5315804736626","70.7111198693797","70.8083551316555","70.8053216838484","70.6998522078036","70.4977661055857","70.2244455514955","69.9014272338369","69.5502478409138","69.1924440610299","68.8495525824891","68.5431100935952","68.2946532826521","68.1257188379637","68.0520561441955","68.0163660524785","67.9813450702046","67.9493840506358","67.9206702831277","67.8953910570353","67.873733661714","67.8558853865191","67.8420335208058","67.8323653539295","67.8270681752453","67.8266897008267","67.8331638942219","67.847334482933","67.8686035364944","67.8965395668259","67.9307110858472","67.9706866054779","68.0160346376376","68.066323694246","68.1211222872228","68.1808791463693","68.2570218109034","68.3586316343061","68.4839492628509","68.6325719753517",
"Macao SAR, China","MAC","Urban population (% of total population)","SP.URB.TOTL.IN.ZS","95.2506574699247","95.2580242806369","95.3325428429328","95.4664342050951","95.6471985446079","95.8623360389554","96.0993468656216","96.3457312020907","96.588989225847","96.8166211143745","97.0130701868515","97.1818605041573","97.3411730703713","97.4980543470228","97.6519578369296","97.8023370429096","97.9486454677805","98.0903366143601","98.2268639854662","98.3576810839166","98.4822414125289","98.5999984741211","98.7160061718438","98.8346655192397","98.9544506847143","99.073835836673","99.1912951435215","99.3053027736653","99.4143328955099","99.5168596774608","99.6113572879236","99.6962998953038","99.770161668007","99.8314167744386","99.8785393830042","99.9100036621094","99.9325876536988","99.9534353925978","99.9715700365331","99.9860147432315","99.9957926704194","99.9998984128371","100","100","100","100","100","100","100","100","100","100","100","100","100","100","100","100","100","100","100","100","100","100","100","100",
"St. Martin (French part)","MAF","Urban population (% of total population)","SP.URB.TOTL.IN.ZS","100","100","100","100","100","100","100","100","100","100","100","100","100","100","100","100","100","100","100","100","100","100","100","100","100","100","100","100","100","100","100","100","100","100","100","100","100","100","100","100","100","100","100","100","100","100","100","100","100","100","100","100","100","100","100","100","100","100","100","100","100","100","100","100","100","100",
"Morocco","MAR","Urban population (% of total population)","SP.URB.TOTL.IN.ZS","29.3546242906663","29.6597385406494","30.1512069702148","30.6551895141602","31.1674175262451","31.6886463165283","32.2296943664551","32.7736549377441","33.3380165100098","33.9087562561035","34.4887466430664","35.0033377908801","35.6988716125488","36.3242568969727","36.9608497619629","37.6102561950684","38.2781143188477","38.9574813842773","39.6536712646484","40.3694076538086","41.0976600646973","41.8380699157715","42.6268942163054","43.2883796691895","43.987621307373","44.7014083862305","45.4191665649414","46.1545181274414","46.9474945068359","47.7057342529297","48.4338645935059","49.1526794433594","49.8101539611816","50.4392204284668","51.2177079462615","51.7589098974736","52.2102813479572","52.6042202331149","52.9553071144083","53.2781225532994","53.58724711125","53.8972613497219","54.222745830177","54.5782811140771","54.9787569660869","55.4397798676399","55.9627589629824","56.5303841299064","57.1254169272616","57.7306189138977","58.3287516486646","58.902576690412","59.4348555979895","59.9083499302469","60.3030486171654","60.6417124737154","60.9657656537179","61.2761057031842","61.5695822753314","61.8430450233765","62.0933436005366","62.3173276600289","62.5118468550703","62.673750838878","62.7998124018197","63.1278612260269",
"Monaco","MCO","Urban population (% of total population)","SP.URB.TOTL.IN.ZS","100","100","100","100","100","100","100","100","100","100","100","100","100","100","100","100","100","100","100","100","100","100","100","100","100","100","100","100","100","100","100","100","100","100","100","100","100","100","100","100","100","100","100","100","100","100","100","100","100","100","100","100","100","100","100","100","100","100","100","100","100","100","100","100","100","100",
"Moldova","MDA","Urban population (% of total population)","SP.URB.TOTL.IN.ZS","23.2203502655029","24.0190010070801","24.4579177985748","25.0670166015625","25.7507705688477","27.1549797058105","28.4805469512939","29.1949043273926","30.0969772338867","31.090259552002","31.955150604248","32.7720947265625","33.8360900878906","34.8024444580078","35.5187225341797","36.3686065673828","37.189208984375","37.9459381103516","38.8043403625488","39.4675827026367","40.0239448547363","40.6003341674805","41.1695785522461","41.9426574707031","42.7582550048828","43.5146751403809","44.2833290100098","45.305362701416","46.434440612793","47.179615020752","46.9786033630371","46.9094772338867","46.3824577331543","46.0907783508301","45.865348815918","45.7191925048828","45.0867500305176","44.9134635925293","40.7304458618164","40.5269088745117","40.4185981750488","39.6744270324707","39.620719909668","39.5945358276367","39.4460945129395","39.3704032897949","39.2182388305664","39.4315032958984","39.3710708618164","39.3255348205566","39.2804946899414","39.3469161987305","39.3614196777344","39.4275512695312","39.6298484802246","39.6954040527344","39.7373237609863","39.9736557006836","40.3258094787598","40.772289276123","41.3368530273438","41.8115425109863","42.4048843383789","43.0011825561523","43.516471862793","43.7336240404545",
"Madagascar","MDG","Urban population (% of total population)","SP.URB.TOTL.IN.ZS","10.8402346122372","11.1534219507544","11.4679062770173","11.7835498438002","12.100214903877","12.417763710022","12.7419357299805","13.0630597499923","13.3814147971398","13.7170464163595","14.0900001525879","14.5363465495387","15.0474684110561","15.5763796722718","16.0760942683178","16.5136527821077","16.9261743418527","17.330260672623","17.7245047014621","18.1094873920017","18.485789707874","18.8539926127109","19.2146770701443","19.5684240438063","19.9158144973288","20.2574293943438","20.5938496984833","20.9256563733793","21.2534303826637","21.5777526899686","21.8992042589258","22.2183660531674","22.5358190363254","22.8521676960516","23.1671756252866","23.4800566044183","23.7907085718749","24.0990589894502","24.405035318938","24.7085650221322","25.0095755608264","25.3079943968146","25.6037489918904","25.8967668078478","26.1869753064804","26.4743019495822","26.7586741989468","27.0400195163682","27.31826536364","27.5933392025561","27.8651684949103","28.1336807024963","28.3988032871081","28.6604637105393","28.9185894345838","29.1731079210354","29.4239466316878","29.671033028335","29.9181125346909","30.3046972370204","30.7019474167548","31.1137123216036","31.5397813465886","31.9799438860946","32.4339893339844","32.9017070836898",
"Maldives","MDV","Urban population (% of total population)","SP.URB.TOTL.IN.ZS","11.3650982240204","11.3986525988146","11.425388262128","11.4449031172605","11.4567950675123","11.4605254429144","11.3917501970343","11.3295092952715","11.4161137710171","11.6262434285497","11.9105130325225","12.4839107439898","13.4716927174096","14.7442385501367","16.1775719825037","17.6477167548433","19.0306966074879","20.1736852114744","21.0970363318786","21.9658554218035","22.8220761151526","23.6252747031197","24.3350274768987","24.9109107276834","25.3125007466676","25.5124067627646","25.6279626534467","25.7283992169627","25.8033419433099","25.847241445217","25.8521000475719","25.8030978579167","25.7170257695718","25.624629080355","25.555709993512","25.5476431837694","25.7015358485339","26.0259604516629","26.4739351451229","27.0010708398356","27.6038586493758","28.5499181889238","29.8881681908815","31.3913356462169","32.8541942827704","34.0715178283824","34.8678636610379","35.4340781469745","35.9335121678807","36.3718272129661","36.7646137762553","37.1274623517731","37.475963433544","37.8257075155926","38.1938859868107","38.5771510715291","38.9560872317815","39.32787719143","39.6923354428279","40.0492764783282","40.3985147902839","40.7398648710483","41.0641769690663","41.5096832933973","41.9982152717385","42.5061567995467",
"Middle East, North Africa, Afghanistan & Pakistan","MEA","Urban population (% of total population)","SP.URB.TOTL.IN.ZS","29.6946932328861","30.3142965097194","30.9675491687435","31.607306033953","32.2235700147813","32.7780424302464","33.2932723068892","33.8927841041466","34.4532624341645","35.0271348983612","35.6093747179445","36.1935451949483","36.7876548209534","37.3766638884581","37.9518582241498","38.5172828450887","39.0412393072138","39.6076468201816","40.1447182250507","40.7020369645779","41.283330302529","41.9351871185845","42.5574599213768","43.068417971849","43.5571661683017","44.0342666233891","44.4870867976518","44.9344963077314","45.3116090780999","45.6513021528723","45.9961417079418","46.2484226318818","46.586614887069","46.8080573109682","47.040615480922","47.2943658540411","47.5291870524621","47.8381775323514","48.1136367616329","48.3917446505547","48.6994220205845","49.0163705355735","49.2729068924265","49.5183573887709","49.8079884517661","50.1043079184128","50.3795976913063","50.6801329870905","50.9861350256982","51.2777903563857","51.496551443161","51.8428269722488","52.3441905145837","52.9394246896376","53.3224917392575","53.6392632351358","53.9026375690062","54.0927613956461","54.2444653262483","54.4404080887212","54.6812240122644","54.8188568175474","55.12536380356","55.4304551226559","55.6954503331851","55.9556552886396",
"Mexico","MEX","Urban population (% of total population)","SP.URB.TOTL.IN.ZS","50.7472711505164","51.5751892125914","52.4139778655246","53.2594572601116","54.1076138245145","54.9544339868951","55.7959041754154","56.6280108182371","57.4467403435222","58.2480791794326","59.0318184929621","59.8125389741831","60.5942263978257","61.3713437656528","62.1394926875125","62.8942747732532","63.631291632723","64.3461448757704","65.0344361122434","65.6917669519904","66.3141003160443","66.9107345260143","67.4917575183002","68.0559718366415","68.6024784488432","69.1303783227099","69.6387724260466","70.1267617266581","70.5934471923493","71.0379297909249","71.4590077199915","71.859396420455","72.2406081339013","72.6055064486481","72.9565584912625","73.2962313883119","73.6269922663634","73.9513082519844","74.2716464717421","74.5904740522037","74.9203113970256","75.2907557567987","75.6840752828994","76.046170340551","76.3274397419019","76.4748624380269","76.4982455683657","76.5047326234761","76.5090428271033","76.5143930040295","76.5244441414713","76.5667802279537","76.6585199140734","76.7955768077952","76.9741367091766","77.1903854182753","77.4405087351486","77.7206924598541","78.0271223924494","78.355984332992","78.677960602824","78.9324007418057","79.199683215791","79.4734935748046","79.7538805976118","80.0408930629723",
"Marshall Islands","MHL","Urban population (% of total population)","SP.URB.TOTL.IN.ZS","34.833867624193","36.0365765667653","37.3762854328654","38.8378562184315","40.4061509194019","42.0660315317148","43.8023600513084","45.5999984741211","47.9319522106638","50.9809930390646","54.2966325066873","57.4283821608957","59.9257535490537","61.2940420013691","61.4619249418389","61.2361030838182","60.8750096347168","60.4572486873826","60.061424334664","59.7661406694091","59.6500018889892","59.9088115657703","60.6013253137473","61.5992839574541","62.7744281210275","63.9984984286044","65.1432355043216","66.0803799723158","66.6619310770257","66.9162617615489","67.0769951458774","67.2032730156839","67.3038936005312","67.3876551299815","67.4633558335976","67.5397939409419","67.6257676815771","67.7300752850655","67.8615149809697","68.0299788487724","68.2755984422337","68.6170787509313","69.0380806209326","69.5231265029735","70.0567388477898","70.6234401061174","71.2077527286922","71.7941991662501","72.3673018695269","72.9115832892586","73.4115658761809","73.8553711172585","74.2705132518924","74.6790601806083","75.0790555372177","75.4702568207363","75.8524215301796","76.2253071645634","76.5886712229035","76.9422712042154","77.285864607515","77.6163157431143","77.9855966195187","78.3593928884282","78.7325660244112","79.105503091452",
"Middle income","MIC","Urban population (% of total population)","SP.URB.TOTL.IN.ZS","23.1957184952142","23.3451041224519","22.979891579297","23.0813167234196","23.8263256316309","23.9992415470147","24.2363745296116","24.4939486483533","24.7553361910433","25.0161006317075","25.2692936965288","25.5360723640102","25.8337226711759","26.2084666046789","26.525641744923","26.9447669091172","27.3838324850525","27.8281424340515","28.352548493997","29.0780470106634","29.5817791473801","30.159297968431","30.6041291099823","31.2408885625183","31.9761337450782","32.4848064634583","33.0221165280292","33.5482347515566","33.9773042190893","34.3694784223712","34.6493909290445","35.1387092148602","35.5699743786244","35.9991623930295","36.4237303067416","36.8541940910132","37.5495519858972","38.2551988285219","38.9632132361296","39.6708437113871","40.4343019229201","41.0729743134168","41.772629183484","42.4841464500605","43.1430073060853","43.8019695175297","44.4880456129603","45.2126380147461","45.8225269106267","46.4975357084807","47.0403033483919","48.0047713767066","48.6253515790537","49.3147227686173","49.9726953069028","50.6857478753473","51.3297823323889","51.9320485360666","52.5468329848241","53.1016369485035","53.543730448338","54.0812947662006","54.4326887515123","54.7420083291234","55.0660835467752","55.413010423551",
"North Macedonia","MKD","Urban population (% of total population)","SP.URB.TOTL.IN.ZS","34.0074973592179","35.2071772994875","36.4991077587703","37.9014560056915","39.3701582085791","40.8669264898131","42.3534729717735","43.7915097768402","45.1427490273931","46.3689028458124","47.4316833544778","48.3012112883063","49.0545491885119","49.7512068081048","50.3949735412565","50.9929561016132","51.5522612028213","52.079995558527","52.5832658823767","53.0691788880167","53.5448412890933","54.0135319125395","54.4545826776788","54.8564489355435","55.2313569453645","55.5892865339781","55.9402175282211","56.2941297549298","56.6610030409407","57.0508172130905","57.4735520982155","57.9279731988744","58.5568077404273","59.3634005625664","59.7558735093252","59.7277853696842","59.6584367661814","59.5653457641602","59.3418252359274","58.9458313681452","58.4918382392587","58.0943199277127","57.8726144171205","57.8501791693323","57.8527941292946","57.8614206464767","57.8796574341199","57.9111032054655","57.9593566737547","58.0280165522288","58.1206815541291","58.2409503926967","58.3924217811729","58.578694432799","58.8033670608162","59.0700383784659","59.3823070989891","59.7437719356273","60.1580316016216","60.6286848102132","61.1593302746435","61.6841975628139","61.9530566607267","62.2518322545779","62.5645376928533","62.8909857826036",
"Mali","MLI","Urban population (% of total population)","SP.URB.TOTL.IN.ZS","7.02254508027357","7.37178329948045","7.7310651807141","8.09865083071322","8.47280035621652","8.85177386396273","9.23383146069055","9.61723325313869","10.0002393480459","10.3811098521508","10.7581048721922","11.1294845149087","11.4935088870392","11.8484380953222","12.1925322464965","12.5240514473009","12.8400869930434","13.145408212605","13.4482827214053","13.7502030626349","14.049924155769","14.3462009202826","14.6377882756509","14.923441141349","15.201914436852","15.4719630816351","15.7323419951734","15.9810359087058","16.213291043119","16.4283401101028","16.6312782496484","16.8266510571585","17.0190041280359","17.2128830576835","17.412833441504","17.6234008749003","17.8491309532752","18.0945692720314","18.3643952818488","18.6591231019948","18.977631037325","19.3181950112665","19.6792980362731","20.0594231247985","20.4570532892964","20.8706715422205","21.2987608960246","21.7398043631622","22.1922849560871","22.6557955217884","23.1359461824894","23.6379674039304","24.1606168848588","24.7033626854883","25.2656728660325","25.847015486705","26.4468586077195","27.0646702892896","27.6999185916288","28.3520715749509","29.0205972994693","29.7049638253978","30.4015705681899","31.0031889023235","31.6075621182225","32.2127137183989",
"Malta","MLT","Urban population (% of total population)","SP.URB.TOTL.IN.ZS","90.1256237547625","90.0068971957132","89.8723641372175","89.7332213287015","89.6006655195911","89.4858934593124","89.4001018972914","89.3558245936616","89.3505272317533","89.3538059193728","89.3600772636723","89.3693363657681","89.3815783267766","89.3967982478139","89.4149912299964","89.4361523744403","89.460276782262","89.4873595545778","89.5173957925038","89.5503805971564","89.586309069652","89.6251763111067","89.6669774226368","89.7117075053587","89.7593616603886","89.8070311235437","89.8859249304955","90.0638208859576","90.329573674445","90.660003780318","91.0319316879368","91.4221778816616","91.8075628458526","92.1649070648702","92.4710310230744","92.6973466192341","92.8533049062716","92.979031868811","93.089771322402","93.1885360442413","93.278338811526","93.3621924014528","93.4431095912187","93.5241031580205","93.6081858790552","93.6985189936163","93.7986874969541","93.9118231189546","94.0294765354989","94.1423744490362","94.2412435620154","94.3155916422812","94.3626256493653","94.3906567856206","94.412512773898","94.4387696268011","94.4800033569336","94.5691806330314","94.7242373261706","94.9332032524644","95.1841082280263","95.5145343617045","95.6003155132879","95.6272277147965","95.6546264490509","95.6805856649593",
"Myanmar","MMR","Urban population (% of total population)","SP.URB.TOTL.IN.ZS","18.9945403319423","19.4860211000911","19.9779297073476","20.4650755789849","20.9422681402764","21.404316816495","21.8460310329139","22.2622202148064","22.6476937874455","22.9972611761045","23.3057318060564","23.5679151025744","23.7786204909318","23.9344068229847","24.0570789770001","24.1623199252207","24.2535706271636","24.3348412539529","24.4101419767128","24.4834829665675","24.5588743946411","24.6403264320579","24.7318492499419","24.8370497795693","24.953374109342","25.0778443553106","25.2100081538473","25.349269938734","25.4950341437524","25.6467052026843","25.8036875493115","25.9653856174157","26.1312038407788","26.3005466531825","26.4728184884086","26.6474237802388","26.823766962455","27.001252468839","27.1792847331724","27.3572681892371","27.5346072708149","27.7107064116875","27.8849700456368","28.0568026064444","28.2256085278922","28.390792243762","28.5517581878355","28.7079107938945","28.8586544957208","29.0033937270962","29.1415329218024","29.2724765136213","29.3956289363345","29.5103946237239","29.6164342116462","29.7166821191682","29.8129165582094","29.9051727703437","29.993574050729","30.0782436945232","30.1593049968842","30.2368812529698","30.311095757938","30.3820718069466","30.4499084074136","30.5836915476767",
"Middle East, North Africa, Afghanistan & Pakistan (excluding high income)","MNA","Urban population (% of total population)","SP.URB.TOTL.IN.ZS","28.7288534365386","29.3175453216591","29.9322604430153","30.5382311145175","31.1146753245636","31.6280817060657","32.1067504446784","32.6597383043353","33.183608570233","33.7122953339147","34.2419791640447","34.7699586360354","35.3086335585277","35.8303087373536","36.3470809135841","36.862000183526","37.3312417185244","37.8408514434034","38.3207942469418","38.8204592901713","39.3496600497232","39.9610996277808","40.5440044799404","41.0121800585363","41.4673974058797","41.9119494366687","42.3333138845598","42.7495346094507","43.0942364264979","43.4035300353259","43.8152532717867","44.0731693787532","44.3544397090982","44.5552855492408","44.7764052412726","45.0182072926502","45.2328933548873","45.522367050748","45.7779826960693","46.0361872413199","46.3147883353373","46.5949768183905","46.8109363292773","47.0179434083517","47.2746226620702","47.5319300484683","47.7512660052196","47.9731071044676","48.2030779120363","48.4373440390892","48.6902296244778","49.0044547569398","49.4690950778976","50.0190261281607","50.3756426552581","50.6192148296493","50.8273618824722","51.0212891329828","51.2278326304516","51.461592912125","51.6896857274925","51.9157887433595","52.1693289932022","52.4233912654293","52.6418305162983","52.8628681640079",
"Montenegro","MNE","Urban population (% of total population)","SP.URB.TOTL.IN.ZS","24.571234479916","25.7790388078295","26.782619327931","27.7093109678886","28.5714861571267","29.388716686176","30.1805743455672","30.9666309258311","31.7664582174984","32.5996280110998","33.485712097166","34.4512710191297","35.5420263207241","36.7568780530979","38.0475354390408","39.3702087343124","40.6811081946725","41.936444075881","43.0924266336974","44.1052661238816","44.9311728021932","45.533425078027","45.9918224958774","46.3721589502665","46.6933514843074","46.9761716809393","47.2413911231014","47.5097813937329","47.8021140757729","48.1391607521605","48.541693005835","49.0415573735914","49.7231487452489","50.6126642944792","51.6631765173545","52.8343773069715","54.0859585564272","55.3776121588181","56.6690300072411","57.919903994793","59.0899260145706","60.1387879596705","61.0261817231895","61.6986616237464","62.210498320663","62.6763680644251","63.111308588912","63.5035790981749","63.8414387962647","64.1131468872325","64.3069625751293","64.4210914835811","64.5244008658951","64.6252987959653","64.7232143772459","64.8181652937171","64.9101692293409","64.9992438680584","65.0854068937869","65.1686759904159","65.2490688418027","65.3266031317675","65.4012965440866","65.4731667624849","65.5422314706266","65.6085083521036",
"Mongolia","MNG","Urban population (% of total population)","SP.URB.TOTL.IN.ZS","36.8733274532813","38.80677759772","40.2806586563443","41.1813579456561","41.826885212389","42.3462142241902","42.7973816432951","43.2404852023991","43.7356226341978","44.331730917386","44.9930792299275","45.6969720522263","46.4326677644728","47.1889284549296","47.9545162118592","48.7181931235241","49.4687212781871","50.1948627641106","50.8853796695573","51.5538825486345","52.2631576847571","53.0259501542883","53.8028834331512","54.562735777944","55.2742854452647","55.9063106917116","56.4275897738825","56.8069009483758","57.0130224717894","57.0385186487266","57.0217516034624","56.9900793630989","56.9476949363892","56.8981528530866","56.8450076429443","56.7918138357155","56.7421259611535","56.6994985490115","56.6674861290427","56.6496432310004","56.7305447074496","57.2155913875612","58.1310120482033","59.3546986563236","60.7829994587671","62.3122627023789","63.8388366340039","65.2590695004873","66.4693095486742","67.3659050254095","67.8298018313254","67.9196058798676","67.9522782537785","67.9776750055915","67.9941357229626","67.9999999906095","67.9776754820979","67.9260583223672","67.8683444833372","67.8277299551557","68.0894771770775","69.2153244018555","69.783805847168","70.4464492797852","70.9566040039062","71.1450719126123",
"Northern Mariana Islands","MNP","Urban population (% of total population)","SP.URB.TOTL.IN.ZS","80.1485950343708","81.0039241917034","81.3446846008301","81.3992538452148","81.0536842346191","80.4212668545352","81.1686254303299","82.2399959750191","81.4490856737407","80.2249134729524","80.0719679110301","83.4175817022081","86.3888478231039","86.3896086634172","86.3970046692178","86.4208269073928","86.4594033505575","86.5106438527709","86.5724582680921","86.6427564505803","86.7286473375822","86.9048000240094","87.1973593617195","87.5696886875319","87.9899433589241","88.4262787333734","88.8468501683574","89.2198130213533","89.5133226498388","89.6955344112911","89.7384626797676","89.7144497477592","89.6693094968231","89.617537095238","89.5732787274411","89.5508930843623","89.5865309072347","89.708154992241","89.8728262435101","90.0362235307544","90.1578212649113","90.2518305832026","90.3408350832433","90.4244081904616","90.5036416127499","90.5796270580004","90.6534562341057","90.726220848958","90.7990126104496","90.8729232264729","90.9488180328106","91.0253367901352","91.1011927559234","91.1764941872129","91.2512344351276","91.3254068507915","91.3990047853283","91.4720215898621","91.5444506155168","91.6162852134162","91.6908367362908","91.7842137303802","91.8785788645608","91.9754112887573","92.0747260922394","92.1765383642716",
"Mozambique","MOZ","Urban population (% of total population)","SP.URB.TOTL.IN.ZS","3.62365921642075","3.83011297547764","4.07550624114648","4.35953753811056","4.68017352237628","5.03538084995009","5.4231261768384","5.84137615904764","6.28809745258424","6.76125671345462","7.25882059766522","7.77875576122246","8.31902886013277","8.87760655040257","9.45245548803829","10.0415423290464","10.6428337294332","11.2542963452052","11.8738968323689","12.4996018469306","13.1272433211212","13.8156852254054","14.6222175358109","15.5308837952716","16.523073466345","17.5801760115885","18.6835808935596","19.8146775748159","20.9548555179147","22.0855041854136","23.1880130398699","24.2437715438413","25.2341691598851","26.1405953505588","26.9444395784199","27.6270913060259","28.1699399959342","28.5523811697494","28.8204506770301","29.0471155729086","29.2423697311441","29.4137097764239","29.5686323334348","29.7146340268639","29.8592114813982","30.0098613217248","30.1740801725307","30.3598131347122","30.5625357695184","30.7715592059159","30.9861779822921","31.2062230032794","31.4315251735105","31.6619153976179","31.8972245802342","32.1372836259918","32.3819234395234","32.6274411492675","32.9902559073541","33.4177241517032","33.9044006416285","34.4499259401554","35.0536638047945","35.7149783148407","36.4332337447237","37.2077944927189",
"Mauritania","MRT","Urban population (% of total population)","SP.URB.TOTL.IN.ZS","6.85665750249757","7.47230915438295","8.10792940921947","8.75133385068059","9.40083230084833","10.2104541976911","11.1105060100178","12.0511086736301","13.0306070971785","14.0473461893137","15.0996708586863","16.1859260139467","17.3044565637456","18.4536074167335","19.631723481561","20.8371496668786","22.068230881337","23.3877737662831","24.9271549499011","26.721247387303","28.6626283467288","30.6686954803593","32.6568464403754","34.5444788789581","36.248990448288","37.6877788005462","38.7782415879134","39.4377764625706","39.5978084182184","39.5580531476613","39.4704976683562","39.3450673960873","39.1911119053361","39.0179807705844","38.8350235663137","38.6515898670056","38.4770292471417","38.3206912812037","38.1919255436732","38.1000816090317","38.0555858542174","38.1070763150421","38.3900378438208","38.8866922319919","39.5685575664461","40.407151934074","41.3739934217664","42.4406001164139","43.5784901049073","44.7591814741371","45.9541923109942","47.1350407023691","48.2732447351525","49.3553973225913","50.4694791226856","51.6680350049622","52.9185627319946","54.1970448502004","55.1305077000081","56.0596215779146","56.9836701058893","57.901535141641","58.8120996197226","59.7142464747058","60.6068586411829","61.4888190537696",
"Mauritius","MUS","Urban population (% of total population)","SP.URB.TOTL.IN.ZS","39.8850689345934","40.4635091532476","41.0163549433209","41.5388921163924","42.0264064840417","42.4741838578478","42.8775100493902","43.2316708702481","43.5319521320009","43.7736396462278","43.9520192245081","44.0623766784212","44.0999970290918","44.0437597850186","43.8904068113234","43.6615140715339","43.3786570879337","43.0634113828065","42.737352478436","42.4220558971059","42.1390971611","41.910051792702","41.7564953141956","41.7000043374146","41.8205833667794","42.1343581180541","42.5641536016112","43.0327927506756","43.4630984984724","43.7778937782264","43.9000015220485","43.8646127219959","43.7659935577684","43.615496644887","43.4244745957928","43.2042800229269","42.9662655387302","42.7217837556441","42.4821872861094","42.2588287425674","42.063123063288","41.8827214180181","41.6986829938864","41.5127065251754","41.3265540022042","41.1419874152917","40.9607687547567","40.7846600109183","40.6154231740954","40.4548202346069","40.3046131827718","40.1665923228716","40.0369511615085","39.9108848558771","39.7887571971735","39.6709610617726","39.5578893260494","39.4499348663789","39.3474905591359","39.2509492806955","39.1607039074325","39.077147315722","39.0000125885784","39.0039901092226","39.0162147027917","39.0369663368524",
"Malawi","MWI","Urban population (% of total population)","SP.URB.TOTL.IN.ZS","4.04390891420354","4.13740284894389","4.23693296880458","4.34208847052473","4.45245855084343","4.5676324064998","4.68580939472864","4.84435767735549","5.08028614266123","5.38124974433464","5.73302495656678","6.12138825354874","6.53211610947158","6.95098499852638","7.36377139490422","7.75625177279617","8.1142026063933","8.42174638660958","8.68264804348581","8.91722821908672","9.13371971067535","9.3377956645648","9.53512922706822","9.73139354449874","9.93226176316949","10.1434070293936","10.3705024894842","10.6186532296573","10.9053972085276","11.2450589509521","11.6249250633042","12.0309417751603","12.4490553160965","12.8652119156892","13.2653578035145","13.6354392091488","13.9614023621682","14.2291934921491","14.4227423983849","14.5596934738978","14.6770603287659","14.780400724713","14.8722487440558","14.9551384691108","15.0316039821946","15.1041793656241","15.1753987017157","15.2477960727861","15.3238029928378","15.4015312766848","15.4776969380518","15.5523153908723","15.6253133040464","15.6966173464742","15.766154187056","15.8338504946918","15.899632938282","15.9634281867266","16.0221486554255","16.1383746619001","16.2961471756409","16.4881925800694","16.7146031979436","16.9748746665356","17.268503531213","17.5949868386317",
"Malaysia","MYS","Urban population (% of total population)","SP.URB.TOTL.IN.ZS","26.0668629662027","26.456381710219","26.8228290200289","27.1703848248464","27.5032290538852","27.8255416363593","28.1415025014825","28.4552915784687","28.7710887965317","29.0930740848853","29.4254273727435","29.77232858932","30.1379576638288","30.5264945254837","30.9421191034986","31.3890113270872","31.8713511254636","32.3933184278414","32.9590931634347","33.5728552614571","34.2417737349461","35.0877625946077","36.1909495309351","37.5058218012566","38.9894740505336","40.5990009237275","42.2914970657996","44.0240571217115","45.7537757364245","47.4377475549","49.0330672220994","50.4923459184952","51.8628569177227","53.2286734175775","54.5855388512742","55.9232917327627","57.2317705759929","58.5008138949148","59.7202602034782","60.8799480156331","61.9694564490726","63.0180877676224","64.056368465184","65.0750932867555","66.0647889111941","67.0159820173565","67.9191992840997","68.7649673902807","69.5438130147565","70.2462628363839","70.8625314831025","71.4245166681964","71.9680127926087","72.4882717118078","72.9802206910773","73.4387869957006","73.8588978909614","74.2354806421432","74.5634625145296","74.8377707734042","75.0511895575672","75.5088628191907","75.9741357073003","76.4434752105739","76.9170296648992","77.3948812296229",
"North America","NAC","Urban population (% of total population)","SP.URB.TOTL.IN.ZS","69.9016240944662","70.3837139359443","70.8867408739229","71.3941088320829","71.8875779505087","72.3489074061836","72.7602780033961","73.1171655439716","73.4117396318171","73.6224945563115","73.7323994286797","73.7833027359654","73.8040763881399","73.8115460603873","73.8129770193592","73.8152014119824","73.8254304923154","73.8436359571173","73.8677693821754","73.8998968531536","73.9437331809425","74.0074223526231","74.0997779995252","74.2187260870689","74.3580210785633","74.511124826948","74.6718231610717","74.8402911696288","75.0178918990219","75.2040797005513","75.4022585454572","75.6530359543402","75.9830047124475","76.3738779810651","76.8025041667075","77.2457031249949","77.6805841694125","78.0904084714985","78.462193644419","78.7803174393787","79.0345872598543","79.2668217631087","79.5061441625505","79.7433061273244","79.9700743363795","80.178299105658","80.3600524141266","80.5118307958947","80.6296365766882","80.7058455421621","80.7342788376108","80.739712124815","80.7337652170105","80.7164808734964","80.6863203799841","80.6417223720746","80.5816899364942","80.5059159293977","80.4126136678733","80.2981427760977","80.2018987822716","80.2350390902744","80.2779687115812","80.3357102611225","80.4068310718763","80.4869628398688",
"Namibia","NAM","Urban population (% of total population)","SP.URB.TOTL.IN.ZS","23.3950628874729","23.638594071498","23.8489959599718","24.0398093329211","24.212424407615","24.3682314013225","24.5086205313127","24.6349820148547","24.7487060692174","24.8511829116699","24.9438027594813","25.0279558299206","25.1050323402568","25.176422507759","25.2435165496962","25.3077046833375","25.3703771259519","25.4329240948084","25.4967358071761","25.5632024803241","25.6337143315213","25.7096615780368","25.7924344371397","25.883423126099","25.9840178621838","26.095608862663","26.2195863448058","26.3573405258811","26.510261623158","26.6797398539056","26.8671654353929","27.0715773259609","27.3243006833291","27.6807987893929","28.1343648393447","28.6711186131719","29.2771798908614","29.9386684524006","30.6417040777766","31.3724065469765","32.1168956399877","32.8575058425719","33.6459301456028","34.5460063719633","35.5356476670033","36.5870014553064","37.6722151614564","38.763436210037","39.8328120256318","40.8524900328246","41.7946176561991","42.6276075621535","43.3804079185694","44.1106769079132","44.8214248210559","45.5103554445325","46.1751725648784","46.8135799686288","47.4232814423189","48.0019807724839","48.547381745659","49.0571881483796","49.5291037671807","49.9545837830821","50.4088030252155","50.8666984399326",
"New Caledonia","NCL","Urban population (% of total population)","SP.URB.TOTL.IN.ZS","36.5922905488154","37.8983041212749","39.2599268297088","40.6845544855341","42.3055661374412","44.1306163409608","46.0069770751176","47.7907135828008","49.3378911068998","50.5317295231604","51.5313579137486","52.4526957903042","53.2909646629798","54.0500217590396","54.733724305748","55.3459295303691","55.8920367725831","56.3974222392566","56.8730207720209","57.3120596819763","57.7085975803041","58.056693078186","58.3504047868032","58.5843541810737","58.7731432007879","58.9326660716621","59.0726491700551","59.2028200479472","59.3329062573189","59.4702633280599","59.6023931100883","59.7225719950378","59.8400221071013","59.9626647131005","60.0984210798572","60.255212474193","60.4419641547703","60.6702043149765","60.9437958565548","61.2583802069977","61.6103287085477","61.9960127034469","62.4118035339378","62.8540725422625","63.3117500793361","63.918391040144","64.7508025811084","65.6204802173329","66.3257509774158","66.6631859586932","66.703836218007","66.726209122213","66.7417059914448","66.7584127864925","66.7846387072769","66.8278045547803","66.8902054658406","66.9683393293094","67.0588809757675","67.1574673707832","67.2747261065933","67.4130776539646","67.5720305021282","67.751522311337","67.9514695585577","68.1717888335577",
"Niger","NER","Urban population (% of total population)","SP.URB.TOTL.IN.ZS","5.70988791277897","5.85043325293984","6","6.19289144504614","6.45466771956993","6.76411011046689","7.09999990463257","7.48804449476672","7.95614954183223","8.48639373511928","9.06085576391805","9.66161431751872","10.2707480852115","10.8703357562865","11.442456020034","11.9691875657442","12.4326090827072","12.8106222400308","13.1234831032711","13.415121822413","13.6919540214464","13.9531048025288","14.1976992678177","14.4248625194702","14.633719659644","14.8233957904964","14.9930160141848","15.1417054328667","15.2680262917567","15.367455984404","15.448037147522","15.5171031951904","15.5867443084717","15.656964302063","15.7277612686157","15.7991333007812","15.8138437271118","15.8930797576904","15.9723119735718","16.0515403747559","16.1307678222656","16.2687225341797","16.2687206268311","16.2687225341797","16.2687225341797","16.2687225341797","16.2675724894628","16.2641887037781","16.2586706998252","16.2511180003032","16.2416301279116","16.2303066053496","16.2141284004355","16.2162595696064","16.2450424611665","16.3035606587493","16.3898280543236","16.5036987906896","16.6449011799221","16.813146499685","17.0081420003794","17.2295936666686","17.477207007512","17.7506873295237","18.0497398450803","18.3740697195469",
"Nigeria","NGA","Urban population (% of total population)","SP.URB.TOTL.IN.ZS","14.2320052121544","14.7902648047974","15.3545666804267","15.9183834009184","16.4846664407981","17.0662823273319","17.6649539447777","18.2799262262616","18.9104441049099","19.5557525138485","20.2150963862038","20.8877206551017","21.5728702536685","22.2697901150302","22.9777251723131","23.6959203586433","24.4236206071468","25.1600708509499","25.9045160231787","26.6562010569593","27.4143708854178","28.1782704416805","28.9471446588734","29.7202384701227","30.4967968085545","31.276064607295","32.0572867994702","32.8397083182064","33.6225740966297","34.4051290678662","35.1866181650421","35.9657628204929","36.7456434131176","37.5335756091442","38.3306573470114","39.1364103583649","39.9503563748504","40.7720171281134","41.6009143497997","42.4365697715547","43.2785051250243","44.1262421418539","44.9793025536893","45.8372080921761","46.6994804889599","47.5656414756863","48.424271994461","49.2357987173198","50.0505212312351","50.86453484762","51.6778188255446","52.490352424079","53.302114902293","54.1130855192568","54.9232435340404","55.7325682057138","56.541038793347","57.3486345560101","58.1553347527729","58.9611186427056","59.7659654848781","60.5698545383604","61.3727650622225","62.1746763155343","62.9755675573659","63.7754180467872",
"Nicaragua","NIC","Urban population (% of total population)","SP.URB.TOTL.IN.ZS","39.1711243426569","39.7534862329157","40.3514003838579","40.9717686183638","41.7147931230772","42.6173786375436","43.6115552003585","44.6361757423511","45.6300931943504","46.5321604871856","47.2812305516855","47.8262890069793","48.2652258889999","48.6881124659377","49.0903964675104","49.4730192660164","49.8369222337542","50.1830467430221","50.5123341661187","50.8257258753423","51.1241632429914","51.4085876413644","51.6799404427596","51.9391630194757","52.1871967438108","52.4249829880636","52.6534631245323","52.8735785255155","53.0862705633115","53.2924806102188","53.4931500385358","53.689220220561","53.8816325285926","54.0713283349293","54.2592490118693","54.4454415882899","54.6219424540121","54.7838878574412","54.9348900789023","55.0779505708784","55.2160707858522","55.3522521763064","55.4894961947237","55.6308042935869","55.7791779253789","55.9375480421093","56.1058547675536","56.2816618351146","56.4638124507513","56.651098305894","56.842311091973","57.0362425004184","57.2316842226606","57.4274279501299","57.6222653742564","57.8149881864705","58.0043880782023","58.1892567408822","58.3683858659405","58.5405671448072","58.7045922689128","58.8592529296875","58.9954376220703","59.1250953674316","59.2628402709961","59.4435892957332",
"Netherlands","NLD","Urban population (% of total population)","SP.URB.TOTL.IN.ZS","59.9400395547645","60.1397439209274","60.3050003051757","60.3370338321783","60.8579677699946","61.1599998474122","61.3023686210886","61.6232763963874","61.7893532277632","61.7999992370606","62.0858545036707","62.8052756331034","63.0746235072864","63.5118508657968","64.2199467610583","64.3950631000185","64.5073879178842","64.5849990844727","64.6237502098191","64.8118155336277","64.9910579834901","65.7435863758735","66.4592719100305","66.9212225491404","67.3599259873107","67.6199041976798","67.9703519560553","68.1618313368721","68.4297717390978","68.7694983479699","68.9873866123858","69.207275104499","69.3087428522066","69.7586743487312","70.4100572065956","70.6936274148982","72.423330585432","75.5542374231759","76.75231877333","77.06074312186","78.4826828427081","80.1840578652121","80.8085275226169","81.3011308878582","82.250953139759","83.5048949725161","84.6532280358545","85.4089231499726","85.6149582464487","86.2223179632671","87.3502790247129","88.0059204972573","88.5342462391333","89.1749992370605","89.8364787097165","90.2787737214621","90.5803239452777","91.1219700676602","92.6062472401044","93.8898028856479","94.2532277765935","94.6294783220315","94.9856177734136","95.3221682092129","95.6396517079336","95.9385903481191",
"Norway","NOR","Urban population (% of total population)","SP.URB.TOTL.IN.ZS","48.7021174940466","49.0427689217465","50.0565130237641","51.630345175826","53.6134065224954","55.8548382083355","58.2037813779095","60.5093771757808","62.6207667465127","64.3870912346684","65.6252542677951","66.4301918216353","67.1154616446992","67.7484436015938","68.3283502793393","68.8543942649559","69.3257881454637","69.741744507883","70.101475939234","70.4041950265369","70.6475562292194","70.8385149172701","70.9866099270887","71.1037928284781","71.1998600765354","71.284608126358","71.3678334330429","71.4593324516873","71.5689016373885","71.7063374452437","71.8768588741127","72.1586354507439","72.6495385440231","73.2031436754498","73.6500015258789","73.9197422341132","74.1999969482422","74.7024361307612","75.3306335451989","75.8399963378906","76.1338922449534","76.3958619273785","76.7955442460288","77.2600021362305","77.5684593888498","77.8260148882032","78.0877227783203","78.4072502632828","78.7541006020666","79.0570820210427","79.245002746582","79.311620451463","79.4905925441617","79.9723980455359","80.6117159535579","81.2378240971353","81.6800003051758","81.9699745912375","82.2452112401723","82.4935894878281","82.7029885700532","82.8612877226956","82.9563661816034","83.0718560702166","83.3293737928469","83.5705787708326",
"Nepal","NPL","Urban population (% of total population)","SP.URB.TOTL.IN.ZS","3.51440024170007","3.57196472714872","3.62075250763155","3.65987433765072","3.69247860341613","3.72167253561086","3.75056336491798","3.78225832202054","3.81986463760162","3.86648954234428","3.9252402669316","4.00019843592663","4.33461987913464","5.0925961576507","6.18248950873502","7.51351402109269","8.99488378342878","10.5358128844484","12.0455154128565","13.4332054573582","14.6080971066587","15.4794044494629","16.1122445872783","16.6486086367337","17.1130217092164","17.5300089161139","17.9240953688132","18.3198061787019","18.7416664571671","19.2142013155963","19.7619358653766","20.4093952178955","21.1696090774496","22.0386921067433","23.0157968547751","24.1000758705435","25.2906817030471","26.5867669012845","27.9874840142543","29.4919855909549","31.0994241803849","32.808952331543","35.0358944291182","38.045308394296","41.6109470808194","45.5065633424317","49.5059100328759","53.3827400058951","56.9108061152324","59.8638612146309","62.0156581578338","63.139949798584","63.6558406194333","64.1314570156048","64.5640847098488","64.9510094249155","65.2895168835553","65.5768928085184","65.8104229225551","65.9873929484157","66.1050886088505","66.144235274522","66.2992968721053","66.5432933453944","66.772343163029","66.999424884859",
"Naoero","NRU","Urban population (% of total population)","SP.URB.TOTL.IN.ZS","100","100","100","100","100","100","100","100","100","100","100","100","100","100","100","100","100","100","100","100","100","100","100","100","100","100","100","100","100","100","100","100","100","100","100","100","100","100","100","100","100","100","100","100","100","100","100","100","100","100","100","100","100","100","100","100","100","100","100","100","100","100","100","100","100","100",
"New Zealand","NZL","Urban population (% of total population)","SP.URB.TOTL.IN.ZS","62.3755629526819","63.8705065573623","64.8583891809316","65.6697319381245","66.472432690931","67.4392706432813","68.8327191732295","71.3009705022597","74.6033198421472","77.912701011482","80.4457087579317","81.5206648322045","81.9314939928211","82.2629948737722","82.5161269643194","82.7183344060743","82.8950647822556","83.0524013033557","83.1865112094658","83.302639949447","83.4049903266551","83.4957552749462","83.5693858562692","83.6288571291813","83.6888703735019","83.7629300087305","83.8715588762557","84.0532595752243","84.2960211121073","84.5538526433057","84.7840783188668","84.9503136860067","85.0806768441581","85.1983223757834","85.3021313465976","85.392759490696","85.4708430476733","85.5395698424773","85.6005599181034","85.6555096232176","85.7059660456056","85.7545174444303","85.8061578183401","85.857962055807","85.9017708294597","85.9299325780946","85.9356841665703","85.9291840664852","85.9144723093505","85.8918345477824","85.8614043258228","85.8233151875134","85.777700676896","85.7080129786455","85.5076659530411","85.1518763760531","84.691365594","84.1701025874108","83.8017846685577","83.804965871667","83.8138977095908","83.8299382585905","83.8547305017812","83.8898991461229","83.9370658833132","83.9978515774731",
"OECD members","OED","Urban population (% of total population)","SP.URB.TOTL.IN.ZS","61.6034622145209","62.1161261905855","62.6460581537456","63.1919648587607","63.7602259027064","64.3322671745291","64.8928612988949","65.4389971296109","65.9657600577448","66.4668413197043","66.9181202833595","67.3448909046352","67.7486642105986","68.1445034539453","68.5132191002142","68.8165599320556","69.0995535141594","69.3658012276173","69.6086134259722","69.8581762821247","70.1441366557255","70.3986718630572","70.6476443595696","70.8979358298613","71.1542668522238","71.4153635840846","71.6855250803768","71.9648562184459","72.2480155356141","72.5254316206028","72.7873021734631","73.0479404028669","73.3200135856536","73.6070691009739","73.9014128736818","74.1907075708973","74.492445147224","74.8029405924655","75.0780069909978","75.3329310710483","75.6030538705326","75.9157928265237","76.3049705223407","76.724197088238","77.134919561599","77.4936924595116","77.7888469764318","78.0642096289465","78.3181788893633","78.5473387767398","78.7569427727752","78.9249730148856","79.1610424174922","79.5300893668637","79.9154420386729","80.2234048818443","80.3858291802831","80.4525335528694","80.5397753365218","80.6506763352269","80.7381377175693","80.8557784895293","80.949627748444","81.0543158861621","81.1863178943609","81.3158337292265",
"Oman","OMN","Urban population (% of total population)","SP.URB.TOTL.IN.ZS","16.3999996185303","17.4825410125718","18.7303793408933","20.1310968378954","21.6722757379784","23.3414982755429","25.1263466849894","27.0144032007182","28.9932500571299","31.050469488625","33.1736437296039","35.350355014467","37.568185577615","39.8147176534481","42.077533476367","44.344215280772","46.6023453010636","48.8395057716424","51.0432789269087","53.2012470012631","55.300992229106","57.3300968448379","59.2761430828592","61.1267131775705","62.8693893633721","64.4917538746647","65.9813889458485","67.3258768113242","68.5127997054922","69.5297398627529","70.3642795175068","71.0040009041544","71.4364862570961","71.64228414407","71.66849688191","71.6582885191073","71.6407545318941","71.6180309794696","71.5922539210329","71.5655594157832","71.5400835229196","71.5179623016414","71.5013318111475","71.4926171971641","71.5428923484265","71.8577803438712","72.3920261203777","73.0679250158092","73.807772368029","74.5338635149003","75.1579724666274","75.6585803514688","76.088156621068","76.4914234214313","76.8892576748951","77.3025363037955","77.7521362304688","78.3142260040136","78.9655839720276","79.5780017545962","80.0176378922722","80.1239942103569","80.0117053152301","79.5702973228932","79.4440302814714","79.4781383307689",
"Other small states","OSS","Urban population (% of total population)","SP.URB.TOTL.IN.ZS","36.9628559269922","37.5614892878216","38.1551899126742","38.661978001972","39.1656314458307","39.6524217787668","40.0712402621171","40.4672959383811","40.8721695605363","41.2395817296237","41.6110160399682","41.9675304695527","42.4072410673758","42.897054376456","43.5938918048655","44.384539927484","44.9991045101293","45.5336912599532","46.0617970820488","46.5342002453197","46.9592102461876","47.3428989203651","47.7339214601038","48.093649580937","48.432628285747","48.8117059612272","49.1891302410527","49.5415608013974","49.8568460066698","50.130685190579","50.3546897234971","50.5099253063484","50.4977561431469","50.4551055178647","50.5001017351715","50.5499560352562","50.5495647225914","50.5767002560793","50.6308449016616","51.1009868607931","51.5353428587807","51.5216368911635","51.517528369826","51.5855834027652","51.7171153727948","51.8462582464214","51.9795232738831","52.1433573807164","52.3216948638063","52.4747905219688","52.5708962840155","52.6428502012722","52.7289447956897","52.8229475994541","52.9439535683465","53.0938477646158","53.2560302540443","53.4441254377598","53.6519140670653","53.8727328667505","54.0599291555754","54.2199717949652","54.4367375147272","54.7413384725346","54.9615544244478","55.1790329785941",
"Pakistan","PAK","Urban population (% of total population)","SP.URB.TOTL.IN.ZS","22.2996984962747","22.6321270948417","22.9342151711049","23.2081807037649","23.4605166957003","23.6966008113708","23.921810715236","24.1415240717555","24.3611185453889","24.5859718005957","24.8214615018356","25.0729653135682","25.3460347123231","25.6467662768333","25.9764034338718","26.3266097503112","26.6890303879083","27.0553105084198","27.4170952736025","27.7660298452131","28.0937593850085","28.3941608544266","28.6799902302499","28.9594375727595","29.2322435401049","29.498826604215","29.7596052370187","30.014997910445","30.2654230964229","30.5112992668812","30.753044893749","30.9910784489553","31.2258184044289","31.4576832320988","31.6870914038941","31.9144613917436","32.1402116675762","32.3647607033211","32.5871723893723","32.8015812487933","33.0046884491535","33.1988471664032","33.3857078542752","33.5669209665019","33.7441369568158","33.9190062789495","34.0931793866356","34.2683067336065","34.4460387735948","34.6280259603331","34.8159187475539","35.0113675889897","35.2160229383731","35.4315352494366","35.6595549759128","35.9017325715342","36.1597184900333","36.4351548223399","36.7478511550359","37.1091631735769","37.5080192948099","37.9333395514173","38.3740439760816","38.8191861872791","39.1734368360905","39.5256010979606",
"Panama","PAN","Urban population (% of total population)","SP.URB.TOTL.IN.ZS","41.2916162081071","41.7474898769311","42.3240728270497","43.0046309262036","43.7526829345529","44.5317476122575","45.3053437194774","46.0369900163726","46.6902052631029","47.2285082198283","47.6183986975777","47.9075321190976","48.1533885825948","48.3647893751024","48.5523090200046","48.7265220406853","48.8980029605285","49.0773263029182","49.2750665912383","49.5017983488729","49.7671418502205","50.0637546377216","50.3825092620325","50.7249430710032","51.0920195298521","51.4847021037978","51.9039542580588","52.3507394578536","52.8260211684007","53.3307628549186","53.8712763235306","54.5277463774443","55.3376133253207","56.2553745051635","57.2394879441357","58.2484116694001","59.2406037081197","60.1745220874573","61.0086248345759","61.7013699766382","62.2165370013582","62.6337017277411","63.0330904426342","63.4079949945516","63.7553758418416","64.0721934428526","64.355408255933","64.6019807394311","64.8088713516952","64.9730405510737","65.0926097647906","65.1896678664818","65.2829468288151","65.3709770103365","65.4531164770096","65.5287232947981","65.5971555296656","65.6577712475758","65.7099285144924","65.752985396379","65.7862999591993","65.8092302689169","65.8211343914956","65.8601271176084","65.9958447685488","66.1500999418126",
"Peru","PER","Urban population (% of total population)","SP.URB.TOTL.IN.ZS","46.6716732232614","47.4202587957759","48.2592628759378","49.2520484857458","50.3652605734247","51.5652855826149","52.8185099569567","54.0913201400902","55.3501025756557","56.5612437072935","57.6911299786438","58.706147833347","59.574618278261","60.3418540404256","61.0685568718116","61.7559196339571","62.4067231820143","63.0237483711353","63.6097760564725","64.1675870931779","64.6999623364039","65.2097507259611","65.6947162838674","66.1530033673727","66.588333745864","67.0045034067093","67.4053083372768","67.7945445249346","68.1760079570505","68.5534946209928","68.9308005041295","69.3117215938287","69.7000538774584","70.0997909655959","70.5003156312488","70.8898533910601","71.271133088093","71.6470953159639","72.0206806682894","72.3948297386861","72.7724831207703","73.1565814081586","73.5500651944675","73.9558750733136","74.3769516383133","74.8162354830832","75.2766672012397","75.7615250588738","76.2744879116779","76.822147540745","77.4020936833934","78.0118164985462","78.6488061451268","79.3105527820586","79.9945465682649","80.698277662669","81.4192362241943","82.1931650502403","82.6854929960921","83.1033003087105","83.5267437189637","83.9480118272361","84.3663554951194","84.7810255849745","85.1912729600355","85.5963484845463",
"Philippines","PHL","Urban population (% of total population)","SP.URB.TOTL.IN.ZS","30.0110353409461","30.2531994816089","30.4646163598705","30.652613340391","30.8237757005861","30.9846887178715","31.1419376696627","31.3021078333755","31.4717844864255","31.6575529062283","31.8647345837349","32.0792468136461","32.2872916439915","32.4905527566074","32.6898424283533","32.8859729360885","33.0797565566725","33.2720055669647","33.4635322438245","33.6551488641112","33.8476677046844","34.0419010424033","34.2386611541275","34.4387603167162","34.643010807029","34.8522249019252","35.0672148782642","35.2887930129054","35.5177715827083","35.7549628645322","36.0011791352366","36.2572326716808","36.5239357507243","36.8021006492264","37.0925396440467","37.3960650120444","37.713489030079","38.0456239750098","38.3932821236964","38.757275752998","39.1384171397742","39.5375185608843","39.9553922931877","40.3928506135438","40.8507057988121","41.3297701258519","41.8308558715226","42.3470499959497","43.1547492407016","44.3356772609527","45.5208176726647","46.6833632464759","47.9182784810426","49.1313688766206","50.2392400212368","51.1549047745227","51.9114748151175","52.6010482354344","53.2088897464754","53.7157859948017","54.1077719895977","54.4504102510776","54.7902343568327","55.1242716168851","55.4520983215477","55.7732907605332",
"Palau","PLW","Urban population (% of total population)","SP.URB.TOTL.IN.ZS","43.894775117413","45.7781050672294","47.575952989293","49.2837363198222","50.8968724950351","52.4107789511502","53.8208731243858","55.1225724509601","56.3112943670916","57.3824563089985","58.3314757128992","59.1537700150119","59.8447566515551","60.3990185104056","60.8187030702512","61.1300201585569","61.3746294659139","61.5933902569395","61.8271617962509","62.1168033484654","62.4972349560031","63.1576808592472","64.2480509816361","65.544093215348","66.8044337222809","67.7876986643326","68.3207771487378","68.6666057173071","68.9443870022281","69.211569040623","69.5314760089153","69.9517325157421","70.4277022862451","70.8789048721161","71.2273418983072","71.3933455111353","71.2484528378583","70.7652327658767","70.1693100482288","69.6896962372638","69.5876201801789","70.5337109001769","72.3817031907384","74.5444848058291","76.445323887982","77.574268209537","78.306895759147","79.019601300651","79.6639213135968","80.2186712923386","80.6626667312304","80.9747231246263","81.1285663568435","81.0756895339142","80.7338640362566","80.388246269234","80.1089335766065","79.8284579022498","79.5520868568744","79.2803814152827","79.0796884006264","79.0890798782416","79.1134831712956","79.1531991438847","79.2095042878667","79.2835934246556",
"Papua New Guinea","PNG","Urban population (% of total population)","SP.URB.TOTL.IN.ZS","3.46268156627651","3.80611459532015","4.17463940239185","4.56693052849026","4.98166251461399","5.41750990176169","5.87606661131743","6.62804575104688","7.76744833896664","9.05072558494134","10.2370132871121","11.083375360123","11.6750303863167","12.23170310436","12.699173320616","13.021026274672","13.1408472061157","13.1290916070606","13.1026265343289","13.0746545745711","13.0585719559426","13.098515254061","13.2574715861765","13.5088462932742","13.8231099049148","14.1707329506594","14.5221859600689","14.8479394627041","15.118463988126","15.3042300658954","15.3756788160602","15.3221352858539","15.1695383588822","14.9415801437447","14.6619125571302","14.3541875157278","14.0420569362263","13.7491727353146","13.4991868296818","13.3157511360166","13.2228772276955","13.1864094716078","13.1530694608835","13.1226067833938","13.0951673752744","13.0708971726612","13.04994211169","13.0324481284965","13.0185611592166","13.008427139986","13.0021920069407","13.0000025015364","13.0143796071362","13.0582475733094","13.1316404025265","13.2341359836319","13.3653651942392","13.5249644881888","13.7125720532162","13.9278267446947","14.1703677185729","14.4398342822353","14.7358658260841","15.0581017891206","15.4061816403333","15.7797448680276",
"Poland","POL","Urban population (% of total population)","SP.URB.TOTL.IN.ZS","48.0560460566307","48.6117275049923","49.0876391652269","49.5042258170874","49.8770379382713","50.221626006476","50.553540499399","50.8883318947378","51.2415506701898","51.6287473034525","52.0669426831476","52.573371987575","53.1783979300284","53.8553256612611","54.5736658357177","55.3029291078427","56.0126261320806","56.6722675628761","57.2426552667943","57.7421578493495","58.2293445273576","58.7149763737717","59.1879461568081","59.6371466446833","60.051470605614","60.4198108078166","60.7310600195075","60.9741110089033","61.132169783268","61.2259791140646","61.3009151063249","61.3708913076577","61.4357163819024","61.4951989928981","61.5491478044841","61.5973714804995","61.6396786847836","61.6758780811754","61.7057783335144","61.7291881056396","61.7459160613903","61.7557708646056","61.7581534555696","61.7281374379602","61.6555172559989","61.5497010774856","61.4199688499096","61.2756005207604","61.1258760375274","60.9800753477","60.8474783987677","60.7357090652544","60.6341632788866","60.5333187465323","60.4340063344328","60.3362886805635","60.2402284228997","60.145888199417","60.0533306480907","59.9626184068963","59.8738141138092","59.8096513205543","59.8315488048321","59.8859561370214","59.9705468695101","60.0853330309371",
"Pre-demographic dividend","PRE","Urban population (% of total population)","SP.URB.TOTL.IN.ZS","13.0170806735646","13.4349304175203","13.8774707180065","14.339461025678","14.8138296236803","15.3035215846858","15.80509020685","16.3161348388768","16.839337858199","17.3788405869734","17.9359714737639","18.5187155786951","19.1336782588617","19.7676355177992","20.4002379279865","21.0257419675212","21.6438321627257","22.244723425084","22.8131097782579","23.3572796696354","23.9031359690544","24.4642859314733","25.0146192713343","25.5427830828427","26.085690846071","26.6353617989145","27.1757211538849","27.7572577971279","28.2992862081144","28.8293891957833","29.307343146123","29.817158460339","30.2429699805215","30.6555492234219","31.0455044041027","31.4175489267357","31.8231500862602","32.2388326153585","32.6544382493849","33.072293405103","33.5256016821526","34.0198965795573","34.5187705127511","35.0343111630443","35.58240275822","36.1336393443403","36.6576263996931","37.1555611474693","37.6700291238882","38.1761069796309","38.6630102635042","39.1548370511869","39.6620389744185","40.1809529696697","40.696367549657","41.1934386147893","41.6692983719903","42.1481736818509","42.6168705959194","43.0478017904088","43.4980819386669","43.966697242761","44.4496171500869","44.944973511523","45.4428830887567","45.9503662459409",
"Puerto Rico (US)","PRI","Urban population (% of total population)","SP.URB.TOTL.IN.ZS","44.3079773254335","45.0628344974477","46.0601982845236","47.2416627623618","48.5605653743737","49.970243563971","51.4240347745653","52.8752764495683","54.2773060323915","55.5834609664465","56.7529618657157","57.829807581987","58.8623670637239","59.8618277697166","60.8416286962555","61.815208839631","62.7960071961332","63.7974627620526","64.8330145336796","65.9161015073044","67.0691692782175","68.3529445223286","69.7947605230761","71.3648664251276","73.0392280826226","74.7938113497002","76.6045820804996","78.4475061291602","80.2985493498212","82.1336775966218","83.9288567237013","85.660052585199","87.303231035254","88.8343579280057","90.2293991175933","91.464320458156","92.5150878038331","93.3576670087639","93.9680239270876","94.3221244129435","94.4035182032107","94.3774462314518","94.3218712450313","94.2449445194985","94.1544210292187","94.058055748557","93.9636036518786","93.8788197135489","93.8114589079331","93.7692762093964","93.7588772214391","93.7598202101009","93.7630744424317","93.7698316907305","93.7813071818968","93.7987161428303","93.8232738004303","93.8561953815964","93.8986961132283","93.9519912222253","94.0116144995587","94.0550712597302","94.1110923054937","94.1774359275881","94.2539505199436","94.3404836598892",
"Korea, Dem. People's Rep.","PRK","Urban population (% of total population)","SP.URB.TOTL.IN.ZS","40.5999984741211","42.3132566147963","43.7413844787758","45.0030447867001","46.2169002592092","47.5016136169434","48.951937550475","50.4888850547057","51.9705093067702","53.2548634838033","54.2000007629395","54.9142053316677","55.5687586020448","56.1162095880578","56.5091073036937","56.7000007629395","56.7589215202299","56.7958738624725","56.8233659023639","56.8539057526006","56.9000015258789","56.9745567573171","57.0790426007552","57.2088185969729","57.3592442867494","57.5256792108644","57.7034829100971","57.8880149252272","58.074634797034","58.2587020662971","58.4355762737958","58.6006169603097","58.7491836666181","58.8749864094298","58.9804902802104","59.0713546238722","59.1528308821661","59.2266583905269","59.2945764843893","59.358324499188","59.4196417703576","59.4802676333329","59.5419414235486","59.6064024764394","59.6753901274401","59.7506437119853","59.8339025655097","59.926906023448","60.0310692203612","60.1544414620403","60.307007469148","60.4836230684404","60.6781140779735","60.8843063158034","61.0940947540873","61.3247571174501","61.5681351428803","61.8206076091402","62.0826119807623","62.3542226611578","62.6355140538495","62.926560562457","63.2274365906829","63.5382165423021","63.8589748211522","64.1897858311258",
"Portugal","PRT","Urban population (% of total population)","SP.URB.TOTL.IN.ZS","30.8412995481506","31.17395423341","31.5283750207605","31.9093177161286","32.31555582106","32.7458628371005","33.1990122657958","33.6737776086916","34.1689323673336","34.6832500432675","35.2155041380392","35.7644681531942","36.3289155902783","36.9076199508372","37.4993547364166","38.1028934485623","38.71700958882","39.3404766587354","39.9720681598541","40.610557593722","41.2547184618848","41.9033242658881","42.5551485072777","43.2089646875993","43.8635463083987","44.5176668712215","45.1700998776134","45.8196188291202","46.4649972272877","47.1050085736614","47.7384263697872","48.365859825148","49.0028717408102","49.6589521380037","50.3288062784649","51.008291015927","51.6932632041232","52.3795796967868","53.063097347651","53.7396730104491","54.4051635389142","55.0679833009212","55.789299869679","56.5865509520713","57.4171857647664","58.2450763389585","59.0340947058419","59.7481128966109","60.3510029424595","60.8066368745822","61.0788867241731","61.1410698395502","61.1409793914666","61.1405315215642","61.1394537361116","61.137469211538","61.1343011242723","61.1296726507436","61.1233069673808","61.114927250613","61.1042566768691","61.0951249296597","61.1259255772782","61.2048652633664","61.3281907341332","61.4953199318985",
"Paraguay","PRY","Urban population (% of total population)","SP.URB.TOTL.IN.ZS","35.5514211891256","35.6731615192631","35.7981614414367","35.9242318079245","36.0500891641913","36.1784474663666","36.3124802083019","36.4553608838488","36.6102629868587","36.7803600111832","36.9688254506737","37.1788327991819","37.4132924782438","37.7019046113651","38.0677540574007","38.5023474045882","38.9969090453797","39.5426633722273","40.1308347775832","40.7526476538996","41.3993263936285","42.0620953892222","42.7313904769005","43.4573569445775","44.2836907378064","45.1884664611965","46.1489095256024","47.1422453418784","48.1456993208789","49.1364968734584","50.0918634104713","50.9890243427719","51.8012367901724","52.5682771504092","53.3488083347573","54.1320651066411","54.9016155849672","55.6410278886419","56.3338701365719","56.9637104476634","57.5141169408231","57.9686577349574","58.3089732866691","58.5521334403429","58.7421370296254","58.894079141979","59.0202286834627","59.1328545601355","59.2442256780564","59.3666109432844","59.5122792618786","59.693499539898","59.9212909454702","60.2375315600901","60.7101965948157","61.3302768533263","62.0827613208606","62.9526389826574","63.9248988239553","64.9845298299929","66.116520986009","67.3058612772421","68.6396537819458","69.3466081733694","69.8622585886961","70.3897639855864",
"West Bank and Gaza","PSE","Urban population (% of total population)","SP.URB.TOTL.IN.ZS","44.1830150432117","45","45.8883725319067","46.8782110268741","47.9500907057508","49.0845867893855","50.2622744986269","51.4637290543234","52.6695256773239","53.8602395884769","55.016446008631","56.1187201586349","57.1476372593373","58.0837725315867","58.9077011962317","59.5999984741211","60.1910735205415","60.7280266318431","61.2164697404697","61.6620147788652","62.0702736794735","62.4468583747383","62.7973807971035","63.127452879013","63.4426865529107","63.7486937512403","64.0510864064457","64.3554764509707","64.6674758172593","64.9926964377552","65.3367502449023","65.7052491711444","66.1038051489255","66.5380301106892","67.0135359888796","67.5359347159403","68.1108382243154","68.7351827543561","69.4998723632721","70.6277576517327","72.0694328572656","73.7258284491139","75.4978748965208","77.2865026687292","78.9926422349822","80.5172240645229","81.7611786265942","82.596126313073","83.0979098899913","83.5050344815957","83.8853491139676","84.2340950604341","84.5465135943222","84.8178459889593","85.0433335176723","85.2182174537886","85.3377390706351","85.3782255354","85.5351131070872","85.8136174183656","86.0741183743925","86.334956387337","86.5961423216016","86.8576870415886","87.1196014117004","87.3818962963393",
"Pacific island small states","PSS","Urban population (% of total population)","SP.URB.TOTL.IN.ZS","19.4835231566736","20.4613276754297","21.3962214455677","22.2751743409598","23.0764749650348","23.7945764864281","24.391739981348","24.892624313252","25.3827619593216","25.8561923570741","26.2833012617911","26.6506244612005","26.9614377480786","27.2185538045022","27.4296506681953","27.6413687117749","27.8587238486018","28.0810579729573","28.2875014420361","28.4632388131832","28.6328792129931","28.8155600267722","29.0144813545791","29.2153777002037","29.423840996892","29.6471683348857","29.8798096354735","30.1399809680978","30.4662800653658","30.8504812964295","31.2734378732107","31.7126402175536","32.1397547628134","32.5402661681108","32.9062099198703","33.2163720038968","33.4636365909517","33.7032414288025","33.9523197386815","34.1974856474306","34.4384447632436","34.6619604187205","34.8877089235958","35.1147126058522","35.3445584610991","35.5766876832043","35.8286942547922","36.1307516644457","36.4580807336993","36.7882107583247","37.0835259513667","37.2915597502513","37.5021404218298","37.7261145063194","37.9658622454185","38.2258875864973","38.5106153371305","38.8043513180851","39.0330726122061","39.2708800377762","39.4509108653665","39.6583318985728","39.9427900823495","40.2526358335376","40.5632799632706","40.8754719242034",
"Post-demographic dividend","PST","Urban population (% of total population)","SP.URB.TOTL.IN.ZS","62.9592649968476","63.5204572787805","64.076929028406","64.6588077197641","65.2893218642909","65.9200732710714","66.5181036541628","67.0906631866314","67.6400772324289","68.1604426716051","68.620905720588","69.0548772954443","69.4685665584907","69.8648348662948","70.2365429865515","70.5207500091991","70.7910059591389","71.0500691457819","71.2923792817054","71.5400936542552","71.8190029628859","72.0599187589204","72.2920098446973","72.5279001870042","72.7740385212345","73.0045315654719","73.2563561586093","73.5302811622302","73.8158147828847","74.0936097223771","74.3350467055042","74.571943120216","74.8243375592485","75.0936237655065","75.3678449345985","75.6266486742284","75.8943168842411","76.1686488760154","76.4047891409902","76.6112361480068","76.8279969572159","77.103624844729","77.466320311897","77.8755246866235","78.2915978306842","78.6633587101345","78.9744871154544","79.2470932362782","79.4966883073498","79.7055116871316","79.8703220718842","79.979849594125","80.0815323364536","80.1971413336001","80.2993772705531","80.4010549473574","80.5121378696177","80.5730252146896","80.6405983623246","80.7012981435582","80.7390351837835","80.8170398426815","80.9329132113806","81.0611822262698","81.155010735299","81.2440377612744",
"French Polynesia","PYF","Urban population (% of total population)","SP.URB.TOTL.IN.ZS","42.2907371351412","43.2037792347436","44.1493728142478","45.1476494467205","46.2375134084224","47.3976785512625","48.5995149194584","49.8143925572278","51.0136815087883","52.1687518183574","53.2509735301528","54.2709843822967","55.3548920937471","56.495788994614","57.5631433075157","58.4417493296489","59.0164013582103","59.1793987685132","59.1616778001498","59.1214394142453","59.06410167748","58.9949205187565","58.9191518669779","58.8426968979335","58.7640410924551","58.6737580929136","58.5696322805161","58.4508336192233","58.3177217323037","58.1466759912713","57.9148122108867","57.6407935962462","57.3455797495631","57.0501302730509","56.7754047689228","56.5423628393921","56.3745197204973","56.2537812085595","56.1410902357594","56.0390680212033","55.954253994428","55.8931875849702","55.8631794440685","55.9283550220738","56.2729949941787","56.8472850820701","57.5825834325129","58.4102481922721","59.2616375081129","60.0681095268001","60.7610223950988","61.2717342597741","61.5286539604592","61.6130486661995","61.6824807401268","61.7374742154907","61.7744381369651","61.7896941062846","61.7888025236875","61.7824142427508","61.7673100921","61.7399813226008","61.6913806937112","61.6967135028569","61.7191984724331","61.7583766473831",
"Qatar","QAT","Urban population (% of total population)","SP.URB.TOTL.IN.ZS","65","66.7116595744681","68.2796595744681","69.7152340425532","71.0296170212766","72.2340425531915","73.3397446808511","74.3579574468085","75.299914893617","76.1768510638298","77","77.7403807124603","78.3791314220811","78.9426649872223","79.4573942662434","79.9497321175045","80.4460913993652","80.9728849701853","81.5565256883246","82.2234264121429","83","84.0497010207949","85.4030276290332","86.8869580614841","88.3284705549172","89.5545433461017","90.423204054515","91.1126836950389","91.7637082748454","92.3668331639104","92.9237368851153","93.4360979613416","93.9055949154706","94.3339062703838","94.7227105489626","95.0736862740883","95.3885119686424","95.6663501954995","95.9063773884453","96.1111838707823","96.2942718926638","96.4674307551724","96.6424497593905","96.8311182064009","97.0472579559041","97.3016654918171","97.5827378795062","97.8663125111735","98.1295193937322","98.3494885340955","98.5066232166665","98.6300610210909","98.7428010471968","98.8357621827901","98.901627838826","98.9382407681154","98.9855265345423","99.0310125265978","99.0755684762244","99.1191696672067","99.1617913833034","99.203408908243","99.243997525719","99.2835325193835","99.3219891728394","99.3593427696312",
"Romania","ROU","Urban population (% of total population)","SP.URB.TOTL.IN.ZS","34.4034139278397","35.0451178072543","35.6855032779392","36.3363018469226","37.0092450212326","37.7160643078975","38.4717011275803","39.2902667990885","40.1691246812045","41.0883939401174","42.0303727491942","42.9773592818015","43.9116517113062","44.8155482110751","45.6713469544751","46.4613461148728","47.1678438656352","47.7938166712335","48.4097206039383","49.039417343761","49.6697704032493","50.2926179263308","50.8997980569328","51.4831489389831","52.034508716409","52.545715533138","53.0086075330978","53.4150228602158","53.7567996584194","54.0257760716363","54.213790243794","54.3126803188199","54.3130567791968","54.2356756582215","54.0905691656188","53.8985438392597","53.677523113411","53.4454304223393","53.2201892003114","53.0197228815939","52.8619549004535","52.764808691157","52.7466427937759","52.8023493819682","52.9175295523808","53.074507031037","53.2566380678272","53.4472789126416","53.6297858153706","53.7875150259042","53.9038227941329","53.9608874244169","53.9563092496073","53.9101758034365","53.8267187624053","53.7071839518893","53.5528171972639","53.3648643239046","53.1445711571868","52.8931835224862","52.611947245178","52.2321512130811","52.1634832477272","52.1645747011867","52.1674778928768","52.1728885041698",
"Russian Federation","RUS","Urban population (% of total population)","SP.URB.TOTL.IN.ZS","54.1416282653809","55.1359481811523","55.9255599975586","56.7804565429688","57.5978889465332","58.341007232666","59.2038764953613","60.0453681945801","60.8708801269531","61.7620658874512","62.5807102163762","63.2434539794922","64.1610107421875","65.1119537353516","66.0537185668945","66.9372406005859","67.6613388061523","68.2349472045898","68.7709121704102","69.3407455447958","69.8511276245117","70.3325576782227","70.8518142700195","71.291389465332","71.6379089355469","72.0318222045898","72.4661331176758","72.8753280639648","73.2331771850586","73.5555652189532","73.7116088867188","73.7095108032227","73.3822937011719","73.0590972900391","72.9541091918945","72.9352798461914","73.0623092651367","73.1156616210938","73.1912078857422","72.96533203125","73.1568222045898","73.22998046875","73.2929008030615","73.4057388305664","73.3065795898438","73.1613922119141","73.2439193725586","73.3856048583984","73.4822463989258","73.5288696289062","73.6696307887624","73.8534851074219","73.97265625","74.0762949770228","74.1776476748791","74.275919065527","74.3703138709243","74.460036813029","74.5442926137992","74.6222859951926","74.6932216791674","74.7516840220252","74.8544893625017","74.9805047873279","75.1119136177067","75.2506636608215",
"Rwanda","RWA","Urban population (% of total population)","SP.URB.TOTL.IN.ZS","2.59999990463257","2.6660734140367","2.72479324269835","2.778672593081","2.83022466764814","2.88196266886324","2.93639979918979","2.99604926109125","3.06342425703111","3.14103798947284","3.23622901071629","3.37114790204624","3.54970397117073","3.75495425404808","3.97236937390495","4.18741995396801","4.38557661746392","4.55230998761934","4.67223759552739","4.7524275952808","4.81638822421827","4.86825389406667","4.91095896081457","4.94743778045056","4.98062470896321","5.01345410234109","5.04886031657278","5.08977770764686","5.1391406315519","5.19988344427648","5.27494050180917","5.36287370946222","5.66334740292516","6.4000266086375","7.48340913293057","8.81556593108499","10.2985679583814","11.8344861701004","13.3253915215227","14.6733549679289","15.7804474645996","16.5487399668155","16.8778847116752","16.8947432312369","16.9020099536792","16.9072114459454","16.9110139245047","16.9140836058266","16.9170867063804","16.9206894426355","16.9255580310614","16.9323586881273","16.9410248882148","17.0742206053612","17.5020716539756","18.1953149858416","19.1213951786548","20.2477568101111","21.5418444579064","22.9711026997362","24.5029761132966","26.1049092762833","27.7806702737761","28.8555310645477","29.8849714294083","30.9133840928162",
"South Asia","SAS","Urban population (% of total population)","SP.URB.TOTL.IN.ZS","16.3152855428635","16.4234839099091","16.5498604855715","16.692872402361","16.8532605990007","17.0299816874444","17.2213086869188","17.4267051844401","17.6448323474448","17.8747589374509","18.1185289070209","18.3840841948946","18.6921567811545","19.0525922795368","19.4631217140052","19.9267852576888","20.4299561812704","20.9464372499604","21.4512025148018","21.9208987688379","22.331383278282","22.660728499286","22.9414177161808","23.1995441997629","23.4387747514207","23.6630213056556","23.876524470624","24.0839012398771","24.2895887550152","24.497662596736","24.712827250679","24.9369783254067","25.1598277406279","25.3776107282218","25.5945992808098","25.8133346237754","26.0369490850968","26.2685002057824","26.5109397007103","26.7673728216575","27.0411850503621","27.3367176958249","27.6624110938664","28.0227929273744","28.410648569229","28.8194352543063","29.2427297254624","29.674497317065","30.1090398673123","30.540665970275","30.9636904041139","31.3499145522495","31.6728581018008","32.0003773282425","32.3195810824512","32.6380348100917","32.9532139923473","33.2643876230047","33.5735795082406","33.8860664509609","34.2000653894608","34.5086968655354","34.8137520955194","35.137165500664","35.462858724308","35.7927050201319",
"Saudi Arabia","SAU","Urban population (% of total population)","SP.URB.TOTL.IN.ZS","31.4438801198745","32.7543181816064","34.0999984741211","35.5642655458969","37.2123025693139","39.0122212209451","40.9321331773638","42.9401501151431","45.0043837108563","47.0929456410765","49.1739475823769","51.2155012113306","53.185718204511","55.052710238491","56.7777546587386","58.4150111690121","60.0534182860023","61.6889973751533","63.307312397684","64.8939273148134","66.4344060877606","67.9143126777444","69.319211045984","70.6346651536982","71.8462389621061","72.9394964324267","73.9000015258789","74.7707309303777","75.5916908413562","76.3439894813112","77.0087350727391","77.5670358381365","78","78.3431652316083","78.64816223271","78.9202387655061","79.164642592198","79.3866214749866","79.5914231760733","79.7842954576591","79.9704860819453","80.155242811133","80.3438134074234","80.5414456330177","80.7542316538166","80.9775503092999","81.2008588083072","81.4230015549063","81.6441431042994","81.8644480116889","82.0791668544465","82.2543876159947","82.4311918025358","82.6071884619102","82.7822571294871","82.9562773406163","83.129128630626","83.300690534822","83.4708425884849","83.6394643268678","83.8064352851942","83.9716349986538","84.1349430023993","84.2962388315415","84.4554020211443","84.6123121062185",
"Sudan","SDN","Urban population (% of total population)","SP.URB.TOTL.IN.ZS","11.7195836026126","12.3510474350285","12.9854067851002","13.6171101389602","14.240605982741","14.850342802575","15.4407690845946","16.0063333149324","16.5414839797207","17.040669565092","17.4983385571788","17.9089394421136","18.2669207060288","18.5657492177316","18.8098536538127","19.008668645291","19.1769338706247","19.3283281441363","19.4765302801481","19.6352190929825","19.8180733969619","20.0387720064086","20.310993735645","20.7089395423352","21.4474884740718","22.5734088894875","23.956705861531","25.4917083650521","27.0727453749002","28.5941458659249","29.9502388129759","31.0353531909027","31.7438179745549","31.9884478944617","32.0486931236115","32.1100625013715","32.1664651904255","32.2179601401085","32.2646062997555","32.3064626187016","32.3435880462815","32.3760415318304","32.4038820246832","32.4271684741748","32.4459598296403","32.4603150404146","32.4702930558327","32.4759528252296","32.4816230749746","32.5774622972843","32.7174026591513","32.9059760141986","33.1425561614901","33.4264777958103","33.7624582408117","34.0914394628597","34.1881958841213","34.2872225663509","34.382054222005","34.4727685824236","34.5594433789246","34.6421563427994","34.7209852053086","34.7960076976764","34.8673015510839","34.9349444966605",
"Senegal","SEN","Urban population (% of total population)","SP.URB.TOTL.IN.ZS","22.6143820537868","22.8452558149389","23.3384454983395","24.0754335379086","24.999368992554","26.0534009211832","27.180678382704","28.3243504360241","29.427566140051","30.4334745536924","31.285224735856","31.9442434147881","32.5068747527782","33.0227731241423","33.4982797776148","33.9429165602491","34.36651179273","34.7794251098707","35.1840286724051","35.5789615992574","35.963042872512","36.3350914742532","36.6939263865655","37.0383665915331","37.3672310712406","37.6793388077723","37.9735087832125","38.2485599796457","38.5031519344395","38.7355083854582","38.9466557465895","39.1402262390545","39.3197068566225","39.4885845930629","39.6503464421449","39.808479397638","39.9664704533115","40.1278066029348","40.2959748402772","40.474462159108","40.6667555531967","40.8763420163126","41.1081471561292","41.35893934855","41.6248193895895","41.9057599695838","42.2046413043069","42.524343609533","42.867747101036","43.23773199459","43.6371785059692","44.0689668509475","44.5359772452989","45.0398750539456","45.6020905341588","46.2747669629858","47.0553579909929","47.9338349639053","48.9001692274485","49.9443321273477","51.0562950093282","52.2260292191155","53.4435061024348","54.6992276190794","55.2368169057304","55.7672494455246",
"Singapore","SGP","Urban population (% of total population)","SP.URB.TOTL.IN.ZS","100","100","100","100","100","100","100","100","100","100","100","100","100","100","100","100","100","100","100","100","100","100","100","100","100","100","100","100","100","100","100","100","100","100","100","100","100","100","100","100","100","100","100","100","100","100","100","100","100","100","100","100","100","100","100","100","100","100","100","100","100","100","100","100","100","100",
"Solomon Islands","SLB","Urban population (% of total population)","SP.URB.TOTL.IN.ZS","2.7170540456641","3.00252478644013","3.30940675735474","3.66357088088989","4.02425956726074","4.46254539489746","4.94464445114136","5.47346115112305","6.05766725540161","6.62924194335938","7.13199593633441","7.53841630621967","7.90926886772559","8.25536914929607","8.59133817629704","8.93179697409447","9.29041611841584","9.66486144910245","10.0493360473539","10.4388145359095","10.828409255921","11.2132325485406","11.58839675492","11.9490142162112","12.2901972735663","12.6070582681371","12.8934784967846","13.1497599659455","13.3775613753983","13.5832812196308","13.7716874423522","13.9475479872714","14.1156307980977","14.28070381854","14.4475349923074","14.620892263109","14.8055435746538","15.006256870651","15.2278000948096","15.4759628886412","15.7523593692696","16.0619258388978","16.4026212138182","16.7733115757749","17.172863006512","17.6001415877737","18.0540134013038","18.5333445288467","19.0370010521463","19.5633740998673","20.1194058206257","20.7284892962955","21.3906964219987","22.1027262484765","22.8612778264703","23.6630502067213","24.5047424399707","25.3830535769599","26.2946826684302","27.275106750276","28.0327555150022","28.6889396820578","29.3511689856806","30.0088821088389","30.6617188562194","31.3093190325418",
"Sierra Leone","SLE","Urban population (% of total population)","SP.URB.TOTL.IN.ZS","17.4312588342567","17.9644816644891","18.5012877001391","19.0482438144736","19.6533741029266","20.3411869741729","21.0903845990253","21.8839378880158","22.7048177516767","23.53599510054","24.360440845138","25.1611258960027","25.9210211636663","26.623097558661","27.2442316268436","27.7988231533483","28.3209588386148","28.8238934296805","29.3071795319385","29.7703697507816","30.2130166916028","30.6346729597952","31.0348911607516","31.4132238998651","31.7692237825286","32.1015093429715","32.4125385313847","32.7007088104187","32.9693101499458","33.220723422992","33.4573295025833","33.6815092617457","33.8956435735053","34.102113310888","34.3032993469197","34.5015825546266","34.6993438070346","34.8989639771697","35.1028239380579","35.3133045627252","35.5327867241975","35.763651295501","36.0082791496616","36.2690511597053","36.5491283814755","36.8485519672439","37.1703805343647","37.5122859420526","37.8725951588418","38.2496351532666","38.6417328938613","39.0472153491602","39.4644094876975","39.8916422780075","40.3272406886245","40.7669565187099","41.229411538771","41.7106682105058","42.2011025267803","42.7018444914441","43.2129659123546","43.7345385973699","44.2666343543487","44.809324991151","45.3626823156371","45.9267781356681",
"El Salvador","SLV","Urban population (% of total population)","SP.URB.TOTL.IN.ZS","38.3840656872751","38.5216917135151","38.6416826910921","38.7438078503464","38.833570524717","38.9160411532436","38.9962901749655","39.0793880289222","39.1704051541532","39.274411989698","39.396478974596","39.5417025048412","39.7269833593191","39.9637129247022","40.2489011841484","40.5795836277068","40.9527957454266","41.365573027357","41.8149509635473","42.2979650440467","42.8116507589043","43.3530435981694","43.9191790518912","44.507092610119","45.1138197629018","45.736396000289","46.3718568123298","47.0172376890733","47.6695741205689","48.3259015968656","48.9832556080127","49.6386716440595","50.2872835534805","50.9483930098203","51.6517549528294","52.3961349506028","53.1766916094294","53.9885835355981","54.8269693353978","55.6870076151174","56.5638569810457","57.4526760394716","58.3486233966841","59.2468576589718","60.1425374326239","61.0308213239291","61.9068679391763","62.7676878093683","63.6372503452723","64.5299047495248","65.4327927543162","66.334413642034","67.2232666950659","68.0878511957995","68.9166664266223","69.6982116699219","70.3990173339844","71.0856704711914","71.7577209472656","72.4148941040039","73.0570220947266","73.6838531494141","74.1465021298679","74.6080675149903","75.0674905102199","75.5237123209951",
"San Marino","SMR","Urban population (% of total population)","SP.URB.TOTL.IN.ZS","48.9000015258789","49.6753221896984","50.5074548878367","51.4013183663657","52.3618313713575","53.3939126488841","54.5024809450176","55.6924550058299","56.9687535773932","58.3362954057793","59.7999992370605","61.5897431667388","63.8161272295025","66.3051530802027","68.8828223736904","71.3751367648166","73.5714732512881","75.5242927851408","77.5062609911746","79.5474601536626","81.5848042163697","83.5552071230606","85.3955828175001","87.0428452434531","88.4339083446843","89.5056860649585","90.1950923480406","90.4390411376953","90.4391632080078","90.4419860839844","90.5081313103143","90.6839471071196","90.9486426338301","91.2814270498757","91.6615095146862","92.0680991876912","92.4804052283208","92.8776367960046","93.2390030501725","93.5437131502544","93.7709762556799","93.9000015258789","93.9488167294543","94","94.2143791763566","94.6454896824635","95.2084276028853","95.8182890221867","96.3901700249324","96.8391666956869","97.074615769187","97.0999984741211","97.0999984741211","97.0999984741211","97.0999984741211","97.0999984741211","97.0999984741211","97.0999984741211","97.0999984741211","97.0999984741211","97.0999984741211","97.1035668453272","97.1141889380465","97.1317310361655","97.1560555881096","97.1870254171573",
"Somalia, Fed. Rep.","SOM","Urban population (% of total population)","SP.URB.TOTL.IN.ZS","17.6661877175783","18.1741936982061","18.6854591168632","19.2000007629395","19.734329893097","20.298692538397","20.8837076498277","21.4799941783772","22.0781710750338","22.6688572907858","23.2426717766214","23.7902334835287","24.302161362496","24.7690743645115","25.1815914405635","25.532797785608","25.8442943408161","26.1260458993913","26.3836594902243","26.6224928511374","26.847903719953","27.0652498344932","27.2798889325803","27.4971787520367","27.7224770306845","27.9611415063462","28.2185299168439","28.5","28.7969438370269","29.098054289527","29.4046402659076","29.7180106745758","30.0394744239389","30.3703404224041","30.7119175783784","31.0655148002693","31.4324409964838","31.8140050754292","32.2115159455126","32.6262825151413","33.0596136927225","33.5128183866634","33.9872055053711","34.4719665654476","34.9620706047618","35.4674928136211","35.9982083823331","36.5641925012053","37.1754203605454","37.8418671506609","38.5735080618592","39.380318284448","40.2722730087349","41.2593474250273","42.3515167236328","43.8618107408479","45.942842729174","48.3639630032265","50.9506215336872","51.6421170703225","52.286318011754","52.9060649733324","53.5010115886789","54.0714435506882","54.6176465524521","55.1399062872976",
"Serbia","SRB","Urban population (% of total population)","SP.URB.TOTL.IN.ZS","29.0637407717058","30.0514207305317","31.1003606667552","32.2221183589961","33.3888505275946","34.5764112393776","35.7606545611719","36.9174345598043","38.0226053021016","39.0520208548908","39.9815352849985","40.7920352843336","41.5281802102789","42.2247129979135","42.8831474091289","43.5069968895082","44.0997748846345","44.6649948400909","45.2061702014604","45.7268144143263","46.2304409242715","46.7182282674589","47.1792740132812","47.6080965022404","48.0135053591504","48.4028615912743","48.7835262058747","49.1628602102148","49.5482246115572","49.946980417165","50.3664886343009","50.8151651099233","51.299314734908","51.8163433117438","52.3566205795925","52.9113216254578","53.4716215363434","54.028695399253","54.5737183011903","55.0978653291589","55.5923115701625","56.0482321112049","56.462901503343","56.8784264526306","57.3144555999278","57.7508909888183","58.1709152910668","58.5577111784378","58.8944613226962","59.1643483956067","59.3505550689338","59.4349187787267","59.3468437194824","59.6111068725586","59.8779373168945","60.1388092041016","60.3853870034026","60.621208190918","60.8433609008789","61.0492248535156","61.223201751709","61.363899230957","61.9013813540396","62.1434649229738","62.3830029804177","62.6379872799333",
"Sub-Saharan Africa (excluding high income)","SSA","Urban population (% of total population)","SP.URB.TOTL.IN.ZS","14.3404480084737","14.6946384214069","15.0665958217811","15.4526711347976","15.8515394613433","16.2667940517892","16.6952597786545","17.1299932827668","17.5704255052579","18.0198136649653","18.4779687448263","18.9511617348737","19.4466727341004","19.9555182769334","20.4629506890213","20.9662580376518","21.463006908917","21.9552940058111","22.4273694319237","22.8829000522693","23.3494484607871","23.8016661753098","24.2448045050142","24.7088085243293","25.2022098961913","25.7193634628407","26.2409262475295","26.8092192239293","27.3633019931282","27.9125235961603","28.4311338869893","28.9464036928847","29.3676437946988","29.77467196869","30.2096405320878","30.6199465932191","30.9852588081184","31.3685527333132","31.7891060925984","32.2179785682813","32.6590838594923","33.1233991632771","33.6019263795673","34.0970604619123","34.610244785712","35.1244431664379","35.6414055285036","36.1005734822503","36.62277257183","37.0888673329909","37.5321548374391","37.9757403535007","38.4191173810863","38.8777381567093","39.3563962352604","39.8377982630079","40.3032542736816","40.7746030847625","41.2564263036696","41.7069060558369","42.1668776172731","42.6488015882409","43.15565683019","43.6394241334397","44.1494028547268","44.6584634972637",
"South Sudan","SSD","Urban population (% of total population)","SP.URB.TOTL.IN.ZS","8.66014350393072","8.63853004737055","8.61882914868015","8.60095220683216","8.58481062079924","8.57031578955405","8.55737911206925","8.54591198731749","8.53582581427144","8.52703199190375","8.51944191918708","8.51296699509408","8.50751861859742","8.50300818866975","8.49934710428372","8.49644676441201","8.49421856802726","8.49257391410213","8.49142420160929","8.49068082952138","8.49025519681107","8.49005870245101","8.49000274541386","8.51886343890962","8.73311195571382","9.1537124013151","9.72767919193398","10.4087422304565","11.1506314197689","11.9070766627571","12.6318078623073","13.2785549213056","13.8010477426381","14.1628125972768","14.4519115878723","14.741959594823","15.0253277804679","15.299558729894","15.5621950281887","15.8107792604388","16.0428540117317","16.2559618671544","16.447645411794","16.6154472307377","16.7569099090725","16.8695760318857","16.9509881842643","16.9986889512954","17.0301141193955","17.2937284639317","17.535620199576","17.7817678106789","18.0321885447664","18.2868996493633","18.5459183719929","18.8092619601773","19.0769476614377","19.3489927232944","19.6254143932663","19.9062299188719","20.1914565476286","20.4811115270532","20.7752121046616","21.0737755279692","21.3768190444906","21.6843599017401",
"Sub-Saharan Africa","SSF","Urban population (% of total population)","SP.URB.TOTL.IN.ZS","14.3428597532354","14.6970319169587","15.0690230410912","15.4551779400033","15.8541649912097","16.2695693062637","16.6982076220793","17.1331282368807","17.573752626158","18.0233285403043","18.4816582158001","18.9549938334147","19.4506971011529","19.9597564227593","20.4674197062728","20.9709375982245","21.4677917383927","21.9600479693954","22.4319341551393","22.8872915580704","23.3536752978452","23.8057447986904","24.2487115757114","24.7125244924817","25.2057667609701","25.722769048955","26.244178408995","26.8124303703671","27.3663492573448","27.9154133577154","28.4338656822031","28.9490001511625","29.3700920583938","29.7770092451755","30.2118748823815","30.6219971696568","30.9870637703263","31.3701529624112","31.7905919463757","32.2193640895497","32.6603636070495","33.1245713984468","33.6030328842218","34.098059763338","34.6111490644491","35.1252647556364","35.6421605036882","36.1012589693212","36.6233967078065","37.0894274944778","37.5326696254384","37.9761873273848","38.4195200457817","38.8781029884112","39.3567243486427","39.8380952067264","40.3035222705197","40.7748446210958","41.2566428447246","41.7071031134135","42.1670568799491","42.6489634636483","43.1558281440802","43.639562828921","44.1495101463121","44.6585400495213",
"Small states","SST","Urban population (% of total population)","SP.URB.TOTL.IN.ZS","33.7647973057049","34.3733742322705","35.0548625372217","35.7278243724088","36.408900715066","37.0876247101638","37.7271329661319","38.3439761571198","38.9500424574296","39.4990162433455","40.0013743862044","40.4812470229437","41.0051551945226","41.5438583977456","42.1980566934767","42.9000419272686","43.4824082421643","43.9946471383312","44.4708982826008","44.872728616061","45.2081513114873","45.5069175233169","45.8166736362887","46.1115324280591","46.3973042661281","46.7134222721805","47.0321369895087","47.338892558458","47.6314403821589","47.9042429736813","48.1438344049349","48.3305901171016","48.3853217284637","48.4092952534472","48.4864786296708","48.5593621248555","48.5964787964795","48.6455187057093","48.7080759429798","49.0132665325929","49.2961871752943","49.3170929143434","49.3388064786292","49.3908235841846","49.467018684534","49.514592333948","49.5866232129558","49.6867101238797","49.8031679131066","49.9082927598953","49.9789172474027","50.0393878949867","50.1216411856977","50.2078520957445","50.3145535848893","50.4432480596759","50.5823717773529","50.740519957361","50.8834075568435","51.0510007537325","51.2091700462085","51.340072776001","51.5222800598785","51.7493987022104","51.9275948240725","52.1047234338587",
"Sao Tome and Principe","STP","Urban population (% of total population)","SP.URB.TOTL.IN.ZS","15.4298356457858","15.9262917524485","16.8913070660808","18.2827004029807","19.9792091281889","21.8595706067462","23.8025222036935","25.6868012840716","27.3911452129212","28.7942913552832","29.7580767294187","30.3503527966162","30.8102103597303","31.1894039361865","31.5088711327861","31.7895495563306","32.0523768136215","32.3182905114604","32.6082282566485","32.9431276559874","33.3439263162786","33.8301919007624","34.4707393466422","35.3167652887903","36.3310963650518","37.474126843308","38.7062509914404","39.9878630773304","41.2793573688592","42.5411281339083","43.7335696403591","44.8152889990418","45.7968298871752","46.7288366793672","47.625880905236","48.5003270529522","49.3645396106862","50.2308830666086","51.1117219088898","52.0194206257004","52.9663437052108","53.9612039920776","55.0882710997103","56.4128470868097","57.8774845467458","59.4188016908917","60.9734167306206","62.4779478773056","63.8690133423199","65.0832313370367","66.0572200728291","66.7275977610702","67.0335889448132","67.1306686401367","67.2606735229492","67.3915710449219","67.5218887329102","67.6520004272461","67.7828826904297","67.9129943847656","68.0436706542969","68.1738967895508","68.3720919798341","68.6043921103568","68.8710170184884","69.1721865415984",
"Suriname","SUR","Urban population (% of total population)","SP.URB.TOTL.IN.ZS","60.9719296280079","63.0270625521718","64.5958687249818","65.5563146748529","65.8155107729289","65.8389445544183","65.8607097262987","65.8783330284516","65.8930683607798","65.9061696231861","65.9188907155734","65.9324855378446","65.9474452141714","65.9619330046236","65.9752651039667","65.988083397197","66.0008308684252","66.0139505017616","66.0278852813168","66.043078191201","66.059971693569","66.0798437008332","66.10341128094","66.1302730823181","66.1600272294813","66.1922718469436","66.2266050592188","66.2626249908206","66.2999297662631","66.33811751006","66.3767863467252","66.4155344007725","66.4539597967158","66.491660659069","66.5282351123459","66.5632812810604","66.5963972897263","66.6271812628574","66.6552313249677","66.680145600571","66.7015222141811","66.718959290312","66.7320549534773","66.7404073281911","66.743604713168","66.7321826490881","66.6967982269052","66.6433180134835","66.5776961831642","66.5058869102882","66.4338443691967","66.3675227342307","66.3132562693376","66.2683575134509","66.2249266178037","66.1828815074718","66.1426466980469","66.1046467051207","66.0693060442846","66.0370492311305","66.00830078125","65.9853973388672","65.8985443115234","65.7562408447266","65.7641857200885","65.7886836406706",
"Slovak Republic","SVK","Urban population (% of total population)","SP.URB.TOTL.IN.ZS","33.377498555932","33.8706957980902","34.4290646412497","35.0779756909031","35.8003332226964","36.5843439498957","37.4182145857674","38.2901518435776","39.1883624365927","40.1010530780789","41.0108238145688","41.9492614131804","42.9959669161556","44.1360463055453","45.3342318356853","46.5552557609114","47.7638503355591","48.9247478139644","50.002680450463","50.9623804993905","51.7569015831325","52.435095483544","53.0975909958706","53.7526128139881","54.384307189342","54.9768203733779","55.5142986175413","55.9808881732776","56.3607352920324","56.6379862252511","56.7967872243793","56.8271887773122","56.807175465707","56.7645334025874","56.7028303199392","56.6251654840935","56.5346381613813","56.4343476181338","56.3273931206821","56.2168739353574","56.1058893284907","55.9968426739371","55.8776140379959","55.7386007222942","55.5843833415875","55.4189847597721","55.2464278407442","55.0707354484001","54.895930446636","54.7260356993483","54.5650740704331","54.4167387988534","54.2764528316182","54.1384024098892","54.0029125499893","53.8700628001622","53.7399327086517","53.6126018237016","53.4881496935559","53.3666558664583","53.2481998906526","53.1901479870605","53.1902831072528","53.190805019646","53.1919702985684","53.1940341971169",
"Slovenia","SVN","Urban population (% of total population)","SP.URB.TOTL.IN.ZS","28.2459014205798","29.114767279637","29.9752311598082","30.8246374898615","31.6695971248095","32.5158963508726","33.3693214542715","34.2356587212268","35.1206944379592","36.0302148906893","36.9700063656376","37.957014862417","39.0620076456922","40.3023228455052","41.6224632437151","42.9736388099945","44.3070595140163","45.5739353254531","46.7254762139777","47.712892149263","48.4873931009815","49.0169271538591","49.4404176451283","49.8459897046519","50.2111152771469","50.5209470884892","50.7606378645542","50.9153403312178","50.9702072143555","50.2635307312012","50.5835609436035","50.527096993728","50.6631317138672","50.3572006225586","50.1755294799805","50.2029106884133","50.2747487580715","50.3755853554947","50.4899621472228","50.6024207997953","50.6975029797519","50.7597503536323","50.7744556266555","50.7553842628349","50.7124410611224","50.648781400021","50.5672552816963","50.4707127083144","50.3620036820409","50.2439782050416","50.1194862794826","49.9463818748723","49.7619476318359","50.0466580754027","50.983470916748","53.6612160294144","53.647274017334","55.2451133728027","55.1913430955675","55.4523277282715","55.384391784668","55.3046289429588","55.3377817873563","55.5378927789875","55.7577708405917","55.9906997845822",
"Sweden","SWE","Urban population (% of total population)","SP.URB.TOTL.IN.ZS","72.468357448982","73.3512656787098","74.2884260082654","75.2509219454679","76.2063302365149","77.1144815966842","78.0065281470108","78.9370890987311","79.8433134789156","80.6431673329191","81.2420904958891","81.6540963032829","81.9892543928674","82.2714823512026","82.4984771597006","82.6647545470579","82.7897023826296","82.8988670650371","82.9905429060001","83.0565715889195","83.0882867174939","83.0927983883441","83.0944598230235","83.095487090311","83.0966927900602","83.098679811213","83.111717825664","83.1592581308537","83.2321207888848","83.3183773224841","83.4041730411294","83.4950691325043","83.6078889853357","83.7269008050895","83.8312298868944","83.9000015258789","83.9365712484942","83.96246905017","83.9840819295031","84.00779688509","84.0400009155273","84.0827152824223","84.1342508376823","84.1954289653543","84.2670710494849","84.3499984741211","84.4553200620359","84.5906875454778","84.7517366727063","84.9341031919813","85.1334228515625","85.3600748880524","85.6250668883122","85.9249771259894","86.2563838747314","86.6158654081858","87","87.237373786911","87.4737430925296","87.7088420242759","87.9424046895699","88.1741651958315","88.4038576504809","88.631216160938","88.8559748346228","89.0778677789555",
"Eswatini","SWZ","Urban population (% of total population)","SP.URB.TOTL.IN.ZS","4.05605468939175","4.50934604282058","4.99165826155719","5.5003389099887","6.03273555250223","6.58619575348491","7.1598753100716","7.78668605792886","8.48787511620386","9.24856755402791","10.0553385340729","10.8947632190108","11.7534167715134","12.6178743542528","13.4747111299007","14.3105022611292","15.1072938404459","15.9275703287936","16.8382300309925","17.8053277569546","18.7882511130803","19.7463877057699","20.6391251414238","21.4258510264423","22.0659529672259","22.5188185701749","22.7396631606809","22.8013109411083","22.8507835706931","22.8953061998797","22.9347990696928","22.9691824211569","22.9983764952968","23.0223015331371","23.0408777757025","23.0540254640177","23.0616648391073","23.0630430265279","23.0294921563872","22.9514828473263","22.8409330761997","22.7095619136459","22.5690884303038","22.4312316968119","22.3077107838089","22.2102447619336","22.1505527018245","22.139989967508","22.1692008829856","22.2343865624794","22.3330792067471","22.4634753665393","22.6237715926065","22.8121644356992","23.026850446568","23.2660261759632","23.5278881746356","23.8052004963161","24.0579295404227","24.3459549517751","24.6652798922192","25.0156180525173","25.396682918542","25.8081878500755","26.2498461258639","26.7213709706525",
"Sint Maarten (Dutch part)","SXM","Urban population (% of total population)","SP.URB.TOTL.IN.ZS","100","100","100","100","100","100","100","100","100","100","100","100","100","100","100","100","100","100","100","100","100","100","100","100","100","100","100","100","100","100","100","100","100","100","100","100","100","100","100","100","100","100","100","100","100","100","100","100","100","100","100","100","100","100","100","100","100","100","100","100","100","100","100","100","100","100",
"Seychelles","SYC","Urban population (% of total population)","SP.URB.TOTL.IN.ZS","27.5100002288818","27.7110931047762","28.2396926411181","29.049587398041","30.0945659356782","31.3284168141633","32.7049285936297","34.1778898342109","35.7010890960402","37.2283149392511","38.7133559239771","40.1100006103516","41.7273913343306","43.7095939449168","45.7627822718143","47.5931301447268","48.9068113933581","49.4099998474121","49.4084645385194","49.4038742979008","49.3962526546457","49.3856231378432","49.3720092765826","49.3554345999532","49.3359226370444","49.3134969169452","49.2881809687451","49.2599983215332","49.2007563601092","49.0832284237241","48.9088869731444","48.6792044691366","48.3956533724673","48.0597061439028","47.6882836168039","46.8516399097002","45.4469524119701","44.3776725669881","43.9534538495124","43.6406066285756","43.3974230710038","43.2172985855685","43.0948464521927","43.0049328648162","42.9237756892027","42.8510349075107","42.7880431397027","42.7361330057413","42.696637125589","42.6708881192085","42.660307244583","42.6739844860866","42.7261758463169","42.815069634181","42.9386256186342","43.094803568632","43.2815632531296","43.4968644410824","43.7386669014459","44.0049304031754","44.2936147152263","44.6026796065539","44.9108209981157","45.0971081321658","45.2898622460415","45.4828390704609",
"Syrian Arab Republic","SYR","Urban population (% of total population)","SP.URB.TOTL.IN.ZS","40.0006101490939","40.358728260311","40.7064488921501","41.0461246166116","41.3801080056958","41.7107516314031","42.0404080657338","42.3714298806882","42.7061696482669","43.04697994047","43.3966694383516","43.7529143169291","44.1096595453088","44.4643311438209","44.8150721752309","45.1600257023045","45.4973347878071","45.8251424945043","46.1415918851617","46.4448260225449","46.7329879694194","47.0042170442923","47.2555855276502","47.4862044345146","47.6998687314281","47.9004636575506","48.0918744520422","48.2779863540628","48.4626846027722","48.6498544373304","48.8433810968973","49.0471498206329","49.2650458476971","49.5009544172498","49.7587435362079","50.0454433199127","50.3656541639413","50.7142395730045","51.085856389276","51.4751614549293","51.876811612138","52.2854637030759","52.6957745699164","53.1024010548332","53.5","53.8227202374695","54.059770380523","54.2883969431774","54.5858464394493","55.0293653833552","55.6962002889119","58.4817704183521","65.0896662830335","73.0620491886137","76","75.7529067188542","75.15400963398","74.5395596323392","74.0612602381775","73.8248788261986","73.4125031102512","73.0125007629395","72.6124992370605","72.1673803143204","72.0761345758254","72.0836286208518",
"Turks and Caicos Islands","TCA","Urban population (% of total population)","SP.URB.TOTL.IN.ZS","47.6223581998993","47.7578823783847","47.9769351706719","48.2633850672273","48.6042668577278","48.98661533185","49.3974652792709","49.8238514896672","50.2528087527157","50.6713718580932","51.0658295938466","51.4266952400637","51.7557333764334","52.0684521350944","52.3798200326735","52.7048055857979","53.0583773110943","53.4555037251897","53.911153344711","54.4402946862853","55.0732877799455","56.082667069285","57.5995133545409","59.5024339537532","61.6808611813261","64.0242273516633","66.4219647791689","68.7635057782468","70.9382826633008","72.8357277487349","74.3523565053289","75.6311625040046","76.8569515208731","78.0245890373966","79.1346004562551","80.1875111801289","81.1838466116978","82.124132153642","83.0088932086415","83.8386551793763","84.6139434685266","85.3337963668196","86.0142597030394","86.671565520254","87.3041883072325","87.908436065312","88.4806167958296","89.0170385001222","89.5140091795268","89.9678368353804","90.3748294690201","90.7312950817828","91.0352667584286","91.3168927865286","91.5971200472541","91.8737937193851","92.1466904484552","92.4155868799755","92.6802596594323","92.9404854322845","93.1960408439605","93.4467025398547","93.6922471653237","93.9324513656818","94.1670917861964","94.3959450720822",
"Chad","TCD","Urban population (% of total population)","SP.URB.TOTL.IN.ZS","6.59333271154994","6.92133708176102","7.25906894026772","7.6006134138896","7.96765511598421","8.41194483843781","8.92652367221407","9.49264753853897","10.0915723586385","10.7045540537388","11.3128485450656","11.8977117538452","12.4769191741943","13.3398670777992","14.4536820143545","15.6667291946334","16.8273738294088","17.783981129454","18.384916305542","18.7456377571299","19.0828185094898","19.3966457121171","19.6873065145073","19.9549880661559","20.1998775165583","20.42216201521","20.6220287116064","20.799664755243","20.9552572956152","21.0889934822186","21.2010604645485","21.2916453921005","21.3609354143699","21.4101199820059","21.4507061631048","21.4898472014251","21.5269357382438","21.5618719838381","21.5945561484855","21.6248884424631","21.6527690760484","21.6780982595188","21.7007762031515","21.7207031172239","21.7377792120134","21.7519046977973","21.7629797848529","21.7709046834576","21.7755796038887","21.7784396568755","21.8472378191095","21.9558736797638","22.1061904148178","22.2975929852391","22.5294513486009","22.8011258828974","23.1119734707179","23.461349471105","23.8486084924975","24.2731047386633","24.7341921795416","25.2312246423075","25.7635558629694","26.3305395171046","26.9315292389497","27.5658786336865",
"East Asia & Pacific (IDA & IBRD countries)","TEA","Urban population (% of total population)","SP.URB.TOTL.IN.ZS","19.0787875472983","18.7972196004776","17.3964197374661","17.1002743726917","18.2549328669288","18.0928339386626","18.0814449736807","18.0783727377648","18.0772588664966","18.0769531938382","18.068323880031","18.0658188727528","18.0725442983567","18.2164168038194","18.1910310254505","18.3437940813897","18.5170568028952","18.6881223911881","19.0595996960085","19.9545170120445","20.3941723253132","21.0683893749362","21.4870815666229","22.3857694229245","23.5304191383911","24.1712535592453","24.9062119778677","25.6282708803384","26.1389976169739","26.5814529439903","26.7362173791342","27.4561314200807","28.0383560180056","28.6499699778843","29.2699114217917","29.9080611872406","31.1974314110468","32.4764653595425","33.7548841665652","35.013539776688","36.4112152794795","37.4998031396625","38.727969853251","39.9594527891421","41.0390521054045","42.1137697479925","43.2653326652269","44.5393583519821","45.5089965028553","46.6637045085209","47.4944410556877","49.4756973637545","50.5489604205707","51.6977521381035","52.7530227342422","54.0210877061728","55.240567924451","56.3988367330046","57.595296727158","58.6098141698239","59.3301997601025","60.3208754851698","60.8301827838521","61.1991011324118","61.5847679018686","62.0267995645331",
"Europe & Central Asia (IDA & IBRD countries)","TEC","Urban population (% of total population)","SP.URB.TOTL.IN.ZS","44.4395667656778","45.2216504714279","45.8301197299004","46.4761890188916","47.1638304162329","47.8390890029769","48.5133823047318","49.1949018010239","49.9030395455312","50.6475765336703","51.3576911759483","52.0097073385609","52.7806893492229","53.5526284585255","54.3195874652104","55.023568340616","55.6656360296844","56.2273685167776","56.7928709540093","57.3172352619838","57.8117911769075","58.2996827144287","58.7961055683016","59.26552979091","59.7068187221921","60.1068428414515","60.5287184878582","60.9487976366714","61.3404372319136","61.6584979566498","61.8439018335284","61.9885514020002","61.9928089840242","61.985907305965","62.0389171987597","62.1041880774685","62.201670741285","62.300796980514","62.4113085959409","62.4634060948517","62.6684950236389","62.8394581402795","63.0133663929276","63.2222679423004","63.3623553468548","63.4858767579757","63.7021713607275","63.9485687111677","64.1945242729774","64.4354379403662","64.7258667419875","65.0953458128978","65.6154048918302","66.4664633633165","67.3911891022885","68.0719889181919","68.2998664724156","68.3671996828986","68.4656324149256","68.6393881359924","68.7550754784278","68.8680370709709","68.9112783282391","68.9599808529652","69.069522725284","69.1547566263432",
"Togo","TGO","Urban population (% of total population)","SP.URB.TOTL.IN.ZS","10.6477780013309","11.5948544772247","12.7103080800016","13.9412885167039","15.2349454943735","16.5384287200526","17.7988879007832","18.9634727436075","19.9793329555674","20.7936182437052","21.3707135644892","21.8295776253321","22.2403945683233","22.60758200235","22.9401438571081","23.2470840622931","23.5374065476009","23.8201152427271","24.1042140773674","24.3987069812176","24.7125978839733","25.0572394887706","25.4281873966399","25.8115784745194","26.2021681670453","26.5995506771182","27.0033202076388","27.4130709615079","27.8283971416261","28.2488929508941","28.6741525922127","29.1037702684825","29.5373401826042","29.9744565374785","30.4147135360062","30.8577053810879","31.3030262756242","31.750270422516","32.199032024664","32.6489052849687","33.0994844063309","33.5503635916513","34.0011370438307","34.4513989657696","34.9007435603688","35.3487650305291","35.795057579151","36.2392154091353","36.6808327233827","37.1195037247939","37.5545882975638","37.9872305648732","38.4194359598204","38.8516767884103","39.2839506458368","39.7162551272934","40.1485878279739","40.5809463430719","41.013328267781","41.445731197295","41.8781527268075","42.3105904515122","42.7332327975627","43.2496853032436","43.8148491605996","44.3949892074399",
"Thailand","THA","Urban population (% of total population)","SP.URB.TOTL.IN.ZS","11.8259031915076","11.963992179219","12.0928855757568","12.2170391523602","12.3404505516908","12.4671174164097","12.6010373891785","12.7462081126584","12.9066272295109","13.0862923823972","13.2943293788743","13.5670461058988","13.916324564384","14.3201813297757","14.7596606532936","15.2158067861574","15.6696639795869","16.1022764848018","16.4946885530218","16.8279444354667","17.0844066743608","17.2827538871177","17.4439726290857","17.5796435064122","17.7013465942106","17.8206619675942","17.9491697016767","18.0984498715714","18.2800825523918","18.5056478192513","18.8071480847314","19.3568451726218","20.2251472411188","21.344368876117","22.6578637457835","24.1089855182854","25.6410878617897","27.1975244444636","28.7216489344742","30.1568149999886","31.4626212652205","32.7428054763889","34.0732781018222","35.4270354382579","36.785516284484","38.1301594392881","39.4424037014582","40.7036878697821","41.8954507430475","42.9991311200422","44.0018736622496","44.8048723557374","45.373565813715","45.8321343847773","46.3138799467897","46.9521043776171","47.8801095551247","49.2311973571777","54.5843734741211","55.9266166687012","57.2358779907227","58.5087776184082","59.742374420166","60.9341926574707","61.8689338391321","62.7993377136296",
"Tajikistan","TJK","Urban population (% of total population)","SP.URB.TOTL.IN.ZS","33.395180548289","33.95772002878","34.5174483399294","35.0595718686087","35.5692970016891","36.0318301260417","36.432377628538","36.7561458960492","36.9883413154465","37.1141702736012","37.1146662555686","37.00035563208","36.7812891529044","36.4858400576587","36.1383146079998","35.7630190655849","35.384259692071","35.0263427491149","34.7135744983739","34.4643148442609","34.2502121134354","34.0565161831076","33.8759702187396","33.7011458201198","33.5246145870369","33.3389481192791","33.1367180166351","32.9104958788933","32.6528533058421","32.3308011234669","31.8835141088268","31.2960416833691","30.6177365157904","29.8872550433905","29.1432537034689","28.4243889333252","27.769317170259","27.2166948515698","26.8051784145572","26.5734242965209","26.5355104669232","26.5345041786379","26.5336513960096","26.5331204386766","26.5327772632159","26.5324878262051","26.5321180842215","26.5315339938424","26.5306015116451","26.529186594207","26.5274312963978","26.4792213439941","26.4102249145508","26.4883155822754","26.5633735656738","26.478832244873","26.3718509674072","26.2731513977051","26.2338752746582","26.1300735473633","26.1925442328719","26.1991525151375","26.1957126615618","26.1890127571429","26.1788063651548","26.16476270853",
"Turkmenistan","TKM","Urban population (% of total population)","SP.URB.TOTL.IN.ZS","46.5537453713647","46.778152704992","46.9922347168608","47.1923818268815","47.3749844549648","47.536433021021","47.6731179449606","47.7814296466942","47.8577585461322","47.8984950631851","47.9018414896388","47.8852472058234","47.8518948098544","47.80432732332","47.7444719279809","47.6742558055976","47.595606137931","47.5104501067415","47.4207148937901","47.3165631269263","47.1662761093119","46.9591547358581","46.7140011497584","46.4449834136351","46.1662695901108","45.892027741808","45.6364259313491","45.4136322213566","45.237814674453","45.1127276928258","45.0014960583936","44.8948092738727","44.802815831344","44.7333631747595","44.6942987480715","44.7104145330766","44.8415980584705","45.0827873053312","45.3928311026819","45.735276090984","46.0736689106993","46.3715562022892","46.5924846062154","46.7000007629395","46.7375427392139","46.7728683922582","46.8060040482349","46.8369760333063","46.8658106736347","46.8925342953825","46.9171732247121","46.9397537877858","46.9603023107661","46.9788451198152","46.9954085410955","47.0100189007695","47.0227025249994","47.0334857399476","47.0423948717765","47.0494562466485","47.0546961907259","47.0581410301711","47.0592103414926","47.0678875054171","47.0875253910294","47.1053608253747",
"Latin America & the Caribbean (IDA & IBRD countries)","TLA","Urban population (% of total population)","SP.URB.TOTL.IN.ZS","48.5883884738008","49.3116231237926","50.0453611276494","50.7923631737343","51.5508609884162","52.3234126560917","53.1109440302418","53.9102388105971","54.7177862653739","55.5294884672249","56.342139312029","57.1904600568941","58.0718001731051","58.9853276076044","59.9165207290877","60.8508428119049","61.7744806135338","62.6715119528233","63.5250500030598","64.3191948037407","65.0352803704551","65.6894926072855","66.3105506476865","66.9020489867751","67.4704538621551","68.0206473093208","68.5551753574844","69.0746935300428","69.5798699498515","70.0719177448408","70.5522852549576","71.02604618495","71.4865473717798","71.930246214289","72.3709700889016","72.8257755071835","73.3062879840329","73.8305337178038","74.3870089422667","74.9284998402689","75.4082129013231","75.8280638419443","76.2174147776475","76.5695191433335","76.8832936904596","77.1629019596436","77.4071292343337","77.640229259954","77.8652582829749","78.0831498466914","78.2956488991946","78.5011436720577","78.7047750052812","78.9165836181544","79.1330503121854","79.3548258170168","79.5767193908271","79.7952284112037","79.992282192881","80.2043693016899","80.4192977316043","80.621099914497","80.8195255101746","81.0398075940594","81.2720096738405","81.5103934487331",
"Timor-Leste","TLS","Urban population (% of total population)","SP.URB.TOTL.IN.ZS","10.0841030864698","10.1242122141763","10.2038160264297","10.326532665448","10.4899164469303","10.6915216865754","10.9289027000822","11.1996138031497","11.5012093114768","11.8312435407625","12.1872708067057","12.5668454250053","12.9675217113602","13.3868539814695","13.822396551032","14.2717037357466","14.7323298513123","15.2018292134281","15.6777561377928","16.1576649401054","16.6391099360648","17.11964544137","17.5968257717199","18.0682052428134","18.5313381703495","18.983778870027","19.423081657545","19.8468008486024","20.2524907588981","20.6377057041309","21","21.3397007221907","21.6616345464787","21.9701051886988","22.2694163646854","22.5638717902731","22.8577751812964","23.1554302535899","23.461140722988","23.7792103053254","24.1139427164365","24.469641672156","24.8506108883184","25.2611540807581","25.7040830077802","26.3097308948751","27.121697883382","28.0011655196859","28.8076745459306","29.4007657042596","29.6398840020416","29.633352306451","29.6136082349605","29.5836906253246","29.5463092024041","29.5043315008419","29.4462907628171","29.3600996787092","29.248617510057","29.1148755245217","28.9619049897647","28.7927371734472","28.5857292288968","28.595471832952","28.6641074179574","28.7864318960935",
"Middle East, North Africa, Afghanistan & Pakistan (IDA & IBRD)","TMN","Urban population (% of total population)","SP.URB.TOTL.IN.ZS","28.7288534365386","29.3175453216591","29.9322604430153","30.5382311145175","31.1146753245636","31.6280817060657","32.1067504446784","32.6597383043353","33.183608570233","33.7122953339147","34.2419791640447","34.7699586360354","35.3086335585277","35.8303087373536","36.3470809135841","36.862000183526","37.3312417185244","37.8408514434034","38.3207942469418","38.8204592901712","39.3496600497232","39.9610996277808","40.5440044799404","41.0121800585363","41.4673974058797","41.9119494366687","42.3333138845598","42.7495346094507","43.0942364264979","43.4035300353259","43.6967738647809","43.952064218506","44.2305515477944","44.4277831002169","44.6448919171548","44.8822863766536","45.0918482320674","45.37613392504","45.6281861762213","45.8805073396344","46.1512025453053","46.4220122140797","46.6273162735715","46.8235027124864","47.0702774116332","47.3188148610601","47.5309166902311","47.7479439125995","47.9748067174573","48.2068846515889","48.4579212313616","48.7709197134048","49.2354754411305","49.7861078087819","50.1424314222312","50.385107716384","50.5924176765155","50.7866571436082","50.9917156514723","51.2234331146053","51.4495362826798","51.6735754616086","51.925275557204","52.1776709218643","52.3941964396274","52.6132026777518",
"Tonga","TON","Urban population (% of total population)","SP.URB.TOTL.IN.ZS","18.2605096264325","18.7026643887843","19.0981651533428","19.4387858129777","19.7163002605587","19.9224823889553","20.0446469572151","20.1018300014594","20.137521610625","20.1651367218359","20.1868145517435","20.2046943169994","20.220915234255","20.2376165201619","20.2569373913715","20.2810170645355","20.3119483351671","20.3546625608053","20.4207815357474","20.5092267246345","20.6173751312774","20.7426037594872","20.8822896130748","21.033809695851","21.1945410116269","21.3618605642134","21.5331453574214","21.7057723950618","21.8771186809456","22.0445612188837","22.205477012687","22.3572430661665","22.4972363831331","22.6228339673977","22.7314128227714","22.8203499530649","22.8856927807696","22.9319816024383","22.9682257410741","22.998777247039","23.0251513819988","23.0488634076195","23.071428585567","23.0943621775072","23.1191794451059","23.1473956500293","23.1801421282521","23.2239976577967","23.2889000757567","23.3612068183251","23.4243619099178","23.46075468367","23.4589062635692","23.4170795020344","23.3431040935971","23.2434422818439","23.1277038505921","22.9711300654966","22.7017138925547","22.3288155626206","21.8766206823411","21.258003897665","21.147219451842","21.147944541337","21.1505271125521","21.1561406217448",
"South Asia (IDA & IBRD)","TSA","Urban population (% of total population)","SP.URB.TOTL.IN.ZS","16.3152855428635","16.4234839099091","16.5498604855715","16.692872402361","16.8532605990007","17.0299816874443","17.2213086869188","17.4267051844401","17.6448323474448","17.8747589374509","18.1185289070209","18.3840841948947","18.6921567811545","19.0525922795368","19.4631217140052","19.9267852576888","20.4299561812704","20.9464372499604","21.4512025148018","21.9208987688379","22.331383278282","22.6607284992861","22.9414177161808","23.1995441997629","23.4387747514207","23.6630213056556","23.876524470624","24.0839012398771","24.2895887550152","24.497662596736","24.712827250679","24.9369783254067","25.1598277406279","25.3776107282218","25.5945992808098","25.8133346237754","26.0369490850968","26.2685002057824","26.5109397007103","26.7673728216575","27.0411850503621","27.3367176958249","27.6624110938664","28.0227929273744","28.410648569229","28.8194352543063","29.2427297254624","29.674497317065","30.1090398673123","30.540665970275","30.9636904041139","31.3499145522495","31.6728581018008","32.0003773282425","32.3195810824512","32.6380348100917","32.9532139923473","33.2643876230047","33.5735795082406","33.8860664509609","34.2000653894608","34.5086968655354","34.8137520955194","35.137165500664","35.462858724308","35.7927050201319",
"Sub-Saharan Africa (IDA & IBRD countries)","TSS","Urban population (% of total population)","SP.URB.TOTL.IN.ZS","14.3428597532354","14.6970319169587","15.0690230410912","15.4551779400033","15.8541649912097","16.2695693062637","16.6982076220793","17.1331282368807","17.573752626158","18.0233285403043","18.4816582158001","18.9549938334147","19.4506971011529","19.9597564227593","20.4674197062728","20.9709375982245","21.4677917383927","21.9600479693954","22.4319341551393","22.8872915580704","23.3536752978452","23.8057447986904","24.2487115757114","24.7125244924817","25.2057667609701","25.722769048955","26.244178408995","26.8124303703671","27.3663492573448","27.9154133577154","28.4338656822031","28.9490001511625","29.3700920583938","29.7770092451755","30.2118748823815","30.6219971696568","30.9870637703263","31.3701529624112","31.7905919463757","32.2193640895497","32.6603636070495","33.1245713984468","33.6030328842218","34.098059763338","34.6111490644491","35.1252647556364","35.6421605036882","36.1012589693212","36.6233967078065","37.0894274944778","37.5326696254384","37.9761873273848","38.4195200457817","38.8781029884112","39.3567243486427","39.8380952067264","40.3035222705197","40.7748446210958","41.2566428447246","41.7071031134135","42.1670568799491","42.6489634636483","43.1558281440802","43.6395628289209","44.1495101463121","44.6585400495213",
"Trinidad and Tobago","TTO","Urban population (% of total population)","SP.URB.TOTL.IN.ZS","17.5175562033477","18.1367420359937","19.5016914036106","21.4521844076988","23.8366384937796","26.5034711073742","29.301099694004","32.0779416991902","34.6824145684541","36.9629357473171","38.8067462327539","40.4958835861766","42.2408923453158","43.9782928393786","45.664934349465","47.2576661566749","48.7133375421083","49.9887977868651","51.0408961720453","51.8264819787487","52.3113065070108","52.6487389650183","52.9762746053829","53.2877630800658","53.5829996999832","53.8617797760512","54.1238986191857","54.3691515403027","54.5973338503184","54.8082408601488","55.0016678807098","55.1774102229177","55.3352631976883","55.4750221159377","55.5964822885821","55.6994390265373","55.7836876407195","55.8490234420447","55.8952417414289","55.9221378497883","55.9291468285602","55.9010190940268","55.8298121439974","55.7188050758235","55.5711241312409","55.3898955519853","55.1782455797922","54.9393004563973","54.6761864235364","54.3920297229449","54.0899565963587","53.9253615474727","53.9254053431618","53.9255789963372","53.9259699537793","53.926665238022","53.9277523084951","53.9293186833833","53.9314518934907","53.9342394732739","53.9377689584806","53.9421278853848","53.9474037904998","53.9536842104572","53.961056681951","53.9696087417106",
"Tunisia","TUN","Urban population (% of total population)","SP.URB.TOTL.IN.ZS","37.4662623454986","37.8395119884705","38.2282928288307","38.647736091681","39.1129730021234","39.6391347852597","40.2503942937922","41.067590688803","42.1265640072148","43.3468901120446","44.6543509092707","45.9747283048718","47.2338042048262","48.3573605151125","49.2711791417091","49.9066338555505","50.3528435698815","50.7195910249769","51.0274318383259","51.2999966131595","51.5609159527086","51.8338204602043","52.1423407388774","52.5101073919589","52.967964805915","53.5708532006185","54.3249401690766","55.1881768745643","56.1229563748778","57.0916717278135","58.0567159911676","58.9804822227365","59.8253634803163","60.5537528217035","61.1336959993493","61.623411363114","62.0784646432836","62.5006240305309","62.8945821796079","63.2650317452664","63.6166653822584","63.9541757453358","64.2822554892505","64.6055972687544","64.9272741461338","65.2340901739004","65.5209809651521","65.8000030517578","66.0676053984361","66.3362197875977","66.6280059814453","66.9191886197857","67.2098922729492","67.4999542236328","67.7524643379101","67.8807907104492","68.0623356528248","68.2877807617188","68.5485240272509","68.8206382576031","69.1043166438476","69.3997523770568","69.707138648303","70.0266686486584","70.3585355691955","70.7029326009864",
"Turkiye","TUR","Urban population (% of total population)","SP.URB.TOTL.IN.ZS","23.4345579338827","23.7514562697098","24.0833130624077","24.4553078110078","24.892620014542","25.4193410011757","26.0977040991082","27.0004184794099","28.0515225120533","29.1649120669196","30.2468080255786","31.279319619358","32.3225319535392","33.3719982251986","34.4070509391018","35.4068251205183","36.347323423289","37.2244889725679","38.0782656313228","38.9503219426115","39.8841220064036","40.9144550811789","42.0429987358218","43.2263878528967","44.4221550607045","45.582834481705","46.7101642352311","47.8402720388107","48.9560069523597","50.0297583282219","51.0313960347918","51.9490865526896","52.7929785448463","53.5827837920161","54.3347787764387","55.0652399803539","55.7904438860013","56.5266669756207","57.2901857314518","58.0972766357343","58.9706120006403","59.8722461417316","60.7385342729423","61.5845060653258","62.4388481173262","63.3302470273874","64.2873893939536","65.3389618154687","66.513650890377","67.8401432171223","69.3471253941487","71.0028723528334","73.7788680234324","78.5218368384696","83.6024850744433","87.2167107972537","88.1020958581776","88.0320472717286","88.1655749576173","88.6618152857124","88.9303114965222","89.1762048153239","89.0381164550781","89.0218446796121","89.3443122873887","89.494060002186",
"Tuvalu","TUV","Urban population (% of total population)","SP.URB.TOTL.IN.ZS","12.3672050953079","12.4397945289436","12.523559249064","12.6199998855591","12.8146804115463","13.1435725496824","13.5337885541671","13.9124406791997","14.200073333423","14.3645562423919","14.4557175693715","14.5233430477236","14.6014248668317","14.7099754191787","15.2373670909438","17.3312236320652","20.486386829731","23.9722152897033","27.0580676177443","29.0328901421436","30.1641743175636","31.0836447125111","31.8638276302423","32.5904819149745","33.3493664109249","34.225298207819","35.2487793159531","36.3596013111253","37.5029466536348","38.6232229309105","39.6648377303813","40.5636816628167","41.3141941367199","41.9608854792056","42.5373653208915","43.0613148507687","43.5504152578283","44.0223477310614","44.494793459459","44.9854336320122","45.5119494377121","46.0920220655498","46.7435481854875","47.4986511586165","48.4012126478499","49.4209790930126","50.5229861226256","51.6722693652096","52.8338644492855","53.9728070033742","55.0541326559964","56.0428770356731","56.8964903305448","57.6314336806359","58.2999596618832","58.9148502652344","59.4744768348285","59.9531274910912","60.5596409590777","61.2406529218636","61.9212610534937","62.6098296425994","63.3065768081154","64.0117206689787","64.7254793441291","65.4480709525093",
"Tanzania","TZA","Urban population (% of total population)","SP.URB.TOTL.IN.ZS","4.88795857718051","4.90463041964014","4.91900638325923","4.93350770997317","4.95055564171733","4.97257142042711","5.00197628803791","5.03880593875584","5.19437236687018","5.61555118161027","6.2602480640287","7.08031562352","8.02760646947876","9.05397321129951","10.1112684583768","11.1513448201053","12.1260549058794","12.9872513250937","13.6817610751661","14.2455927392565","14.7675567910359","15.2589301792475","15.723824090675","16.1663497121026","16.5906182303143","17.000740832094","17.4008287042257","17.7949930334934","18.188154231451","18.5706837449829","18.9291312031352","19.2671438253849","19.589598742605","19.9013730856684","20.2073439854484","20.5123885728178","20.8213839786497","21.1392073338172","21.4707357691933","21.8208464156511","22.1944164040635","22.5963228653037","23.0306918214565","23.5202087261949","24.0832469119457","24.7061884538741","25.3741033202009","26.0720614791471","26.7851328989335","27.498387547781","28.1968953939105","28.865726405543","29.4878764597911","30.0725108782502","30.6443077170742","31.2061566592472","31.7577303242916","32.2987013317296","32.8287423010834","33.3475258518752","33.8547246036273","34.3500111758619","34.8234736377147","35.4748019434954","36.1684458862992","36.8833115936643",
"Uganda","UGA","Urban population (% of total population)","SP.URB.TOTL.IN.ZS","4.36294237727081","4.54663698009989","4.75294584462255","4.97303079325591","5.19805364841709","5.4191762325232","5.62756036799135","5.81436787723867","5.97076058268227","6.08725585433707","6.16970583622931","6.23552340643963","6.28940237093184","6.33513168668232","6.37650031066745","6.41729719986363","6.46131131124723","6.51233160179465","6.57414702848226","6.65054654828646","6.7555195150037","6.91728299919944","7.14603726155049","7.42520736264413","7.74254709862342","8.08581026563142","8.44275065981117","8.80112207730574","9.14867831425817","9.47317316681153","9.76236043110886","10.0053233054698","10.2158523630824","10.4008727872617","10.5688660932226","10.7273719125031","10.8839298766407","11.0460796171733","11.2213607656387","11.4173129535746","11.6414758125187","11.9013889740088","12.202793574555","12.5904136719317","13.1221118400615","13.7907239496723","14.5851520274647","15.494298100139","16.5070641943955","17.6123523369348","18.7990645544572","20.0561028736631","21.372369321253","22.7367659239271","24.1938503391826","24.9777856560427","25.6953567134098","26.4139260579546","27.1280475018884","27.8369781799403","28.5399752271502","29.2362957789022","29.9251969709665","30.6059359395495","31.2777698213557","31.9399557536617",
"Ukraine","UKR","Urban population (% of total population)","SP.URB.TOTL.IN.ZS","47.3638340592036","48.2363186434617","48.777573697208","49.4012129165921","50.123138326419","50.8808560985935","51.6641592679496","52.4327005277659","53.2748925729774","54.1032655841974","54.8507705018545","55.7139738427189","56.6130998487527","57.3777033266624","58.0788108100062","58.8329024703984","59.5662723976872","60.2480379350808","60.9771965114583","61.617362590408","62.1819551984878","62.7288754958342","63.246437978475","63.8079066911057","64.4271407589836","65.014866177673","65.5440858114821","66.0804397048418","66.628218774505","67.0863353465162","67.4111923982858","67.6912828510751","67.8603420916046","67.9179660907452","67.9169130547952","67.8409658081403","67.7194202781316","67.6298703351538","67.5546753434196","67.4811633424084","67.403857296906","67.2749805493459","67.2672733350904","67.419679868405","67.5970968423685","67.8136046317755","68.0293347798948","68.2102322372037","68.3752085755346","68.5251442249547","68.637397133357","68.7234299826222","68.8241983107739","68.9326288082226","69.0554339301313","69.1587317201337","69.2102241609089","69.2633108489282","69.3157992777909","69.3527648708735","69.3839100516745","69.4027032653896","69.42345912103","69.4754455027606","69.5315643200148","69.5954924645764",
"Upper middle income","UMC","Urban population (% of total population)","SP.URB.TOTL.IN.ZS","26.2118476954444","26.3620302116248","25.6287099083776","25.6249726948009","26.6683745302212","26.7666187852968","26.9572517396022","27.1777782035733","27.393341199936","27.5929674432652","27.7730110363317","27.9562764896077","28.1652932703288","28.4971943818553","28.7907155327152","29.2289975729775","29.6248351993329","30.0279426040928","30.5671501334162","31.4608653649404","32.0252641734922","32.7579834881516","33.2912218810578","34.15888299602","35.2055124923884","35.8815355735398","36.6081908035982","37.3171896216976","37.8646916703761","38.3568284751339","38.6304116367541","39.2892713170817","39.8570127514283","40.4297984078326","40.9978405678513","41.5793492582419","42.6194123739084","43.6781669526983","44.7411557827683","45.8010333478849","46.9565579700025","47.8820379032238","48.9008105725322","49.9228620453944","50.8383861808066","51.7423161297359","52.6895517708501","53.7167252843905","54.5360631502368","55.488726088744","56.2137184956512","57.7359743304905","58.6426763194317","59.6718490416384","60.6395790567361","61.717389175657","62.6740874157133","63.5572076005172","64.4716330609836","65.2798912322227","65.8795028368007","66.6600410441556","67.0965136790125","67.4481028683691","67.8220882951789","68.2306890215885",
"Uruguay","URY","Urban population (% of total population)","SP.URB.TOTL.IN.ZS","80.1670244099661","80.3702589650769","80.5715686549049","80.7713782371621","80.9650459418909","81.1461259437573","81.3172789268926","81.4822375192465","81.6447343487683","81.8085020434079","81.9772732311148","82.1547805398385","82.3447565975287","82.550934032135","82.777045471607","83.027965655465","83.3269058743996","83.6839158670351","84.0866333448956","84.5235887764087","84.9833126300021","85.4543353741034","85.9251874771403","86.3843994075405","86.8205016337316","87.2190031447863","87.5924935821549","87.9687865255701","88.3481683557623","88.7248426348683","89.0930129250252","89.4468827883698","89.780655787039","90.0885354831698","90.364725438899","90.6034292163637","90.7987169022654","90.9527192912429","91.0763563098556","91.1807813592588","91.2769768173566","91.3759250620534","91.4886084712534","91.6260094228609","91.8009434091917","92.0812710048572","92.4845482788191","92.9603688038713","93.45975578621","93.9337324320314","94.3333219475319","94.6036824756941","94.7606597546186","94.8844735142936","94.9897821210514","95.0800002298303","95.1585424955685","95.2288235732042","95.2942581176758","95.3479309082031","95.3997650146484","95.4497146606445","95.4977416992188","95.5439605712891","95.5981951588181","95.6537192104085",
"United States","USA","Urban population (% of total population)","SP.URB.TOTL.IN.ZS","69.9799062047416","70.4455872729358","70.9235327611362","71.3977756159267","71.8549474048995","72.281679695647","72.6646040557613","72.9903520528347","73.2455552544594","73.4168452282277","73.4952537807929","73.5330324597265","73.5628076749457","73.5855186931405","73.6035786053068","73.6194005024406","73.6353974755378","73.6539826155944","73.6775690136064","73.7085697605697","73.7506044021808","73.8139615156658","73.9035480290863","74.0163473769595","74.1500514363544","74.30235208434","74.4709411979853","74.6535106543594","74.8477523305311","75.0513581035696","75.2685508261939","75.543016838308","75.8943317611462","76.2998113365493","76.7405657773027","77.1977052961919","77.6523401060025","78.0855804195199","78.4785364495296","78.812318408817","79.0740897861327","79.3086223667912","79.5461039768657","79.7773350255284","79.9960936968363","80.1961581748464","80.3713066436159","80.5153172872016","80.6219682896606","80.6850378350499","80.6997744673366","80.6957554256024","80.6837493386238","80.660889281215","80.6242231779766","80.5707989535091","80.4976645324131","80.4018678392891","80.2804567987377","80.1304793353594","79.997451762548","80.0074765140272","80.0324978239707","80.071561119178","80.1247798047184","80.1921733027869",
"Uzbekistan","UZB","Urban population (% of total population)","SP.URB.TOTL.IN.ZS","34.3303985595703","34.9156837463379","35.1426849365234","35.2697563171387","35.3549880981445","35.5234489440918","35.6946983337402","36.0253791809082","36.4272994995117","36.5718383789062","36.6462058604539","36.6894645690918","37.1027870178223","37.6776351928711","38.182918548584","38.7408142089844","39.2719879150391","39.730224609375","40.6479721069336","40.916002252995","41.0747337341309","41.172046661377","41.1765747070312","41.192699432373","40.9839630126953","40.627758026123","40.541561126709","40.6414642333984","40.8027572631836","40.6152409047433","40.7715937023416","41.0845226123885","41.5298766018746","42.0894314135234","42.7449627900584","43.4782464742032","44.2710582086815","45.1051737362168","45.9623687995325","46.8244191413524","47.6731005044","48.4901886313987","49.2574592650723","49.9566881481443","50.5696510233382","51.0781236333777","51.4638817209862","51.7087010288873","51.7943572998047","51.6105041503906","51.3321647644043","51.3395500183105","51.3359680175781","51.1276969909668","50.8868713378906","50.6597328186035","50.6572189331055","50.6787376403809","50.5814971923828","50.5920104980469","50.7670402526855","50.9269905090332","50.9847412109375","50.9964841114568","50.9986686706543","51.0173495084299",
"St. Vincent and the Grenadines","VCT","Urban population (% of total population)","SP.URB.TOTL.IN.ZS","40.1104987781808","40.4304266211501","40.777540782538","41.1383381838653","41.5004544199788","41.8515250857251","42.1791857759507","42.4710720855023","42.7148196092265","42.89806394197","43.0117850008828","43.0909602079458","43.1610275921808","43.2220807283678","43.2756516606367","43.3232724331173","43.3664750899392","43.4067916752321","43.4457542331259","43.4848948077503","43.5254362598998","43.5639554600371","43.597720105963","43.6282238257462","43.6567354181651","43.684523681998","43.7128574160231","43.7430054190188","43.7762364897635","43.8138194270355","43.857023029613","43.9075600985447","43.9730261698332","44.0568821225065","44.155714886646","44.2664367297579","44.3859599193481","44.5111967229227","44.6390594079879","44.7664602420497","44.8903114926141","45.0076571524878","45.1214266763803","45.236152710942","45.3517185236482","45.4681221654846","45.5853616874371","45.7034351404912","45.8223405756329","45.9420760438477","46.0626395961215","46.18402928344","46.3063114823836","46.4319347036311","46.5579930468544","46.6845638727475","46.8116589511271","46.9392900518098","47.0674689446123","47.1962073993512","47.3255171858432","47.4554100739049","47.585897833353","47.7169922340041","47.8487050456749","47.9810480381821",
"Venezuela, RB","VEN","Urban population (% of total population)","SP.URB.TOTL.IN.ZS","61.9199514882795","62.8367548343614","63.7926841478446","64.7948953928115","65.8271577115279","66.876288859656","67.9291065928583","68.9724286667969","69.9930728371343","70.9778568595326","71.9135984896541","72.7833152048506","73.5987755273193","74.3860588025314","75.1511609788407","75.8928952206553","76.6100746923834","77.3015125584334","77.9660219832134","78.6024161311317","79.2095081665964","79.7854629662589","80.3313667107622","80.8475080996299","81.3384541743188","81.8081397991543","82.2604998384616","82.6994691565662","83.1289826177933","83.5529750864684","83.9741022430344","84.4092017935829","84.8766356611879","85.3657269170578","85.8624720356125","86.352867491272","86.8229097584563","87.2585953115854","87.6459206250794","87.9708821733583","88.219476430842","88.372774123042","88.4553810951083","88.522274342774","88.5835546444319","88.638673298371","88.6870816028803","88.7282308562487","88.7615723567652","88.7865574027187","88.8026372923982","88.8079278904659","88.8401868543141","88.8786817039721","88.9163913525251","88.9539804079292","88.9914428378712","89.0287726100378","89.0659636921159","89.1030100517924","89.1399056567545","89.1766444746891","89.2132204732836","89.249627620225","89.285859883201","89.3219112298988",
"British Virgin Islands","VGB","Urban population (% of total population)","SP.URB.TOTL.IN.ZS","12.1389646530151","12.3432694464715","12.6327987416409","12.9950041669628","13.4173373508766","13.8872499218215","14.3921935082371","14.9196197385626","15.4569802412374","15.991726644701","16.5113105773926","17.0147743015121","17.5158067509036","18.0238295614728","18.5482643691257","19.0985328097681","19.6840565193057","20.3142571336446","20.9985562886904","21.7463756203491","22.5671367645264","23.6299058630717","25.040529232911","26.713598772565","28.5637063805548","30.5054439554011","32.4534033956248","34.3221765997468","36.0263554662879","37.480531893769","38.599297780711","39.2972450256348","39.7457566056898","40.1694979266964","40.5629845301817","40.9207319576729","41.2372557506969","41.507071450781","41.7246945994523","41.8846407382378","41.9814254086647","42.0235454180552","42.4409178875828","42.8526082333374","43.2860433292828","43.741214134139","44.2181116035727","44.7167266908574","45.2370503473687","45.7790735229619","46.3427871662626","46.9281822248936","47.5352496456526","48.1639803746541","48.8143653574427","49.4863955390847","50.1800618642422","50.8953552772346","51.6322667220883","52.3907871425786","53.1709074822645","53.972618684518","54.795911692548","55.6407774494219","56.5072068980827","57.3951909813643",
"Virgin Islands (U.S.)","VIR","Urban population (% of total population)","SP.URB.TOTL.IN.ZS","55.9287641806875","54.3626092826671","51.4639165772836","47.6306618884519","43.2178757425719","38.5805886660438","34.0738311852675","30.0526338266431","26.8720271165705","24.8870415814498","24.4175507000698","24.7741562037951","25.5675007098772","26.7260120296325","28.1837187068608","29.8746492853616","31.7328323089346","33.6922963213794","35.6870698664956","37.6511814880829","39.5577190604055","41.6544449978874","44.1147999863176","46.8689027395738","49.8692447277032","53.0683174207525","56.418612288769","59.8726208017995","63.382834429891","66.9017446430906","70.3818429114451","73.7756207050017","77.0355694938073","80.1141807479089","82.9639459373535","85.5373565321881","87.7869040024597","89.6650798182152","91.1243754495017","92.1172823663661","92.6234446497486","92.9312505278715","93.2191674762441","93.4773224233974","93.7071483863705","93.9100783822029","94.0875454279337","94.2409825406024","94.3718227372483","94.4814990349105","94.5724392667003","94.6553578863453","94.7353591077883","94.8105958193224","94.8797070702488","94.9413319098685","94.9941093874829","95.0366785523929","95.0676784538999","95.0857481413049","95.0974024521293","95.1604310610968","95.2171514724412","95.2740790945924","95.3312197036061","95.388579075538",
"Viet Nam","VNM","Urban population (% of total population)","SP.URB.TOTL.IN.ZS","15.2654522865939","15.7222800181777","16.1171198003772","16.5064813685263","16.9451069825263","17.5364065879613","18.3531587422478","19.2877201330996","20.1142113255002","20.626316557591","20.6931421380499","20.6568005981446","20.6000003814697","20.5432001647949","20.5056000213623","20.5500001907349","20.4269235007156","19.6402443802216","19.2447282689118","19.1884708733747","19.1594762135261","19.1354009405791","19.1141027989929","19.0956204231262","19.0799924473374","19.0672575059852","19.0574542334283","19.0506212640251","19.0467972321344","19.0530524987416","19.1735039651626","19.4396801924029","19.8252510026665","20.3057679487956","20.8567825836322","21.4538464600183","22.072511130796","22.6883281488073","23.2768490668943","23.8212278892522","24.3672526919772","24.9489362725143","25.5540925665659","26.1745407830283","26.8021001307977","27.4285898187702","28.0458290558422","28.6456370509099","29.2198330128693","29.7581347355675","30.2504027258526","30.6996041680996","31.1222779403029","31.5334201724543","31.9480269945454","32.3810945365679","32.8476189285136","33.3625963003742","33.9410227821412","34.6239134999511","35.5706676299742","36.6540656426603","37.5478515625","38.1298904418945","38.4900703430176","38.8299160351294",
"Vanuatu","VUT","Urban population (% of total population)","SP.URB.TOTL.IN.ZS","7.97577223635722","8.24887567919263","8.52754090738906","8.81143749019894","9.10023499676953","9.3935720705506","9.68921837125306","9.9945849083319","10.33831639496","10.6848845215557","11.0356226944965","11.3904369452782","11.7492333053967","12.1119178063477","12.4783964796273","12.8485753567312","13.2223604691554","13.5996578483956","13.9803735259477","14.3676471086048","14.7686019145857","15.1852327570784","15.6111803340921","16.0414733290099","16.471140425215","16.8952103060902","17.3087116550189","17.7066731553839","18.0841234905684","18.4363114313684","18.7666062035645","19.0816163099217","19.383874879138","19.676047414188","19.9607994180462","20.2407963936871","20.5187038440851","20.7971872722147","21.0789121810505","21.3677585605054","21.6572490599483","21.9341706883464","22.2011458912344","22.4641372404641","22.7291073078871","23.0020186653551","23.2888338847199","23.5955155378332","23.9280261965467","24.2861753285463","24.742504119873","24.7861634049013","24.8183551383933","24.8407362750263","24.8549637694775","24.8626945764242","24.8654875642873","24.7644441456437","24.2729727045038","23.5024668917075","22.4186852094794","22.2501822422475","22.2541249733107","22.2651966823901","22.2866933360645","22.3219888836722",
"World","WLD","Urban population (% of total population)","SP.URB.TOTL.IN.ZS","34.2335712808983","34.5109401402331","34.3999791158984","34.5568545193136","35.1476160350422","35.3541683062146","35.5805305350327","35.8132007561064","36.0369555466922","36.2531430561938","36.4465068838947","36.6534857196482","36.8815395836618","37.1627661237743","37.4079286853298","37.6976120994804","37.9940867294726","38.2941881464496","38.6400976199421","39.1340171574492","39.4796467509084","39.8685790280087","40.1529808635678","40.5680109115193","41.0578599206775","41.3908964862333","41.7523096822701","42.1115595302388","42.4013433756877","42.6658745914205","42.8321272176977","43.1665674974718","43.4493316374507","43.7269610559117","44.0163147432581","44.3128003590653","44.8041325932383","45.3028639009936","45.8016975826898","46.2927733696434","46.8398553166724","47.3049897203957","47.8262479750919","48.3638691712542","48.8658931738129","49.35871452652","49.872262926861","50.4154664586044","50.8801432860982","51.373746374335","51.7598125029111","52.4582964061998","52.9178673657727","53.4334012321388","53.9090710066533","54.4258474649377","54.894926437495","55.319833918472","55.7520777819135","56.1409825640469","56.4441759386598","56.80922270108","57.0722541398634","57.3116916082902","57.565600293551","57.8251158115221",
"Samoa","WSM","Urban population (% of total population)","SP.URB.TOTL.IN.ZS","18.8923388116771","18.9484431912601","19.0161849379455","19.0845699019584","19.1580226676349","19.2433138197489","19.3454347533587","19.4958958628092","19.7458978042472","20.0489755662013","20.3471164634379","20.576287916774","20.7275601788611","20.8533905395108","20.9620600208877","21.0483920844468","21.1056064199963","21.140385153982","21.1681251082851","21.1907750509059","21.2068267454379","21.2145792184637","21.1809334765513","21.028293734251","20.8166416269075","20.6159582336224","20.4987916355112","20.5101714752975","20.6198310415166","20.783491033458","20.9620088291213","21.1123265721407","21.2265977009629","21.3371352093158","21.4491707347126","21.5591351263865","21.6634592335707","21.7585739054982","21.8409099914022","21.9068983405159","21.9529698020724","21.9749895503804","21.9431903680112","21.7806875309864","21.5282844040566","21.2352904191687","20.9567957063672","20.6944481303605","20.4038457706991","20.1045321482817","19.8302101862085","19.6174273708146","19.478718368689","19.3865949620667","19.3126679480432","19.2340105383551","19.126462366749","18.9657191879831","18.7241267935467","18.4147344481283","18.0516608994722","17.5672426452007","17.5007949951039","17.5012799804602","17.5029115108018","17.5063874123422",
"Kosovo","XKX","Urban population (% of total population)","SP.URB.TOTL.IN.ZS","19.0835837612744","19.652881934807","20.300062967585","21.0078296222395","21.7610794302472","22.5449047963304","23.3443981252116","24.1446518216132","24.9307582902577","25.6878099358676","26.4008991631651","27.057929518314","27.680656451565","28.2871258870061","28.8770966886612","29.451533962026","30.0114028125959","30.5576683458668","31.091295667334","31.6132498824934","32.1244960968406","32.630311675309","33.159103592104","33.7180936312109","34.2867580703257","34.8470365705681","35.3808687930578","35.8701943989144","36.2969530492577","36.6430844052072","36.8905281278828","37.0273860392739","37.1143013226547","37.1905133835362","37.2551464019431","37.3096898581184","37.3556332323052","37.3944660047464","37.4276776556851","37.4567576653642","37.4831955140268","37.508480681916","37.5341026492746","37.5615508963458","37.5923149033726","37.627884150598","37.6697481182649","37.7193962866165","37.7783181358957","37.8480031463455","37.929940798209","38.0255184272137","38.2296959226488","38.6251749487938","39.1938922761744","39.917681154075","40.7783748317802","41.7578065585746","42.8378095837429","44.0002171565695","45.2268625263391","46.4995789423362","47.8001996538455","49.1105579101515","50.3214443938994","50.9260971650398",
"Yemen, Rep.","YEM","Urban population (% of total population)","SP.URB.TOTL.IN.ZS","3.40000009536743","3.59484929148479","3.79919895203493","4.01508230222546","4.24453256726394","4.48958297235796","4.7522667427151","5.03461710354295","5.33866728004907","5.66645049744107","6.01999998092651","6.42418866260133","6.8979610463943","7.43445771526226","8.02681925216208","8.66818624005061","9.35169926188469","10.0704989006212","10.8177257392169","11.5865203606288","12.3700233478136","13.1613752837282","13.9537167513295","14.7401883335743","15.5139306134195","16.2680841738219","17.0067118125246","17.7666066512621","18.5604230357632","19.3701749034318","20.1820531721852","20.9822487599409","21.7569525846164","22.4923555641291","23.1700802443959","23.7984859251509","24.3989541605814","24.9808729368956","25.5432575968119","26.0851234830484","26.6054859383233","27.1033603053549","27.5777619268614","28.0277061455611","28.4506523754813","28.8523786558834","29.2379493450977","29.6091538946366","29.9646637170333","30.3031502248211","30.6232848305331","30.9237389467026","31.2031839858628","31.4427187944215","31.8626162180918","32.3883178702702","32.9512008005236","33.5586912522175","34.2106045810864","34.9067561732024","35.7025604580302","36.0704951256305","36.3226310308295","36.5707979836506","36.8077517596594","37.0336664607078",
"South Africa","ZAF","Urban population (% of total population)","SP.URB.TOTL.IN.ZS","46.69271200762","46.8625654005853","47.0099487835116","47.1402438740288","47.2558803136078","47.3592877437199","47.4528958058359","47.539134141427","47.6204323919642","47.6992201989186","47.7773422725034","47.8492514745745","47.9111068411659","47.9661680598674","48.0172760958698","48.0672719143636","48.1189964805395","48.1752907595884","48.2389957167007","48.3129523170674","48.4000015258789","48.5049563806564","48.6334150579768","48.7893962316144","48.9769185753438","49.2000007629395","49.5595109146059","50.0986088197323","50.7347506558709","51.3853926005736","51.9679908313922","52.4000015258789","52.6805094926402","52.893505042748","53.0838026074521","53.2962166180026","53.5749191516739","54.0040163031993","54.6562438276427","55.4408521794673","56.2589954883628","57.0014339378269","57.6723587528482","58.3724341232066","59.0977390950102","59.8241758378997","60.5276465215157","61.1840533154988","61.7692983894896","62.2592839131287","62.6299120560569","62.850627754452","62.9616560303263","63.0524024097034","63.1352327065742","63.2096349937231","63.2750973439347","63.3311078299936","63.3771545246841","63.4127255007908","63.4373088310982","63.4503925883909","63.4766699210327","63.5823705163545","63.6917984858172","63.8154011002522",
"Zambia","ZMB","Urban population (% of total population)","SP.URB.TOTL.IN.ZS","17.2236054096103","18.1489304951479","19.0968960737098","20.0766071239225","21.3053980159543","22.8616347026047","24.5922561421748","26.3574815758633","28.0175302448685","29.4202803234288","30.6503323690615","31.9113710450343","33.1871095776113","34.4439218565519","35.6481817716154","36.766263212561","37.7645400691482","38.6093862311362","39.2671755882844","39.7042820303519","39.8857225974085","39.885445461509","39.8671144139553","39.8363846494455","39.7943148274541","39.7419636074556","39.6803896489242","39.6106516113345","39.533808154161","39.4509179368779","39.3639924846036","39.2536515579652","39.0972462878148","38.8993519782475","38.6659731487597","38.4031143188477","37.9842763417749","37.3758882162063","36.7233466797411","36.1720484699782","35.8735460960387","35.8846482932758","36.0706035730014","36.3858560115875","36.8035881130253","37.2969823813059","37.8392213204204","38.4034874343601","38.9629632271162","39.4908312026796","39.9558857709992","40.3684491825881","40.7698556821596","41.1682266235825","41.5634741658525","41.9555104679652","42.3442476889162","42.7295979877011","43.1114735233156","43.4897864547552","43.8644489410157","44.2353731410926","44.5988511178469","45.0285853521585","45.4703838491279","45.9171510161461",
"Zimbabwe","ZWE","Urban population (% of total population)","SP.URB.TOTL.IN.ZS","12.4670077954427","12.7656666715537","13.0774488027535","13.4673840750242","13.9641868869717","14.5319216316545","15.1399394484156","15.7575914765982","16.354228855545","16.9015080685316","17.4124246451689","17.90998801572","18.3966201637777","18.8759470686996","19.3515947098431","19.8271890665658","20.3063561182253","20.7927218441791","21.2899122237847","21.8015532363997","22.3312708613816","22.882691078088","23.457692494236","24.0973414504383","24.8329104510504","25.636239319876","26.4765497576735","27.3230634652011","28.1450021432172","28.9115874924801","29.5920412137481","30.1555850077795","30.5674246988034","30.8753173320215","31.1618938952517","31.429986132892","31.6769076006021","31.8999718540415","32.0964924488698","32.2637829407466","32.3991568853313","32.4999278382836","32.5631884166934","32.6003372313948","32.6278168233873","32.6482709722903","32.6640794641194","32.67762208489","32.6912786206175","32.7074288573175","32.7284525810054","32.7567295776968","32.7931752128328","32.9019343169941","33.1628075970801","33.5612641766874","34.0799460726314","34.7014953017273","35.4085538807905","36.1837638266364","37.0097671560802","37.8692058859373","38.7055207169041","39.2919370795795","39.8933716820696","40.4951287431452",
