"Data Source","World Development Indicators",

"Last Updated Date","2026-07-13",

"Country Name","Country Code","Indicator Name","Indicator Code","1960","1961","1962","1963","1964","1965","1966","1967","1968","1969","1970","1971","1972","1973","1974","1975","1976","1977","1978","1979","1980","1981","1982","1983","1984","1985","1986","1987","1988","1989","1990","1991","1992","1993","1994","1995","1996","1997","1998","1999","2000","2001","2002","2003","2004","2005","2006","2007","2008","2009","2010","2011","2012","2013","2014","2015","2016","2017","2018","2019","2020","2021","2022","2023","2024","2025",
"Aruba","ABW","PM2.5 air pollution, mean annual exposure (micrograms per cubic meter)","EN.ATM.PM25.MC.M3","","","","","","","","","","","","","","","","","","","","","","","","","","","","","","","","","","","","","","","","","","","","","","","","","","","","","","","","","","","","","","","","","","",
"Africa Eastern and Southern","AFE","PM2.5 air pollution, mean annual exposure (micrograms per cubic meter)","EN.ATM.PM25.MC.M3","","","","","","","","","","","","","","","","","","","","","","","","","","","","","","","23.7930241897388","23.3926925796443","23.5362700345114","23.6748952895145","23.7722523581486","22.797437567601","24.0436463613175","24.19343112132","24.3378542514077","24.4859750387551","25.1847899191578","27.0609414472903","25.6426070980781","24.7010027397608","25.2160178449824","25.1157468430751","25.6522293544698","26.2688687372766","26.6851120315685","25.8669036343566","28.1790547771667","27.443605227518","27.3284774215309","27.7109978237833","24.5678372434201","26.7348171094673","25.6711863960849","24.7867890625585","24.8752419174662","26.2820242554509","25.6601287864982","25.5294580355908","26.3839158119753","25.2834028964264","","",
"Afghanistan","AFG","PM2.5 air pollution, mean annual exposure (micrograms per cubic meter)","EN.ATM.PM25.MC.M3","","","","","","","","","","","","","","","","","","","","","","","","","","","","","","","48.426586090137","47.9416090747119","47.9744036468965","48.0071982190811","48.0399927912656","47.037244188231","48.1055819356348","48.1383765078194","48.1711710800039","48.2039656521885","48.7545318119826","47.3439128482616","49.6187837868913","48.6476680050411","47.3920074249934","48.0980843024941","40.5380153002123","37.7270370787103","36.8522632095061","34.5914422724701","39.0882300545031","41.9026051489319","34.3492255147613","36.6128102921332","35.9811583111996","36.4857340459184","36.8725270986265","37.0667978834846","40.8384893577725","34.7952135471867","34.1641257733592","39.7388328758413","40.2067792804569","37.9483109911724","","",
"Africa Western and Central","AFW","PM2.5 air pollution, mean annual exposure (micrograms per cubic meter)","EN.ATM.PM25.MC.M3","","","","","","","","","","","","","","","","","","","","","","","","","","","","","","","51.0953579193731","49.9884796091232","50.224302499795","50.4655674015363","50.7165827421139","48.1935598241837","51.1965267091418","51.4204085030416","51.6375115360561","51.8756974593489","53.5059146457835","45.6772698919313","49.1135543209665","42.0703958229305","51.9268157412611","46.6971815384279","50.2876571116905","53.168573409412","53.2262598376202","48.2365063599203","46.6256099587659","49.1720245628001","48.6075747829437","42.6158838699748","43.7976736431449","58.8555737795586","54.3310077015544","53.0584900303613","47.2640838642737","44.5827940555269","49.7113359166019","49.3359719043818","53.6223979405527","50.4240139947409","","",
"Angola","AGO","PM2.5 air pollution, mean annual exposure (micrograms per cubic meter)","EN.ATM.PM25.MC.M3","","","","","","","","","","","","","","","","","","","","","","","","","","","","","","","23.6769644253321","23.367735013089","23.3447558436431","23.3217766741972","23.2987975047513","22.7033178497108","23.2528391658595","23.2298599964136","23.2068808269677","23.1839016575218","23.4471727308732","24.3136425768266","24.0566632119627","23.4318011631518","23.3720548464755","24.275362134715","20.9105363923632","20.3046984474029","21.3846279674151","20.2177945705101","24.5855697926641","21.5236235344248","21.343442353859","22.6429419636481","19.3563913804903","21.2324508850665","20.9967960289148","18.2261589534262","19.9275654157599","22.1743439472758","19.5706484135285","18.4908414693325","22.5172239045117","19.9075690536367","","",
"Albania","ALB","PM2.5 air pollution, mean annual exposure (micrograms per cubic meter)","EN.ATM.PM25.MC.M3","","","","","","","","","","","","","","","","","","","","","","","","","","","","","","","23.4946107770197","23.0678563715578","22.91179107283","22.7557257741022","22.5996604753744","21.9022169631779","22.2875298779189","22.1314645791911","21.9753992804634","21.8193339817356","21.9339577897421","20.7951911445688","23.3012204378614","25.4207582977575","22.4351342494154","22.259060754129","21.6940202849085","21.1074303588099","20.3843605591518","19.4622092719986","18.3920007444687","21.9489443809331","19.0674970188242","18.1851957150545","16.6949201821752","18.6786335737453","16.5118382060405","17.2674048084392","17.9552347660824","17.2950261740093","15.7141751458801","15.8337516349214","16.4538233724819","15.5141032036885","","",
"Andorra","AND","PM2.5 air pollution, mean annual exposure (micrograms per cubic meter)","EN.ATM.PM25.MC.M3","","","","","","","","","","","","","","","","","","","","","","","","","","","","","","","15.6783655856541","15.4609468224039","15.4424556377828","15.4239644531617","15.4054732685405","14.9891269266612","15.3684908992983","15.3499997146772","15.3315085300561","15.313017345435","15.4934537394429","14.6642939715343","14.6880299711952","14.9775602631261","13.7061703844032","13.9465958618342","12.9297272785491","11.8225101387285","11.4625201603076","11.7901943038941","11.338774688531","11.2856546088828","11.2727964795959","9.28299673928957","8.8843864780387","10.5752672419823","8.29214112193156","9.76834551376592","9.37766491513792","9.16802805222713","8.50701783669627","9.25302038744399","11.4677282320292","8.88302187970813","","",
"Arab World","ARB","PM2.5 air pollution, mean annual exposure (micrograms per cubic meter)","EN.ATM.PM25.MC.M3","","","","","","","","","","","","","","","","","","","","","","","","","","","","","","","34.4256593089487","34.5121357123502","34.8459899229131","35.1326470303475","35.4026543868328","35.3038335905281","35.9414532788319","36.2232911067294","36.5170994348814","36.8178102426111","37.3329700973711","36.3422330395647","36.8698228310029","40.8643057962778","39.9772695662504","38.4220144046919","36.8974241345293","36.5251692193203","37.3785244571265","38.4387808924378","39.9121244542125","38.4343142707446","39.6298967233427","39.9909334214104","36.513790687249","40.6777726436523","39.1893004358148","39.6105803143106","39.4640693474745","38.4029794136485","36.2711335822781","37.8556017697281","41.2831313529363","38.9233143832018","","",
"United Arab Emirates","ARE","PM2.5 air pollution, mean annual exposure (micrograms per cubic meter)","EN.ATM.PM25.MC.M3","","","","","","","","","","","","","","","","","","","","","","","","","","","","","","","56.2386358010963","56.3746439959508","56.3639232683568","56.3532025407628","56.3424818131688","56.6252189304716","56.3210403579807","56.3103196303867","56.2995989027927","56.2888781751987","56.1314285251562","56.390498735709","48.9007592225192","60.7690769621445","61.1629888436701","56.3211849082399","53.0567535809252","54.6263917893835","56.2632916050896","55.8795640874537","55.5370145912635","57.1500411170482","64.1373972820381","55.8898306923373","50.625296563254","58.4002194876441","53.8883697624575","55.7483527139541","58.2253146383654","55.0277222030034","47.9198581382905","56.3065448613774","67.6947186324117","57.1867315267375","","",
"Argentina","ARG","PM2.5 air pollution, mean annual exposure (micrograms per cubic meter)","EN.ATM.PM25.MC.M3","","","","","","","","","","","","","","","","","","","","","","","","","","","","","","","20.22963857398","20.0256364176433","19.7953991274729","19.5651618373026","19.3349245471322","19.1571575246282","18.8744499667915","18.6442126766212","18.4139753864508","18.1837380962805","17.9272656722768","17.9178130849004","17.9424613527905","18.4432572840448","17.3793108071762","16.5905504324948","16.1544260860828","15.8670107757052","15.8984989433497","15.346371309888","14.5390685061033","15.7163051408834","14.0989689010505","14.5961380999521","13.534008457628","13.8006524258903","14.1434158723716","13.2987334804339","13.5371363799976","14.7246348007331","16.0292286761716","13.9190749120157","15.8656062718096","14.3465949932455","","",
"Armenia","ARM","PM2.5 air pollution, mean annual exposure (micrograms per cubic meter)","EN.ATM.PM25.MC.M3","","","","","","","","","","","","","","","","","","","","","","","","","","","","","","","30.1305661170696","29.798292630746","29.7410727213204","29.6838528118948","29.6266329024692","29.0193058392473","29.512193083618","29.4549731741924","29.3977532647668","29.3405333553412","29.5583670228137","31.4125055642383","30.0036787737701","30.1806671919397","28.8594792280716","30.0731073574406","27.6732118169161","28.6749315507276","28.3731447517631","26.6070670400814","31.9621141886677","26.4617308757386","26.175282946909","27.0068139463312","28.478768503414","28.2872611000725","25.352291625061","27.1407235472997","27.6903289992915","29.3192994071172","27.1586984360582","30.5313936417254","29.3633535061781","28.5532304553511","","",
"American Samoa","ASM","PM2.5 air pollution, mean annual exposure (micrograms per cubic meter)","EN.ATM.PM25.MC.M3","","","","","","","","","","","","","","","","","","","","","","","","","","","","","","","4.81089982049529","4.72282848836701","4.73131158912934","4.73979468989167","4.748277790654","4.56365202563517","4.76524399217867","4.773727092941","4.78221019370333","4.79069329446566","4.89573082811857","5.00312414651031","4.90483414817477","4.94522596756919","4.62015587583084","4.70911505475052","4.67818706927393","4.49787812387175","4.41642087028998","4.28619298490016","4.14691069243024","3.68918333841989","4.11628959665275","4.19070253828411","4.29679944206415","4.80346129180255","4.36966847130404","4.41481834826019","4.21045281260761","4.39741986831472","4.16338006013942","3.44788729126219","4.93764089552049","4.32593683167305","","",
"Antigua and Barbuda","ATG","PM2.5 air pollution, mean annual exposure (micrograms per cubic meter)","EN.ATM.PM25.MC.M3","","","","","","","","","","","","","","","","","","","","","","","","","","","","","","","10.3897933827537","10.4052490835993","10.4211244804814","10.4369998773636","10.4528752742457","10.4679112790548","10.4846260680099","10.500501464892","10.5163768617741","10.5322522586562","10.5485473515749","10.3698107682576","10.7429183433564","9.61991777811975","9.18755471028022","9.77154755214194","9.36913899961844","8.81434943519754","9.17230005828257","9.9175285355806","10.3407136517837","8.6466523916064","10.0602793049058","7.76645494272834","7.35833432193136","9.93555627724521","9.32751354768073","9.4074769261878","8.77740530406974","8.34453999917169","8.63405896462972","9.34508100191775","7.94265413166136","8.4161129524253","","",
"Australia","AUS","PM2.5 air pollution, mean annual exposure (micrograms per cubic meter)","EN.ATM.PM25.MC.M3","","","","","","","","","","","","","","","","","","","","","","","","","","","","","","","6.47519645040887","6.37706956375606","6.35020500909293","6.32334045442979","6.29647589976666","6.12708668112411","6.24274679044039","6.21588223577726","6.18901768111413","6.16215312645099","6.20655090377755","6.15501576616747","6.39048299480691","6.49076746289862","5.80113776180901","5.71554337062687","6.03408696468731","5.97221556101005","6.04759283236165","6.93686091726477","5.29138421440233","5.4379673679775","5.39664894010799","5.96759365657982","6.04064376240177","5.89199209300085","5.82493790294975","5.82431330571029","6.05401225103758","9.32733932375095","6.81304835611171","5.4818683964456","5.30273651659332","6.41473930057816","","",
"Austria","AUT","PM2.5 air pollution, mean annual exposure (micrograms per cubic meter)","EN.ATM.PM25.MC.M3","","","","","","","","","","","","","","","","","","","","","","","","","","","","","","","25.0466588157402","25.1542278187766","24.7710078201332","24.3877878214898","24.0045678228464","24.6029258275613","23.2381278255596","22.8549078269162","22.4716878282728","22.0884678296294","21.2144588293067","20.0683446748278","20.5951513902197","21.2029287837817","18.6021664481654","20.2034560861732","18.2211876930105","16.4921580815101","15.133268975474","15.7213971293354","16.6644366814786","16.7900255714223","14.2633315811578","15.4792687504357","13.6682418765719","13.4993565061975","12.7813357929748","12.8820472788083","13.8481763510534","11.0526066543986","10.2641161409981","10.7703740394321","10.6275168759367","10.0337620235066","","",
"Azerbaijan","AZE","PM2.5 air pollution, mean annual exposure (micrograms per cubic meter)","EN.ATM.PM25.MC.M3","","","","","","","","","","","","","","","","","","","","","","","","","","","","","","","23.7431511242153","23.8059581655464","23.7508035275602","23.695648889574","23.6404942515879","23.8212629722359","23.5301849756156","23.4750303376294","23.4198756996433","23.3647210616571","23.1916047443539","23.6305632037511","23.5330336648888","22.5103069788787","21.654949425118","22.4573185913491","24.6326802865821","27.2771928033819","27.364914161406","26.3210725482003","29.8230772830995","23.5041723870757","24.1972460640639","25.0738900024656","27.8735839715851","23.4359645146502","21.1210652999916","24.6961165262549","24.2110829954808","23.6069727557806","24.5574389862394","27.2242211332911","24.1942721597719","23.7138875571912","","",
"Burundi","BDI","PM2.5 air pollution, mean annual exposure (micrograms per cubic meter)","EN.ATM.PM25.MC.M3","","","","","","","","","","","","","","","","","","","","","","","","","","","","","","","37.3806375673355","37.7200650134083","37.8442242181483","37.9683834228883","38.0925426276284","38.6472383150342","38.3408610371084","38.4650202418484","38.5891794465885","38.7133386513285","38.6222296147357","38.2232545279687","36.6463162438684","36.7569816342123","38.2609792705125","37.1835146222948","37.7660922966848","39.0457159521089","40.2516379755166","36.8673478821929","40.3328437578091","40.8879781915218","40.4265824547151","41.3059905088666","36.8085564374889","39.653487426017","39.0270703043027","32.5449134508741","32.1232894818729","39.9184588505278","37.9559631020333","36.847841947951","36.3050025944922","35.6918123934643","","",
"Belgium","BEL","PM2.5 air pollution, mean annual exposure (micrograms per cubic meter)","EN.ATM.PM25.MC.M3","","","","","","","","","","","","","","","","","","","","","","","","","","","","","","","22.6005777132933","22.6330227557187","22.3481095618463","22.0631963679738","21.7782831741014","22.1280864528237","21.2084567863565","20.923543592484","20.6386303986116","20.3537172047391","19.7514457745692","18.2545491321112","18.279988843942","20.5488521754402","18.2276650083642","17.7070766725274","17.0273395429666","16.8142059578436","17.4576536925752","17.6017296087544","17.1628218129913","16.5866346122343","14.7753104581848","15.6826178868835","12.9420206201963","12.4882300200128","12.1316484677594","11.8142228651313","12.2060188213467","10.4433980360673","9.1455522668212","10.7283609930744","10.074123834212","8.44918716609445","","",
"Benin","BEN","PM2.5 air pollution, mean annual exposure (micrograms per cubic meter)","EN.ATM.PM25.MC.M3","","","","","","","","","","","","","","","","","","","","","","","","","","","","","","","43.7777338078075","41.911185553105","42.1999574587466","42.4887293643883","42.7775012700299","38.7556328549847","43.3550450813132","43.6438169869548","43.9325888925964","44.2213607982381","46.665452864223","38.11244474866","40.4228029902921","32.7610204637739","43.4912072609613","35.0414153042718","38.7828720839409","42.5674807399135","42.7769078552175","37.0408370393976","35.1255556615118","38.2689360574171","38.1125116282081","32.0680531492356","32.0556801866944","46.10419617173","41.3645051855967","40.9902705675967","35.0618319233165","33.2793211323522","41.5093042158764","40.8353843252766","41.496929120914","39.6565559870988","","",
"Burkina Faso","BFA","PM2.5 air pollution, mean annual exposure (micrograms per cubic meter)","EN.ATM.PM25.MC.M3","","","","","","","","","","","","","","","","","","","","","","","","","","","","","","","39.3039241647786","37.9987486083852","38.304050664437","38.6093527204889","38.9146547765407","35.9990016077035","39.5252588886444","39.8305609446963","40.1358630007481","40.4411650568","42.3569447252964","38.1501718509654","42.7706156784348","34.2320094981959","50.0796245882526","42.9547755025749","44.4270955520084","46.1468584929254","46.7498289727153","42.023337575802","41.7046322646686","42.704603891547","41.9889050064991","35.571502354435","37.4453908399316","48.7105219514513","43.2939002203779","41.2767834293187","35.9160885050934","34.0812487151047","38.7317658994725","37.330661427955","41.5553296753411","37.3246424541393","","",
"Bangladesh","BGD","PM2.5 air pollution, mean annual exposure (micrograms per cubic meter)","EN.ATM.PM25.MC.M3","","","","","","","","","","","","","","","","","","","","","","","","","","","","","","","64.6524235832391","63.8746684638831","63.8693390691615","63.8640096744399","63.8586802797183","62.3084994357281","63.8480214902751","63.8426920955535","63.8373627008319","63.8320333061103","64.5991296360229","64.1618253741628","65.2444384481628","64.4362276968505","63.9852155965893","65.5001984165459","63.1277622403815","62.6800909457975","65.2040972325802","70.6456661196446","67.4916421858428","69.2015582728483","73.0293458531385","65.4784823754338","68.7428624015006","65.5167318093513","64.2366339904364","63.8347510665769","79.2984145312804","66.7938254643287","72.109680405827","73.1105267513781","63.2199514017555","69.2525518340174","","",
"Bulgaria","BGR","PM2.5 air pollution, mean annual exposure (micrograms per cubic meter)","EN.ATM.PM25.MC.M3","","","","","","","","","","","","","","","","","","","","","","","","","","","","","","","31.8382101457143","31.131236959665","30.806436690094","30.481636420523","30.156836150952","29.0676900484233","29.5072356118099","29.1824353422389","28.8576350726679","28.5328348030969","28.5902074500045","28.1926059046664","31.1118628833264","32.8668087120493","28.6334698802039","29.3063935722121","29.5054981153315","29.5864824698688","27.9437166948825","25.5598124575499","25.3083783514198","30.8419877010684","26.2195407538234","23.8377122442489","24.5644186833641","21.898677985146","21.3967799774618","22.0031777604192","22.433444950167","21.9039450440062","20.4975477456356","20.3137843906143","22.8155719307165","19.6823426211069","","",
"Bahrain","BHR","PM2.5 air pollution, mean annual exposure (micrograms per cubic meter)","EN.ATM.PM25.MC.M3","","","","","","","","","","","","","","","","","","","","","","","","","","","","","","","63.6270025776034","62.4118962061712","62.1330938762631","61.854291546355","61.575489216447","59.4240788034898","61.0178845566309","60.7390822267228","60.4602798968148","60.1814775669067","60.8389792785229","58.7648643963331","54.0853602970119","72.0270349169906","66.5082075307466","67.9241912376978","57.907881750334","55.0005459330116","58.0363788009494","61.7249940251452","57.4156022054003","54.6856108835961","60.1462862483855","54.3108486816998","49.8530353704297","59.1026648910356","55.8298463546878","55.7929970849719","60.1158397824297","55.3164475014708","51.222597367969","57.5337113311962","62.6696652208807","56.5654845582004","","",
"Bahamas, The","BHS","PM2.5 air pollution, mean annual exposure (micrograms per cubic meter)","EN.ATM.PM25.MC.M3","","","","","","","","","","","","","","","","","","","","","","","","","","","","","","","9.02820395379773","9.07514312694206","9.09099933696171","9.10685554698136","9.12271175700101","9.20073389327005","9.1544241770403","9.17028038705995","9.1861365970796","9.20199280709925","9.1867660539942","8.91673895996971","9.03184659764032","8.65521337788781","8.11162034667286","8.51983511727044","6.92914071208145","5.92055546020489","5.61740354863552","5.63017001159731","5.42546958783167","6.29244417577298","6.12530962163224","4.90941453038312","5.30154777870129","5.23962361576105","5.36371146236856","6.05904855335275","5.43874757916624","5.0272257747929","5.25103377045855","5.76047860913552","5.17940611031709","5.28191362280586","","",
"Bosnia and Herzegovina","BIH","PM2.5 air pollution, mean annual exposure (micrograms per cubic meter)","EN.ATM.PM25.MC.M3","","","","","","","","","","","","","","","","","","","","","","","","","","","","","","","36.0848016265812","35.3402938449244","35.3358002189764","35.3313065930283","35.3268129670803","33.8422910297148","35.3178257151843","35.3133320892363","35.3088384632882","35.3043448373402","36.0398653671008","35.4563640190541","39.2565817514332","42.1816563952014","37.4503438021972","38.3870312261396","33.9661638101497","31.4570046072722","31.0337318736681","31.6793038026591","32.5184518420272","34.5560460093254","30.9238504274899","28.4614120652825","28.3747836629907","31.686057116213","30.7944873808796","29.5143111711294","30.020148190921","25.9044315955196","26.8199216959582","25.6011826273789","27.1094617563555","26.0886959562752","","",
"Belarus","BLR","PM2.5 air pollution, mean annual exposure (micrograms per cubic meter)","EN.ATM.PM25.MC.M3","","","","","","","","","","","","","","","","","","","","","","","","","","","","","","","32.6615185663722","32.0509243801977","31.5900275440671","31.1291307079364","30.6682338718058","29.9079423355858","29.7464401995446","29.285543363414","28.8246465272833","28.3637496911527","28.0525502050665","27.1696587491467","30.1968793279745","24.1332539050172","23.0039569682161","21.833388800954","18.3729166053979","17.3262028747339","17.7068938240259","18.5156153738588","20.2964961864761","17.2267917168315","16.9065715512912","17.8616324297744","18.3859366839528","15.5038696838771","14.6025888523524","14.6870404841654","16.1066672532807","13.3493316188904","12.6488078774925","13.8648907796671","11.3970306974406","11.9843753055171","","",
"Belize","BLZ","PM2.5 air pollution, mean annual exposure (micrograms per cubic meter)","EN.ATM.PM25.MC.M3","","","","","","","","","","","","","","","","","","","","","","","","","","","","","","","19.8741462808568","19.5448509220282","19.4874969860559","19.4301430500837","19.3727891141115","18.7715523324263","19.2580812421671","19.2007273061949","19.1433733702227","19.0860194342505","19.3006069211347","18.2327278363794","17.692760305697","18.6613249021124","15.8204070236252","17.537764001577","17.6945314617259","17.5300850531806","16.7426083718369","15.1682412538152","14.6089552591472","18.1926127367792","14.8465727385806","17.3111176285299","16.8336459242248","16.4566914159076","14.4491201016593","14.8736345924849","17.2078639082203","15.6755582216661","20.1063464402887","15.8517350969341","16.0563950590085","16.7646615164655","","",
"Bermuda","BMU","PM2.5 air pollution, mean annual exposure (micrograms per cubic meter)","EN.ATM.PM25.MC.M3","","","","","","","","","","","","","","","","","","","","","","","","","","","","","","","6.77187476064473","6.70072990265726","6.68947566085116","6.67822141904506","6.66696717723896","6.5359317030701","6.64445869362676","6.63320445182066","6.62195021001456","6.61069596820846","6.65933234258372","6.72228695580297","6.09110655241241","6.28400235197218","5.66538060914111","5.92579726295481","5.89162999364547","5.79791813343357","5.6266554546584","5.20850159566894","4.89419844519564","5.63093887602618","5.70922888820353","4.81150844680133","5.02432813328673","5.19596346375175","5.07487478947819","4.66817806511424","4.26666041503996","4.61313731822298","4.83550443231108","5.41726938273909","4.67916643603767","4.6349320219719","","",
"Bolivia","BOL","PM2.5 air pollution, mean annual exposure (micrograms per cubic meter)","EN.ATM.PM25.MC.M3","","","","","","","","","","","","","","","","","","","","","","","","","","","","","","","93.8442496914085","93.9060139381223","91.7358735728021","89.5657332074819","87.3955928421617","89.6892617009014","83.0553121115214","80.8851717462012","78.715031380881","76.5448910155609","72.1428460382098","68.8114730581515","71.1955453060466","65.23851093935","66.9085928958547","66.4836219904112","43.7556419473966","31.0164395216213","30.3483264008865","27.2772664230114","38.1987404488372","30.2808785160905","26.3774150753894","25.1627814896826","26.2919232240248","27.1504403241606","28.6713882052018","27.7238355089629","26.4642569469127","28.9239915164101","31.3573420977687","28.1172356323428","30.5651114620926","28.1374394437756","","",
"Brazil","BRA","PM2.5 air pollution, mean annual exposure (micrograms per cubic meter)","EN.ATM.PM25.MC.M3","","","","","","","","","","","","","","","","","","","","","","","","","","","","","","","27.0684052215404","27.0436401145298","26.9625122553321","26.8813843961345","26.8002565369368","26.8318541821129","26.6380008185416","26.5568729593439","26.4757451001463","26.3946172409486","26.2571266295641","26.4030413745218","25.9439153902526","27.3498607654224","26.117644607986","25.9108859294373","18.8706469637809","15.3808986763897","15.4639103946941","15.2806856745396","15.1595867069348","15.0149383266817","13.6373535030931","13.1921121600621","13.1579344238856","14.1057649860703","13.4895823334815","13.6049599824881","13.3316911366538","13.813142449647","13.6658296866126","13.6869644159129","14.946073685839","13.3827173243912","","",
"Barbados","BRB","PM2.5 air pollution, mean annual exposure (micrograms per cubic meter)","EN.ATM.PM25.MC.M3","","","","","","","","","","","","","","","","","","","","","","","","","","","","","","","12.1868406246074","12.2133486416472","12.2206923076536","12.2280359736601","12.2353796396665","12.2810520077397","12.2500669716794","12.2574106376858","12.2647543036922","12.2720979696987","12.2602772846717","11.9523457572711","12.4473812366362","11.3845666281254","10.7087639076575","11.217137815951","11.3416172280359","10.9593674285005","11.6203541774759","12.7377986723715","12.9335454291745","10.5266626649173","12.7188332050096","9.93105584308029","9.35795525195581","12.3869427333054","11.2755775315277","12.1588381483651","10.5931989797172","10.4750386956747","11.3474194945729","12.1711043025916","10.7984053903982","10.9080492042776","","",
"Brunei Darussalam","BRN","PM2.5 air pollution, mean annual exposure (micrograms per cubic meter)","EN.ATM.PM25.MC.M3","","","","","","","","","","","","","","","","","","","","","","","","","","","","","","","10.5290841049586","10.1510383097261","9.9988912560417","9.84674420235732","9.69459714867294","9.0906526118917","9.39030304130418","9.2381559876198","9.08600893393542","8.93386188025104","9.00761356811497","9.05012669954098","9.79900856182154","9.36342811202869","9.66237834354616","9.14633769345823","9.49809904232257","8.99362507390901","9.38968997139907","13.9667313258895","7.84291521668201","9.71641781585495","9.26471190023977","8.33898398662769","8.92712980084173","12.9042976845405","9.30298736230634","6.42034684060506","8.47475429120961","11.5487388591874","6.77369728885737","7.41473381939997","7.47961376576273","7.56922294285959","","",
"Bhutan","BTN","PM2.5 air pollution, mean annual exposure (micrograms per cubic meter)","EN.ATM.PM25.MC.M3","","","","","","","","","","","","","","","","","","","","","","","","","","","","","","","29.9237985336991","29.4940933650966","29.6218026001771","29.7495118352575","29.877221070338","28.8901014980531","30.1326395404989","30.2603487755793","30.3880580106598","30.5157672457402","31.2008908845033","30.3076040698504","30.8358858199388","31.6397493993183","31.5204026747987","31.9794021694406","30.2874992139427","30.0580138356873","31.8194883014994","35.6511840873713","30.2937239727593","31.4029331024336","32.6917345047905","28.4902726728841","32.4826578122473","32.2583535475829","29.8733212662531","30.7307674989193","33.6414162416309","31.729326241531","32.0956306761484","32.476862028065","25.657638995936","30.0727424508173","","",
"Botswana","BWA","PM2.5 air pollution, mean annual exposure (micrograms per cubic meter)","EN.ATM.PM25.MC.M3","","","","","","","","","","","","","","","","","","","","","","","","","","","","","","","17.1420634789964","17.0902166620661","17.119319496651","17.1484223312359","17.1775251658208","17.0447286973754","17.2357308349906","17.2648336695755","17.2939365041604","17.3230393387453","17.4330918248454","19.9787265036222","18.4313729829953","17.3604387465354","16.7286855848236","18.2631821087748","16.5709961302696","16.1292323144744","16.6856331404934","16.4316451288827","20.0842789077473","15.5405259285874","17.0970022555707","16.6826257510739","12.6783006490467","16.628762454879","14.8575911976175","14.3253324202465","16.024262643929","15.0050545912724","13.3194834274843","13.9720494964628","13.3955374058688","13.2435593608353","","",
"Central African Republic","CAF","PM2.5 air pollution, mean annual exposure (micrograms per cubic meter)","EN.ATM.PM25.MC.M3","","","","","","","","","","","","","","","","","","","","","","","","","","","","","","","31.6229917542509","31.7130294416591","31.8023986575005","31.8917678733419","31.9811370891832","32.0718432481586","32.159875520866","32.2492447367074","32.3386139525487","32.4279831683901","32.5166839126645","31.4224711856521","31.7235988537475","30.3327938830286","34.9816529133275","31.3614707385598","32.8133526000185","34.4850126594216","36.5976726486443","38.1075272116391","35.907513544869","39.2225449652738","36.4656988842659","38.1743345015546","33.7465914342482","37.4065427747097","36.2453628561802","35.1467368749208","35.0601954658141","34.0493204346223","35.2422763767659","33.2577447153042","32.636811446638","33.2858847106909","","",
"Canada","CAN","PM2.5 air pollution, mean annual exposure (micrograms per cubic meter)","EN.ATM.PM25.MC.M3","","","","","","","","","","","","","","","","","","","","","","","","","","","","","","","9.41496241512797","9.45065315145438","9.39143051308687","9.33220787471936","9.27298523635185","9.40358934737194","9.15453995961682","9.09531732124931","9.0360946828818","8.97687204451429","8.82273603145294","8.95315956066693","8.74794195914844","8.85367536363244","8.1008824990639","8.59618989296122","8.18328321464726","7.96325997909105","7.68853022085733","7.36586254245046","7.13816180330072","7.40657220393887","6.91602708094203","7.14435049587253","7.45981587623436","7.38952733509424","6.17415187643932","6.91213506169854","7.13787719799952","6.44637527905843","6.02639529210685","7.83769210708607","6.38948485769886","6.55039237938261","","",
"Central Europe and the Baltics","CEB","PM2.5 air pollution, mean annual exposure (micrograms per cubic meter)","EN.ATM.PM25.MC.M3","","","","","","","","","","","","","","","","","","","","","","","","","","","","","","","29.6449478658648","29.2938952002651","28.7781481502625","28.2557030812743","27.732838578383","27.5414254061358","26.6875567901612","26.1636012022805","25.6385596554142","25.1120545380771","24.4136821076051","24.2503375309448","27.6372569211654","28.275172320587","24.6089231735469","25.5483346395383","23.8567235337922","22.519969470864","21.2891423944361","21.7399471426658","23.3021968628468","23.8191539054202","21.6267865157376","20.3970496178154","20.4854978148373","19.4230126004328","18.7250447400488","19.5488419191693","19.7196406081119","16.4975819178021","15.4053628873173","16.5662159921164","15.503309118809","15.3086895796362","","",
"Switzerland","CHE","PM2.5 air pollution, mean annual exposure (micrograms per cubic meter)","EN.ATM.PM25.MC.M3","","","","","","","","","","","","","","","","","","","","","","","","","","","","","","","23.7323677802004","23.7238775796841","23.4149837355365","23.1060898913889","22.7971960472413","23.0891094903551","22.1794083589461","21.8705145147985","21.5616206706509","21.2527268265033","20.6434293387248","19.5744828842303","19.0914104029517","20.6635083905936","17.5356935410664","18.1181168620581","15.12653213903","13.8556413704269","14.0318147947826","15.1682362564629","14.8648825834156","14.9579088964769","12.9054774876848","13.2847990605947","10.6761595852196","11.9291736649443","10.8708158779171","10.6863724663202","10.676114525677","9.18416349963332","9.12641120132556","9.5328942364051","10.174784111954","8.32022270668715","","",
"Channel Islands","CHI","PM2.5 air pollution, mean annual exposure (micrograms per cubic meter)","EN.ATM.PM25.MC.M3","","","","","","","","","","","","","","","","","","","","","","","","","","","","","","","","","","","","","","","","","","","","","","","","","","","","","","","","","","","","","","","","","","",
"Chile","CHL","PM2.5 air pollution, mean annual exposure (micrograms per cubic meter)","EN.ATM.PM25.MC.M3","","","","","","","","","","","","","","","","","","","","","","","","","","","","","","","26.7508225186199","26.4151711570741","26.482187471369","26.549203785664","26.6162200999589","25.8779010625726","26.7502527285488","26.8172690428437","26.8842853571387","26.9513016714336","27.4209856615691","27.4116036062229","27.120140408603","27.1125957112241","25.9755267022457","25.5909128750775","22.7742033505889","21.6793166441615","21.8197503569535","21.7372316720536","21.5985270517892","23.8820538505398","21.5652714471192","21.4023310199417","21.8087186705955","22.6210355943474","22.4649726847552","21.6603146283732","20.5997873103713","20.755448395943","20.0102686850355","22.0634868594571","29.1705232939256","23.1032480114662","","",
"China","CHN","PM2.5 air pollution, mean annual exposure (micrograms per cubic meter)","EN.ATM.PM25.MC.M3","","","","","","","","","","","","","","","","","","","","","","","","","","","","","","","43.0610514012891","42.8436840276615","43.0680146380149","43.2923452483683","43.5166758587217","42.8576105011138","43.9653370794285","44.1896676897818","44.4139983001352","44.6383289104886","45.3043575048227","45.6987498614813","46.1289083082357","45.7397469955709","45.2550277984542","46.1328560526843","49.9470246016505","51.6734727828923","51.0882384725316","49.9422205183624","48.9504008620935","52.7272298089351","48.6578207635684","51.7497809466197","52.5096572089248","49.4732216422362","45.2806085850562","43.0911018824937","38.5057526966035","37.20244673057","33.6907047751319","31.918522723712","31.8957749766111","31.991575365069","","",
"Cote d'Ivoire","CIV","PM2.5 air pollution, mean annual exposure (micrograms per cubic meter)","EN.ATM.PM25.MC.M3","","","","","","","","","","","","","","","","","","","","","","","","","","","","","","","25.1307662402169","23.7924566464742","23.8818761697925","23.9712956931107","24.060715216429","21.294676505626","24.2395542630655","24.3289737863837","24.418393309702","24.5078128330202","26.0249614733989","20.5468232712032","24.6652096974011","20.2058271910428","30.807744234524","24.4488344712161","24.4264565831986","25.7276113588394","26.3574457147366","23.5280741870547","20.0854849470844","24.188010319203","22.4578253451111","18.4987954411899","17.6747799713113","26.2182381259264","23.7745526064328","21.4341423661948","19.8798421869581","18.8155812927616","22.0556108824208","21.3540188476971","21.8306712275434","20.3873194822538","","",
"Cameroon","CMR","PM2.5 air pollution, mean annual exposure (micrograms per cubic meter)","EN.ATM.PM25.MC.M3","","","","","","","","","","","","","","","","","","","","","","","","","","","","","","","52.5895269024696","50.8142443959735","51.1801531416189","51.5460618872644","51.9119706329098","47.9954968742739","52.6437881242007","53.0096968698461","53.3756056154915","53.7415143611369","56.248614358923","47.1854377533032","50.3019887807152","48.3318278960266","54.9050040060034","51.4735733267749","52.4989116337912","54.4970619894514","55.2798972972898","53.5695520826472","52.8941910179059","52.6477399727018","54.6446439640503","52.8273113299572","51.6391324257464","61.726915605535","58.1477649076233","58.3584411446034","54.4021990256544","52.8612394449312","53.4777342537613","53.1474397977025","56.6299237952112","55.603592684544","","",
"Congo, Dem. Rep.","COD","PM2.5 air pollution, mean annual exposure (micrograms per cubic meter)","EN.ATM.PM25.MC.M3","","","","","","","","","","","","","","","","","","","","","","","","","","","","","","","35.7157546989334","36.1047220944383","36.2635488158082","36.422375537178","36.5812022585479","37.2003103281884","36.8988557012876","37.0576824226574","37.2165091440273","37.3753358653971","37.3040219126318","39.4762031022403","38.7707305217958","38.6854968093585","40.8226571258789","39.5597658599719","35.5554014908526","35.1019398523605","36.529901836821","36.5845653706926","39.9104239715272","37.5050047581615","40.5108543774385","41.3899023674374","36.3611333515498","40.4942987380625","36.9606619986288","32.7366232154118","33.4946328460436","37.4094009247605","36.2422937513799","36.8463421764002","36.8333103350476","35.8125021813766","","",
"Congo, Rep.","COG","PM2.5 air pollution, mean annual exposure (micrograms per cubic meter)","EN.ATM.PM25.MC.M3","","","","","","","","","","","","","","","","","","","","","","","","","","","","","","","33.3325811948247","33.7506346287268","34.1390342748295","34.5274339209322","34.9158335670349","35.3635407887377","35.6926328592403","36.081032505343","36.4694321514457","36.8578317975484","37.2165776558513","39.8527970238748","38.1830717877932","39.7184970811992","41.0345462075284","39.5625513524715","32.4339733297653","32.1852745159929","34.5320913680561","35.2930149882157","38.2815328992022","36.0770891735522","36.2167664672099","40.1276260112394","36.430610248924","37.6895651360736","36.1200303101979","32.8661466318511","35.0441860176665","35.5538905208598","37.3808909422355","36.7456736527741","37.5746809256317","36.5403519085882","","",
"Colombia","COL","PM2.5 air pollution, mean annual exposure (micrograms per cubic meter)","EN.ATM.PM25.MC.M3","","","","","","","","","","","","","","","","","","","","","","","","","","","","","","","30.7351181961491","30.5295560667453","30.3975762796375","30.2655964925297","30.1336167054218","29.8544722337216","29.8696571312062","29.7376773440984","29.6056975569905","29.4737177698827","29.415320325071","25.4602022877193","26.0154728496912","27.5160133039776","24.900560931689","24.6016375661702","20.9880173077394","18.9138751568773","19.0054950036162","18.9495726433422","20.6155756211002","19.4233780082529","18.5684399142815","18.4954884367003","19.1389877563514","19.2348570604901","19.6738712609183","18.4571577570909","18.3860185548236","19.7067243599727","19.1676132940414","16.6640289062553","18.8527177779036","18.3566187713727","","",
"Comoros","COM","PM2.5 air pollution, mean annual exposure (micrograms per cubic meter)","EN.ATM.PM25.MC.M3","","","","","","","","","","","","","","","","","","","","","","","","","","","","","","","10.0564874490776","9.89198652087815","10.0576892640582","10.2233920072383","10.3890947504183","9.89439015084007","10.7205002367785","10.8862029799585","11.0519057231386","11.2176084663187","11.7135148808779","12.6941017004379","11.7566704177952","11.955880070601","11.3537158469715","11.4586271132294","11.9019296970617","11.9560603857393","11.8467769381839","11.6426058676508","11.9908932674972","11.0582673035185","11.2597161414589","11.825800622809","9.17841752128082","9.36739731128001","9.67411149363712","10.9465748190486","10.6970500460844","10.5966922774077","10.2209724654924","9.93169178429907","12.0356986217286","10.1727579725379","","",
"Cabo Verde","CPV","PM2.5 air pollution, mean annual exposure (micrograms per cubic meter)","EN.ATM.PM25.MC.M3","","","","","","","","","","","","","","","","","","","","","","","","","","","","","","","23.5223382972553","23.3842564095829","23.6619702682676","23.9396841269523","24.217397985637","23.6635203516085","24.7728257030065","25.0505395616912","25.3282534203759","25.6059672790607","26.2994768841021","19.5538573659048","21.5588769432619","18.2659894004499","20.2973940061833","19.8486158144964","19.4160937796529","20.2705111507828","20.1168481626163","15.3986575585921","15.5479614200059","19.5620829885396","24.1085459109409","17.0137107927979","16.0402763102499","25.5086332896691","20.611163574451","24.3758036180723","16.9218338124847","18.5113624137073","20.3307780284102","19.0896305382384","18.2851088230149","20.1930112407691","","",
"Costa Rica","CRI","PM2.5 air pollution, mean annual exposure (micrograms per cubic meter)","EN.ATM.PM25.MC.M3","","","","","","","","","","","","","","","","","","","","","","","","","","","","","","","20.0999871052438","19.9351499071959","20.0023512709279","20.0695526346598","20.1367539983917","19.7398782385643","20.2711567258556","20.3383580895875","20.4055594533195","20.4727608170514","20.772000742563","20.0868653248229","20.4853805006686","20.7210825928484","19.033326405984","19.5238014973594","18.8696244508244","18.5885783750961","18.8044938426957","19.1397849856144","19.9585083840279","19.3112349144129","18.5556568857618","19.0540491905042","18.3616133870552","19.0534276158403","18.2625400009976","18.3536882830973","17.6199561122599","17.841294618157","17.9677813432914","18.054990422746","18.2413082350632","17.6979830088429","","",
"Caribbean small states","CSS","PM2.5 air pollution, mean annual exposure (micrograms per cubic meter)","EN.ATM.PM25.MC.M3","","","","","","","","","","","","","","","","","","","","","","","","","","","","","","","16.7432464107323","16.7752286465797","16.8658954428315","16.9556366100973","17.0491242241444","17.0459301082366","17.2638520489142","17.3745625244308","17.4854167284001","17.5956473016762","17.7607163109386","16.8205759586269","16.872482149727","16.5097893715317","14.8510157559505","16.2577740432693","14.9353535532182","14.1734343056253","14.2390957856069","14.0869880394474","15.0782840135253","13.7224931000961","14.5500084664886","13.1156652698633","12.4505844115031","14.359738174284","13.7296620122108","13.9025553404253","12.9582352388888","13.1774085931082","13.7825997946282","14.3675894452074","13.7566930056692","13.4917478600712","","",
"Cuba","CUB","PM2.5 air pollution, mean annual exposure (micrograms per cubic meter)","EN.ATM.PM25.MC.M3","","","","","","","","","","","","","","","","","","","","","","","","","","","","","","","11.4184471194893","11.3529291369471","11.4027886900385","11.4526482431299","11.5025077962213","11.3216122780457","11.6022269024041","11.6520864554955","11.7019460085868","11.7518055616782","11.9170426504031","11.5268583173801","11.8994944078658","11.1213562690059","10.523140205024","10.8934677123573","10.7333376897627","10.237486321312","9.96143682790023","9.70149856287093","9.65758785580329","10.5030793327199","9.31386513126439","9.41550379194074","9.11560118789653","9.34589569990177","9.08278396561925","9.55449911449471","9.73821963078965","9.26214510852397","9.97577813799501","9.8262445208671","9.40611001829951","9.44801581673589","","",
"Curacao","CUW","PM2.5 air pollution, mean annual exposure (micrograms per cubic meter)","EN.ATM.PM25.MC.M3","","","","","","","","","","","","","","","","","","","","","","","","","","","","","","","","","","","","","","","","","","","","","","","","","","","","","","","","","","","","","","","","","","",
"Cayman Islands","CYM","PM2.5 air pollution, mean annual exposure (micrograms per cubic meter)","EN.ATM.PM25.MC.M3","","","","","","","","","","","","","","","","","","","","","","","","","","","","","","","","","","","","","","","","","","","","","","","","","","","","","","","","","","","","","","","","","","",
"Cyprus","CYP","PM2.5 air pollution, mean annual exposure (micrograms per cubic meter)","EN.ATM.PM25.MC.M3","","","","","","","","","","","","","","","","","","","","","","","","","","","","","","","25.4186938971801","26.2422022607544","26.4492910362038","26.6563798116532","26.8634685871025","28.3033965388024","27.2776461380012","27.4847349134506","27.6918236889","27.8989124643493","27.4895816516736","26.9017007316662","26.8859116061605","28.1603681117337","26.1365796744825","26.1631897992524","21.8129801568767","20.3583621362499","21.0549511872251","21.2508432668956","22.2128399840638","23.6802164434596","24.8549561269072","18.4718511910315","18.5304214787791","17.928179292738","16.6826151228422","17.63142953281","15.843425133781","16.4888959613625","16.8829450553339","16.4064238159329","21.3967671637857","16.0691610763589","","",
"Czechia","CZE","PM2.5 air pollution, mean annual exposure (micrograms per cubic meter)","EN.ATM.PM25.MC.M3","","","","","","","","","","","","","","","","","","","","","","","","","","","","","","","26.8293119752523","26.4532745180365","25.8681856971147","25.283096876193","24.6980080552712","24.5310219617591","23.5278304134277","22.942741592506","22.3576527715842","21.7725639506625","20.9784237660356","21.599775192058","23.9432985890004","24.8173311965406","21.4473240854619","22.8458396229473","21.2799637756624","19.7456771065298","18.1781461998214","19.2354250009897","21.6290756694349","20.5894906583766","18.3649701006501","19.1672606975121","18.681045705784","16.7738010034667","16.5377128688549","16.450355211847","17.6889787550736","13.4196543528156","12.7679260152194","13.9271630754611","12.8501106624388","12.7487592084261","","",
"Germany","DEU","PM2.5 air pollution, mean annual exposure (micrograms per cubic meter)","EN.ATM.PM25.MC.M3","","","","","","","","","","","","","","","","","","","","","","","","","","","","","","","22.3645910673618","22.2286135095751","21.860513054828","21.4924126000809","21.1243121453338","21.2204574845062","20.3881112358396","20.0200107810924","19.6519103263453","19.2838098715982","18.6835865198912","17.5573414754755","18.2294992691416","18.9082772364592","16.7169462173338","17.0327523133688","15.7601029936779","14.893859816119","14.516990459458","15.3712483653252","15.8396739582842","15.4585841988169","12.9545311145046","13.5556756698361","13.4272572813693","12.1341175742131","11.7952164514446","11.9003757852207","12.2724978426028","9.95772717043857","9.06086572629572","9.90412103549472","9.64877683820048","8.81223056430691","","",
"Djibouti","DJI","PM2.5 air pollution, mean annual exposure (micrograms per cubic meter)","EN.ATM.PM25.MC.M3","","","","","","","","","","","","","","","","","","","","","","","","","","","","","","","36.547397008077","35.3965455912279","35.8665133876742","36.3364811841206","36.8064489805669","34.0347783504243","37.7463845734595","38.2163523699058","38.6863201663521","39.1562879627984","41.2470749725392","40.8641190820244","39.6996117347376","36.4804504194382","37.454143233255","36.9089850876565","36.3893301915657","37.155161019994","37.7478889607518","37.3792233621058","38.1045163170361","43.7035416781021","46.8649547654421","43.8756192799404","38.7623274866295","43.3905178532533","40.5186963242342","43.754176996288","40.9512929184603","41.1177405359462","39.8289344223707","36.2143866826732","39.044711370559","40.2974292106183","","",
"Dominica","DMA","PM2.5 air pollution, mean annual exposure (micrograms per cubic meter)","EN.ATM.PM25.MC.M3","","","","","","","","","","","","","","","","","","","","","","","","","","","","","","","12.9661181536779","12.9953020111631","12.9899911088671","12.9846802065711","12.9793693042752","13.0430479215414","12.9687474996832","12.9634365973872","12.9581256950912","12.9528147927953","12.9130091307182","12.6994586530776","13.1888869642395","11.9088660595512","11.3235702574892","11.9749690824808","12.1226185915148","11.6463830482571","11.7559749743731","12.5040644993826","13.1911982905057","11.6130540981731","12.3769425636612","10.1184027592376","8.97817292355302","12.1140983717352","12.7516172073317","12.4069253935534","12.304882910342","11.0110870299997","11.470837092075","12.3704806638306","11.1561568187343","11.5165760747608","","",
"Denmark","DNK","PM2.5 air pollution, mean annual exposure (micrograms per cubic meter)","EN.ATM.PM25.MC.M3","","","","","","","","","","","","","","","","","","","","","","","","","","","","","","","16.9476900181339","16.7478136077577","16.5476629409153","16.3475122740728","16.1473616072304","15.9477594533198","15.7470602735455","15.5469096067031","15.3467589398606","15.1466082730182","14.9461833497097","12.6994304088912","13.8490840108028","15.2726869757935","12.6935403321234","13.5574625195906","12.0699164611648","11.1426911668014","10.9236991970694","11.4178043487941","11.3645556759396","13.4610916735072","9.66883000239718","9.1761230560509","11.0323428710692","9.09705667522263","8.70010546510422","8.49213876400782","10.2999349983121","9.08862810353217","7.56699784427867","7.83233153264872","8.20415192314087","7.50264703002735","","",
"Dominican Republic","DOM","PM2.5 air pollution, mean annual exposure (micrograms per cubic meter)","EN.ATM.PM25.MC.M3","","","","","","","","","","","","","","","","","","","","","","","","","","","","","","","13.4815392370725","13.3631240247341","13.5482204874295","13.7333169501249","13.9184134128203","13.4964865254488","14.2886063382111","14.4737028009065","14.6587992636019","14.8438957262973","15.3325038640262","14.1841310809903","14.7725867180919","14.4240890704979","12.9137167017171","14.0561755496307","13.7250123053593","13.097683646114","12.7706144634482","12.3012982048972","13.658649013532","12.37191949007","11.9047106498909","12.1301547042651","12.7798219156363","13.0238058465361","13.1164167913019","14.0184540517008","13.9700529917489","13.2694812112673","12.8896641072094","13.666329634232","12.8281909827094","13.5127642846618","","",
"Algeria","DZA","PM2.5 air pollution, mean annual exposure (micrograms per cubic meter)","EN.ATM.PM25.MC.M3","","","","","","","","","","","","","","","","","","","","","","","","","","","","","","","12.2998069256107","12.4851902196292","12.8111468151347","13.1371034106402","13.4630600061457","13.5078699986784","14.1149731971566","14.4409297926621","14.7668863881676","15.092842983673","15.5593728806651","14.4363592906282","15.0411273853982","14.1342155491004","14.3152403982725","14.8913559511864","16.7994819481555","17.4739080712462","17.4674239669476","16.9046213507536","17.211262868675","15.9157535272917","16.1392471454087","15.2206585243926","16.1165663291136","16.0318389714709","16.7302943332799","15.3884102993683","16.0599697647705","16.0043837868398","15.3457911307566","16.8669275134746","19.1821741766237","16.5394687279881","","",
"East Asia & Pacific (excluding high income)","EAP","PM2.5 air pollution, mean annual exposure (micrograms per cubic meter)","EN.ATM.PM25.MC.M3","","","","","","","","","","","","","","","","","","","","","","","","","","","","","","","40.7565707463048","40.3713089638291","40.3984298986918","40.4222279262094","40.4433635841153","39.6287545228041","40.4772914392838","40.4913205455355","40.5045480529726","40.5188506277652","40.946908817676","40.7388904735461","41.2486548774962","40.6247993244214","40.8307038447449","41.1517138229965","42.6246582238018","43.056678795027","42.5460145780736","41.9488755711635","40.614487109481","43.4887340676435","40.4515077339594","42.6047672264302","43.657530071509","41.6099926858488","38.1211356134048","36.062546926547","33.3328211265292","33.073641842273","29.8344080409949","28.7939808593472","28.7236250169824","28.8246213833744","","",
"Early-demographic dividend","EAR","PM2.5 air pollution, mean annual exposure (micrograms per cubic meter)","EN.ATM.PM25.MC.M3","","","","","","","","","","","","","","","","","","","","","","","","","","","","","","","43.4854396611679","42.82925304084","42.7408078846244","42.6604192602113","42.587115999588","41.3704650454756","42.4348736855375","42.3591887921278","42.289330626465","42.2241373566881","42.7391770054064","42.1533071636337","42.7738529709922","43.4097391487497","42.526209577448","42.4661165704573","40.4946937723329","40.046472266575","41.0200707079134","41.8029167285173","41.8481828846314","43.1135420738481","42.3192582894747","41.5991305256413","41.3348720539388","42.0564613036051","42.4213383085961","42.6090330853014","44.5142391363275","42.3207568315784","41.4193595764004","43.3740273159279","41.1051855035198","42.6148722100008","","",
"East Asia & Pacific","EAS","PM2.5 air pollution, mean annual exposure (micrograms per cubic meter)","EN.ATM.PM25.MC.M3","","","","","","","","","","","","","","","","","","","","","","","","","","","","","","","37.7929562484696","37.4592396067617","37.5039568298461","37.5455123647757","37.5841445551771","36.8520388976828","37.6511367487534","37.6809031285486","37.7085206206122","37.7368643928398","38.1452345089354","37.9570790900862","38.4006282385227","37.8090672453483","37.9810927127645","38.3129373380085","39.8169775543681","40.2948521723742","39.8096708220298","39.2672107847917","37.9507775159406","40.4979379683297","37.8270966543286","39.818796461882","40.861546397715","38.9745013713121","35.7350836237465","33.8504468223012","31.3909379934903","31.1862692276644","28.1555216304885","27.2666703326686","27.3142726727188","27.2993177289357","","",
"Europe & Central Asia (excluding high income)","ECA","PM2.5 air pollution, mean annual exposure (micrograms per cubic meter)","EN.ATM.PM25.MC.M3","","","","","","","","","","","","","","","","","","","","","","","","","","","","","","","29.4514622352489","29.4404017768085","29.2460025337816","29.0549942605728","28.8743868657951","29.0970581486729","28.5478476132376","28.3962902436294","28.2483581791985","28.0929662010886","27.7346596279198","27.6775712923954","28.641168130983","26.1893761405826","25.3020465594806","25.1816843217409","24.8153495048934","24.8145862731303","24.8257291868468","24.3941917571951","25.6625510511625","25.1188688511669","24.0530226236885","24.7073335918368","25.0679889902143","24.6239471304587","23.1659517524145","24.5114662659555","24.4493380071349","23.8938435638041","23.3691726690454","24.2327373615992","24.2649121461778","24.0483094992526","","",
"Europe & Central Asia","ECS","PM2.5 air pollution, mean annual exposure (micrograms per cubic meter)","EN.ATM.PM25.MC.M3","","","","","","","","","","","","","","","","","","","","","","","","","","","","","","","25.6289887074678","25.421934246433","25.1171740273123","24.8120758414234","24.5093358940161","24.4095432498156","23.9136683592504","23.6195787719839","23.3266757300338","23.0321999461109","22.6344885455611","21.5584313893576","22.624954608034","22.3856536887127","20.2732455740771","20.2883022846349","19.0460274438951","18.3728673331496","18.0997462156505","18.2240755416958","19.1783461268768","18.4532304967501","17.3028874626035","17.2233644720895","16.9959639658442","16.5302595909985","15.7903429311348","16.3321867481792","16.1351100700035","15.1321613103248","14.6004625458533","15.2960693043462","15.1790106241243","14.4111439011471","","",
"Ecuador","ECU","PM2.5 air pollution, mean annual exposure (micrograms per cubic meter)","EN.ATM.PM25.MC.M3","","","","","","","","","","","","","","","","","","","","","","","","","","","","","","","41.187370149789","40.8872934744638","40.5524408930778","40.2175883116917","39.8827357303057","39.6174349610401","39.2130305675336","38.8781779861475","38.5433254047614","38.2084728233754","37.8388443359289","38.630595434544","38.3099517263994","38.2344207929529","37.7655397059904","37.6331086572784","25.3459664495104","19.14326835546","19.1306658675447","18.9870360482816","21.2083411774245","18.9757073503174","18.0424343279012","18.0517363768939","17.78596368057","18.258248662138","18.8225928822421","18.2778953966104","18.6076444108592","18.880438766098","18.7426731318293","18.605495375963","19.8012550282051","18.6084478897872","","",
"Egypt, Arab Rep.","EGY","PM2.5 air pollution, mean annual exposure (micrograms per cubic meter)","EN.ATM.PM25.MC.M3","","","","","","","","","","","","","","","","","","","","","","","","","","","","","","","46.5345174231521","48.6582442222188","48.9089445519871","49.1596448817554","49.4103452115237","53.407098479889","49.9117458710603","50.1624462008286","50.4131465305969","50.6638468603652","49.0415207208352","49.9574653231969","51.8442698872966","61.1019097323142","57.6960532192467","51.0921546716322","44.4190276887862","40.757764743114","40.9756017153782","42.9563410045474","46.3262890792464","40.8977537424026","42.6414652957417","46.5554819136137","43.5968296522207","45.6930204523881","45.0345425155358","45.0086404762345","44.9185945189461","44.6262157169763","39.7460127211742","41.5138300696419","42.2068092839445","43.1460553382462","","",
"Euro area","EMU","PM2.5 air pollution, mean annual exposure (micrograms per cubic meter)","EN.ATM.PM25.MC.M3","","","","","","","","","","","","","","","","","","","","","","","","","","","","","","","22.8017276979539","22.7015760516412","22.4635683686954","22.2274942208439","21.9933862827218","22.0273046861766","21.5237221691854","21.290466831034","21.0579360090676","20.8245607467643","20.4559553623958","18.9539257031455","19.5847707650222","20.7129543327207","18.3429463061201","18.7103838744884","17.153172529841","16.2199506229341","15.9351566159102","16.1033689893183","15.987030930471","16.3877601394214","14.572926505841","14.230446751763","13.1791954231723","13.5456079171248","12.5267090422264","12.7648369629958","12.6011702158364","11.310468390949","10.7601764230249","11.3170869871823","11.7998651193297","10.2790606788454","","",
"Eritrea","ERI","PM2.5 air pollution, mean annual exposure (micrograms per cubic meter)","EN.ATM.PM25.MC.M3","","","","","","","","","","","","","","","","","","","","","","","","","","","","","","","40.019220479344","38.8827969568344","38.8823377734572","38.8818785900799","38.8814194067026","36.6090315450611","38.880501039948","38.8800418565708","38.8795826731935","38.8791234898162","40.0146286455709","35.7758221833271","35.228606583568","34.4290245935084","33.8023894391221","37.3049578548729","31.7087262200735","30.0130604255225","30.1959264896041","29.6003330943579","32.1748548055185","34.8376662422961","34.2465934807474","35.2650209672615","29.1416815998873","34.9353641229294","33.3373349598182","37.9107669008953","35.0966959431985","33.2391304848551","30.9060475098208","30.3260485663662","33.1651240199448","33.6567997168068","","",
"Spain","ESP","PM2.5 air pollution, mean annual exposure (micrograms per cubic meter)","EN.ATM.PM25.MC.M3","","","","","","","","","","","","","","","","","","","","","","","","","","","","","","","16.4987181922095","16.2565184144718","16.2717303425785","16.2869422706851","16.3021541987918","15.8025427152099","16.3325780550051","16.3477899831117","16.3630019112183","16.378213839325","16.6508374732758","15.6047091437375","15.7520489542014","16.1634030933099","15.0279388325738","15.0412994628953","14.3447196948568","13.5038732604957","13.110078684933","12.9657195567806","11.5400693254122","12.0942948150579","11.6919954874835","10.2759088539549","10.22461137596","11.8085262869621","10.3473621764905","11.1658168739395","10.5034718641397","10.4338195896242","10.0910228471584","10.2366414392856","11.9338447646942","10.0808338779581","","",
"Estonia","EST","PM2.5 air pollution, mean annual exposure (micrograms per cubic meter)","EN.ATM.PM25.MC.M3","","","","","","","","","","","","","","","","","","","","","","","","","","","","","","","19.3455326519109","19.2425169322327","18.9390416947151","18.6355664571974","18.3320912196798","18.4295350178401","17.7251407446446","17.4216655071269","17.1181902696093","16.8147150320917","16.310780276735","15.5892073227066","17.3042682813066","14.7439135672487","13.5256376198137","13.1754671293109","11.3193811582759","10.3239610320342","9.88438843592832","9.45844779715572","10.4707338625586","8.57915434602602","8.66776188531885","8.44215107790805","9.37028815022363","7.28547055171491","6.97215671810955","6.23825781218917","8.13925854793547","6.48539152857741","6.38391649561802","7.22114742755663","6.63187069919039","5.91844561892566","","",
"Ethiopia","ETH","PM2.5 air pollution, mean annual exposure (micrograms per cubic meter)","EN.ATM.PM25.MC.M3","","","","","","","","","","","","","","","","","","","","","","","","","","","","","","","21.3102211973087","20.2960504977904","20.3663658218369","20.4366811458835","20.50699646993","18.4083397468473","20.6476271180231","20.7179424420696","20.7882577661162","20.8585730901627","22.0133744377738","25.1711735487158","23.7744190388863","22.2196766654647","22.43685085496","22.6872373649016","22.9542180809591","23.2352474929224","23.3535997886864","22.68705677205","24.166909022745","25.2350078828693","24.5351118806919","24.8586639702578","21.7734035744035","24.819463870742","23.6646171631837","25.1283378535126","23.9359544258576","22.7924418312934","23.9067499898344","23.7887266123944","23.5261339843168","23.8032820424199","","",
"European Union","EUU","PM2.5 air pollution, mean annual exposure (micrograms per cubic meter)","EN.ATM.PM25.MC.M3","","","","","","","","","","","","","","","","","","","","","","","","","","","","","","","23.8452940146391","23.689727118304","23.3904705578653","23.0939564376522","22.7991327010506","22.7867570113897","22.2093423727705","21.9164879231202","21.6245197256357","21.3317583514573","20.8923024848145","19.6528101195956","20.8139797191183","21.8739502753806","19.2687851362553","19.7523000592336","18.1665807682419","17.127582059419","16.6517003993247","16.9245086503134","17.1563495365754","17.5240023145491","15.6494361313139","15.1431866726659","14.3987496590371","14.4147890977298","13.4919858924491","13.8446876439697","13.7511351519776","12.0835931801388","11.4060087716525","12.0799112711181","12.2137877282298","11.0111775725417","","",
"Finland","FIN","PM2.5 air pollution, mean annual exposure (micrograms per cubic meter)","EN.ATM.PM25.MC.M3","","","","","","","","","","","","","","","","","","","","","","","","","","","","","","","10.5113134223461","10.4691106973283","10.3599974028701","10.2508841084119","10.1417708139536","10.1664786583759","9.92354422503715","9.81443093057892","9.70531763612068","9.59620434166245","9.42018047776389","8.71213926366463","8.72261703000733","9.391679224902","8.47682800490288","8.8644509894831","8.50175665837285","7.74964222854881","7.25397826755957","7.0440238717636","7.6665087286421","6.90854689697724","6.69926003675058","6.2869797195743","7.35747194919289","5.69706141683995","5.40693929358021","4.74394075141048","5.84651585707961","5.2174017815856","4.95233131104412","5.26109490666293","5.11856750896099","4.56663882609005","","",
"Fiji","FJI","PM2.5 air pollution, mean annual exposure (micrograms per cubic meter)","EN.ATM.PM25.MC.M3","","","","","","","","","","","","","","","","","","","","","","","","","","","","","","","5.62544039494582","5.43551895169112","5.56855554938849","5.70159214708585","5.83462874478322","5.32174926057696","6.10070194017795","6.23373853787532","6.36677513557269","6.49981173327006","6.95580637191927","7.40315189957814","7.02299803363811","7.13613433410344","6.60343460527544","6.83491264335033","6.91449791395721","7.18772689625003","7.17058607235611","6.43237587611048","6.88563474549576","6.76008246351913","6.44418172593553","6.34176339140498","5.49433926170456","6.11755232294273","5.85147973844489","7.18621241301659","6.59012418588035","6.95470348686353","6.08382127607943","5.97518909759315","7.3625428766382","6.44872096526468","","",
"France","FRA","PM2.5 air pollution, mean annual exposure (micrograms per cubic meter)","EN.ATM.PM25.MC.M3","","","","","","","","","","","","","","","","","","","","","","","","","","","","","","","19.6130219873187","19.5841201092403","19.4111115098752","19.23810291051","19.0650943111449","19.1802991543527","18.7190771124146","18.5460685130494","18.3730599136843","18.2000513143191","17.8829359936674","17.1691780362976","16.7497368006463","18.6509465537679","16.1714405286058","16.5468479487896","14.4667104567385","13.8289150912814","14.5403484359196","15.6461380644536","15.8696664449031","15.4920531594036","13.9323322128474","14.290754188052","11.3479530769135","12.0481874947392","11.0378089342511","10.6190588228925","10.5107824351537","9.41824194165321","8.77800001489545","9.93627290816782","10.3836622746905","8.22738625697416","","",
"Faroe Islands","FRO","PM2.5 air pollution, mean annual exposure (micrograms per cubic meter)","EN.ATM.PM25.MC.M3","","","","","","","","","","","","","","","","","","","","","","","","","","","","","","","","","","","","","","","","","","","","","","","","","","","","","","","","","","","","","","","","","","",
"Micronesia, Fed. Sts.","FSM","PM2.5 air pollution, mean annual exposure (micrograms per cubic meter)","EN.ATM.PM25.MC.M3","","","","","","","","","","","","","","","","","","","","","","","","","","","","","","","4.73730109078561","4.6595015475245","4.66177480555038","4.66404806357627","4.66632132160215","4.50844897705407","4.67086783765391","4.67314109567979","4.67541435370567","4.67768761173155","4.76003367104441","4.92369010996103","4.84892752722634","4.67582189197791","4.43524407228315","4.59660703702622","4.65293406472832","4.62609788142464","4.63841901048025","4.77733884230892","4.42113697028337","4.86785054248864","4.5072999411258","4.30181914642517","4.44778702195999","4.67269224808772","3.79572363222193","3.57454119865152","4.0495257466137","3.78243790247913","3.52255056217135","3.56978052028658","4.02973932425934","3.51665334908193","","",
"Gabon","GAB","PM2.5 air pollution, mean annual exposure (micrograms per cubic meter)","EN.ATM.PM25.MC.M3","","","","","","","","","","","","","","","","","","","","","","","","","","","","","","","28.5245911494469","28.3628374586269","28.4583460440322","28.5538546294375","28.6493632148428","28.230347247798","28.8403803856534","28.9358889710588","29.0313975564641","29.1269061418694","29.4796770034997","28.5624541624179","28.9830225588465","28.3199162236034","29.1137843717922","28.9608227435123","25.3048779024936","25.9088253666364","27.8985134691197","27.0071525203874","29.0584488362783","28.9402504273","29.5648483349918","32.0768027518567","28.7115755077277","31.1583560855615","32.0063953887715","27.9987788436569","28.4801107651775","29.3305583712676","31.2781900678149","30.4548421034181","32.1853662714696","31.3215918230835","","",
"United Kingdom","GBR","PM2.5 air pollution, mean annual exposure (micrograms per cubic meter)","EN.ATM.PM25.MC.M3","","","","","","","","","","","","","","","","","","","","","","","","","","","","","","","20.108565445179","20.1617103890454","19.9390318260776","19.7163532631098","19.4936747001421","19.8226431508419","19.0483175742065","18.8256390112387","18.6029604482709","18.3802818853031","17.8817798155015","15.8040865771241","16.3877890369293","19.3544864435061","15.5840021759095","16.1136437372365","13.4620257611205","12.1370024293423","11.9857659830594","11.9881960643702","12.5389789726342","13.017005115073","11.1751270771676","12.4952891586025","12.1572167997075","10.4984654639443","10.663101063838","10.3650112571487","10.6059076264199","10.2890709531888","9.52171570283834","9.99579607939085","10.016644435978","9.46282991802458","","",
"Georgia","GEO","PM2.5 air pollution, mean annual exposure (micrograms per cubic meter)","EN.ATM.PM25.MC.M3","","","","","","","","","","","","","","","","","","","","","","","","","","","","","","","21.8503583354609","21.8952157655249","21.7480013662425","21.6007869669601","21.4535725676776","21.6905018270876","21.1591437691128","21.0119293698304","20.8647149705479","20.7175005712655","20.3782143426368","20.8458638000748","19.9249102686051","19.2640781060563","19.0139190018133","19.9559288424734","19.4147947150316","20.2866981895568","20.4871155444502","19.8413083613995","21.8779383548016","19.0449267006406","18.5215256244454","18.4942417941906","20.9305947312065","18.8538248338325","17.372294638664","19.0750865540907","18.6640622057354","18.9456214930977","18.9479160700645","19.566218652052","19.351565028902","18.5711667549529","","",
"Ghana","GHA","PM2.5 air pollution, mean annual exposure (micrograms per cubic meter)","EN.ATM.PM25.MC.M3","","","","","","","","","","","","","","","","","","","","","","","","","","","","","","","38.3512002784784","36.2087431851242","36.2382419475188","36.2677407099134","36.2972394723079","31.9828265232056","36.3562369970971","36.3857357594916","36.4152345218862","36.4447332842808","38.6461879024236","29.8112835954564","35.1593626800221","28.9236361356992","40.8471079792122","31.5057622691659","31.4140355286574","33.4452107808469","34.1712364799862","29.4002555482537","26.371447386165","30.3930045479609","29.0418637003495","24.2061546021841","23.6327809168327","33.8697351229232","31.3095383111133","29.3568301115867","25.8232291377847","25.0476126459012","30.1543666247493","29.2960702713952","30.0880306483719","28.143601284493","","",
"Gibraltar","GIB","PM2.5 air pollution, mean annual exposure (micrograms per cubic meter)","EN.ATM.PM25.MC.M3","","","","","","","","","","","","","","","","","","","","","","","","","","","","","","","","","","","","","","","","","","","","","","","","","","","","","","","","","","","","","","","","","","",
"Guinea","GIN","PM2.5 air pollution, mean annual exposure (micrograms per cubic meter)","EN.ATM.PM25.MC.M3","","","","","","","","","","","","","","","","","","","","","","","","","","","","","","","30.886996358437","30.2781205237132","30.208389061569","30.1386575994249","30.0689261372808","28.9209059299771","29.9294632129925","29.8597317508484","29.7900002887043","29.7202688265601","30.1896817369956","26.6548275944908","28.2763659431737","26.3257132393923","33.3643330259586","29.1480141344485","28.8374671729279","29.9723932253519","31.2581829627097","28.7735476269784","29.8541230476967","30.5038550590595","29.4976600174044","25.0054280197302","25.9717238462183","31.4888245218172","30.4418199999504","30.5590844497077","28.8640174527699","26.5843726882957","27.2214398926513","27.0984815291413","27.6046011191563","27.2639917651602","","",
"Gambia, The","GMB","PM2.5 air pollution, mean annual exposure (micrograms per cubic meter)","EN.ATM.PM25.MC.M3","","","","","","","","","","","","","","","","","","","","","","","","","","","","","","","41.9242378376216","41.5848530275773","41.5268807196376","41.4689084116978","41.4109361037581","40.790138791609","41.2949914878786","41.2370191799389","41.1790468719992","41.1210745640594","41.3445147582243","35.0777271873364","40.8223861593755","37.5733327417509","41.5490116499845","36.6934099988931","37.6425471457947","39.3253287965307","39.2886968370381","34.4537021234745","37.6278637786081","37.4827882284656","43.2188743504448","32.5484863459717","35.9468890256394","43.1628486924345","38.1418149085044","41.615274500443","39.1668107364675","36.7144354566029","37.4272673372918","38.4502793605721","36.1413467657693","38.265175638788","","",
"Guinea-Bissau","GNB","PM2.5 air pollution, mean annual exposure (micrograms per cubic meter)","EN.ATM.PM25.MC.M3","","","","","","","","","","","","","","","","","","","","","","","","","","","","","","","38.4750772143403","37.4512224277985","37.2619518850441","37.0726813422897","36.8834107995354","35.0249717692056","36.5048697140266","36.3155991712723","36.1263286285179","35.9370580857635","36.5823717867966","30.8973467022134","33.8435618674549","31.7554113700337","36.7381808247812","32.7806696065658","33.7323484464674","35.2060454732893","35.7583400772426","31.998167086357","33.3220582552832","34.1313120548603","35.6196267372682","28.487890085031","30.2524068012234","36.1920659472528","32.9366295828644","36.4190361069168","35.1487323389583","30.9440705726087","32.5028674212238","31.7834142819936","31.6464547644496","32.2919342603912","","",
"Equatorial Guinea","GNQ","PM2.5 air pollution, mean annual exposure (micrograms per cubic meter)","EN.ATM.PM25.MC.M3","","","","","","","","","","","","","","","","","","","","","","","","","","","","","","","42.5200158688906","40.9451137506433","40.8582515270433","40.7713893034434","40.6845270798435","37.6215850669488","40.5108026326436","40.4239404090437","40.3370781854438","40.2502159618438","41.651393632891","36.9753366403699","38.0153838309901","35.3475948731449","38.9509223009798","36.2939932144901","33.0668025327087","33.7298241116505","36.0056727949511","33.6438055907674","36.5180995852459","35.997544051315","37.1786666675568","39.2511233121454","35.0158524363488","42.6313082715495","42.1042110612561","38.1294600944499","36.147736606932","37.8649097138022","40.9192263288473","41.5933457698159","43.625828851518","42.2208052713627","","",
"Greece","GRC","PM2.5 air pollution, mean annual exposure (micrograms per cubic meter)","EN.ATM.PM25.MC.M3","","","","","","","","","","","","","","","","","","","","","","","","","","","","","","","25.2857714075515","25.4675464881916","25.5585215374209","25.6494965866501","25.7404716358794","26.0130467479306","25.9224217343379","26.0133967835672","26.1043718327964","26.1953468820257","26.195521899844","24.3862148237956","25.1631455303145","26.5354031822727","23.2391621403789","24.1297098606129","21.1531220679768","20.4216986910793","20.2914559512345","18.6565227951398","18.1403773417228","18.8826332091494","17.7408338148344","15.1354047778965","15.9602532913852","15.4961295457634","15.2863099968627","15.3860425452779","15.426827372432","15.4629284259515","14.4453432380952","15.6616318007135","16.3030538124793","14.118664022908","","",
"Grenada","GRD","PM2.5 air pollution, mean annual exposure (micrograms per cubic meter)","EN.ATM.PM25.MC.M3","","","","","","","","","","","","","","","","","","","","","","","","","","","","","","","11.8686286080072","11.9527553439241","11.9867933176272","12.0208312913303","12.0548692650334","12.1890847631643","12.1229452124396","12.1569831861427","12.1910211598458","12.2250591335489","12.2090083450381","11.9927138224644","12.4938107145339","11.4623917162846","10.7429890337504","11.4843085150801","11.3373013440089","10.8009439738589","11.3996024262635","12.5387110180818","13.3111136278942","10.2776246221522","12.4957389519333","10.0467146936889","9.41749477879839","12.132890266003","11.7000306100331","11.8854290792897","10.6010898859802","10.7118417773225","11.1340867235524","12.3513912939514","10.9880658520089","11.0315429587203","","",
"Greenland","GRL","PM2.5 air pollution, mean annual exposure (micrograms per cubic meter)","EN.ATM.PM25.MC.M3","","","","","","","","","","","","","","","","","","","","","","","","","","","","","","","1.652726154427","1.64821459763232","1.63619557843708","1.62417655924185","1.61215754004661","1.61515344565244","1.58811950165614","1.5761004824609","1.56408146326567","1.55206244407043","1.53253596247466","1.55250825015885","1.45852928030692","1.51978648558285","1.38685225018092","1.40144904120517","1.70196183288896","1.86286672383007","1.91473026534269","1.92646127876199","1.98098632133424","1.82568347606147","2.0842794515033","1.82058879280051","1.92791245005633","1.64758472228854","1.58205307703241","1.73621072946146","1.50600455841938","1.84640110547822","1.71134735306652","1.72065428953595","1.77327801063675","1.63628490009227","","",
"Guatemala","GTM","PM2.5 air pollution, mean annual exposure (micrograms per cubic meter)","EN.ATM.PM25.MC.M3","","","","","","","","","","","","","","","","","","","","","","","","","","","","","","","39.1610184001261","38.9148856759225","38.6203042054479","38.3257227349734","38.0311412644988","37.833457286565","37.4419783235498","37.1473968530752","36.8528153826007","36.5582339121262","36.2152036953811","31.8738625616511","31.3656402187038","33.0730990005716","28.0762889420471","29.2886105981655","27.4303207162049","26.7581683763429","28.167680837005","31.5886539218028","28.6109743470696","31.96363951634","29.6585058561654","32.0186128972524","27.4223137463517","26.8919069509211","30.3545322854983","29.9430077048577","28.1314081003981","29.3775212370689","31.9662189623904","31.1657290720303","28.3120937251037","29.6792763049113","","",
"Guam","GUM","PM2.5 air pollution, mean annual exposure (micrograms per cubic meter)","EN.ATM.PM25.MC.M3","","","","","","","","","","","","","","","","","","","","","","","","","","","","","","","4.3113266606923","4.22186418878233","4.21749861366971","4.21313303855709","4.20876746344447","4.03420809473714","4.20003631321923","4.19567073810661","4.19130516299399","4.18693958788138","4.2676709095661","4.41480693379239","5.1134823230071","4.3357250461388","4.62770178284191","3.85095485656127","4.02656330800954","3.95180286067434","3.87213781202049","3.95876445688843","3.6292658856828","4.14392139176586","4.37565820470043","4.08266794721338","4.58172500978383","4.93936320949332","3.89457697263485","3.79098046393077","3.52892096818836","3.27092166568972","3.05763813189896","3.41198728904722","3.72498157414215","3.47075894957671","","",
"Guyana","GUY","PM2.5 air pollution, mean annual exposure (micrograms per cubic meter)","EN.ATM.PM25.MC.M3","","","","","","","","","","","","","","","","","","","","","","","","","","","","","","","23.7189224615245","23.5593582814554","23.8541423359602","24.148926390465","24.4437104449698","23.8297980303279","25.0332785539794","25.3280626084842","25.622846662989","25.9176307174938","26.6667630065721","24.7804398895575","24.3411450326598","25.1729778182659","22.2574440428806","24.4486595567648","19.7577890407045","17.7515925733248","17.7590749538008","16.8733263469667","18.4696341481374","17.0102709095446","18.078707012209","16.831415858072","16.0457196451689","18.390164178919","17.4574829748199","16.6932475618587","15.8697060057558","16.6335009904931","16.6207586497823","18.2191500248983","17.5047665611304","16.9462260034022","","",
"High income","HIC","PM2.5 air pollution, mean annual exposure (micrograms per cubic meter)","EN.ATM.PM25.MC.M3","","","","","","","","","","","","","","","","","","","","","","","","","","","","","","","20.9405194932961","20.758126658293","20.5632210145966","20.3645434273435","20.1671180372863","20.027750652302","19.7797371644573","19.5922630894766","19.4084486621358","19.2263682370856","19.0246226010956","18.0781144194953","18.5514451883342","18.9843433564833","17.3905691702023","17.6835021250792","16.7489951550934","16.2578286666011","16.0132129823397","16.0148638767712","16.1703472283894","15.8574300879123","15.2757962070931","15.0836682222971","14.7544162577667","14.8797671724401","14.0790298135547","14.319323403664","14.1610995903591","13.375136438452","12.9034148567714","13.6403669917296","13.9685839173896","12.9675974261284","","",
"Hong Kong SAR, China","HKG","PM2.5 air pollution, mean annual exposure (micrograms per cubic meter)","EN.ATM.PM25.MC.M3","","","","","","","","","","","","","","","","","","","","","","","","","","","","","","","","","","","","","","","","","","","","","","","","","","","","","","","","","","","","","","","","","","",
"Honduras","HND","PM2.5 air pollution, mean annual exposure (micrograms per cubic meter)","EN.ATM.PM25.MC.M3","","","","","","","","","","","","","","","","","","","","","","","","","","","","","","","39.2199557858912","38.4392712467941","38.3555599266436","38.2718486064932","38.1881372863427","36.7104795282989","38.0207146460418","37.9370033258913","37.8532920057408","37.7695806855903","38.3828425843864","34.7359131306932","35.5103022431416","37.3740532889195","31.456415466241","33.7566101434543","31.5234447764269","30.6750038555339","30.6868037783563","30.0063567642572","28.5008525041351","33.3998623380405","28.4877328595734","32.0934225590354","29.4737326253674","29.7472774328821","27.8161786141628","28.7616185448399","29.7635517651656","29.4283957469446","36.5355643898854","30.2857858448489","29.6637651594529","30.7188969730187","","",
"Heavily indebted poor countries (HIPC)","HPC","PM2.5 air pollution, mean annual exposure (micrograms per cubic meter)","EN.ATM.PM25.MC.M3","","","","","","","","","","","","","","","","","","","","","","","","","","","","","","","31.6696536671908","30.9492106530096","31.082001490219","31.215935718247","31.296867300995","29.7368493339396","31.4885528240792","31.5894856263244","31.6828615786526","31.7834834548577","32.6928223961102","32.0780213361918","32.306909864808","30.4542101251285","33.6846839473793","31.8047408874216","31.5107351839429","31.9538853019331","32.3613010918621","30.6126554742834","31.995879691257","32.4702031272996","31.8842218505511","30.8208957035404","28.9042066062675","33.5518776556138","31.8172364048008","30.6724725629434","29.6512287053416","29.8450323902329","30.4720438806636","30.4392288741334","31.5666377591161","30.2799450869827","","",
"Croatia","HRV","PM2.5 air pollution, mean annual exposure (micrograms per cubic meter)","EN.ATM.PM25.MC.M3","","","","","","","","","","","","","","","","","","","","","","","","","","","","","","","27.7408904297116","27.4231159069117","27.0697264134741","26.7163369200366","26.362947426599","26.0807878744354","25.6561684397239","25.3027789462864","24.9493894528489","24.5959999594113","24.2069954953366","23.8831308886975","27.3481876201074","29.1399150887477","25.0842132029273","26.5990115147249","23.6944781711781","21.8691308993668","20.6802048394573","21.0753069224242","21.131826137621","24.2670565479156","20.5974954444333","19.4659499015415","18.2337872404571","20.4013318441123","19.5103036698958","18.8283911937191","19.6904117646471","16.3501847140191","15.5363694697733","15.8311978587026","16.8333506097167","15.7786705432032","","",
"Haiti","HTI","PM2.5 air pollution, mean annual exposure (micrograms per cubic meter)","EN.ATM.PM25.MC.M3","","","","","","","","","","","","","","","","","","","","","","","","","","","","","","","14.1796909160106","14.1060885561724","14.2929409000805","14.4797932439886","14.6666455878967","14.332588524313","15.0403502757129","15.227202619621","15.414054963529","15.6009073074371","16.0482143550912","14.552958419015","15.6478610174017","15.0843084958859","13.8203987243363","14.5278127247137","14.8318504330844","14.702996088707","14.5435652953015","14.1802498002384","16.2956346305867","14.1411517955388","13.6823892132522","15.0957599176713","15.2557099929414","15.9378777812489","14.9184355170856","15.5977298868039","15.7261482402686","15.3583584553577","15.8597316710366","16.259372740045","14.6394225854133","15.8127594459366","","",
"Hungary","HUN","PM2.5 air pollution, mean annual exposure (micrograms per cubic meter)","EN.ATM.PM25.MC.M3","","","","","","","","","","","","","","","","","","","","","","","","","","","","","","","27.2677762480869","27.0553445251279","26.5137813042051","25.9722180832823","25.4306548623594","25.5473546373623","24.3475284205138","23.805965199591","23.2644019786682","22.7228387577453","21.8521440388594","21.6392377842657","24.4454640967473","25.8154815283458","22.1690752312132","23.118993348319","21.8799842132505","20.5905835751322","19.2682506884038","20.5774180531898","20.6009272974969","23.5710586394975","20.2847528931058","19.1996854386235","18.1685604365167","19.0056518144009","17.0875378473983","18.8047015819743","18.2609055529635","14.686677071267","13.5188812207119","14.3835277703063","13.9643061911554","13.7155825810085","","",
"IBRD only","IBD","PM2.5 air pollution, mean annual exposure (micrograms per cubic meter)","EN.ATM.PM25.MC.M3","","","","","","","","","","","","","","","","","","","","","","","","","","","","","","","39.9864088118901","39.5560529162821","39.5390482925676","39.5240421888292","39.5108011226105","38.6674562871913","39.4867175141716","39.4758311785975","39.4645289066729","39.4525701653846","39.8621220114928","39.5029401623926","40.1392682238439","40.3808533863872","39.5066377686858","39.6893633331379","39.1843881118069","39.1793706670428","39.4797537123193","39.5498247939183","39.299796380993","41.0886214110463","39.0390281326658","39.7971807548858","39.8841999665292","39.1436589585664","38.3321742357556","37.7544686859364","36.9701027262106","35.915943320806","33.9441117368365","34.6056731109914","33.5933124176626","34.2690710817944","","",
"IDA & IBRD total","IBT","PM2.5 air pollution, mean annual exposure (micrograms per cubic meter)","EN.ATM.PM25.MC.M3","","","","","","","","","","","","","","","","","","","","","","","","","","","","","","","40.5780853171616","40.0765623118557","40.079160680201","40.0831952846456","40.0867109437507","39.0679579875153","40.0990173173023","40.1075226490124","40.1162541444717","40.1272524541545","40.6612097290956","40.0432741884876","40.7040224207433","40.3936526346175","40.2638782539978","40.1354244141271","39.7422002512774","39.8615896726337","40.2171392167313","39.9871603590934","39.9612612593036","41.4587962076581","39.938440329292","39.925917573522","39.8297323803746","40.4936512144246","39.41330412231","38.8021048183489","38.4680836169733","36.9693228468165","35.9831670671105","36.6450720907929","36.0085013196027","36.3481930882904","","",
"IDA total","IDA","PM2.5 air pollution, mean annual exposure (micrograms per cubic meter)","EN.ATM.PM25.MC.M3","","","","","","","","","","","","","","","","","","","","","","","","","","","","","","","42.9203517327317","42.1178117711401","42.1741671508949","42.2258224701602","42.2670288245381","40.5658803902659","42.3610843621503","42.4134462826326","42.4670927007401","42.5319169746774","43.4749704602259","41.9224711057772","42.6427526814191","40.4370177837144","42.796903958486","41.6084012823732","41.5596014195294","42.0531750533048","42.5537196996427","41.3546663994626","42.0024795149671","42.5866994913798","42.6476096830829","40.309897014368","39.6689459316642","44.4352015416103","42.5332025440011","41.7887368150718","42.6828076090327","39.8915532395073","41.5542154408951","42.1274139980138","42.3948707778787","41.7571757870828","","",
"IDA blend","IDB","PM2.5 air pollution, mean annual exposure (micrograms per cubic meter)","EN.ATM.PM25.MC.M3","","","","","","","","","","","","","","","","","","","","","","","","","","","","","","","51.4327745933031","50.4744529653811","50.5740586410965","50.6921380673585","50.8336975382356","48.8138622169204","51.0946832694562","51.2187103526698","51.3422309515381","51.4861889733618","52.7294091065682","48.8873039252882","50.6223666912853","46.7119201951564","50.1715048270255","48.4120799020331","49.498498428615","50.5957311344079","50.519301711456","47.2567406523511","48.868419268966","49.379914581967","49.1363115091223","45.9077363144795","46.4131167337399","55.4504529537615","52.739314856868","52.2650679298173","51.3027735550778","46.8341789008074","50.2261222741978","51.5961318886355","53.8591457988334","52.1146716538632","","",
"Indonesia","IDN","PM2.5 air pollution, mean annual exposure (micrograms per cubic meter)","EN.ATM.PM25.MC.M3","","","","","","","","","","","","","","","","","","","","","","","","","","","","","","","31.3805846350341","30.7073238764343","30.2367377919813","29.7661517075284","29.2955656230754","28.4196301903273","28.3543934541694","27.8838073697165","27.4132212852635","26.9426352008105","26.6747237905048","25.302335714927","25.8911322229788","24.1865400529461","25.7310486246304","24.8850896401555","22.6033726151212","20.3245578241092","19.5262477219201","21.1492894131616","18.8209823158519","19.8110740394032","20.1620125202947","19.3504477992516","23.9061448888613","25.6063125890807","20.9556285202781","17.8027910767602","20.3645339845943","23.9728901300149","18.8647326240401","19.9850538348218","19.7659265420197","20.8444642120249","","",
"IDA only","IDX","PM2.5 air pollution, mean annual exposure (micrograms per cubic meter)","EN.ATM.PM25.MC.M3","","","","","","","","","","","","","","","","","","","","","","","","","","","","","","","38.4544878256623","37.7073793055429","37.7304976742234","37.7464715145787","37.7317405368643","36.1941172077937","37.7245534539488","37.7306547841195","37.7389475623784","37.7554111750551","38.5266331845807","38.1865763047432","38.3581164042347","37.0653293806834","38.8263469639377","37.9388117231164","37.2720018081388","37.4267178228976","38.2243401527363","38.1359175897619","38.246156425063","38.862734952384","39.088258833739","37.2368448726474","35.9673932231629","38.3957841676154","36.9513438890821","36.0742674683561","37.993536434701","36.1273835031565","36.8672924539772","37.0221431703669","36.2278059103125","36.2037914642255","","",
"Isle of Man","IMN","PM2.5 air pollution, mean annual exposure (micrograms per cubic meter)","EN.ATM.PM25.MC.M3","","","","","","","","","","","","","","","","","","","","","","","","","","","","","","","","","","","","","","","","","","","","","","","","","","","","","","","","","","","","","","","","","","",
"India","IND","PM2.5 air pollution, mean annual exposure (micrograms per cubic meter)","EN.ATM.PM25.MC.M3","","","","","","","","","","","","","","","","","","","","","","","","","","","","","","","51.2032665473841","50.1661937890725","50.1221696951975","50.0781456013225","50.0341215074474","48.0040000846993","49.9460733196973","49.9020492258223","49.8580251319472","49.8140010380722","50.7630256086335","50.4537854823933","51.2544544512511","52.5149836233186","50.8446162251344","51.3369278641143","49.2546056005498","49.4513350486064","51.2664820637014","52.2626731220367","51.7188200456979","55.0258281992835","53.0196291324327","52.2693789873114","51.6872206933655","51.4355933740253","54.4218755239322","55.1724251484484","56.6795240921875","53.5981486621548","52.1933674059995","55.6234726382873","50.6577446303517","54.0522242217331","","",
"Not classified","INX","PM2.5 air pollution, mean annual exposure (micrograms per cubic meter)","EN.ATM.PM25.MC.M3","","","","","","","","","","","","","","","","","","","","","","","","","","","","","","","","","","","","","","","","","","","","","","","","","","","","","","","","","","","","","","","","","","",
"Ireland","IRL","PM2.5 air pollution, mean annual exposure (micrograms per cubic meter)","EN.ATM.PM25.MC.M3","","","","","","","","","","","","","","","","","","","","","","","","","","","","","","","13.4983413697386","13.5139979959163","13.3927612806258","13.2715245653353","13.1502878500448","13.3028378176904","12.9078144194637","12.7865777041732","12.6653409888827","12.5441042735922","12.2859742168336","11.402821680916","11.6700043861585","14.0645339747037","10.6487309346359","11.661928529531","9.93058988671308","9.22831394856213","9.2722036576923","9.08300797287398","9.41345422780119","9.21023784264142","8.18207039845128","9.12400814797185","8.36819428856524","7.74862352557972","7.86032745252486","7.09611700560255","7.79168997270246","8.57888040778008","7.81294532464159","8.08642354824427","8.10103504227002","7.51222073505132","","",
"Iran, Islamic Rep.","IRN","PM2.5 air pollution, mean annual exposure (micrograms per cubic meter)","EN.ATM.PM25.MC.M3","","","","","","","","","","","","","","","","","","","","","","","","","","","","","","","33.7817793345792","33.8675748710249","34.1540525433905","34.4405302157562","34.7270078881218","34.6121212886486","35.2999632328531","35.5864409052187","35.8729185775843","36.15939624995","36.6465560582351","36.4723770294369","35.362362450169","38.5541278060393","34.9555185321932","35.1401847092008","38.4483997597332","40.884688438068","42.1040274366973","42.9215967955247","43.283675536822","42.452340283915","40.6183895493049","39.7950964350363","39.6402680545656","40.7995075467019","39.6507104954164","40.0923628918798","41.7863693968445","39.3567217936452","38.7645483904147","41.088278911137","43.8957340729139","40.2453897732326","","",
"Iraq","IRQ","PM2.5 air pollution, mean annual exposure (micrograms per cubic meter)","EN.ATM.PM25.MC.M3","","","","","","","","","","","","","","","","","","","","","","","","","","","","","","","49.2452394027313","47.6707530697933","47.569535797553","47.4683185253127","47.3671012530724","44.3193458594366","47.1646667085917","47.0634494363514","46.9622321641111","46.8610148918708","48.233066680328","43.3223765593102","44.3150200616787","47.4418587296722","44.217191482765","48.2620408886902","47.9192893845428","50.715570586461","53.0055491115129","54.0214507161786","57.0667074141581","51.6251483019676","53.0903644919475","51.2361137720462","47.4866517700349","52.5324989931432","49.4313239497814","47.5437702256019","51.717685614606","45.7010021473815","47.6300446099296","48.7958205411035","59.5284377287451","49.4713662187955","","",
"Iceland","ISL","PM2.5 air pollution, mean annual exposure (micrograms per cubic meter)","EN.ATM.PM25.MC.M3","","","","","","","","","","","","","","","","","","","","","","","","","","","","","","","6.15530031564772","6.16063240192477","6.15685697744684","6.15308155296891","6.14930612849098","6.16374572552297","6.14175527953512","6.13797985505719","6.13420443057926","6.13042900610133","6.11754607086844","5.79249942983925","6.17142765495746","6.48215327039167","6.08141343060427","5.86417564308246","5.18989176520569","4.86565092786339","4.84753342177326","4.9519207936242","5.35639723225508","5.11666915910621","4.28469553971635","4.83054409987075","5.03924831285463","5.076606167753","4.46198952822695","5.19664819974767","4.43324754348264","4.92546019539672","4.46377481487081","5.81227571822743","4.87771243846275","4.93296364385632","","",
"Israel","ISR","PM2.5 air pollution, mean annual exposure (micrograms per cubic meter)","EN.ATM.PM25.MC.M3","","","","","","","","","","","","","","","","","","","","","","","","","","","","","","","25.7409953364203","26.8375498976003","27.0313289705394","27.2251080434785","27.4188871164175","29.4182171658389","27.8064452622957","28.0002243352348","28.1940034081738","28.3877824811129","27.678786065811","27.4652763164557","28.1814916219436","30.6590547395971","29.0136830154247","27.6850298573892","22.6809156201955","20.3483146003896","20.6508421474899","20.9195246077765","24.3650710163182","19.8490631652087","20.7683305581639","21.5550867180776","20.0398989757489","22.7224413371307","19.6556791216954","20.3616024430015","22.0100927078823","22.6047775086382","21.4862164788286","21.2769390267208","23.0791533108637","21.9008483431459","","",
"Italy","ITA","PM2.5 air pollution, mean annual exposure (micrograms per cubic meter)","EN.ATM.PM25.MC.M3","","","","","","","","","","","","","","","","","","","","","","","","","","","","","","","30.4954926581928","30.4791295030251","30.2579281951961","30.0367268873671","29.8155255795382","30.0040005770308","29.3731229638802","29.1519216560513","28.9307203482223","28.7095190403933","28.2834795799035","24.5137947951282","25.84658258487","27.5041370051308","24.5741771394042","25.1948564242359","23.0453426603963","21.3897151477622","20.4766920553459","19.737289933122","18.9736622702723","20.9109626019682","19.0010283847063","17.4515685940735","15.7660884912533","18.409853261327","16.2143936050841","17.3177234438316","15.6845265296165","14.9904134967112","15.4110266691012","14.908654546733","16.2350417959884","14.291805636343","","",
"Jamaica","JAM","PM2.5 air pollution, mean annual exposure (micrograms per cubic meter)","EN.ATM.PM25.MC.M3","","","","","","","","","","","","","","","","","","","","","","","","","","","","","","","18.7042392246218","18.5476567689768","18.6095487630891","18.6714407572013","18.7333327513135","18.3582758459117","18.857116739538","18.9190087336502","18.9809007277624","19.0427927218747","19.3231591657439","18.3735863274115","19.6164167259559","19.6410892247708","18.2230885898189","19.5222788845679","20.0392481276174","19.9711891534897","19.675968370737","20.9800820823865","21.5787166615137","19.9260997656634","20.6965656842447","19.9176349423214","22.042085629123","21.2229913374774","20.423771755418","20.7025205567437","21.0387474845844","21.0265683890828","22.2580622432181","22.2134550045398","20.7985769822432","21.6535070203861","","",
"Jordan","JOR","PM2.5 air pollution, mean annual exposure (micrograms per cubic meter)","EN.ATM.PM25.MC.M3","","","","","","","","","","","","","","","","","","","","","","","","","","","","","","","19.8848063739082","20.7747406394071","20.8187740418694","20.8628074443316","20.9068408467938","22.6426759753294","20.9949076517183","21.0389410541805","21.0829744566428","21.127007859105","20.3251403985306","23.0049173481187","24.1994168948282","28.4351735211196","26.9381957904774","25.1814261494981","27.3761480740913","28.7001251086227","29.5833642827365","30.7434737160752","34.8655897694747","29.1117532656141","31.5006699984411","31.2800889777578","28.8641500064179","32.905357512385","30.9872997293874","30.2565692480451","31.7567413179411","32.1645840142968","34.5689113833928","30.9456076388942","33.3041989417809","32.6320116469358","","",
"Japan","JPN","PM2.5 air pollution, mean annual exposure (micrograms per cubic meter)","EN.ATM.PM25.MC.M3","","","","","","","","","","","","","","","","","","","","","","","","","","","","","","","12.5881970291535","12.5731670253806","12.5806151653412","12.5880633053018","12.5955114452624","12.558003297756","12.6104077251837","12.6178558651443","12.6253040051049","12.6327521450655","12.6626784287597","12.3945030401425","12.1329776849249","11.8142312622199","11.6310584517685","11.9342418120752","13.7848973922945","14.9006551428052","14.5437576728835","14.0497129866005","12.7768357083789","12.8987119186209","13.3798864588537","12.970686888277","13.7128361071022","13.4624426415411","12.3114727897793","12.1938326247838","12.4060098636232","11.9970236725114","11.2359883823418","11.541008097897","12.4368126972419","11.4519383176575","","",
"Kazakhstan","KAZ","PM2.5 air pollution, mean annual exposure (micrograms per cubic meter)","EN.ATM.PM25.MC.M3","","","","","","","","","","","","","","","","","","","","","","","","","","","","","","","19.4299562558077","19.5569402385699","19.3423497231166","19.1277592076633","18.91316869221","19.381727173187","18.4839876613033","18.26939714585","18.0548066303967","17.8402161149434","17.2840511012748","17.9864857377904","17.8333945322102","16.9890928261428","16.4123168170023","16.9135585626463","19.4062130370223","20.7306525535206","21.3133291700678","20.807377086993","20.957793021418","20.658217702199","20.7632597816078","21.5126209777495","21.0581359557609","20.4100787212913","19.0781512426342","20.2247266404274","19.3045522190598","20.6684838968766","20.087431214828","20.7882543073739","18.9935714383546","19.5961413356991","","",
"Kenya","KEN","PM2.5 air pollution, mean annual exposure (micrograms per cubic meter)","EN.ATM.PM25.MC.M3","","","","","","","","","","","","","","","","","","","","","","","","","","","","","","","14.8604788173593","14.6037598103469","15.014624560298","15.4254893102492","15.8363540602003","14.9120512962259","16.6580835601026","17.0689483100537","17.4798130600049","17.890677809956","18.9691263168701","21.7647728598005","20.3545236162742","17.4830084357361","16.848406503078","16.6111179464216","19.5654533448443","21.0350813841982","20.9604398892789","19.4667390556751","21.8052114949046","21.8008758316208","21.0458966700434","21.3128534778781","18.9023424497821","18.820575680392","19.368281863389","18.1123098167473","19.831438788068","20.2519023152347","22.7039455998975","20.7417100078724","20.77459729359","20.252365609383","","",
"Kyrgyz Republic","KGZ","PM2.5 air pollution, mean annual exposure (micrograms per cubic meter)","EN.ATM.PM25.MC.M3","","","","","","","","","","","","","","","","","","","","","","","","","","","","","","","20.6880874813649","20.9458012637528","21.0887857830666","21.2317703023804","21.3747548216941","21.7471978671566","21.6607238603216","21.8037083796354","21.9466928989492","22.0896774182629","22.1179326745024","22.2501727897393","22.8295208044159","21.0527203007801","21.0264105179931","21.646280675405","22.1535811446927","22.2227495384756","22.2062658947686","22.5304883394638","20.4669415291644","20.2006703564398","21.3445544964715","21.8139334230332","20.5417189685172","22.0816739835326","20.8230917656033","20.2012847258254","20.618610766176","22.2787139578049","19.4331133080631","21.825457176683","18.6929404908521","20.1239014514257","","",
"Cambodia","KHM","PM2.5 air pollution, mean annual exposure (micrograms per cubic meter)","EN.ATM.PM25.MC.M3","","","","","","","","","","","","","","","","","","","","","","","","","","","","","","","28.3658684288157","27.5843165419336","27.4292958884034","27.2742752348733","27.1192545813431","25.7111714611086","26.8092132742828","26.6541926207527","26.4991719672225","26.3441513136924","26.8156618935143","25.7905994521283","26.8182120440941","25.8067525314098","27.6191918923291","27.2429490667385","23.467849825933","21.9191803446924","21.7417210633615","19.7623268743892","20.4861263200349","21.1793343979383","17.9326651804583","21.5533729983202","19.6285216111346","17.7693037351423","19.305757078537","18.4255983697634","21.5126916390994","18.9755795340346","20.9367755079912","19.5777877942962","19.8334520389805","19.4262068786841","","",
"Kiribati","KIR","PM2.5 air pollution, mean annual exposure (micrograms per cubic meter)","EN.ATM.PM25.MC.M3","","","","","","","","","","","","","","","","","","","","","","","","","","","","","","","4.65571197757691","4.64581802473462","4.68415120472875","4.72248438472288","4.76081756471701","4.70269647903842","4.83748392470528","4.87581710469941","4.91415028469354","4.95248346468768","5.03904377751818","5.32742869689629","4.76245870407476","5.02460847614319","4.62607582277716","4.99442966048229","4.8592673402038","4.58552578130519","4.72522702624086","5.28400276045109","4.51304611481057","4.22788995988093","4.518104208523","4.63732037153385","4.43339267944434","5.8238864352796","3.62047786634097","3.83877401555163","3.89362028307718","5.51550544845506","4.06232279848312","3.46098456213132","3.727212239088","3.86704654760796","","",
"St. Kitts and Nevis","KNA","PM2.5 air pollution, mean annual exposure (micrograms per cubic meter)","EN.ATM.PM25.MC.M3","","","","","","","","","","","","","","","","","","","","","","","","","","","","","","","11.108887434945","11.0348843965921","10.9998659683989","10.9648475402056","10.9298291120124","10.8168414634997","10.859792255626","10.8247738274327","10.7897553992395","10.7547369710463","10.7587031530128","10.7389341663786","10.2526679035925","9.51095790742326","8.56174209252267","9.25012516862384","9.51672319533944","9.24697413163898","9.61247371978373","10.1735923252361","10.2636081821855","8.55405592230552","10.1253488578344","8.07155234523039","8.14473154481854","10.2206058863843","9.05456012089952","9.89757438592932","9.18585702248337","9.10209647176299","8.94710367656993","9.73771165912598","8.26569398930937","8.87073187526288","","",
"Korea, Rep.","KOR","PM2.5 air pollution, mean annual exposure (micrograms per cubic meter)","EN.ATM.PM25.MC.M3","","","","","","","","","","","","","","","","","","","","","","","","","","","","","","","21.3573258309854","21.3238352801366","21.3240594241416","21.3242835681467","21.3245077121518","21.257302466449","21.3249560001619","21.325180144167","21.3254042881721","21.3256284321772","21.3595672710361","21.2264400970736","20.973103782326","20.7471997803811","20.1056692917502","20.7171384675339","23.545289233757","24.7641632374336","24.5608245044855","24.4948874893572","22.7425901430253","21.8231482640038","22.6003524074239","25.0615841010706","26.2180431933715","24.4993553122383","24.1466305141789","22.0902582801544","21.4879640543293","21.9795785125884","20.9983697877048","21.5452573537044","23.4407513786108","21.8940234142942","","",
"Kuwait","KWT","PM2.5 air pollution, mean annual exposure (micrograms per cubic meter)","EN.ATM.PM25.MC.M3","","","","","","","","","","","","","","","","","","","","","","","","","","","","","","","56.6479791991685","54.2160843571271","54.7372661838274","55.2584480105278","55.7796298372281","50.3946583264475","56.8219934906287","57.343175317329","57.8643571440293","58.3855389707296","61.8597974661704","62.1348569863305","56.8932235999752","66.9381193644789","58.3437843818978","67.9496135382994","58.6612505040327","57.6409882486737","61.8510909578466","67.5104915176752","63.8134338878411","64.3121796188421","66.1535213079572","63.4043662980261","50.584892373606","66.6114667077254","57.0433246020645","61.9128670145551","64.5155749200156","57.825909998705","56.6337832700639","61.9693860366375","74.5017071155815","62.3484361793193","","",
"Latin America & Caribbean (excluding high income)","LAC","PM2.5 air pollution, mean annual exposure (micrograms per cubic meter)","EN.ATM.PM25.MC.M3","","","","","","","","","","","","","","","","","","","","","","","","","","","","","","","29.0144167045434","28.9176976924402","28.7615664164729","28.6053097311622","28.4481342419169","28.4077379892663","28.1312996955205","27.9721578365754","27.8125016405824","27.6512885879706","27.4285964272857","26.3520751463324","26.2419967820933","26.8778871360396","25.1162204247319","25.1357296790258","20.5347126624675","18.1404313651347","18.1153373690431","17.9362592746815","18.3682004014639","18.4539290357461","17.1296728185779","17.296537771269","16.5843427038473","17.4695772914618","17.4160148473608","17.3710692782456","17.0382156736074","17.6681337729384","17.8136310543901","17.1217669336872","18.0073914499922","17.2916332484347","","",
"Lao PDR","LAO","PM2.5 air pollution, mean annual exposure (micrograms per cubic meter)","EN.ATM.PM25.MC.M3","","","","","","","","","","","","","","","","","","","","","","","","","","","","","","","40.081047149581","39.6075889478625","39.369334809712","39.1310806715615","38.892826533411","38.1841642681236","38.41631825711","38.1780641189595","37.939809980809","37.7015558426585","37.6985057680764","37.1669933121952","37.4960518138561","35.4440477654082","38.0902374609134","38.2507059626885","33.2888400263904","30.0185605541347","29.7818786988043","27.4987686345249","31.3445205874812","28.6093615377909","26.4076206054393","28.5005201752464","29.0344510411324","26.3119972717968","29.6997914461852","26.2823859911315","26.1337944720036","27.8703405333604","28.0509542341447","26.0671819322606","25.3425878362043","25.9762899979383","","",
"Lebanon","LBN","PM2.5 air pollution, mean annual exposure (micrograms per cubic meter)","EN.ATM.PM25.MC.M3","","","","","","","","","","","","","","","","","","","","","","","","","","","","","","","22.33202978435","23.0982367462123","23.3146639525296","23.5310911588468","23.7475183651641","25.063505082572","24.1803727777987","24.3967999841159","24.6132271904332","24.8296543967505","24.4963018475226","26.1068805095928","26.9375504045863","28.0332251190609","27.591861609056","25.7247554638363","25.9127305500264","26.0813278261604","25.6947828243097","25.1145543368398","28.9441179360902","25.8236773224029","25.2379752530515","26.6750501345739","24.4279933820689","27.3828783139307","24.9316985074041","25.8866709032818","26.9239143405591","27.8802089438784","26.0680786310559","25.2265566483814","27.98267173145","26.6948532836253","","",
"Liberia","LBR","PM2.5 air pollution, mean annual exposure (micrograms per cubic meter)","EN.ATM.PM25.MC.M3","","","","","","","","","","","","","","","","","","","","","","","","","","","","","","","18.7181580938106","17.6268153566184","17.6589256123542","17.6910358680899","17.7231461238256","15.508350393706","17.7873666352971","17.8194768910328","17.8515871467685","17.8836974025042","19.0392606511675","16.1357156963332","18.7396916685535","15.5382154287504","23.2290198095364","20.6417012216306","19.5383602882312","20.0031029401383","21.2114661546276","20.5639446462561","16.9858123688849","21.4654808181205","18.6592253145268","17.3127044670702","16.2110016557453","23.5651327737133","20.8967123118009","18.7390718632625","18.5562825239056","17.9585172295432","19.1348640047007","16.8624791037979","18.0264041675687","17.9178293051068","","",
"Libya","LBY","PM2.5 air pollution, mean annual exposure (micrograms per cubic meter)","EN.ATM.PM25.MC.M3","","","","","","","","","","","","","","","","","","","","","","","","","","","","","","","20.9713624068404","21.3603970743166","21.5506313443107","21.7408656143049","21.9310998842991","22.5189349492579","22.3115684242875","22.5018026942816","22.6920369642758","22.88227123427","22.873705106782","24.7886160176987","23.6369405934109","25.3647347773243","26.6298931726852","27.4465945187141","23.0376447604199","23.160044300785","24.5041949114934","25.0604894111113","28.7237359145321","21.9932635411793","19.5989872312007","26.0007098317684","21.0489362107904","19.9465456229364","23.8023126391933","18.552971523378","23.4179656275532","20.0089753588808","18.8604995298583","22.0481982301485","23.18471682259","20.014492731108","","",
"St. Lucia","LCA","PM2.5 air pollution, mean annual exposure (micrograms per cubic meter)","EN.ATM.PM25.MC.M3","","","","","","","","","","","","","","","","","","","","","","","","","","","","","","","11.7724466827479","11.773342947073","11.7868079044603","11.8002728618476","11.8137378192349","11.8020653904978","11.8406677340094","11.8541326913967","11.867597648784","11.8810626061713","11.9070962566207","11.6375919592213","12.1440832611531","11.1471366066076","10.5771687850133","11.084162930221","11.0732884265831","10.694878629056","11.2262674913732","12.1397412967982","12.8101363492268","10.640114916055","12.0579592714598","9.48936394276385","8.66576364000065","11.5831281189325","11.1399879387514","11.3773408446027","10.1218640322446","10.0433644573164","10.8326594343244","11.8233788131253","10.5002168552844","10.4259042064551","","",
"Latin America & Caribbean","LCN","PM2.5 air pollution, mean annual exposure (micrograms per cubic meter)","EN.ATM.PM25.MC.M3","","","","","","","","","","","","","","","","","","","","","","","","","","","","","","","28.4573358162929","28.3563245133434","28.2174298462244","28.0778457366656","27.9370361218041","27.8697739206539","27.6523247547528","27.5091905852009","27.3660280065178","27.2213456041819","27.0367700040719","26.0094062011747","25.9019960444649","26.5050815206408","24.7795116390436","24.8035709266222","20.3904684535567","18.1009805215829","18.0852843535189","17.9202254364927","18.3350391511722","18.4617130237707","17.1573811536724","17.2987981895046","16.6360404014665","17.5135569696452","17.4458876767881","17.3849640025998","17.0319225942539","17.6367764613538","17.759266233834","17.1700556084677","18.2118908005279","17.3533272403875","","",
"Least developed countries: UN classification","LDC","PM2.5 air pollution, mean annual exposure (micrograms per cubic meter)","EN.ATM.PM25.MC.M3","","","","","","","","","","","","","","","","","","","","","","","","","","","","","","","38.9054440515025","38.15615206831","38.1792543060878","38.1917522782793","38.1712838876888","36.6241739393924","38.1591655726151","38.1629210133826","38.1684937476371","38.1877923395277","38.9632098678304","38.8878121553235","38.8911123350618","37.6276569569618","39.2392243732654","38.5418188578977","37.7958515815009","37.8989327670288","38.7351039150529","38.7400782342967","38.9479704200026","39.4431552411193","39.8250322120949","37.8819757001137","36.5513481452486","38.8601828191093","37.4145183198258","36.4008004935695","38.4839021184097","36.6510338290082","37.204311484275","37.413603794255","36.5381599458101","36.556424659898","","",
"Low income","LIC","PM2.5 air pollution, mean annual exposure (micrograms per cubic meter)","EN.ATM.PM25.MC.M3","","","","","","","","","","","","","","","","","","","","","","","","","","","","","","","30.4878438172936","29.8531039292317","30.0113761467019","30.1844267822856","30.2955257381109","28.897665322668","30.5177694770776","30.6294489255662","30.7396633375479","30.8563488343024","31.702133415664","32.0337200888085","31.608138807729","30.5942805461427","32.8636501602157","31.7767157242358","31.8418857503553","32.3246720933574","32.6888632317824","31.5890698578299","33.048108969677","33.6687329759558","33.3414011956118","33.0067739030205","30.6040172229822","34.6366212627511","32.823538513651","31.8063716429365","30.7589232108121","31.2953413675721","30.9318273229912","31.1671222241129","32.6096181786076","31.3498063433262","","",
"Liechtenstein","LIE","PM2.5 air pollution, mean annual exposure (micrograms per cubic meter)","EN.ATM.PM25.MC.M3","","","","","","","","","","","","","","","","","","","","","","","","","","","","","","","","","","","","","","","","","","","","","","","","","","","","","","","","","","","","","","","","","","",
"Sri Lanka","LKA","PM2.5 air pollution, mean annual exposure (micrograms per cubic meter)","EN.ATM.PM25.MC.M3","","","","","","","","","","","","","","","","","","","","","","","","","","","","","","","34.1026751182482","33.1635818395787","33.0761603718054","32.9887389040321","32.9013174362588","31.110552346693","32.7264745007121","32.6390530329388","32.5516315651655","32.4642100973922","33.2284604405149","32.8129875379596","31.8215300040034","31.4030354816637","32.7533733282669","32.7957793490217","28.4391238683404","26.342555545598","26.6588419896468","26.9273522787623","27.4118544218331","28.5251295739551","26.2507762201174","26.1631531368051","25.0108396744448","22.6801672806893","24.6700049853186","24.3181666680079","28.6882456623859","24.0032412073756","22.4205185814566","21.4624506663055","24.0274945850207","22.6820308390395","","",
"Lower middle income","LMC","PM2.5 air pollution, mean annual exposure (micrograms per cubic meter)","EN.ATM.PM25.MC.M3","","","","","","","","","","","","","","","","","","","","","","","","","","","","","","","48.9400704673737","48.1264253969856","48.1227734002811","48.1209207975291","48.1186813411191","46.4899015062043","48.1201388506374","48.1245639821778","48.1317410149555","48.1464566913126","48.9798661062298","47.9276391889624","48.9437382012449","48.8786698588312","48.751241096951","48.3053643106313","46.8590314921409","46.9951234046432","48.1837605380377","48.2834224476402","48.3062349958434","49.9609755529143","49.0424258721308","47.4117265955154","47.1730450256207","49.2665217359676","49.9646328441662","50.0913883696136","51.5921342199203","48.1837268501184","48.4324285860826","50.559511259955","47.9963784964639","49.5682793684136","","",
"Low & middle income","LMY","PM2.5 air pollution, mean annual exposure (micrograms per cubic meter)","EN.ATM.PM25.MC.M3","","","","","","","","","","","","","","","","","","","","","","","","","","","","","","","41.162149693155","40.658147088731","40.6765693903757","40.6963092977572","40.7153477538443","39.6750496416002","40.7562190832519","40.7779289659172","40.7996333682667","40.8225413003207","41.3832040315782","40.7822846160184","41.3644991258535","41.0812033557455","41.0400186530473","40.9169462742112","40.5603055021952","40.7031094184968","41.0755902429716","40.8100013559133","40.6526946211781","42.320777980663","40.7361350227208","40.7489454681079","40.650220040401","41.373533988538","40.2244704810299","39.5670692066217","39.2287963126764","37.7092593464387","36.7011662260299","37.3415541164672","36.6865270791717","37.056354901228","","",
"Lesotho","LSO","PM2.5 air pollution, mean annual exposure (micrograms per cubic meter)","EN.ATM.PM25.MC.M3","","","","","","","","","","","","","","","","","","","","","","","","","","","","","","","30.6256396050694","30.8393151131895","30.6303581267865","30.4214011403836","30.2124441539806","30.8487521566228","29.7945301811747","29.5855731947718","29.3766162083689","29.1676592219659","28.5360697410404","29.4464898217418","29.5940988557262","26.6302840304412","24.297604440342","24.2353477660472","28.2123555930668","30.0891500791193","29.4913283275801","30.247209036785","33.4928560385355","30.4382602629102","27.0707996930906","26.9827521191991","25.4588395682864","26.8565053563098","24.2640386142015","28.5820037049322","27.3648976277986","25.8844505340864","27.1007395853564","27.1127701740992","30.7558120221266","26.4379773450967","","",
"Late-demographic dividend","LTE","PM2.5 air pollution, mean annual exposure (micrograms per cubic meter)","EN.ATM.PM25.MC.M3","","","","","","","","","","","","","","","","","","","","","","","","","","","","","","","37.7213286622246","37.4190589138584","37.4680874871153","37.5160306986014","37.5669000184574","36.9197098219512","37.6727170251716","37.7285388206893","37.7831116620822","37.8346038808925","38.2382060828403","38.1940090303282","38.7148928684303","38.4311920846441","37.8726359888318","38.2763097009509","39.4285809114739","39.8892594108892","39.4802542824357","38.7697293378056","38.3216903176092","40.4432922943172","37.6606997059875","39.4812521083599","39.9444839169129","38.0215510170142","35.3075362061941","33.9196688214153","31.0197369171598","30.1806624255928","27.7536503065084","26.7787940216195","27.0187396901033","26.6829654770827","","",
"Lithuania","LTU","PM2.5 air pollution, mean annual exposure (micrograms per cubic meter)","EN.ATM.PM25.MC.M3","","","","","","","","","","","","","","","","","","","","","","","","","","","","","","","31.5697833418288","31.4021116655381","30.8312766349918","30.2604416044456","29.6896065738993","29.925098251862","28.5479365128067","27.9771014822605","27.4062664517142","26.8354314211679","25.8614330363668","24.2742851119888","27.1992237660939","23.6662642179754","20.4229980040704","20.4022598864032","17.3122813951894","16.9455666845915","17.2793132508456","16.5766224040475","19.2931567629068","16.3104488377446","16.4159435450745","15.5712285372093","16.2276879501807","14.3133444749514","12.6124099108903","12.5246833718152","14.399002431271","12.1457403238805","11.4345904384498","13.1257678749685","11.0994312721468","10.7455249948656","","",
"Luxembourg","LUX","PM2.5 air pollution, mean annual exposure (micrograms per cubic meter)","EN.ATM.PM25.MC.M3","","","","","","","","","","","","","","","","","","","","","","","","","","","","","","","19.5890047160474","19.5851886343801","19.3019390962409","19.0186895581018","18.7354400199626","19.0110573947663","18.1689409436842","17.885691405545","17.6024418674059","17.3191923292667","16.7565093346559","15.9868001165179","16.0456369788227","17.5314149054613","15.5666129527711","15.8883875809941","15.0510159188466","14.8811715636429","15.2174744690438","15.8278523160759","15.8599841085594","15.1964907412119","13.1146493036684","14.3006922435018","11.9599135966954","11.8855521357814","11.1847156808095","10.8211196454395","10.7862930810869","8.85302220354508","8.14727031655208","8.97511853947365","9.07553744912506","7.42989857852829","","",
"Latvia","LVA","PM2.5 air pollution, mean annual exposure (micrograms per cubic meter)","EN.ATM.PM25.MC.M3","","","","","","","","","","","","","","","","","","","","","","","","","","","","","","","36.0957874579279","35.819593193324","35.1679176832415","34.5162421731591","33.8645666630766","33.9638536439489","32.5612156429116","31.9095401328291","31.2578646227466","30.6061891126641","29.5790323571039","27.3492542825672","31.591631701475","27.4218843685399","23.5579868249374","23.6818026731461","21.7387076338544","20.7922694724843","20.1549822880212","18.4795874852956","20.8898212447317","16.9893348621119","17.834456118302","17.0659061065499","18.0540062502131","15.6579612436511","14.1216107325516","13.4377400322761","16.8899906770849","13.953687230057","14.0098212612214","15.6506457326208","13.9221548814057","13.0121664059875","","",
"Macao SAR, China","MAC","PM2.5 air pollution, mean annual exposure (micrograms per cubic meter)","EN.ATM.PM25.MC.M3","","","","","","","","","","","","","","","","","","","","","","","","","","","","","","","","","","","","","","","","","","","","","","","","","","","","","","","","","","","","","","","","","","",
"St. Martin (French part)","MAF","PM2.5 air pollution, mean annual exposure (micrograms per cubic meter)","EN.ATM.PM25.MC.M3","","","","","","","","","","","","","","","","","","","","","","","","","","","","","","","","","","","","","","","","","","","","","","","","","","","","","","","","","","","","","","","","","","",
"Morocco","MAR","PM2.5 air pollution, mean annual exposure (micrograms per cubic meter)","EN.ATM.PM25.MC.M3","","","","","","","","","","","","","","","","","","","","","","","","","","","","","","","14.6250982069952","14.6112799481479","15.0169329263807","15.4225859046135","15.8282388828463","15.3949493869202","16.6395448393119","17.0451978175448","17.4508507957776","17.8565037740104","18.6816279893228","18.2021114211041","17.3902860144688","17.4058908217094","18.8310554192907","18.8580390478673","19.6247328804347","19.7314629009067","19.5978316103739","20.6913110754172","21.062623306006","20.0117884593084","18.1645611167978","17.287814021809","17.5128798204876","19.8670944049653","18.9602475540145","21.3269600699193","18.4571548078596","17.1600688643338","17.6745548244128","18.8808973994063","21.3232528983588","18.7206508843713","","",
"Monaco","MCO","PM2.5 air pollution, mean annual exposure (micrograms per cubic meter)","EN.ATM.PM25.MC.M3","","","","","","","","","","","","","","","","","","","","","","","","","","","","","","","12.493781252584","11.8455228376061","12.5617102923372","13.2778977470683","13.9940852017995","11.9813809171154","15.4264601112617","16.1426475659928","16.858835020724","17.5750224754551","19.6556557998941","18.4290414801297","19.432545920594","20.8949508532337","17.6645083951841","18.4732808100705","16.9773438903919","16.1309547161588","16.2784364680042","16.6332638499451","16.2534515449089","17.0091813024623","17.4967445210793","13.8202378955909","12.0304790831465","14.5244996149458","13.6873657068066","14.9755563478485","13.0509636858056","12.5583313612664","11.8257626601201","11.7314886869995","12.8418535012439","11.3779821797819","","",
"Moldova","MDA","PM2.5 air pollution, mean annual exposure (micrograms per cubic meter)","EN.ATM.PM25.MC.M3","","","","","","","","","","","","","","","","","","","","","","","","","","","","","","","33.5345664385637","33.4658291182542","32.9246184343951","32.3834077505359","31.8421970666767","32.245933109915","30.7597756989584","30.2185650150992","29.6773543312401","29.1361436473809","28.1224595999728","28.2611534078966","30.8998289135509","25.0477042163654","23.2036151728216","22.3527485006497","21.0934016622648","19.8666842059948","18.5836555210702","18.0402178046418","17.250570078664","18.1981875255854","20.1331278777741","17.5719686807392","18.2815441721705","16.1940784684247","16.8919990590563","18.1728690826482","17.1701947614032","14.3427633087153","15.5839032160318","15.613577613811","14.5523227409262","14.9450916480619","","",
"Madagascar","MDG","PM2.5 air pollution, mean annual exposure (micrograms per cubic meter)","EN.ATM.PM25.MC.M3","","","","","","","","","","","","","","","","","","","","","","","","","","","","","","","10.1105209572416","9.94588960191847","10.0489161776687","10.1519427534189","10.2549693291692","9.82268004277312","10.4610224806696","10.5640490564199","10.6670756321701","10.7701022079203","11.1407867147437","15.5668104852449","11.7697765848527","11.4390861965378","10.1740207618185","11.8808125587182","14.1534652757151","15.128233600269","15.2119202125381","14.9536421615043","16.6026026218539","14.8317787262958","13.6814418008791","14.2773527548731","13.1020578242552","13.7841450363348","13.695425383947","13.0008399312331","12.9645700745608","13.7738240717124","12.3581851539272","12.7391892591544","13.7055222398519","12.3865755564591","","",
"Maldives","MDV","PM2.5 air pollution, mean annual exposure (micrograms per cubic meter)","EN.ATM.PM25.MC.M3","","","","","","","","","","","","","","","","","","","","","","","","","","","","","","","28.8568361635296","28.59184691607","27.8145711453584","27.0372953746469","26.2600196039353","26.507316879725","24.7054680625121","23.9281922918005","23.150916521089","22.3736407503774","21.0840784564148","20.3713049440275","20.4177119107499","20.7024177072528","21.7242054888175","20.1714056071339","16.1433402627041","13.5152974921503","13.9117060832067","14.0842694019616","11.6931404226556","14.6865931504182","12.6876597813625","12.7725378470683","12.2486926110353","11.1503845232119","14.5794326937292","14.5259879904444","13.2730625254702","11.7717933697816","11.0615126425059","10.7460916544878","10.4145518024435","11.1624191226985","","",
"Middle East, North Africa, Afghanistan & Pakistan","MEA","PM2.5 air pollution, mean annual exposure (micrograms per cubic meter)","EN.ATM.PM25.MC.M3","","","","","","","","","","","","","","","","","","","","","","","","","","","","","","","42.0581761170743","41.8596351774681","42.0458729904188","42.2531479476653","42.4621276965078","41.918528524535","42.8475392924695","43.0418475356366","43.2409064426516","43.4407196361459","44.0271470462574","43.2832407682429","43.9566172715717","46.7796733903432","45.1380390862081","44.4574231059973","42.6798737534013","42.2801786594102","42.8086817406978","42.8145815248639","45.9519373284159","44.2969358152613","44.7470000381446","44.4456986726701","42.8135344384862","46.0306610646467","44.6184041410029","44.8609560506084","46.8922435182492","43.2650073972556","42.5115455551059","44.9552223115061","47.0820655606233","45.3618017072411","","",
"Mexico","MEX","PM2.5 air pollution, mean annual exposure (micrograms per cubic meter)","EN.ATM.PM25.MC.M3","","","","","","","","","","","","","","","","","","","","","","","","","","","","","","","21.7706713477896","21.7196159244162","21.6223321256846","21.525048326953","21.4277645282214","21.4229374802059","21.2331969307582","21.1359131320266","21.038629333295","20.9413455345634","20.7978333604737","16.964832806014","17.4147706784582","17.6968964790796","15.6942834641564","15.7867484626415","16.9775033810062","17.5453690440121","17.3102933965365","17.0732009766688","15.8530567795693","17.9603910904213","16.8850710128223","17.5678665877887","15.9348225773224","17.0032678302327","16.5326816284491","16.8285883947461","16.3313895424634","17.0845735836968","16.7237606198387","16.8243083628705","16.6329908517605","16.6099613756465","","",
"Marshall Islands","MHL","PM2.5 air pollution, mean annual exposure (micrograms per cubic meter)","EN.ATM.PM25.MC.M3","","","","","","","","","","","","","","","","","","","","","","","","","","","","","","","4.87253253105","4.77168708037564","4.77503008040574","4.77837308043584","4.78171608046595","4.57668217908717","4.78840208052615","4.79174508055625","4.79508808058635","4.79843108061645","4.90596253135099","5.122994525592","4.65289133567556","4.81262672360548","4.55808874912919","4.85773749571584","5.31847554380336","5.23890677502394","5.26440537143458","5.22666374140001","5.25613697558319","5.43234792851133","5.05819654106788","4.85017578182002","4.61615336397155","5.10161447878408","4.14660751460666","4.27368597979375","4.76051299214661","3.99898349955786","4.22143509871356","4.27642742263445","4.75745122798474","4.10159681023633","","",
"Middle income","MIC","PM2.5 air pollution, mean annual exposure (micrograms per cubic meter)","EN.ATM.PM25.MC.M3","","","","","","","","","","","","","","","","","","","","","","","","","","","","","","","41.9683329154128","41.4799132264297","41.4970935372251","41.5170038954483","41.5393060779049","40.5374426022447","41.5860986725509","41.6105852184374","41.6353101079656","41.6613160802907","42.2078453593233","41.536836503118","42.2190706997721","42.01473018344","41.778947908718","41.7559907857713","41.3742227252952","41.4984866045501","41.8845431937398","41.7135796712467","41.4096323338373","43.1953362368571","41.4942862050068","41.5528201613175","41.7061499311882","42.0909636717979","41.0242734483609","40.4191289909031","40.174824871112","38.4389394220889","37.3699274240612","38.0707864757411","37.1771832822359","37.7565957957052","","",
"North Macedonia","MKD","PM2.5 air pollution, mean annual exposure (micrograms per cubic meter)","EN.ATM.PM25.MC.M3","","","","","","","","","","","","","","","","","","","","","","","","","","","","","","","35.6892187594219","35.0329866557343","34.6219345191624","34.2108823825904","33.7998302460185","32.8984181752139","32.9777259728746","32.5666738363026","32.1556216997307","31.7445695631587","31.5786973937028","30.089636484847","32.6003866452365","35.068044658111","31.0938859670638","31.3067417253929","30.3267980796383","29.0495012519503","28.571863871672","27.3743505062511","26.9197952164969","30.0063660364587","28.7826561726187","28.5122129584495","25.7464515399391","26.8430932065257","24.8400819974107","24.1167064829734","25.4520876085665","23.5530919085053","22.5072186688488","22.1217769876626","22.5016591432148","21.8117148685703","","",
"Mali","MLI","PM2.5 air pollution, mean annual exposure (micrograms per cubic meter)","EN.ATM.PM25.MC.M3","","","","","","","","","","","","","","","","","","","","","","","","","","","","","","","37.0421115911654","35.8151450559837","35.7273327019975","35.6395203480113","35.5517079940251","33.185587277648","35.3760832860527","35.2882709320664","35.2004585780802","35.112646224094","36.163988051303","33.3307648186634","36.0044240750241","32.3667318370972","42.1432276539235","36.4234848906707","39.3549415450591","41.8363923266888","42.132819295448","37.9035560792137","42.70654378544","41.3928404859631","44.070314828068","33.6765735141364","38.0175990022528","44.1720344790903","40.4660749221189","40.8271912539349","36.882182832004","35.4028018278016","34.6459248880864","34.9143864868661","37.3348886349998","35.5240450338273","","",
"Malta","MLT","PM2.5 air pollution, mean annual exposure (micrograms per cubic meter)","EN.ATM.PM25.MC.M3","","","","","","","","","","","","","","","","","","","","","","","","","","","","","","","15.9977338106728","16.2355406090966","16.2541868306346","16.2728330521726","16.2914792737106","16.7484466490202","16.3287717167865","16.3474179383245","16.3660641598624","16.3847103814004","16.1841960260526","15.777853106844","15.9841960503247","17.5741764860216","16.1865038020547","15.3887343777073","14.7723657079424","14.5554735334352","14.85511803191","13.5829215867379","13.320290656296","14.6398808384871","12.9665997589316","12.2341646239072","11.7925867040285","12.947012247904","11.6920800498586","11.4503176028508","12.5364002038633","12.1152477005238","10.4163973243993","11.9224212348358","11.578291572615","10.8087176501156","","",
"Myanmar","MMR","PM2.5 air pollution, mean annual exposure (micrograms per cubic meter)","EN.ATM.PM25.MC.M3","","","","","","","","","","","","","","","","","","","","","","","","","","","","","","","45.0015470029771","44.2032332665651","43.8313343106857","43.4594353548064","43.087536398927","41.8628078819811","42.3437384871683","41.9718395312889","41.5999405754095","41.2280416195302","41.2825574441838","41.7558914980277","42.9248176207148","41.6103250812711","44.138227745466","43.1275997489952","37.9547736422782","35.2325204650341","36.6506508517224","38.130989781613","36.4317172772978","34.0895925194937","34.2629904984601","36.1393517656525","36.4414765952555","34.6434473031534","35.5327407831665","33.5207335958746","36.1957092821377","36.7128668064078","36.8841217490584","36.8613783730995","32.8498528834077","35.0665284656219","","",
"Middle East, North Africa, Afghanistan & Pakistan (excluding high income)","MNA","PM2.5 air pollution, mean annual exposure (micrograms per cubic meter)","EN.ATM.PM25.MC.M3","","","","","","","","","","","","","","","","","","","","","","","","","","","","","","","41.7043343164743","41.5310090771558","41.679049373725","41.8557888278631","42.0352543524075","41.5356213667102","42.3539058697849","42.5098674851728","42.6693136665337","42.8300645323169","43.3327187775299","42.6301570139036","43.457200554327","45.7206590053255","44.1218071913801","43.4121576270937","41.6473577157167","41.190828837373","41.5455453055318","41.3836502381807","44.8424248024116","42.930977386189","43.1603253362073","43.0236877424435","41.8825998646859","44.3589146791434","43.2481327626482","43.2990787192469","45.5205356752969","41.812406381165","41.2285861703865","43.5241795084179","45.2769615579065","43.8583580470912","","",
"Montenegro","MNE","PM2.5 air pollution, mean annual exposure (micrograms per cubic meter)","EN.ATM.PM25.MC.M3","","","","","","","","","","","","","","","","","","","","","","","","","","","","","","","30.5879928986993","30.3159373253538","29.7407928067171","29.1656482880805","28.5905037694438","28.6215371413875","27.4402147321705","26.8650702135338","26.2899256948971","25.7147811762604","24.8365477123333","24.3098369294511","26.5594589475258","28.8929929695598","25.5096364457967","25.1727148000148","25.7586231372335","25.2071084048616","24.2122354688606","23.7457189811682","21.5382447000235","28.7991539019875","24.1979418272443","22.917125548418","20.0824785795164","22.5059826956233","20.8028849006414","21.936038684055","22.1665156662132","19.9401337330817","19.452509792424","18.5616072203119","18.6822081301969","18.4546520922672","","",
"Mongolia","MNG","PM2.5 air pollution, mean annual exposure (micrograms per cubic meter)","EN.ATM.PM25.MC.M3","","","","","","","","","","","","","","","","","","","","","","","","","","","","","","","25.4696718095","25.2300429316428","25.4316138548604","25.6331847780781","25.8347557012958","25.1539270223644","26.2378975477312","26.4394684709488","26.6410393941665","26.8426103173842","27.4853810416765","27.833771856192","29.839533939686","30.8495443826772","26.264146798508","26.9654055981599","42.7865875377072","47.6497051818728","47.4781540882745","44.2935247478736","43.6952571533221","46.1738692440549","43.5127011393132","45.4128699743452","41.3215795985317","44.9009780607563","47.4794790864176","43.8021596765269","40.2796730056673","44.1529420963905","40.2206027753218","48.7495925005672","40.9215812032638","42.6916874423772","","",
"Northern Mariana Islands","MNP","PM2.5 air pollution, mean annual exposure (micrograms per cubic meter)","EN.ATM.PM25.MC.M3","","","","","","","","","","","","","","","","","","","","","","","","","","","","","","","4.22982357836331","4.14432475457968","4.10987129759991","4.07541784062015","4.04096438364039","3.90442019305278","3.97205746968087","3.93760401270111","3.90315055572135","3.86869709874159","3.88528900856573","4.01950378495928","4.45892733341922","3.89935351050117","4.0501423585453","3.46771275551573","3.59671540559819","3.65904260592114","3.51062276221605","3.34533135024417","3.22607510845618","3.64679900924553","3.82150957999035","3.59328887115991","3.81345144663384","3.9492585987962","3.3293435951051","3.19809061809497","2.79719027461774","2.70919709191082","2.42633036438328","2.78361494766136","2.79578101262798","2.67817942323547","","",
"Mozambique","MOZ","PM2.5 air pollution, mean annual exposure (micrograms per cubic meter)","EN.ATM.PM25.MC.M3","","","","","","","","","","","","","","","","","","","","","","","","","","","","","","","15.8638719902538","15.6613260487257","15.7162188694008","15.771111690076","15.8260045107511","15.36601980702","15.9357901521014","15.9906829727766","16.0455757934517","16.1004686141269","16.4128001970052","18.4931730625653","16.3645447100653","15.0687302841981","15.0909978138877","15.8207526220006","17.4303539620152","18.121170634447","17.9375084703448","16.3718937109159","18.2022995830123","15.6051763609066","15.9840326414074","15.9627800546141","13.9308842411649","15.3240607793109","13.9766493585289","13.8170006960955","15.8667809889386","16.1353369294546","13.0371538034339","13.3097982315407","16.045018396151","13.7216828951578","","",
"Mauritania","MRT","PM2.5 air pollution, mean annual exposure (micrograms per cubic meter)","EN.ATM.PM25.MC.M3","","","","","","","","","","","","","","","","","","","","","","","","","","","","","","","48.1348987573464","48.5471665966588","49.0033334245488","49.4595002524387","49.9156670803287","50.284035931065","50.8280007361087","51.2841675639987","51.7403343918887","52.1965012197786","52.6965670362457","41.9393497812816","45.922028221614","46.1043537611159","45.6776557825042","46.2188599791526","46.4800582232681","48.1006588366873","48.3505944794199","44.5650236652424","47.6054460100313","49.0196495739197","54.1025855948907","42.7823277974338","43.9453314705486","53.0162862976192","47.9118927509658","50.4527713237389","46.4676065172414","43.6914963916805","45.4453206008517","48.987965577262","45.0399461631116","46.5013986975929","","",
"Mauritius","MUS","PM2.5 air pollution, mean annual exposure (micrograms per cubic meter)","EN.ATM.PM25.MC.M3","","","","","","","","","","","","","","","","","","","","","","","","","","","","","","","13.6266174677927","13.7638806728577","13.8712733471519","13.9786660214461","14.0860586957402","14.2531924315765","14.3008440443286","14.4082367186227","14.5156293929169","14.6230220672111","14.7005442107343","14.5109073864343","14.3019528683928","14.4551006539831","14.9584465209057","17.4038662387744","17.0159562797598","16.8629678381735","16.9347347202264","16.7650636809548","16.4769923203715","15.9689639909968","15.4132045281263","15.20366440383","14.1799589328556","14.3194080246196","15.4318711050117","15.1861077816825","15.155739276173","15.0236819864042","14.1375462211663","14.2401161185035","15.054806246095","14.0610818595338","","",
"Malawi","MWI","PM2.5 air pollution, mean annual exposure (micrograms per cubic meter)","EN.ATM.PM25.MC.M3","","","","","","","","","","","","","","","","","","","","","","","","","","","","","","","17.5400882448537","17.0725210379961","17.1841123657519","17.2957036935077","17.4072950212635","16.360569279793","17.6304776767751","17.7420690045309","17.8536603322867","17.9652516600425","18.6560015224114","21.3263856042346","19.2582764489274","18.4195051879177","18.0502583369773","18.3940412647607","20.0975886186749","21.2052974498631","21.4221534324106","19.8691636769341","21.1627076026849","19.1678879677523","18.8598593107935","18.9083383499326","16.9489573456288","17.9848717763978","16.5572785050634","16.0402550395062","18.7735651314743","19.596437811483","16.3899819196217","15.6967269641745","20.1661455127716","16.7211601349048","","",
"Malaysia","MYS","PM2.5 air pollution, mean annual exposure (micrograms per cubic meter)","EN.ATM.PM25.MC.M3","","","","","","","","","","","","","","","","","","","","","","","","","","","","","","","31.2411229355612","29.3881847507594","28.5279010082228","27.6676172656862","26.8073335231495","23.9617408960799","25.0867660380763","24.2264822955396","23.366198553003","22.5059148104663","22.6382855101956","21.2276290468844","22.341022282645","21.2930201518658","22.4980099824331","22.1031506606071","20.5274305026719","18.2948059461463","17.0460725732727","19.7507467604015","14.6011865757654","18.2222758028205","18.5246158481105","19.6810432882376","20.3905475120468","25.1876546150456","16.2387171304782","14.5249238687121","16.1560428708823","20.8986497768105","13.6599055069719","14.1005683018031","15.3331668435575","15.8650142432827","","",
"North America","NAC","PM2.5 air pollution, mean annual exposure (micrograms per cubic meter)","EN.ATM.PM25.MC.M3","","","","","","","","","","","","","","","","","","","","","","","","","","","","","","","15.2572179642708","15.2975301946213","15.16499232772","15.0325150326316","14.8995068060368","15.1136797505867","14.6334964878946","14.5008488934971","14.3688254910555","14.2367454264239","13.9302050644693","13.277416774964","13.1523797729119","12.8794953946901","12.1341244970695","12.8713731506967","11.3960091902018","10.5903159344688","10.0778146672158","9.17016859280806","9.08559745202066","9.23278903273822","8.5339122940654","8.29815454214236","8.31275901806416","7.98566083289355","7.26258640256411","7.61430234732893","7.69407669816042","7.18457055320101","7.55884147785789","8.19025411459621","7.31929325559189","6.9232612908725","","",
"Namibia","NAM","PM2.5 air pollution, mean annual exposure (micrograms per cubic meter)","EN.ATM.PM25.MC.M3","","","","","","","","","","","","","","","","","","","","","","","","","","","","","","","16.3085798089561","16.1689605666893","16.2292843109323","16.2896080551754","16.3499317994184","16.010369570642","16.4705792879045","16.5309030321476","16.5912267763906","16.6515505206337","16.9118172513865","17.4672796375505","17.821132581929","16.2153774009341","15.6499060376194","16.300420585427","16.6897277846556","18.2654077633752","18.6529897039148","17.4237945639503","21.1956795104668","19.1486949521859","17.7555421343123","17.0102040960479","14.6130988378326","16.433687883708","15.1750328135787","15.414596586429","16.5373639108224","15.4572528817777","14.4300441951521","14.4518731743436","16.6999376084699","14.2253008498779","","",
"New Caledonia","NCL","PM2.5 air pollution, mean annual exposure (micrograms per cubic meter)","EN.ATM.PM25.MC.M3","","","","","","","","","","","","","","","","","","","","","","","","","","","","","","","","","","","","","","","","","","","","","","","","","","","","","","","","","","","","","","","","","","",
"Niger","NER","PM2.5 air pollution, mean annual exposure (micrograms per cubic meter)","EN.ATM.PM25.MC.M3","","","","","","","","","","","","","","","","","","","","","","","","","","","","","","","55.713846879385","54.6488798510128","54.9196139788001","55.1903481065875","55.4610822343749","53.0604140498441","56.0025504899497","56.273284617737","56.5440187455244","56.8147528733118","58.4211881572582","57.6673961252487","58.6974976869793","50.073113387565","69.3727963569156","60.3523468823656","71.8910622718847","76.7865896754313","75.4061480303208","68.2680466060732","68.07173238699","68.6712649060334","62.3698389723865","57.0560661681477","60.767919137322","82.5855382638443","77.7870856281203","70.1168422586214","59.7807710942008","55.4593541424912","65.2328825383295","62.6985995228804","74.5735734758223","65.2302894952218","","",
"Nigeria","NGA","PM2.5 air pollution, mean annual exposure (micrograms per cubic meter)","EN.ATM.PM25.MC.M3","","","","","","","","","","","","","","","","","","","","","","","","","","","","","","","64.734109284699","63.6946878943326","64.0635829698221","64.4324780453115","64.8013731208009","62.3536352645803","65.5391632717797","65.9080583472691","66.2769534227585","66.6458484982479","68.4230600395925","58.1213895225908","61.7052833837302","51.4747260234232","61.7935698630297","57.1814452958929","63.273214898786","67.3061477374151","66.802718165195","59.9637374393469","57.0453595776344","60.5981870803509","59.6227203937751","52.2390699243857","54.1305836870948","75.1290695732099","69.3722566585403","68.2246345183228","60.0682766381431","56.1742360202495","63.7025276792271","63.7505486555452","70.6169092406565","65.740618883028","","",
"Nicaragua","NIC","PM2.5 air pollution, mean annual exposure (micrograms per cubic meter)","EN.ATM.PM25.MC.M3","","","","","","","","","","","","","","","","","","","","","","","","","","","","","","","25.6026468183991","25.5295578067305","25.5819266176816","25.6342954286327","25.6866642395837","25.4881174052956","25.7914018614859","25.843770672437","25.896139483388","25.9485082943391","26.1263349279098","25.6796881066035","25.6798615765626","26.4224562069187","23.3437287850243","24.8758708063952","23.1967206955892","22.2634722922487","21.7927408124447","19.9791596149986","21.4832012982569","21.7376057725567","19.8316265447103","21.0739297029074","19.0966063692655","20.8272949678995","19.9336354891463","20.1452148940178","21.1687703840053","20.2131179025699","21.6853479304391","20.0656114146273","20.8229199248067","20.4180839334698","","",
"Netherlands","NLD","PM2.5 air pollution, mean annual exposure (micrograms per cubic meter)","EN.ATM.PM25.MC.M3","","","","","","","","","","","","","","","","","","","","","","","","","","","","","","","21.658238389522","21.6436388987104","21.3692164887282","21.0947940787461","20.820371668764","21.0655950971218","20.2715268487997","19.9971044388176","19.7226820288355","19.4482596188533","18.9140142897011","17.1259421099777","17.7603665370674","19.3998595246036","17.4425306234572","17.1027180284708","15.5942145682684","15.2672865464516","15.746646942208","16.1093258545716","16.0262291614536","15.8751816468242","13.057940983087","13.6203180669567","13.3086643474591","12.0566403406417","11.7209776911577","11.512544838837","12.166093154962","10.5448242918594","8.95977219371951","10.0302491904906","9.71599320228502","8.58757364083248","","",
"Norway","NOR","PM2.5 air pollution, mean annual exposure (micrograms per cubic meter)","EN.ATM.PM25.MC.M3","","","","","","","","","","","","","","","","","","","","","","","","","","","","","","","12.4592374381614","12.3475993921246","12.2194007229423","12.09120205376","11.9630033845777","11.8679259616858","11.7066060462131","11.5784073770308","11.4502087078486","11.3220100386663","11.1772507463387","9.70581791613243","10.0131694740813","10.8244506964839","9.29581153774881","9.14710097228594","8.4325156759703","7.84465896835535","7.54082686195378","7.67889479982363","7.8188404989614","8.33134144870997","6.94681114643302","7.07155480202815","7.15094713440871","6.22560099325305","6.37541015422384","5.87906686802138","6.69546303416924","6.1522585458121","5.35135775741965","6.32535191211004","6.02028911555586","5.52141079375347","","",
"Nepal","NPL","PM2.5 air pollution, mean annual exposure (micrograms per cubic meter)","EN.ATM.PM25.MC.M3","","","","","","","","","","","","","","","","","","","","","","","","","","","","","","","42.5594940846862","41.6613979381683","41.6295825067754","41.5977670753824","41.5659516439895","39.8015747823468","41.5023207812037","41.4705053498107","41.4386899184178","41.4068744870249","42.2413397707567","43.6416299876088","43.9354913551095","44.2755831213027","42.8648725328072","42.5390450676083","48.7982657548418","51.8726318064723","54.4899220808595","58.9424960829957","50.3771052704765","52.7488588178893","54.5107288886808","49.8885406797596","50.6917645882859","52.0893526071468","51.9068894312371","53.0342594326735","59.5306238818063","54.2758746113853","51.1333778512821","56.8352288944933","50.6322528228936","53.2003436952498","","",
"Naoero","NRU","PM2.5 air pollution, mean annual exposure (micrograms per cubic meter)","EN.ATM.PM25.MC.M3","","","","","","","","","","","","","","","","","","","","","","","","","","","","","","","5.20847295538637","5.31877575684905","5.38595979773494","5.45314383862082","5.5203278795067","5.67374944154641","5.65469596127847","5.72188000216435","5.78906404305023","5.85624808393611","5.88031336424513","5.84255435768091","5.64475105424255","5.52545557786373","5.15231765866753","5.51489552605181","5.17058632507481","4.65980752383846","4.70185885728124","5.41284605628807","5.06424055159384","4.67457249644327","5.19174306445476","5.79023641073082","5.82291031661379","6.84805862810455","4.69226889007317","4.5819518260082","4.84783250832234","6.82048241058318","4.28553056370211","4.02205182033666","4.36409314949647","4.83857913426453","","",
"New Zealand","NZL","PM2.5 air pollution, mean annual exposure (micrograms per cubic meter)","EN.ATM.PM25.MC.M3","","","","","","","","","","","","","","","","","","","","","","","","","","","","","","","8.59120257032647","8.48266646345185","8.45212807467812","8.4215896859044","8.39105129713067","8.20451747215504","8.32997451958322","8.2994361308095","8.26889774203577","8.23835935326205","8.28581868258924","8.16662967841872","8.09945527895256","7.83404860464787","7.7513608884228","7.69128251490132","7.18451073875474","7.02749032487499","7.00475628327003","6.88091245470133","6.96331739632945","7.14580979286737","6.61667168493178","6.68970751878215","6.46803978335128","6.58301243029768","6.60079804628658","6.6454612514251","6.64524347769575","7.72371069620344","7.05142839254853","6.64525633790746","6.98542238085309","6.88138507182829","","",
"OECD members","OED","PM2.5 air pollution, mean annual exposure (micrograms per cubic meter)","EN.ATM.PM25.MC.M3","","","","","","","","","","","","","","","","","","","","","","","","","","","","","","","19.7779832129016","19.7343956861678","19.584724219323","19.4363262372689","19.288582400379","19.3521921777144","18.99428303704","18.8478421060639","18.7024202851001","18.5580692845643","18.3072832958893","17.1357180689479","17.5369029959153","17.8929758831673","16.3459536336821","16.7406322670942","15.9526417621718","15.4623887956339","15.1209001124479","14.8896431891683","14.8869738489505","15.0410589456076","14.0656288148204","14.1716771187904","13.8868672226021","13.8237009748774","12.9949819303809","13.1440072373331","13.1059643508941","12.6215331770448","12.1867301630485","12.5872869087171","12.8581749835003","12.018341876005","","",
"Oman","OMN","PM2.5 air pollution, mean annual exposure (micrograms per cubic meter)","EN.ATM.PM25.MC.M3","","","","","","","","","","","","","","","","","","","","","","","","","","","","","","","47.1288571896102","45.006935303205","44.9032486864503","44.7995620696956","44.695875452941","40.5557182968852","44.4885022194316","44.384815602677","44.2811289859223","44.1774423691677","46.0919910220633","44.4125040083418","41.7248672675478","46.1256283881511","47.8913466801975","46.1222426864483","43.7212899961108","45.0587488715285","46.8065241755625","46.4381413133276","45.0654087266367","48.1917051076879","54.1182539525814","47.6879064979335","41.5793397713907","46.8966290907909","45.2571660471688","45.9592061206611","50.482984007318","45.6314297510403","42.0392152380277","45.7566725913839","52.137724533898","46.8557577090985","","",
"Other small states","OSS","PM2.5 air pollution, mean annual exposure (micrograms per cubic meter)","EN.ATM.PM25.MC.M3","","","","","","","","","","","","","","","","","","","","","","","","","","","","","","","20.6514026548882","20.614113254781","20.5241208434714","20.4297742128031","20.402394737386","20.2298738227242","20.3487880505324","20.3550861239064","20.371664669691","20.4499650043063","20.6019511165102","19.7650840907916","20.1648084346154","19.6222529920338","19.4923672469172","19.6251549714653","18.5215991743689","18.118490754228","18.3622895413455","18.3307217075277","18.1632869935832","19.2173878647238","19.5086445363745","17.5055071160093","16.8887402720693","17.8019720957766","16.7649431713216","17.4617218095096","17.1073901155974","17.0994967230163","16.351329161723","16.3811169450524","16.8462568170176","16.1866752339085","","",
"Pakistan","PAK","PM2.5 air pollution, mean annual exposure (micrograms per cubic meter)","EN.ATM.PM25.MC.M3","","","","","","","","","","","","","","","","","","","","","","","","","","","","","","","58.4949510833753","57.1043539490827","56.9798991880733","56.8554444270639","56.7309896660545","54.0742501584784","56.4820801440357","56.3576253830263","56.2331706220169","56.1087158610076","57.2504034732813","56.554332613352","57.8280038864152","58.0375444755895","56.7436632932081","56.8396606078595","54.0021102654504","52.8243308583715","52.6632557320634","50.9234369923513","57.0932237695287","55.1733849833434","55.9102316841118","54.2579257569488","54.726513458073","57.7003410851012","56.6204998946239","56.6781961188465","61.4979947410089","53.4624424408059","54.8397942743298","58.590150324952","57.8617671689119","58.3745179541935","","",
"Panama","PAN","PM2.5 air pollution, mean annual exposure (micrograms per cubic meter)","EN.ATM.PM25.MC.M3","","","","","","","","","","","","","","","","","","","","","","","","","","","","","","","18.4554008822248","18.2339411466867","18.3268052799986","18.4196694133105","18.5125335466223","17.9767499422347","18.698261813246","18.7911259465579","18.8839900798698","18.9768542131816","19.3840422153432","17.9464455683349","17.8296298557181","19.2994488785894","17.3391903877035","17.6286715011758","15.9645120676111","14.9645258778058","15.213541235427","15.5308100056666","15.5801236218237","15.1716286040201","16.0341321648034","15.3686441543945","15.9619986030478","16.9783062456346","15.5946159096021","14.7627345637305","14.8426450709261","15.3498636744005","15.1907401233296","14.7545659474275","15.213921782961","15.1210531361735","","",
"Peru","PER","PM2.5 air pollution, mean annual exposure (micrograms per cubic meter)","EN.ATM.PM25.MC.M3","","","","","","","","","","","","","","","","","","","","","","","","","","","","","","","69.2906356093328","68.779950296676","67.8323206685367","66.8846910403974","65.9370614122581","65.8633204150805","64.0418021559796","63.0941725278403","62.146542899701","61.1989132715617","59.8143393279411","63.7365642620224","60.9884090511047","59.6143294747596","58.2612766171152","58.0879024743826","38.3799011518371","28.0589758067943","27.6546505016066","28.7916453582175","31.373011396184","29.706354612961","28.7081917720721","29.7497268642073","27.1057918484588","29.2744836705899","30.5613699272767","31.2625158525163","31.1151867646505","30.672466480308","29.8567440111987","28.9466302805559","32.4787651622913","31.0938536450575","","",
"Philippines","PHL","PM2.5 air pollution, mean annual exposure (micrograms per cubic meter)","EN.ATM.PM25.MC.M3","","","","","","","","","","","","","","","","","","","","","","","","","","","","","","","38.5230955704506","37.8452151069513","37.4640005185552","37.082785930159","36.7015713417628","35.7270250031591","35.9391421649705","35.5579275765743","35.1767129881781","34.795498399782","34.7109496864893","30.6026455078693","31.4769323672191","32.0703382296126","34.1896356366668","33.0419500553782","26.5807186900689","23.6260197589399","24.338678115473","25.9744172434092","22.5911329120977","24.6822130997902","22.5654937983005","22.5685454716242","22.6948139010066","22.5811049721656","21.8003003003794","22.8372345468098","22.1392871673127","23.1871442405274","21.7674946627007","22.7416729471695","24.241932485757","22.2053003753671","","",
"Palau","PLW","PM2.5 air pollution, mean annual exposure (micrograms per cubic meter)","EN.ATM.PM25.MC.M3","","","","","","","","","","","","","","","","","","","","","","","","","","","","","","","6.69088099108769","6.53975448007328","6.47785178959819","6.41594909912311","6.35404640864802","6.1136960770941","6.23024102769784","6.16833833722276","6.10643564674767","6.04453295627258","6.07185408633686","6.83858055058582","8.42959885821439","6.87490254873341","6.93320661284642","5.93956437803909","6.308509465759","6.24104016653415","6.45554960275745","7.64730311713273","4.75433673604286","5.92879378969501","6.50941856222876","5.78419340459112","6.96055456731745","7.87637333715843","5.57833461668942","5.05589428871607","5.53583243149639","5.50881259741769","4.4376300199508","5.02301222684776","5.26057416498998","4.94109970714801","","",
"Papua New Guinea","PNG","PM2.5 air pollution, mean annual exposure (micrograms per cubic meter)","EN.ATM.PM25.MC.M3","","","","","","","","","","","","","","","","","","","","","","","","","","","","","","","16.0218759164467","15.6892191388787","15.6264809362835","15.5637427336882","15.5010045310929","14.8984291785521","15.3755281259024","15.3127899233071","15.2500517207119","15.1873135181166","15.394493890494","14.1822308717311","13.4675024435674","14.0011088101588","13.570203254622","13.4634685113363","14.7140954538581","15.8322246788359","15.8919050092444","15.3878155036438","16.4985682237311","14.3977586604487","13.4566937852432","15.4256463794317","14.8930727899941","14.743611914979","13.4848911862133","14.6312524458782","14.185410897229","13.9721134528645","13.2697819572662","14.6480533757505","16.0909144747822","14.1117516188413","","",
"Poland","POL","PM2.5 air pollution, mean annual exposure (micrograms per cubic meter)","EN.ATM.PM25.MC.M3","","","","","","","","","","","","","","","","","","","","","","","","","","","","","","","32.3352392710338","31.9808825339599","31.3358322377799","30.6907819415999","30.0457316454198","29.9820684674497","28.7556310530598","28.1105807568798","27.4655304606998","26.8204801645198","25.8847363092344","25.7588704250148","29.930870694435","30.5786482443409","26.57102718836","27.7870141840158","26.0761473898688","24.3417870384548","23.0297386804377","24.3966415879959","28.045431234329","25.8393780636571","23.6753724603608","22.8771991708595","23.6086177841208","21.6047533383556","20.9364845038375","21.5252071625491","22.0327726817794","18.1315337173154","16.4409892974788","18.6068862351858","15.8902118298564","16.522574789688","","",
"Pre-demographic dividend","PRE","PM2.5 air pollution, mean annual exposure (micrograms per cubic meter)","EN.ATM.PM25.MC.M3","","","","","","","","","","","","","","","","","","","","","","","","","","","","","","","38.8308240275755","38.081746203832","38.3333662366917","38.5676219083892","38.7593327163325","37.0134567723863","39.1679020308769","39.378481619801","39.5779328049307","39.7864214636929","40.9575382620773","38.0923491302812","38.9913532144111","35.5249226384982","40.0364127773474","37.8527301254319","39.2801651572602","40.7947069080777","41.0980416692823","38.3429024235618","38.9649923921203","39.6774356801237","39.1919310296807","36.7275792011602","35.5253696125144","43.5624101426407","40.9348083245793","39.412928734682","37.2876948289766","36.4833754904005","38.318051217793","38.3597237673436","41.3397238524029","38.6615620702738","","",
"Puerto Rico (US)","PRI","PM2.5 air pollution, mean annual exposure (micrograms per cubic meter)","EN.ATM.PM25.MC.M3","","","","","","","","","","","","","","","","","","","","","","","","","","","","","","","7.62207750484843","7.45704504464483","7.49522153017464","7.53339801570444","7.57157450123425","7.20333309529743","7.64792747229386","7.68610395782367","7.72428044335347","7.76245692888328","8.0038423601464","7.81658146813671","7.67376705153002","7.16649364039506","6.42254996765708","6.92917357262739","7.34932316934938","7.12960146910749","6.88593761671307","6.88328633054352","7.75938418836419","6.1758910486802","7.28078154607435","6.53665865438094","6.57500830115424","6.68996473732767","7.04293789205473","8.18928850764043","8.2042430017841","7.81865371111426","8.15921183568029","8.38041523934302","6.33587921198145","7.83963023115694","","",
"Korea, Dem. People's Rep.","PRK","PM2.5 air pollution, mean annual exposure (micrograms per cubic meter)","EN.ATM.PM25.MC.M3","","","","","","","","","","","","","","","","","","","","","","","","","","","","","","","25.77228330639","25.3977947377682","25.3988526873327","25.3999106368972","25.4009685864617","24.6509334996536","25.4030844855907","25.4041424351552","25.4052003847197","25.4062583342842","25.782862802035","26.6829371839012","25.7152592762494","26.3153935292367","25.9720282965707","25.5998218868133","27.645558698473","28.493218907697","27.6956671936638","28.1182701894802","22.0755510222278","25.3714637117371","25.1604028121368","24.5656885456385","31.4243592964002","30.2908673375328","26.6256531175516","25.0740426656513","21.2255396176557","21.8392501100147","22.4221283947159","22.0593942623409","20.8382520100041","21.7761196310643","","",
"Portugal","PRT","PM2.5 air pollution, mean annual exposure (micrograms per cubic meter)","EN.ATM.PM25.MC.M3","","","","","","","","","","","","","","","","","","","","","","","","","","","","","","","13.2490250777505","13.2660884805136","13.3275151120194","13.3889417435253","13.4503683750311","13.4230685490515","13.5732216380428","13.6346482695487","13.6960749010545","13.7575015325604","13.863291392809","13.3056594359964","13.2774509635965","14.1420647721118","12.5586112881224","12.9020244773912","12.6035383651427","11.4841027569335","10.3530331186366","9.55618194757649","9.53671497304151","10.2621187703881","8.72868716918715","9.10564124430573","8.15121248648451","10.0582058200824","8.91077232807693","9.84270133550553","9.68646955246185","8.28261825252783","8.74778129241256","8.90743352046322","9.24389572463552","8.76550462748695","","",
"Paraguay","PRY","PM2.5 air pollution, mean annual exposure (micrograms per cubic meter)","EN.ATM.PM25.MC.M3","","","","","","","","","","","","","","","","","","","","","","","","","","","","","","","26.8273706687303","26.4873500827926","26.2945187657257","26.1016874486589","25.908856131592","25.4216462767827","25.5231934974583","25.3303621803915","25.1375308633246","24.9446995462578","24.899057498062","24.2593252910089","23.7611786482954","26.5363474908823","24.5329911909995","23.5227153674499","20.8892673046297","17.9023579743888","17.4839434218426","14.8562116250567","16.6098846295014","14.3574917202928","14.1010144483119","12.2220620384449","14.1013413972108","15.0240132610652","14.0940444745212","14.305664925717","13.0344251532456","16.398596736735","19.6466878417044","15.7732462771943","14.3967643392135","15.327993717276","","",
"West Bank and Gaza","PSE","PM2.5 air pollution, mean annual exposure (micrograms per cubic meter)","EN.ATM.PM25.MC.M3","","","","","","","","","","","","","","","","","","","","","","","","","","","","","","","21.2937992114336","22.2088956794847","22.3455503080555","22.4822049366264","22.6188595651972","24.3123978727288","22.8921688223389","23.0288234509098","23.1654780794806","23.3021327080515","22.6603454971421","23.8535290115717","24.5123651038486","27.0131703896589","26.5232739325778","23.933915417606","21.8022871372412","20.8398138352434","21.25289479107","21.7455865920799","25.1067916652231","20.404558390247","21.4888974450703","21.8222177965812","20.446971211226","23.4035305473915","20.1522784097196","20.6298312978174","22.5359687994621","23.0413977446489","22.1426293555486","21.8706255570971","23.734512216626","22.394098975674","","",
"Pacific island small states","PSS","PM2.5 air pollution, mean annual exposure (micrograms per cubic meter)","EN.ATM.PM25.MC.M3","","","","","","","","","","","","","","","","","","","","","","","","","","","","","","","6.41309452253345","6.29439834278638","6.36701649401482","6.43877885799481","6.51029691677379","6.20498965610323","6.65278308043144","6.72169882083338","6.78952649352443","6.85677794374856","7.10911383710733","7.59585442964573","7.15352903202235","7.31982596712643","6.83760961908279","7.062138080086","7.06431807910751","7.06759180374837","7.11231324670287","6.91960400915056","6.9285826442523","6.5720087740325","6.66364410723452","7.21771804260141","6.69364629826383","7.07557725646046","6.67808042279073","7.74270374667467","7.28528901098485","7.20137521033376","6.49234574607619","6.12187036141872","7.43910202885681","6.97617075356457","","",
"Post-demographic dividend","PST","PM2.5 air pollution, mean annual exposure (micrograms per cubic meter)","EN.ATM.PM25.MC.M3","","","","","","","","","","","","","","","","","","","","","","","","","","","","","","","19.4395709760901","19.3541216811414","19.1544923955118","18.9533601805042","18.7503908608682","18.7732076694529","18.3489311718782","18.1505060889384","17.9524938521702","17.7551574388443","17.44776453511","16.4808282393894","16.7883369871427","16.9466347483984","15.4459602330134","15.8519326518588","14.8649752926027","14.2834199624994","13.9048291195288","13.6786600976234","13.3798945063253","13.5608888100597","12.5969125901477","12.5764019780074","12.3268640023314","12.0369670623428","11.2224929847036","11.3154260899851","11.3190173487831","10.6119483403975","10.2451700419549","10.7063229887693","10.6497488418602","9.82967855753483","","",
"French Polynesia","PYF","PM2.5 air pollution, mean annual exposure (micrograms per cubic meter)","EN.ATM.PM25.MC.M3","","","","","","","","","","","","","","","","","","","","","","","","","","","","","","","","","","","","","","","","","","","","","","","","","","","","","","","","","","","","","","","","","","",
"Qatar","QAT","PM2.5 air pollution, mean annual exposure (micrograms per cubic meter)","EN.ATM.PM25.MC.M3","","","","","","","","","","","","","","","","","","","","","","","","","","","","","","","109.799288029242","107.804870935664","107.764685102372","107.72449926908","107.684313435789","103.735665081925","107.603941769205","107.563755935913","107.523570102621","107.483384269329","109.397429696323","104.611838805936","94.0591125842585","124.657449236908","117.675164345887","120.054909720744","97.0259188382572","90.6061253383008","96.8904387283982","105.250019101085","98.6377411775607","98.0607408213711","107.019658452499","97.360364620788","90.7022898024857","109.454607666153","106.116597718857","107.664866223184","107.786961140147","99.8585340961987","99.1991402350416","107.889879004395","111.914953972534","107.758571527846","","",
"Romania","ROU","PM2.5 air pollution, mean annual exposure (micrograms per cubic meter)","EN.ATM.PM25.MC.M3","","","","","","","","","","","","","","","","","","","","","","","","","","","","","","","27.5431752550113","27.1299056623325","26.752894228944","26.3758827955555","25.9988713621669","25.5493436101966","25.2448484953899","24.8678370620013","24.4908256286128","24.1138141952243","23.7730609211264","23.7737864801854","26.9688438657033","27.7344484869386","24.4795794724733","24.9079117568571","22.6903871409255","21.4778872529346","20.4340407380872","19.7731324598034","18.8449911366729","22.3185237720693","21.3523283781058","18.1631465697885","18.2655082722918","18.0989374056679","18.1070416748429","20.2743046720324","18.7538854964325","16.4166768529099","16.0420354209434","16.1003744255086","16.410091955998","16.007729806639","","",
"Russian Federation","RUS","PM2.5 air pollution, mean annual exposure (micrograms per cubic meter)","EN.ATM.PM25.MC.M3","","","","","","","","","","","","","","","","","","","","","","","","","","","","","","","27.9961303963925","27.2238035854373","26.6825233161297","26.1412430468221","25.5999627775145","24.5965894249099","24.5174022388993","23.9761219695917","23.4348417002841","22.8935614309765","22.5833277033171","20.8711916130482","22.0934384249641","19.8751836902862","18.0730281988839","16.6185162939132","15.7102838028261","15.4236220438931","15.226254531073","15.7250781735027","18.6409481689907","13.5706689279912","14.8318275179914","14.1543638169196","14.6545009824598","13.0585263767984","13.5758857302309","13.7415064507149","12.6740675593912","12.5569592919877","12.444538795419","12.9278827390739","11.7967766756222","11.5661567768194","","",
"Rwanda","RWA","PM2.5 air pollution, mean annual exposure (micrograms per cubic meter)","EN.ATM.PM25.MC.M3","","","","","","","","","","","","","","","","","","","","","","","","","","","","","","","37.0318737857772","37.649205513338","37.7513600554582","37.8535145975783","37.9556691396985","39.0881780527","38.1599782239389","38.262132766059","38.3642873081792","38.4664418502994","38.053419206979","38.4901465240592","36.0537831585831","36.9038660273438","38.9212050920577","37.541687019449","37.7844473320159","38.7477159209106","39.841371809139","36.2651227999821","39.9524676780076","40.2979486427098","40.2514244200244","40.6080865126933","36.5113738855701","39.1273737775822","38.9146420850134","32.9065245496364","32.1513532416355","40.1780502490937","38.4056047935603","37.0965668074397","36.1201417686153","36.0064247681194","","",
"South Asia","SAS","PM2.5 air pollution, mean annual exposure (micrograms per cubic meter)","EN.ATM.PM25.MC.M3","","","","","","","","","","","","","","","","","","","","","","","","","","","","","","","52.2250936723233","51.221127309868","51.1783684053522","51.1354105804178","51.0934657031713","49.1241994251164","51.0088918219174","50.96697614996","50.9260584274828","50.885868085479","51.8089884921943","51.516120539473","52.3083201069924","53.3007579566963","51.8140827217836","52.3919401181365","50.4045795061223","50.5502919139814","52.4305754519521","53.9494810777535","52.9832010907142","56.0680111027159","54.7365222676873","53.2226676894888","53.0570844488836","52.4945667584583","54.9626686124923","55.5832530164786","58.6517294601334","54.5405932283571","53.7926902425032","56.9506143793745","51.5653791636056","55.1639515846895","","",
"Saudi Arabia","SAU","PM2.5 air pollution, mean annual exposure (micrograms per cubic meter)","EN.ATM.PM25.MC.M3","","","","","","","","","","","","","","","","","","","","","","","","","","","","","","","52.5606912509055","52.056301854355","53.0600917280531","54.0638816017511","55.0676714754491","53.0551028086539","57.0752512228452","58.0790410965432","59.0828309702413","60.0866208439393","62.5985899878844","59.7508629327144","59.1641405359292","71.5848754228878","68.2932433782135","67.4821830709381","67.7907570198288","67.8152709042056","69.9360488012175","71.5273718285632","71.119486401735","73.8628444969087","74.6927141331945","73.0199085667751","63.4135301727035","76.8126533634759","70.772740868008","73.9893846909783","72.6868758200635","71.1180092701773","68.3959671214439","73.6731291479972","77.7937502863318","73.5179752363051","","",
"Sudan","SDN","PM2.5 air pollution, mean annual exposure (micrograms per cubic meter)","EN.ATM.PM25.MC.M3","","","","","","","","","","","","","","","","","","","","","","","","","","","","","","","37.2228718129542","35.050608128953","35.0778277498136","35.1050473706741","35.1322669915346","30.7605200026723","35.1867062332556","35.2139258541161","35.2411454749766","35.2683650958371","37.4950680215587","37.5195732602702","37.3094817719177","37.7394277625478","41.173288362648","38.8927077014878","39.1820410202823","38.4494416638578","39.2442252290004","40.6427025921928","40.6512347808134","42.2186016282076","39.5964460341574","40.6807085051535","35.0474316325894","40.3146727322112","41.0585744418074","41.5787617030802","38.282708646216","37.8890005473862","34.3098025601851","38.7008440663385","39.0125504379439","37.6123871383607","","",
"Senegal","SEN","PM2.5 air pollution, mean annual exposure (micrograms per cubic meter)","EN.ATM.PM25.MC.M3","","","","","","","","","","","","","","","","","","","","","","","","","","","","","","","45.3947987510854","45.6117063547894","45.8009387659883","45.9901711771871","46.1794035883859","46.4239863845958","46.5578684107836","46.7471008219824","46.9363332331812","47.1255656443801","47.2871228630735","37.386298225181","43.674232327864","41.5108228121549","44.6114146951369","39.9058959476708","40.1865159374905","41.8847715264691","42.074190631529","37.5470981358044","40.6020418218403","40.7000713653305","47.6952217115786","36.1326172852972","38.8137391761983","47.635468588898","41.9387343120495","45.1130669066908","41.0132503890827","39.8433750730602","40.6552283701407","42.371884937796","39.328601950874","41.6483649398667","","",
"Singapore","SGP","PM2.5 air pollution, mean annual exposure (micrograms per cubic meter)","EN.ATM.PM25.MC.M3","","","","","","","","","","","","","","","","","","","","","","","","","","","","","","","36.9365111827176","32.7668616132472","31.1861677314469","29.6054738496465","28.0247799678461","21.2661747107009","24.8633922042454","23.282698322445","21.7020044406446","20.1213105588443","21.1295723647151","19.7372165094146","19.1323459260381","17.1859053816285","17.1558355290961","17.5260473567112","20.9757158677444","19.1912325458857","17.0000578343706","20.6259557341827","13.6106469725336","16.7516267296423","18.7739150503469","25.4887681376185","20.2243081592991","26.7934669461631","15.15931491639","14.3992673643153","16.0290550221245","18.8678146675534","12.2426173596677","13.8183890637078","15.0924840424926","15.1427300261359","","",
"Solomon Islands","SLB","PM2.5 air pollution, mean annual exposure (micrograms per cubic meter)","EN.ATM.PM25.MC.M3","","","","","","","","","","","","","","","","","","","","","","","","","","","","","","","9.15973106105958","9.06033625057697","9.06848616556654","9.07663608055611","9.08478599554567","8.87784645959095","9.10108582552481","9.10923574051438","9.11738565550395","9.12553557049352","9.24123021095523","10.0952786408614","9.50451424224512","9.68932619661834","9.28148641398953","9.45645517550285","9.51957404304205","9.13630844396325","9.26641524691861","9.76927452724973","9.19891960403184","8.1122249793311","8.78265267165911","10.692454580364","10.3064800537523","10.0498585288009","9.84303587317893","11.0995743066285","10.3074168021894","9.7284833636979","9.10625881853873","8.16366216339273","9.82858130237828","9.76639967800624","","",
"Sierra Leone","SLE","PM2.5 air pollution, mean annual exposure (micrograms per cubic meter)","EN.ATM.PM25.MC.M3","","","","","","","","","","","","","","","","","","","","","","","","","","","","","","","23.8883916317446","23.0355598802557","22.9966523789971","22.9577448777385","22.9188373764799","21.2520813747607","22.8410223739628","22.8021148727042","22.7632073714456","22.7242998701871","23.4993166191587","20.8343356237282","21.8891543854993","19.7608737678108","26.7023883944884","24.0200836399125","22.6282697929527","22.9830509462115","24.5559668979487","24.0948209558666","21.7815763936265","24.8500575155607","21.8606036126187","20.6635036154207","20.3513212383783","26.6521495038632","24.6544965480112","23.2385153027455","24.0903839919268","22.5037713493302","22.6716833620106","21.3670032854365","22.3654861743939","22.461260523478","","",
"El Salvador","SLV","PM2.5 air pollution, mean annual exposure (micrograms per cubic meter)","EN.ATM.PM25.MC.M3","","","","","","","","","","","","","","","","","","","","","","","","","","","","","","","39.9155700485821","39.7726253845634","39.7594752183026","39.7463250520419","39.7331748857811","39.4604357240044","39.7068745532596","39.6937243869989","39.6805742207381","39.6674240544774","39.7840683859746","35.0889221635209","35.7339208244734","36.2599019798782","32.0998095725901","33.7503003648435","29.3762572082898","27.811791527221","29.2333664186625","29.7754879941207","31.1495485852809","31.7764794212371","28.8449690841345","31.2482942113546","28.6814966208416","28.9006916656434","28.3272714755679","29.3256740475719","29.9494969253266","30.6138770514804","31.1858574816377","28.6065883877576","29.793836814941","29.5862475987305","","",
"San Marino","SMR","PM2.5 air pollution, mean annual exposure (micrograms per cubic meter)","EN.ATM.PM25.MC.M3","","","","","","","","","","","","","","","","","","","","","","","","","","","","","","","21.9511299095678","21.7917022227106","21.4863203028138","21.1809383829171","20.8755564630203","20.8620830092017","20.2647926232267","19.9594107033299","19.6540287834331","19.3486468635363","18.8973107106002","17.5403521774993","17.7582905194713","19.0903807361562","16.5547736169928","17.21609781732","20.1548523924789","19.2967743916926","16.8374102592436","15.9822839918978","16.1693283483826","17.312206802426","16.2786972581076","14.842978105305","12.992551049976","16.5751065118508","13.5133279908288","13.9808125009278","13.2537968390759","12.4853144948181","12.9926523461508","11.7981796012366","16.6961546451697","12.7360737522911","","",
"Somalia, Fed. Rep.","SOM","PM2.5 air pollution, mean annual exposure (micrograms per cubic meter)","EN.ATM.PM25.MC.M3","","","","","","","","","","","","","","","","","","","","","","","","","","","","","","","17.0510932411191","15.0869594403479","15.4929238665","15.8988882926521","16.3048527188042","11.9706206911116","17.1167815711085","17.5227459972606","17.9287104234127","18.3346748495649","21.1107375026393","18.3830110501876","19.025605442363","17.4921588475627","17.6560919082838","16.7699928020904","17.6086611823624","18.4396446004024","18.5270606616115","18.7706076655325","17.3620685652074","19.8844946368491","20.6023411387529","19.6458780650605","18.0024064981226","17.2473026998493","17.3579225381559","19.3375433442262","20.1381693104178","18.2207563220574","18.2958569527041","16.8921929608927","20.0547758425621","18.5402586086237","","",
"Serbia","SRB","PM2.5 air pollution, mean annual exposure (micrograms per cubic meter)","EN.ATM.PM25.MC.M3","","","","","","","","","","","","","","","","","","","","","","","","","","","","","","","29.6744916663576","29.286159615414","28.9734200602613","28.6606805051087","28.3479409499561","27.8840164032204","27.7224618396509","27.4097222844983","27.0969827293456","26.784243174193","26.5470961148318","26.7248536307523","28.9155179942938","31.2167889740449","27.3518117791174","28.1664143610539","25.7513262793308","24.6464968795941","24.4520975228473","25.2660961208654","22.5011864541542","28.1010565404824","25.4492136747368","24.2845504900658","21.6558081952053","23.353865334596","22.997740231213","22.7319854295402","23.0376789441363","20.3036764511414","20.1427099429094","19.0942900855095","19.5487459666309","19.3375514552379","","",
"Sub-Saharan Africa (excluding high income)","SSA","PM2.5 air pollution, mean annual exposure (micrograms per cubic meter)","EN.ATM.PM25.MC.M3","","","","","","","","","","","","","","","","","","","","","","","","","","","","","","","34.7629342887392","34.0717326926695","34.2583921344574","34.4335110024505","34.5925094897706","33.0042958378059","34.9620718454007","35.151995103089","35.3364817628165","35.5276154879854","36.6121902028124","34.5827485089188","35.1366499759337","31.7352992475812","36.0444990102445","33.8744428405389","35.6595229292833","37.2045724954851","37.4820134593361","34.9702627087102","35.6891816562461","36.2966173742962","36.0026204377546","33.7863884623886","32.4062716525907","39.8265141712618","37.3535755278401","36.3089040292868","33.9886224795487","33.7190189240329","35.4153499464381","35.1685224652076","37.3949246162696","35.4378888685593","","",
"South Sudan","SSD","PM2.5 air pollution, mean annual exposure (micrograms per cubic meter)","EN.ATM.PM25.MC.M3","","","","","","","","","","","","","","","","","","","","","","","","","","","","","","","24.1178751766007","22.8813701856996","23.1873026021634","23.4932350186272","23.799167435091","21.0202250368265","24.4110322680187","24.7169646844825","25.0228971009463","25.3288295174101","27.177199341238","25.1031590055503","24.7292513427046","25.0393064372515","25.3564661158324","26.2169821230822","23.9356097082857","24.3410322796912","24.7078217072242","23.8739653412476","25.1222783359628","28.5341579432629","25.9393600048697","27.8084125247802","23.733978958488","24.9650166354646","24.559091928348","25.3310370782276","21.701051624981","24.2274572216095","23.0611499004342","24.9020366181579","24.2880356743608","23.674692498997","","",
"Sub-Saharan Africa","SSF","PM2.5 air pollution, mean annual exposure (micrograms per cubic meter)","EN.ATM.PM25.MC.M3","","","","","","","","","","","","","","","","","","","","","","","","","","","","","","","34.7595097228411","34.068481272528","34.2552108651126","34.4303501642229","34.5893501185051","33.0014204823473","34.9589840382719","35.1489496806513","35.3334561239382","35.5246086507388","36.6091156298691","34.5799274175554","35.1337625449958","31.7329699158284","36.0417657332287","33.8719417917711","35.6568536161483","37.2017676214629","37.4792103424932","34.967806277895","35.6865491596424","36.2940594083512","36.0001621914335","33.7841936785453","32.4041122530288","39.8236316604226","37.3511365673106","36.3065919070968","33.9865397316636","33.7169988107127","35.4130875427714","35.1663382383195","37.3922175081513","35.4353980957566","","",
"Small states","SST","PM2.5 air pollution, mean annual exposure (micrograms per cubic meter)","EN.ATM.PM25.MC.M3","","","","","","","","","","","","","","","","","","","","","","","","","","","","","","","17.8999331801195","17.8820886544538","17.8482588456678","17.8077646456789","17.8165222285409","17.6609950970095","17.843913215684","17.8829217069241","17.9270498987758","17.9920490664928","18.1444048569265","17.4601994329982","17.6729398633666","17.2685847132351","16.7153695102328","17.1760635795162","16.1653300155451","15.7319960040712","15.9118919734819","15.8354242053131","15.9672680683685","16.2631035169894","16.6537690963985","15.1194044969703","14.5030765037411","15.5789543765698","14.7205833479984","15.34491960415","14.840894193086","14.8785002839579","14.4489231592914","14.5510496888894","14.8877701454879","14.3420624123416","","",
"Sao Tome and Principe","STP","PM2.5 air pollution, mean annual exposure (micrograms per cubic meter)","EN.ATM.PM25.MC.M3","","","","","","","","","","","","","","","","","","","","","","","","","","","","","","","15.9663049683279","15.3187421771844","15.3251300607687","15.3315179443529","15.3379058279372","14.0363923620661","15.3506815951057","15.3570694786899","15.3634573622742","15.3698452458584","16.0301838041703","14.9980476986343","15.9952293667633","14.8039175154418","15.6285685191054","16.5017607784507","14.1739298864797","13.6278688138681","14.1060055006755","12.8822190169144","13.9058016462842","15.3212336355054","16.6721703300999","16.2936406866651","12.3095048044896","18.7235197689483","16.7452732227187","13.5589080411295","12.8848816677863","13.8008833750052","15.8580599660339","14.8156728919369","14.9991986078849","15.1195335259737","","",
"Suriname","SUR","PM2.5 air pollution, mean annual exposure (micrograms per cubic meter)","EN.ATM.PM25.MC.M3","","","","","","","","","","","","","","","","","","","","","","","","","","","","","","","25.6538569947931","25.686134324658","25.8922066113734","26.0982788980888","26.3043511848042","26.1628335578192","26.716495758235","26.9225680449504","27.1286403316657","27.3347126183811","27.7145798619468","23.8797262934932","22.8899693139678","23.6515119797483","20.5879261489937","23.1099209888035","19.2971250949736","17.6958647164988","17.6279675516891","16.9643231096072","16.6683308559441","16.3515994214662","17.5598973512618","15.6158314749118","15.3725941750371","17.56389494989","16.0942350177461","16.0291956699412","15.2067277601013","15.7987241258274","15.5730446835819","16.9623559951022","16.0523575757927","15.670163102049","","",
"Slovak Republic","SVK","PM2.5 air pollution, mean annual exposure (micrograms per cubic meter)","EN.ATM.PM25.MC.M3","","","","","","","","","","","","","","","","","","","","","","","","","","","","","","","27.2708042779844","27.1044130334859","26.5611753487332","26.0179376639806","25.474699979228","25.6851551749815","24.3882246097227","23.8449869249701","23.3017492402174","22.7585115554648","21.8384274304588","22.133266539498","25.1150899570058","26.1165488860349","22.679897431824","23.8419654340286","22.6862196454561","21.4333525860642","20.0418943478494","21.2813689506135","21.963186071377","23.5806701027331","20.5939546627895","20.2034682692031","18.9011040809801","18.8396221848105","17.5336882095409","18.3393922716846","18.2008458973454","15.0301935780905","13.9206622254945","15.2070816251722","13.7526914267728","13.7166673872216","","",
"Slovenia","SVN","PM2.5 air pollution, mean annual exposure (micrograms per cubic meter)","EN.ATM.PM25.MC.M3","","","","","","","","","","","","","","","","","","","","","","","","","","","","","","","26.8482720708503","26.6039766339708","26.0680678184891","25.5321590030075","24.9962501875258","25.0435681292465","23.9244325565625","23.3885237410808","22.8526149255991","22.3167061101174","21.4891839160343","20.5446275229193","23.190173239082","24.3887677497259","21.4205510407973","22.6539558541347","20.5654942100885","19.4367465983803","18.2266410326208","18.361431194671","18.7152322952074","21.1444823610094","17.7257087821966","16.5883335022477","14.8678983898954","17.2358779953467","15.9163654900552","16.1445814017531","16.1763751313729","13.2114748069236","13.2080480794718","12.7146140710229","13.6531875986125","12.5550625384956","","",
"Sweden","SWE","PM2.5 air pollution, mean annual exposure (micrograms per cubic meter)","EN.ATM.PM25.MC.M3","","","","","","","","","","","","","","","","","","","","","","","","","","","","","","","12.0119356192804","11.8907034878296","11.7770825858328","11.6634616838359","11.5498407818391","11.4209974209339","11.3225989778455","11.2089780758486","11.0953571738518","10.981736271855","10.8757265993123","9.13327915778459","9.58072096498382","10.6157557408448","9.04631929189997","9.48965055755712","8.69753368536954","8.16612495187063","7.62351348002006","7.45920999409923","7.53651148130858","8.22573808359796","6.62533792798124","6.28475218239032","7.77583632803298","6.10764769999508","5.9758856179206","5.60053642140356","6.6338928167307","5.99033026849403","5.36986329823469","5.82496147194208","5.68785506406734","5.25938129137927","","",
"Eswatini","SWZ","PM2.5 air pollution, mean annual exposure (micrograms per cubic meter)","EN.ATM.PM25.MC.M3","","","","","","","","","","","","","","","","","","","","","","","","","","","","","","","19.6960955608935","19.8748107225273","19.8817172654425","19.8886238083576","19.8955303512728","20.2460541316251","19.9093434371032","19.9162499800184","19.9231565229335","19.9300630658487","19.7651609900454","17.2862997940998","16.6647839844526","15.7207670220637","16.4801012597912","17.7076782209482","18.0368751645293","18.2718038948164","18.4763947868138","17.7367209066058","20.9253195692294","17.4873358750468","18.5053242603285","17.4661662346837","15.9087117241071","16.8745830387072","15.327424452852","16.4706183501307","16.2451695573096","18.240858269705","16.7356915533242","17.8762333514337","18.4190593206","16.7458644287773","","",
"Sint Maarten (Dutch part)","SXM","PM2.5 air pollution, mean annual exposure (micrograms per cubic meter)","EN.ATM.PM25.MC.M3","","","","","","","","","","","","","","","","","","","","","","","","","","","","","","","","","","","","","","","","","","","","","","","","","","","","","","","","","","","","","","","","","","",
"Seychelles","SYC","PM2.5 air pollution, mean annual exposure (micrograms per cubic meter)","EN.ATM.PM25.MC.M3","","","","","","","","","","","","","","","","","","","","","","","","","","","","","","","9.09211733515605","9.36129292111459","9.53343146655293","9.70557001199126","9.87770855742959","10.2439211839089","10.2219856483063","10.3941241937446","10.5662627391829","10.7384012846213","10.8135027895392","10.2908545087057","10.3648146340038","10.971404085744","10.9159827604822","10.3534632713302","10.3916544790965","10.0532091540368","10.2030988103379","10.4918789013215","9.46509753987477","9.40925567557466","9.70826002222353","10.0998736425548","8.83068778842381","8.20990633490402","10.248860054287","10.2498809251156","10.1137902671916","10.1610838521016","8.57463821654768","8.80433921966237","9.65975870248236","9.25996565809024","","",
"Syrian Arab Republic","SYR","PM2.5 air pollution, mean annual exposure (micrograms per cubic meter)","EN.ATM.PM25.MC.M3","","","","","","","","","","","","","","","","","","","","","","","","","","","","","","","31.3224868523846","31.773675465188","31.4303248896852","31.0869743141824","30.7436237386796","31.9893515397879","30.056922587674","29.7135720121712","29.3702214366684","29.0268708611656","27.8889810973571","28.9859156894993","30.426364608784","31.088764205537","31.0518063790248","29.8467540423526","30.5546679885314","31.3740069346082","32.1847743507929","32.7980109991003","36.4689955568411","31.9251281682889","33.1916311837207","34.2342881420356","30.8871688855922","33.7719688246076","30.2961236206098","31.3974186663671","31.6475659968724","33.3703824963946","31.5710233679597","30.5681166315142","35.372994873473","32.0552019474512","","",
"Turks and Caicos Islands","TCA","PM2.5 air pollution, mean annual exposure (micrograms per cubic meter)","EN.ATM.PM25.MC.M3","","","","","","","","","","","","","","","","","","","","","","","","","","","","","","","","","","","","","","","","","","","","","","","","","","","","","","","","","","","","","","","","","","",
"Chad","TCD","PM2.5 air pollution, mean annual exposure (micrograms per cubic meter)","EN.ATM.PM25.MC.M3","","","","","","","","","","","","","","","","","","","","","","","","","","","","","","","44.4814659435402","42.8123485692551","42.9341343552136","43.0559201411721","43.1777059271306","39.7176853926026","43.4212774990475","43.543063285006","43.6648490709645","43.786634856923","45.6993238031246","40.5359071544849","43.6200875541725","42.415682252481","47.0635030454934","45.4351112657358","46.2027813756072","45.4604651550212","45.1160565424228","45.1775838664902","43.4306718138966","44.8699679772776","43.9610063101173","42.9204186815835","42.6394518129785","53.0105305702736","49.5472301007339","47.8355260289369","43.8716744847779","41.5536418024184","41.4493480107205","40.2491809011673","42.4135112395066","42.9595249298994","","",
"East Asia & Pacific (IDA & IBRD countries)","TEA","PM2.5 air pollution, mean annual exposure (micrograms per cubic meter)","EN.ATM.PM25.MC.M3","","","","","","","","","","","","","","","","","","","","","","","","","","","","","","","40.9562909971567","40.5707911944539","40.5983879085783","40.6226955610157","40.6442953732645","39.8286501757261","40.6778877449263","40.6914443921139","40.7041757899055","40.7180697750468","41.1462240407691","40.9230243284156","41.4514891838249","40.8111536464171","41.0239682699334","41.3535582069671","42.8185011825232","43.2445645781496","42.7370460588285","42.1262514376849","40.8516882706462","43.7197042690917","40.6455894618849","42.8328742184633","43.8115246801121","41.7520807218594","38.265069696958","36.1997266959295","33.4837436512497","33.2134705966112","29.9264893776435","28.8776740785909","28.8218134257439","28.9124888929939","","",
"Europe & Central Asia (IDA & IBRD countries)","TEC","PM2.5 air pollution, mean annual exposure (micrograms per cubic meter)","EN.ATM.PM25.MC.M3","","","","","","","","","","","","","","","","","","","","","","","","","","","","","","","29.1319385325871","28.7914651708286","28.4279394963473","28.0659714327453","27.7088273834689","27.4254210966832","27.0140165199475","26.6734256166444","26.334781312238","25.9953083831139","25.6192613753302","25.0060181233558","26.520274914935","24.7040999495706","23.0424643490976","22.6670413663834","21.9117045629523","21.5974712566784","21.347047931871","21.3511246720648","23.2314029106594","21.412351812853","20.9313573044971","20.80313190371","21.2309838306489","20.3011003539537","19.6378344667859","20.5632807143756","20.1989943290903","19.4266353508769","18.9503762687288","19.7716254898185","19.2681527791511","19.0480921877041","","",
"Togo","TGO","PM2.5 air pollution, mean annual exposure (micrograms per cubic meter)","EN.ATM.PM25.MC.M3","","","","","","","","","","","","","","","","","","","","","","","","","","","","","","","43.2563753450622","41.3675496258111","41.5712255587953","41.7749014917796","41.9785774247639","37.9972500532786","42.3859292907324","42.5896052237167","42.793281156701","42.9969570896852","45.2931346749042","35.3104119281614","39.0146897198957","31.5674227170541","42.8866048928066","33.3657327572542","35.4445329158888","38.438827079598","38.8179485149321","33.0845261818471","30.1887947552597","34.3810861525479","33.9828579157482","28.5413734458887","28.4948133827228","40.9415288577558","36.5458731418316","35.6873295462867","30.9430102097411","29.5326894869218","36.9850943715423","34.5087889494952","35.8141758880983","34.3346739146749","","",
"Thailand","THA","PM2.5 air pollution, mean annual exposure (micrograms per cubic meter)","EN.ATM.PM25.MC.M3","","","","","","","","","","","","","","","","","","","","","","","","","","","","","","","38.2427030854435","37.3949457434287","36.9641397363884","36.533333729348","36.1025277223077","34.837819045317","35.240915708227","34.8101097011867","34.3793036941463","33.948497687106","33.9346430150406","32.9849617599958","34.0594154863525","32.5589750251249","35.0034611208502","34.0368087733727","29.0446114632451","26.5105037645092","26.6273476038881","25.5792468018629","25.8042171209315","27.0474933399381","25.20956576309","27.2432017118297","25.7011739015786","23.6111245475447","25.8740486993818","22.881037534554","24.511740416507","23.9611072205444","25.1774583777729","23.8087317782197","23.7248825508583","23.4870743016258","","",
"Tajikistan","TJK","PM2.5 air pollution, mean annual exposure (micrograms per cubic meter)","EN.ATM.PM25.MC.M3","","","","","","","","","","","","","","","","","","","","","","","","","","","","","","","21.170885193042","21.2693877175419","21.5284139325299","21.7874401475178","22.0464663625058","21.9844451965184","22.5645187924818","22.8235450074697","23.0825712224577","23.3415974374457","23.7611473429215","23.6293965210049","22.7363441991969","21.4437232735728","21.20984082829","21.6109102620719","28.365544602652","31.939293568311","31.9262546311001","30.3506636745506","32.4556734041622","32.6607402415778","27.2182421237884","29.4725447279223","30.8115594703019","30.7154145243743","31.3562334233332","33.0304616558698","33.3847568433032","31.0737152169277","31.4350206909239","34.7938330280456","34.3869193134356","33.3455362132125","","",
"Turkmenistan","TKM","PM2.5 air pollution, mean annual exposure (micrograms per cubic meter)","EN.ATM.PM25.MC.M3","","","","","","","","","","","","","","","","","","","","","","","","","","","","","","","30.7870473739085","31.3987627075123","31.4405350124507","31.4823073173891","31.5240796223274","32.7057379845966","31.6076242322042","31.6493965371426","31.691168842081","31.7329411470194","31.2047704232925","32.0771359238804","30.7659458645621","27.8621886134908","26.7580776754718","27.3450955544623","29.8332035984712","32.6437773387974","32.6443830611872","29.987507715283","32.6584119992621","33.5785187835555","27.9910667561883","30.4596492768379","32.8746009676061","29.4244377874705","27.7416729567261","30.9689652425293","33.0358136706851","28.0160189133278","28.717031653575","35.1310852664652","33.3624453104316","31.2475628480692","","",
"Latin America & the Caribbean (IDA & IBRD countries)","TLA","PM2.5 air pollution, mean annual exposure (micrograms per cubic meter)","EN.ATM.PM25.MC.M3","","","","","","","","","","","","","","","","","","","","","","","","","","","","","","","29.0731439015495","28.9651127787125","28.8129840367419","28.6604363364303","28.5068561361922","28.4380405641306","28.1974999211818","28.0424213753157","27.8871164755109","27.7305568578838","27.528992086573","26.4753166860648","26.3525665585479","26.9891827412982","25.2266609077412","25.2348164025029","20.6922515899136","18.3469114377769","18.3350697962269","18.167553569172","18.585802624154","18.7060076727106","17.3799475495702","17.5257424305621","16.8477641766201","17.7394824429911","17.6696921786574","17.5881116956602","17.2198420540692","17.8484800338581","17.9570521848288","17.3529875614459","18.4347237522606","17.5456157045669","","",
"Timor-Leste","TLS","PM2.5 air pollution, mean annual exposure (micrograms per cubic meter)","EN.ATM.PM25.MC.M3","","","","","","","","","","","","","","","","","","","","","","","","","","","","","","","16.605908218013","16.2065386131262","16.0897408547292","15.9729430963322","15.8561453379352","15.1742038865584","15.6225498211412","15.5057520627442","15.3889543043472","15.2721565459502","15.4379306340429","15.7934183516148","16.4185014634922","15.1164512911254","16.871280759887","15.551331735332","13.9224659210433","13.0643020787999","13.7387104300238","13.9535455113766","13.5736746177736","15.6158450917712","14.8958480900943","12.0146159867023","13.5834038842576","12.490147337453","11.8445134580119","12.8268070526523","12.9263978009684","13.1941882140533","11.1527256829051","12.917068808454","12.7214619688248","11.9874398587491","","",
"Middle East, North Africa, Afghanistan & Pakistan (IDA & IBRD)","TMN","PM2.5 air pollution, mean annual exposure (micrograms per cubic meter)","EN.ATM.PM25.MC.M3","","","","","","","","","","","","","","","","","","","","","","","","","","","","","","","41.816697694307","41.6391821082188","41.7891763407596","41.9681578446435","42.1500854720259","41.6395837368779","42.473889684232","42.6325916732921","42.7924744575001","42.9536884593693","43.4640235024711","42.7498617720483","43.5784631189119","45.8408331131525","44.2351868012837","43.538004898209","41.7759333976523","41.3231771882787","41.678293546791","41.5127085269492","44.9726915350647","43.0803035841173","43.3046595354239","43.1655951625199","42.0267983753055","44.5007050232104","43.4053677048296","43.4538925989775","45.678725028066","41.9425442603838","41.3618872482281","43.6765590900036","45.4296770802933","44.0115252600257","","",
"Tonga","TON","PM2.5 air pollution, mean annual exposure (micrograms per cubic meter)","EN.ATM.PM25.MC.M3","","","","","","","","","","","","","","","","","","","","","","","","","","","","","","","5.07664670317727","5.00515444144745","4.99181015358611","4.97846586572477","4.96512157786344","4.83548134226511","4.93843300214076","4.92508871427942","4.91174442641808","4.89840013855674","4.94320382456389","5.18544494930561","4.86805155548699","5.01587510794916","4.86503227100695","4.830014502808","4.73693971689068","4.95573996847085","4.9600782418133","4.59656889141801","4.57458890950105","4.18541416506786","4.48451919627004","4.60469613327902","4.29068443570693","4.29235393370319","4.06711231519456","5.03657349502675","4.53554715758946","4.68432152745318","4.32672957352497","4.62303505862083","5.30581978258027","4.68916248431247","","",
"South Asia (IDA & IBRD)","TSA","PM2.5 air pollution, mean annual exposure (micrograms per cubic meter)","EN.ATM.PM25.MC.M3","","","","","","","","","","","","","","","","","","","","","","","","","","","","","","","52.2250936723233","51.221127309868","51.1783684053522","51.1354105804178","51.0934657031713","49.1241994251164","51.0088918219174","50.96697614996","50.9260584274828","50.885868085479","51.8089884921943","51.516120539473","52.3083201069924","53.3007579566963","51.8140827217836","52.3919401181365","50.4045795061223","50.5502919139814","52.4305754519521","53.9494810777535","52.9832010907142","56.0680111027159","54.7365222676873","53.2226676894888","53.0570844488836","52.4945667584583","54.9626686124923","55.5832530164786","58.6517294601334","54.5405932283571","53.7926902425032","56.9506143793745","51.5653791636056","55.1639515846895","","",
"Sub-Saharan Africa (IDA & IBRD countries)","TSS","PM2.5 air pollution, mean annual exposure (micrograms per cubic meter)","EN.ATM.PM25.MC.M3","","","","","","","","","","","","","","","","","","","","","","","","","","","","","","","34.7595097228411","34.068481272528","34.2552108651126","34.4303501642229","34.5893501185051","33.0014204823473","34.9589840382719","35.1489496806513","35.3334561239382","35.5246086507388","36.6091156298691","34.5799274175554","35.1337625449958","31.7329699158284","36.0417657332287","33.8719417917711","35.6568536161483","37.2017676214629","37.4792103424932","34.967806277895","35.6865491596424","36.2940594083511","36.0001621914335","33.7841936785453","32.4041122530288","39.8236316604226","37.3511365673106","36.3065919070968","33.9865397316636","33.7169988107127","35.4130875427714","35.1663382383195","37.3922175081513","35.4353980957566","","",
"Trinidad and Tobago","TTO","PM2.5 air pollution, mean annual exposure (micrograms per cubic meter)","EN.ATM.PM25.MC.M3","","","","","","","","","","","","","","","","","","","","","","","","","","","","","","","13.8774620961192","14.1302059033076","14.1865338402864","14.2428617772652","14.2991897142439","14.748349391642","14.4118455882015","14.4681735251802","14.524501462159","14.5808293991378","14.440741465907","14.5149353921564","15.0904616976353","13.7894513000856","12.7028133020601","13.8675495080232","14.437404094539","14.4832353230496","14.6400290113956","14.6939387513685","16.9348229280405","14.0082614945374","15.2092044113822","13.587621393557","12.4160387215375","14.4193905549344","14.5086208132573","14.9085154190063","12.9576145189546","13.6004693726607","13.9519458128988","14.7081564101409","14.4879289551393","13.7770653891863","","",
"Tunisia","TUN","PM2.5 air pollution, mean annual exposure (micrograms per cubic meter)","EN.ATM.PM25.MC.M3","","","","","","","","","","","","","","","","","","","","","","","","","","","","","","","17.0922990158399","16.5642039071974","16.929847996533","17.2954920858687","17.6611361752043","16.2393018685851","18.3924243538755","18.7580684432112","19.1237125325468","19.4893566218824","20.7487399091956","20.4305538700966","22.2279710417573","20.0514707487458","19.191779300458","18.7888523060274","19.0664238659217","19.1798562700626","19.5661639814743","19.2742959049226","19.4646477451124","19.2235168460425","17.8799045046228","17.3550040560394","19.2788417723855","18.0712480880451","19.1640181719787","16.5337753021396","18.9546097979168","16.9323513605894","17.004974740635","20.064818139673","22.397309689228","18.874792802061","","",
"Turkiye","TUR","PM2.5 air pollution, mean annual exposure (micrograms per cubic meter)","EN.ATM.PM25.MC.M3","","","","","","","","","","","","","","","","","","","","","","","","","","","","","","","25.1271537590909","25.1215299251971","25.1966434347479","25.2717569442988","25.3468704538496","25.2605092765114","25.4970974729513","25.5722109825022","25.647324492053","25.7224380016039","25.8782888545993","26.3505516121367","27.3588850035587","25.1556972044494","25.2906579356927","24.8623084006683","25.5447917989279","26.0230347123947","25.8316790992018","24.7861065584816","27.400178830788","26.2322701397808","25.8532567935669","27.0510366227182","27.1304265961408","27.8628699204791","25.0696009071285","26.6452697088541","26.3300040473653","26.3268927229167","25.1652909229836","25.2242202848915","27.691660845571","26.4041601035213","","",
"Tuvalu","TUV","PM2.5 air pollution, mean annual exposure (micrograms per cubic meter)","EN.ATM.PM25.MC.M3","","","","","","","","","","","","","","","","","","","","","","","","","","","","","","","5.68699574054641","5.63951433952881","5.70976332498198","5.78001231043516","5.85026129588833","5.68504950840022","5.99075926679468","6.06100825224786","6.13125723770103","6.20150622315421","6.38948559507805","6.43361474703248","6.17970063679937","6.1700231921409","5.74260120047427","6.09603458417321","5.98100082201153","5.81564591577735","5.69616185309769","5.34177816970773","5.51262916253206","4.45159137716139","5.21881769810695","5.8767775052475","5.41657974605893","5.50517551068649","5.18943196841636","4.95464255884585","5.3079651241036","5.65115011483725","5.38072738218391","4.78158567274116","5.40102031406572","5.22404813151427","","",
"Tanzania","TZA","PM2.5 air pollution, mean annual exposure (micrograms per cubic meter)","EN.ATM.PM25.MC.M3","","","","","","","","","","","","","","","","","","","","","","","","","","","","","","","16.8706424488862","16.4386050454719","16.7853443501877","17.1320836549034","17.4788229596192","16.2680088480762","18.1723015690508","18.5190408737665","18.8657801784823","19.2125194831981","20.3380354960434","24.9393937862166","22.1530914714233","21.2032204300707","21.09337947347","21.3408410624558","22.7154375314207","23.6643630384053","24.0769199631826","22.1131685895842","23.447292129681","24.0450043955925","23.2717852106239","23.0790165463582","20.3066252412462","20.9426794551394","20.4238282680824","18.6038900381073","19.7342269077772","22.0048939517856","22.5094861470273","20.59925012622","21.8389520235848","20.1699588964355","","",
"Uganda","UGA","PM2.5 air pollution, mean annual exposure (micrograms per cubic meter)","EN.ATM.PM25.MC.M3","","","","","","","","","","","","","","","","","","","","","","","","","","","","","","","27.5634675782554","27.6394207204105","28.0563098256524","28.4731989308944","28.8900880361363","28.6251052152061","29.7238662466203","30.1407553518622","30.5576444571041","30.9745335623461","31.7323586306744","33.0863590031497","30.5515391830957","29.6195633602095","30.6445686870124","29.2305214083581","30.8984124333984","32.0917908856417","32.2312691228108","29.0929498688488","33.0222698352824","34.1383520886805","33.2300507707354","34.5618313817538","30.8166982571651","31.3216859781962","31.6549779811788","27.8046403871258","27.5743901013937","32.5735656593236","33.4244237039788","32.2662841882816","31.8919228193081","31.2148242708861","","",
"Ukraine","UKR","PM2.5 air pollution, mean annual exposure (micrograms per cubic meter)","EN.ATM.PM25.MC.M3","","","","","","","","","","","","","","","","","","","","","","","","","","","","","","","36.0551644024772","35.8188794732491","35.2573210424929","34.6957626117368","34.1342041809806","34.2231927532785","33.0110873194683","32.4495288887121","31.887970457956","31.3264120271998","30.4395800949164","29.5476552636907","31.3031652173627","26.5597111510937","24.9633458605128","23.8050030057707","20.9942498347461","19.748074468575","19.4177203091569","19.6918727412339","20.1360619446642","19.5134164241427","19.2945159677439","18.9744429369854","19.0428574115728","17.1448125227219","17.0736938308484","17.9482494182584","17.4384643248867","16.290163233447","15.9929635073004","15.7278049885396","14.0233703256144","14.854701604932","","",
"Upper middle income","UMC","PM2.5 air pollution, mean annual exposure (micrograms per cubic meter)","EN.ATM.PM25.MC.M3","","","","","","","","","","","","","","","","","","","","","","","","","","","","","","","37.0278173832999","36.7317031109306","36.7242231975968","36.7175971321172","36.7136385451122","36.1304843576772","36.7035742475014","36.6980026560647","36.6905733369527","36.6789186933904","36.9539794237138","36.5278170775869","36.8944659568468","36.5255895641495","36.1483244781783","36.4171561552253","36.8621245856386","36.9333744362217","36.606876887844","36.1614587281675","35.5298615832811","37.3791273187309","34.9588492811398","36.4448251102667","36.908859574702","35.7547902179101","33.0788992507","31.7704750058766","29.9033259383182","29.6143923333339","27.2745722870511","26.5785883846196","27.1248773851526","26.6658827592122","","",
"Uruguay","URY","PM2.5 air pollution, mean annual exposure (micrograms per cubic meter)","EN.ATM.PM25.MC.M3","","","","","","","","","","","","","","","","","","","","","","","","","","","","","","","13.3253955628651","13.2191113428473","13.1782144935795","13.1373176443117","13.0964207950439","12.9247492042758","13.0146270965084","12.9737302472406","12.9328333979728","12.891936548705","12.9164270701874","12.5364986620246","12.4572270141533","12.5164773631916","11.8615137105753","11.4937593043429","12.4748414943861","12.9807221427358","13.0274665522242","13.0401332622804","11.6680820916577","12.548000498889","11.6526564712501","11.7609452295288","11.4718002560743","11.0493273798266","11.0080912489609","10.9276038649673","10.8748352762654","11.1840764177385","11.9353074773879","11.1461992677525","11.789659192261","10.8548023885457","","",
"United States","USA","PM2.5 air pollution, mean annual exposure (micrograms per cubic meter)","EN.ATM.PM25.MC.M3","","","","","","","","","","","","","","","","","","","","","","","","","","","","","","","15.907266687794","15.9474992603446","15.8054964560141","15.6634936516837","15.5214908473533","15.7439587967843","15.2374852386924","15.0954824343619","14.9534796300315","14.8114768257011","14.4872386444898","13.7495654068876","13.6341124128111","13.320015301999","12.5754470787138","13.339296619319","11.747869941365","10.8781443891663","10.3399672229591","9.36878793839054","9.30051691603125","9.43462500241397","8.71315206553226","8.42665114273588","8.40808065839595","8.05235034259419","7.38419160282327","7.69344314182502","7.75750644568182","7.26916299261301","7.73512626395484","8.231389869812","7.4282378905124","6.96804491055748","","",
"Uzbekistan","UZB","PM2.5 air pollution, mean annual exposure (micrograms per cubic meter)","EN.ATM.PM25.MC.M3","","","","","","","","","","","","","","","","","","","","","","","","","","","","","","","36.950946054028","38.0779536645586","38.0786816607584","38.0794096569583","38.0801376531581","40.3334248780191","38.0815936455579","38.0823216417577","38.0830496379576","38.0837776341574","36.9582260160268","36.5916696587327","36.3669698036249","33.7027587296375","33.1304897805167","34.3004465213979","33.0365255800493","31.7770562806276","32.5729419005618","32.5307630113187","32.6030065513413","33.5094666610887","29.8599622066362","30.9261607471004","32.3017805791929","32.031595288707","30.817417852674","32.4451966691614","32.6612147415155","32.5487636954353","32.3909036978102","34.2032324656807","32.8550742639477","32.7713715610547","","",
"St. Vincent and the Grenadines","VCT","PM2.5 air pollution, mean annual exposure (micrograms per cubic meter)","EN.ATM.PM25.MC.M3","","","","","","","","","","","","","","","","","","","","","","","","","","","","","","","12.091798568158","12.0961598214338","12.1231695537722","12.1501792861105","12.1771890184489","12.1589017926622","12.2312084831256","12.2582182154639","12.2852279478023","12.3122376801406","12.3618958915415","12.0337193727578","12.5388085365408","11.5921241801349","10.9434742165808","11.6027173812019","11.3275660377201","10.6758919117268","11.2625970255889","12.2034487011819","12.9918107433527","10.3211484899794","12.4896020419892","9.53644552647218","8.94105919686198","12.5349074034118","11.3993678626446","11.9404226539199","10.3483979209148","10.096952787385","10.5184428712392","11.8266935743069","10.6784215604209","10.6030079678565","","",
"Venezuela, RB","VEN","PM2.5 air pollution, mean annual exposure (micrograms per cubic meter)","EN.ATM.PM25.MC.M3","","","","","","","","","","","","","","","","","","","","","","","","","","","","","","","24.0708661679137","24.0218336140855","24.0599473734128","24.0980611327401","24.1361748920674","23.9999960250838","24.2124024107219","24.2505161700492","24.2886299293765","24.3267436887038","24.4520037611865","25.803936044542","25.46337418912","25.8588301883442","22.1499464382358","22.9130616246927","22.0025115255695","21.5069748869426","21.2166193012714","20.2547005229529","24.7500489678568","22.8636972220686","21.7079816379195","20.649755238571","19.8547776368366","22.0063448303827","23.2252833450449","22.1516227216032","19.991246342024","20.6730728456596","19.318955226703","18.171098677907","18.7539898254168","19.1983096563552","","",
"British Virgin Islands","VGB","PM2.5 air pollution, mean annual exposure (micrograms per cubic meter)","EN.ATM.PM25.MC.M3","","","","","","","","","","","","","","","","","","","","","","","","","","","","","","","","","","","","","","","","","","","","","","","","","","","","","","","","","","","","","","","","","","",
"Virgin Islands (U.S.)","VIR","PM2.5 air pollution, mean annual exposure (micrograms per cubic meter)","EN.ATM.PM25.MC.M3","","","","","","","","","","","","","","","","","","","","","","","","","","","","","","","7.47932422345994","7.32751285242224","7.36916108017303","7.41080930792382","7.45245753567462","7.10718656584861","7.5357539911762","7.57740221892699","7.61905044667779","7.66069867442858","7.89580650096777","7.7295833011939","7.58623685993306","7.05753327919485","6.38643870471012","6.77715097590973","6.70897810216983","6.22762503235385","6.04175878448967","6.08422805111976","7.01377895363718","5.54902203905032","6.63899057551855","5.84742155061855","6.18070695926681","6.6517300446583","6.3780403541802","7.81028931965395","7.00979079559113","6.47085231526761","6.75895096714321","7.02606660812034","5.7133396852832","6.7926382310921","","",
"Viet Nam","VNM","PM2.5 air pollution, mean annual exposure (micrograms per cubic meter)","EN.ATM.PM25.MC.M3","","","","","","","","","","","","","","","","","","","","","","","","","","","","","","","40.7677531389804","39.9031442573727","39.5827904577701","39.2624366581676","38.942082858565","37.5332188949512","38.3013752593599","37.9810214597574","37.6606676601548","37.3403138605523","37.5642151429551","35.8639629063132","37.1521909220304","36.0545561365113","38.643573989012","37.9564149631441","32.9909964498164","30.8004612979495","30.6944439455021","29.2254640144522","29.3431956285137","30.8272434335264","28.7625092173962","29.6144963734547","28.8284052890005","26.4370995849985","27.4655146787653","27.3673512418731","26.284246279735","27.225760121213","25.2817623512854","25.2349538086608","25.5235044035632","24.7845479100313","","",
"Vanuatu","VUT","PM2.5 air pollution, mean annual exposure (micrograms per cubic meter)","EN.ATM.PM25.MC.M3","","","","","","","","","","","","","","","","","","","","","","","","","","","","","","","9.30120988067376","9.22521765381854","9.2199927256462","9.21476779747386","9.20954286930152","9.06278334376342","9.19909301295683","9.19386808478449","9.18864315661214","9.1834182284398","9.24896059895032","9.637264300495","8.67513816633943","9.27379807866516","8.11666850209719","8.54593429414889","7.69051894032105","7.55245397313239","7.80121830577217","7.57215365858915","7.87452433053722","7.74557512879717","7.55605167174116","8.48393578220451","7.3138439049624","7.66233756963041","7.45281458223244","8.76292382086906","8.36324062528587","7.21504177702019","6.11380443342958","6.1793223587946","7.28588304103265","6.9939431918878","","",
"World","WLD","PM2.5 air pollution, mean annual exposure (micrograms per cubic meter)","EN.ATM.PM25.MC.M3","","","","","","","","","","","","","","","","","","","","","","","","","","","","","","","36.6699998856934","36.2798035199179","36.2914302237185","36.3043412567357","36.3173083185837","35.5084527536348","36.3488047792664","36.3665528159553","36.3852463698882","36.405140804815","36.8491570986793","36.2164806803054","36.8134531740209","36.7067475999852","36.3929778010921","36.3849813204153","35.94683567931","35.9950092951623","36.2763464143578","36.0921707316866","36.0303364033654","37.363176329958","35.9985453397192","36.0046403153543","35.895126518285","36.5358920922992","35.4771921929567","35.0144939662472","34.7426191759393","33.3845083191199","32.5018430407481","33.1988270178342","32.732143387781","32.872382373302","","",
"Samoa","WSM","PM2.5 air pollution, mean annual exposure (micrograms per cubic meter)","EN.ATM.PM25.MC.M3","","","","","","","","","","","","","","","","","","","","","","","","","","","","","","","5.1560417359052","5.01444857090187","4.99574053318276","4.97703249546366","4.95832445774456","4.69384616545696","4.92090838230635","4.90220034458724","4.88349230686814","4.86478426914903","4.96896135871415","5.27725888188339","4.89543586122747","5.07343834233738","4.76648233589136","4.95609803922206","5.26105846912469","5.18763689418828","4.9611545034154","4.69587493194273","4.59494232766185","4.02125973730531","4.56253155986451","4.5800921130882","4.65736656401817","5.22519040529138","4.63147857019643","4.87913886142337","4.59634788228666","4.46225677520877","4.49365769010027","3.68268675074482","5.32741204590433","4.57949918534889","","",
"Kosovo","XKX","PM2.5 air pollution, mean annual exposure (micrograms per cubic meter)","EN.ATM.PM25.MC.M3","","","","","","","","","","","","","","","","","","","","","","","","","","","","","","","","","","","","","","","","","","","","","","","","","","","","","","","","","","","","","","","","","","",
"Yemen, Rep.","YEM","PM2.5 air pollution, mean annual exposure (micrograms per cubic meter)","EN.ATM.PM25.MC.M3","","","","","","","","","","","","","","","","","","","","","","","","","","","","","","","44.7641744493163","42.9394731821631","43.0762232193721","43.2129732565811","43.3497232937901","39.5635707222756","43.623223368208","43.759973405417","43.896723442626","44.033473479835","46.1316748214055","38.2437705796612","37.0458574241884","39.1275724662467","38.9898952418143","39.7683599707831","39.4733097249864","40.8000108277159","41.6552682993022","41.0031433311456","41.2116988702502","48.3766990875402","53.8584654022429","51.8704205474172","42.7253818994792","50.0503503017181","46.0779331388305","47.9732565602534","45.6631825142361","48.3351472602643","43.7347708780854","41.7348051930135","47.1146493200055","46.8359781444582","","",
"South Africa","ZAF","PM2.5 air pollution, mean annual exposure (micrograms per cubic meter)","EN.ATM.PM25.MC.M3","","","","","","","","","","","","","","","","","","","","","","","","","","","","","","","23.6810315894367","23.8771881038284","23.8703357743571","23.8634834448857","23.8566311154144","24.255796473669","23.8429264564718","23.8360741270005","23.8292217975291","23.8223694680578","23.6125082947236","22.9646822588578","22.3772160364822","21.2996757186922","21.4483297605201","21.7029465326669","25.7850003309516","27.9363656085701","27.9743331767888","28.4011348902112","32.7959268519115","28.534440032251","28.6474883538018","28.4064236630432","26.7492908595649","28.496468461495","26.1436457596968","28.757630595136","27.7734234336948","28.8697691230442","28.3262173044747","27.7225927797214","28.5062817047988","27.7247110277789","","",
"Zambia","ZMB","PM2.5 air pollution, mean annual exposure (micrograms per cubic meter)","EN.ATM.PM25.MC.M3","","","","","","","","","","","","","","","","","","","","","","","","","","","","","","","21.7282721226055","21.2884604295426","21.4051778979452","21.5218953663478","21.6386128347505","20.6422719802224","21.8720477715557","21.9887652399584","22.105482708361","22.2222001767636","22.8954468066316","25.4677074198447","23.1074612038561","22.3755706249154","21.6406039140068","22.6799735528213","22.7021281626197","23.2540752574444","23.8089370970029","23.0698950518145","24.476528552638","22.4770513593954","22.9983310072879","22.0816121744833","20.5339311723167","22.7617347856024","21.2134188634824","19.8152954320603","21.1144380958661","22.1205330057265","19.448495527814","19.5925009286197","23.4901848842686","20.2430489112714","","",
"Zimbabwe","ZWE","PM2.5 air pollution, mean annual exposure (micrograms per cubic meter)","EN.ATM.PM25.MC.M3","","","","","","","","","","","","","","","","","","","","","","","","","","","","","","","16.2174675414026","16.0049376983885","16.0259571583321","16.0469766182757","16.0679960782192","15.6219169322475","16.1100349981064","16.13105445805","16.1520739179936","16.1730933779371","16.4276621408383","20.5419189070541","17.6837732370339","15.8129169534861","14.7665779281413","16.6255771860203","18.488492284243","19.5113559622937","19.5970488193935","17.9424037188657","20.2950258002951","16.7654811217047","18.3749796571735","17.2558192677332","15.2750857745994","17.8250254097149","15.6927565600598","15.5984191206377","18.0277324680283","16.5336648957629","13.698771280809","15.1447088758431","17.3901790946352","15.0254734850511","","",
