"Data Source","World Development Indicators",

"Last Updated Date","2026-07-13",

"Country Name","Country Code","Indicator Name","Indicator Code","1960","1961","1962","1963","1964","1965","1966","1967","1968","1969","1970","1971","1972","1973","1974","1975","1976","1977","1978","1979","1980","1981","1982","1983","1984","1985","1986","1987","1988","1989","1990","1991","1992","1993","1994","1995","1996","1997","1998","1999","2000","2001","2002","2003","2004","2005","2006","2007","2008","2009","2010","2011","2012","2013","2014","2015","2016","2017","2018","2019","2020","2021","2022","2023","2024","2025",
"Aruba","ABW","People using safely managed sanitation services (% of population)","SH.STA.SMSS.ZS","","","","","","","","","","","","","","","","","","","","","","","","","","","","","","","","","","","","","","","","","","","","","","","","","","","","","","","","","","","","","","","","","","",
"Africa Eastern and Southern","AFE","People using safely managed sanitation services (% of population)","SH.STA.SMSS.ZS","","","","","","","","","","","","","","","","","","","","","","","","","","","","","","","","","","","","","","","","","16.4520752873446","16.7090060833185","16.9834250007164","17.283664874591","17.5974423599793","18.0006959020662","18.4071923629871","18.8067802422947","19.2272395163779","19.634239177977","20.0288233329432","20.1627406973571","20.5385831003426","20.9061074402554","21.2807588407753","21.7876530743163","22.2660058833584","22.7895410990617","23.3047106773433","23.8034796901482","24.3181672253558","24.9042490560938","25.5381356326478","25.6647126744782","26.00782704483","",
"Afghanistan","AFG","People using safely managed sanitation services (% of population)","SH.STA.SMSS.ZS","","","","","","","","","","","","","","","","","","","","","","","","","","","","","","","","","","","","","","","","","10.1320919546526","10.1314904990878","10.853967146747","11.576334568006","12.2981309710825","13.0192492149546","13.7401175039087","14.4299872853345","15.1170838803214","15.8014938405711","16.4205295274142","17.036280197699","17.6488228265315","18.2582306633078","18.8645776334018","19.4679301809012","20.0683717564836","20.6659138841645","21.2606522679198","21.8527043419185","22.4421982707814","23.0292593564394","23.6140387123964","24.1966891127323","24.7773774153722","",
"Africa Western and Central","AFW","People using safely managed sanitation services (% of population)","SH.STA.SMSS.ZS","","","","","","","","","","","","","","","","","","","","","","","","","","","","","","","","","","","","","","","","","14.8499322376644","14.9716045030614","15.3673763272762","15.7725987908371","16.189818897365","16.6122980690951","17.0467883703112","17.4883083075677","17.9370882931966","18.3860072017508","18.8557141974211","19.3342420304164","19.8210993045336","20.3160935211076","20.8186173254144","21.3283756322329","21.8455761798828","22.3699244508359","22.8650121748348","23.3984541912379","23.9387335535304","24.4979546289835","25.0500320114356","25.5603407952134","25.7595302280122","",
"Angola","AGO","People using safely managed sanitation services (% of population)","SH.STA.SMSS.ZS","","","","","","","","","","","","","","","","","","","","","","","","","","","","","","","","","","","","","","","","","","","","","","","","","","","","","","","","","","","","","","","","","","",
"Albania","ALB","People using safely managed sanitation services (% of population)","SH.STA.SMSS.ZS","","","","","","","","","","","","","","","","","","","","","","","","","","","","","","","","","","","","","","","","","22.8799873730202","23.4759743338858","24.0367365991942","24.5767710911785","25.0959103185666","25.8714340004701","26.6591438419446","27.4244216790121","28.1672349725576","28.8882629544635","29.5867158605812","30.2632433265599","30.9175596038354","34.3284106450858","37.7491223664539","41.1793919650813","44.6181137552483","48.0646113156028","51.5182822011605","54.8132726715899","58.0369690870437","60.9884986138304","63.9318474919325","66.6000999603548","69.2783375346592","",
"Andorra","AND","People using safely managed sanitation services (% of population)","SH.STA.SMSS.ZS","","","","","","","","","","","","","","","","","","","","","","","","","","","","","","","","","","","","","","","","","21.2801795167153","26.1870801238819","31.0939814412483","36.0008820773601","40.9077804565776","45.8146852583217","50.721584230787","55.6284847481235","60.5353854071251","65.5143300983434","70.5040819092786","75.5046406553457","80.5159971352861","85.5381659427078","90.5711345729791","95.6149037291236","99.9636373462712","100","100","100","99.9999952180714","100","99.9999963147646","100","100","",
"Arab World","ARB","People using safely managed sanitation services (% of population)","SH.STA.SMSS.ZS","","","","","","","","","","","","","","","","","","","","","","","","","","","","","","","","","","","","","","","","","","","","","","","","","","","","","","","","","","","","","","","","","","",
"United Arab Emirates","ARE","People using safely managed sanitation services (% of population)","SH.STA.SMSS.ZS","","","","","","","","","","","","","","","","","","","","","","","","","","","","","","","","","","","","","","","","","98.4476912360451","98.4474293661421","98.4471639428437","98.4469066026206","98.44665360458","98.4464001626239","98.4461575982606","98.4459166293074","98.4456871401332","98.4454593452697","98.4452347767116","98.4455177757338","98.4458057476258","98.4461034382697","98.4464013675885","98.446710745656","98.4470206114465","98.4473382744518","98.4476603522277","98.4479840261788","98.4483162427049","98.4486566175693","98.4490004912402","98.4493417848788","98.4496998209727","",
"Argentina","ARG","People using safely managed sanitation services (% of population)","SH.STA.SMSS.ZS","","","","","","","","","","","","","","","","","","","","","","","","","","","","","","","","","","","","","","","","","48.131364066759","48.2996743364552","48.4683542388532","48.6374370377779","48.8070592502476","48.9771702423547","49.1478150552641","49.3189274069394","49.4905608798843","49.6626539667989","49.6994896844983","49.5377843481544","49.3638494051148","49.1749202810583","48.9746773378846","48.7629462708609","48.5396557191852","","","","","","","","","",
"Armenia","ARM","People using safely managed sanitation services (% of population)","SH.STA.SMSS.ZS","","","","","","","","","","","","","","","","","","","","","","","","","","","","","","","","","","","","","","","","","15.0166064536072","14.8535084577596","14.6599135646216","14.4545113101052","14.245137132806","14.0361620361492","13.8075759995239","13.5552882406323","13.3025586319132","13.0499148511109","12.797102039429","12.5441274095764","12.290998999043","12.0310600727769","11.7641138592489","11.4896727986816","11.2078083436684","10.9183073894312","10.7733845317436","10.7646808770783","10.7489934335292","10.7612892365335","10.7663949370386","10.7620424334907","10.7392367176734","",
"American Samoa","ASM","People using safely managed sanitation services (% of population)","SH.STA.SMSS.ZS","","","","","","","","","","","","","","","","","","","","","","","","","","","","","","","","","","","","","","","","","42.8726439043883","42.838745669732","42.8048474350758","42.7709492004196","42.7370509657634","42.7031527311071","42.6692544964509","42.6353562617947","42.6014580271384","42.5675597924822","42.533661557826","42.4997633231697","42.4658650885135","42.4319668538572","42.398068619201","42.3641703845448","42.3302721498886","42.2963739152323","42.2624756805761","42.2285774459199","42.447807711597","42.6905957847735","42.93338385795","42.93338385795","42.93338385795","",
"Antigua and Barbuda","ATG","People using safely managed sanitation services (% of population)","SH.STA.SMSS.ZS","","","","","","","","","","","","","","","","","","","","","","","","","","","","","","","","","","","","","","","","","","","","","","","","","","","","","","","","","","","","","","","","","","",
"Australia","AUS","People using safely managed sanitation services (% of population)","SH.STA.SMSS.ZS","","","","","","","","","","","","","","","","","","","","","","","","","","","","","","","","","","","","","","","","","93.7301890511462","93.8153290112559","93.9004689713656","93.9856089314754","94.0707488915851","94.1558888516948","94.2410288118045","94.3261687719143","94.411308732024","94.4964486921337","94.5815886522434","94.6667286123532","94.7518685724629","94.8370085325726","94.9221484926823","95.0072884527921","95.0924284129018","95.1775683730115","95.2627083331213","95.3480250944036","95.4331347797729","95.5180750250813","95.6030152703898","95.6879555156983","95.7728957610068","",
"Austria","AUT","People using safely managed sanitation services (% of population)","SH.STA.SMSS.ZS","","","","","","","","","","","","","","","","","","","","","","","","","","","","","","","","","","","","","","","","","99.9999792345879","99.9999909725854","100","99.9983790003902","99.996535576376","99.9947064734973","99.9928944921009","99.9911017476995","99.9893276003394","99.9875707536701","99.9858335152594","99.9841152637766","99.982312100595","99.9804519832307","99.9785877606259","99.9767095192409","99.9748167576783","99.8791179858612","99.6748923825886","99.4728267997147","99.2731473394468","99.0760595322147","98.8817553579528","98.6904268215486","98.5023184979939","",
"Azerbaijan","AZE","People using safely managed sanitation services (% of population)","SH.STA.SMSS.ZS","","","","","","","","","","","","","","","","","","","","","","","","","","","","","","","","","","","","","","","","","37.9054632633119","38.7144621693244","39.5209318891879","40.8615928153433","42.2064886084652","43.7083781103693","45.2286279013478","46.6873919056207","47.8692218801082","49.067334210187","50.2800622531422","51.5079472437684","52.7514064253805","54.0107856689244","55.2866105349783","56.5793195251247","57.8893384953021","59.2171112694413","60.5630781260928","61.9277092934462","63.3114009742981","64.6960192290162","65.787022859164","66.8894404340845","68.0033446575086","",
"Burundi","BDI","People using safely managed sanitation services (% of population)","SH.STA.SMSS.ZS","","","","","","","","","","","","","","","","","","","","","","","","","","","","","","","","","","","","","","","","","","","","","","","","","","","","","","","","","","","","","","","","","","",
"Belgium","BEL","People using safely managed sanitation services (% of population)","SH.STA.SMSS.ZS","","","","","","","","","","","","","","","","","","","","","","","","","","","","","","","","","","","","","","","","","71.1929486404324","71.1930308711565","71.1931143211924","71.1931927531445","72.2299878840921","73.2759387269095","74.3310418033115","75.3952999615039","76.4687135372628","77.7629210648136","79.0843379385337","80.4149024868547","81.7546231200955","83.1034953336427","84.4615280295552","85.8287066768938","87.2050463611118","88.5905465970888","89.9851883992937","91.3889966589422","92.8019568054093","94.2240691231345","94.8970043381225","94.8970058132777","94.8970100467783","",
"Benin","BEN","People using safely managed sanitation services (% of population)","SH.STA.SMSS.ZS","","","","","","","","","","","","","","","","","","","","","","","","","","","","","","","","","","","","","","","","","6.2352485009591","6.56411077676049","6.90961706094768","7.27692448187836","7.65367599859153","8.03955388722756","8.43457806194314","8.83876913547751","9.2519186129007","9.67370068887302","10.0702981234923","10.4741586343316","10.8851781902693","11.3030215168747","11.7283952751604","12.1609602749497","12.6006076131225","13.0472246289606","13.5006994391588","13.9609164956735","14.4277578706893","14.9008785403739","15.3803859326265","15.8660459988508","16.3576250471354","",
"Burkina Faso","BFA","People using safely managed sanitation services (% of population)","SH.STA.SMSS.ZS","","","","","","","","","","","","","","","","","","","","","","","","","","","","","","","","","","","","","","","","","5.91635480115541","6.10105230870114","6.85728699474138","7.62806520519041","8.41335676415149","9.21132691418549","10.0218757397657","10.8053399978538","11.5698138816468","12.3448403974714","13.1303630876437","13.9258504271736","14.7305598149831","15.5439606987149","16.3656923847426","17.1950016742194","18.0313277867128","18.8736153672069","19.7215083989887","20.5746092519547","21.432073613241","22.2934998534571","23.158091687406","24.0245500283273","24.7234672904326","",
"Bangladesh","BGD","People using safely managed sanitation services (% of population)","SH.STA.SMSS.ZS","","","","","","","","","","","","","","","","","","","","","","","","","","","","","","","","","","","","","","","","","11.4735097399722","12.2367563650722","13.0087014308872","13.7758264713597","14.5378797808465","15.4156606222557","16.3009425883249","17.1932396769365","18.0920774559991","18.9969957153464","19.9076868573539","20.823629655398","21.7442283242201","22.669028122284","23.9126001258399","25.1827786763069","26.478889153256","27.8001862173036","29.1459624552814","30.5154881831833","31.9080090876259","33.3228858862798","34.7594828994008","36.2004999843423","37.3204979088046","",
"Bulgaria","BGR","People using safely managed sanitation services (% of population)","SH.STA.SMSS.ZS","","","","","","","","","","","","","","","","","","","","","","","","","","","","","","","","","","","","","","","","","54.8713262112036","55.2817674618915","55.727961330002","56.205500191763","56.7142190365406","57.2536250372115","57.8233737763674","58.4232399676922","59.0529140974276","59.711935221287","60.6229539998783","61.6147369828414","62.6292544361868","63.6662319339728","64.8250939468741","66.0574092201124","67.3128620983683","68.5913155737055","69.5912991907226","70.5974029784597","71.6096421715295","72.6280247529811","73.6524167232242","74.6829750549845","75.7193859528703","",
"Bahrain","BHR","People using safely managed sanitation services (% of population)","SH.STA.SMSS.ZS","","","","","","","","","","","","","","","","","","","","","","","","","","","","","","","","","","","","","","","","","86.0068535002978","86.32880640157","86.649916072004","86.955855530585","87.2616764562259","87.5673788489267","87.8729627086876","88.1784280355083","88.483774829389","88.7890030903296","89.0941128183301","89.3991040133906","89.703976675511","90.0087308046915","90.3133664009318","90.6178834642321","90.9204362735161","91.2227124426107","91.5248708186876","91.8269114017468","92.1288341917884","92.4306391888123","92.7323263928184","93.0338958038067","93.3525990269566","",
"Bahamas, The","BHS","People using safely managed sanitation services (% of population)","SH.STA.SMSS.ZS","","","","","","","","","","","","","","","","","","","","","","","","","","","","","","","","","","","","","","","","","","","","","","","","","","","","","","","","","","","","","","","","","","",
"Bosnia and Herzegovina","BIH","People using safely managed sanitation services (% of population)","SH.STA.SMSS.ZS","","","","","","","","","","","","","","","","","","","","","","","","","","","","","","","","","","","","","","","","","26.0682601309335","26.1377243340521","26.2032123179908","26.2651822476979","26.3200796938379","26.3725196291619","26.4211719976503","26.4655037526141","26.5060327675838","27.6794048353091","30.5954072557005","33.559462298487","36.5741573441815","39.6402899494779","42.7720998015676","46.0505481440505","49.451167166039","52.9757591284598","56.626659052479","","","","","","","",
"Belarus","BLR","People using safely managed sanitation services (% of population)","SH.STA.SMSS.ZS","","","","","","","","","","","","","","","","","","","","","","","","","","","","","","","","","","","","","","","","","84.403937257034","84.4783869799788","84.5495649028887","84.6211620140844","83.91682299441","83.1560651960979","82.3932753291345","81.6414442744874","80.9042658156414","80.1543031829152","79.3883785572056","78.628651166386","77.8561688548833","77.0685440881188","76.2685707568548","75.4368142924305","74.5811841883816","74.6116007080569","74.6489093782711","74.7091879845923","74.5008646713714","74.2177887638911","74.3203207598191","74.4160298642218","74.4371095135556","",
"Belize","BLZ","People using safely managed sanitation services (% of population)","SH.STA.SMSS.ZS","","","","","","","","","","","","","","","","","","","","","","","","","","","","","","","","","","","","","","","","","","","","","","","","","","","","","","","","","","","","","","","","","","",
"Bermuda","BMU","People using safely managed sanitation services (% of population)","SH.STA.SMSS.ZS","","","","","","","","","","","","","","","","","","","","","","","","","","","","","","","","","","","","","","","","","","","","","","","","","","","","","","","","","","","","","","","","","","",
"Bolivia","BOL","People using safely managed sanitation services (% of population)","SH.STA.SMSS.ZS","","","","","","","","","","","","","","","","","","","","","","","","","","","","","","","","","","","","","","","","","","","","","","","","","","","","","","","","","","","","","","","","","","",
"Brazil","BRA","People using safely managed sanitation services (% of population)","SH.STA.SMSS.ZS","","","","","","","","","","","","","","","","","","","","","","","","","","","","","","","","","","","","","","","","","33.6830078204108","33.9764740057896","34.2631875606618","34.547147146987","34.8282777202725","35.1066425287936","35.3824016879017","36.2902913791744","37.2162335572456","38.1600885764596","39.12215720749","40.5397756481507","42.0154404999854","43.5504282339955","45.1466389783095","46.8053540582674","47.7367225195033","48.688560378519","49.6607193529627","50.6536221727293","51.4993722537634","52.3627777203099","53.2108943382486","54.0749127209751","54.9560379092862","",
"Barbados","BRB","People using safely managed sanitation services (% of population)","SH.STA.SMSS.ZS","","","","","","","","","","","","","","","","","","","","","","","","","","","","","","","","","","","","","","","","","","","","","","","","","","","","","","","","","","","","","","","","","","",
"Brunei Darussalam","BRN","People using safely managed sanitation services (% of population)","SH.STA.SMSS.ZS","","","","","","","","","","","","","","","","","","","","","","","","","","","","","","","","","","","","","","","","","","","","","","","","","","","","","","","","","","","","","","","","","","",
"Bhutan","BTN","People using safely managed sanitation services (% of population)","SH.STA.SMSS.ZS","","","","","","","","","","","","","","","","","","","","","","","","","","","","","","","","","","","","","","","","","38.1612590376485","38.2792505141912","39.8764939134269","40.7212205987196","41.5513477878455","42.3629583442268","43.1332619990778","43.8928493052685","44.6414945402247","45.1101922277417","45.4660877427945","45.8040599537044","46.123698035855","46.4251560552839","46.7086493602361","46.9744163782135","47.2227246015205","47.4538847826281","47.6681939283633","47.8659529701765","48.0476034218671","48.2134255030776","48.6248510349168","49.0549895033466","49.481085264625","",
"Botswana","BWA","People using safely managed sanitation services (% of population)","SH.STA.SMSS.ZS","","","","","","","","","","","","","","","","","","","","","","","","","","","","","","","","","","","","","","","","","","","","","","","","","","","","","","","","","","","","","","","","","","",
"Central African Republic","CAF","People using safely managed sanitation services (% of population)","SH.STA.SMSS.ZS","","","","","","","","","","","","","","","","","","","","","","","","","","","","","","","","","","","","","","","","","19.6758590442705","19.6307927661365","19.5857160476141","19.5402567867596","19.4943232788203","19.0900055290027","18.6919049359773","18.2999331402729","17.9134923902506","17.5322563795551","17.1561362388642","16.7845739160736","16.417482494577","16.054544240932","15.6952336583959","15.3394712121638","14.9871573211968","14.6375918184187","14.2906971309868","13.9461920909341","13.6038067412826","13.2632742917454","13.3469113031436","13.4344474857249","13.5258815488793","",
"Canada","CAN","People using safely managed sanitation services (% of population)","SH.STA.SMSS.ZS","","","","","","","","","","","","","","","","","","","","","","","","","","","","","","","","","","","","","","","","","75.1748488490002","75.1740422247905","75.1738542189861","75.5079632280731","75.8420793786267","76.1709520711404","76.4799286384179","76.7407311942783","77.0008562749128","77.2603099764503","77.5190887906956","77.7772462339986","78.0881432584929","78.3988752310494","78.7094429436188","79.0198433942666","79.3300741162789","79.6401086341948","79.9585573418432","80.2768205832079","80.5948988042149","80.9127691874267","81.2997667580094","81.2993484823121","81.2988965702501","",
"Central Europe and the Baltics","CEB","People using safely managed sanitation services (% of population)","SH.STA.SMSS.ZS","","","","","","","","","","","","","","","","","","","","","","","","","","","","","","","","","","","","","","","","","","","","","","","","","","","","","","","","","","","","","","","","","","",
"Switzerland","CHE","People using safely managed sanitation services (% of population)","SH.STA.SMSS.ZS","","","","","","","","","","","","","","","","","","","","","","","","","","","","","","","","","","","","","","","","","97.814929411428","97.8145885547633","97.8156898291182","97.8167859629381","97.8178433234876","97.8189389478033","97.8200411087891","97.8211373291729","97.8222332567204","97.8819767096372","97.941757850525","98.0902483519378","98.2387398325174","98.3935427487933","98.5708069105728","98.7481178386489","98.9254441315358","99.1015766996686","99.2763248985817","99.4511260276485","99.6253240989372","99.6853975294491","99.6857136939183","99.6860693535736","99.686471113166","",
"Channel Islands","CHI","People using safely managed sanitation services (% of population)","SH.STA.SMSS.ZS","","","","","","","","","","","","","","","","","","","","","","","","","","","","","","","","","","","","","","","","","","","","","","","","","","","","","","","","","","","","","","","","","","",
"Chile","CHL","People using safely managed sanitation services (% of population)","SH.STA.SMSS.ZS","","","","","","","","","","","","","","","","","","","","","","","","","","","","","","","","","","","","","","","","","69.6672780775853","69.9400035997456","70.1988120186112","70.410023325931","72.0337475446683","73.6661530366455","75.307989494304","76.9587198022708","78.6188608420593","80.287854822096","81.965663216137","83.6528509036163","85.3488190480548","87.0538373816595","88.7678992721331","90.4909882994758","92.2246919343266","93.9693985743293","94.4198919054662","94.4702990088981","94.4981306793862","95.1443551445754","95.1081383080912","95.0785462177194","95.1313578977443","",
"China","CHN","People using safely managed sanitation services (% of population)","SH.STA.SMSS.ZS","","","","","","","","","","","","","","","","","","","","","","","","","","","","","","","","","","","","","","","","","13.3858093262352","13.7504772758223","14.491259221439","16.5364387764442","18.7051197984871","20.9939612042147","23.3882028724168","25.889127392645","28.501813307527","31.2214617572585","34.0472448722741","36.9507351606304","39.938985055682","43.0189740054661","46.1899294516552","49.4481191914366","52.7910621464949","56.2128867884815","59.7009464232348","63.2498370764961","64.6096794852819","65.9328284024467","67.22023548234","68.4124157970869","68.869967958972","",
"Cote d'Ivoire","CIV","People using safely managed sanitation services (% of population)","SH.STA.SMSS.ZS","","","","","","","","","","","","","","","","","","","","","","","","","","","","","","","","","","","","","","","","","13.4902558119199","14.0560258252456","14.6181205622712","15.1795194486545","15.7403978041699","16.2833836164823","16.8302708112429","17.3809594388166","17.9353442804341","18.4929935401974","19.0541464536122","19.6186956254742","20.1863844479564","20.7571178431905","21.3308006264183","21.9086341432112","22.4901496445248","23.0753092112786","23.663927571105","24.2556841108877","24.8503967888791","25.4478804112786","26.0479460758208","26.6504020224748","27.1027540829127","",
"Cameroon","CMR","People using safely managed sanitation services (% of population)","SH.STA.SMSS.ZS","","","","","","","","","","","","","","","","","","","","","","","","","","","","","","","","","","","","","","","","","","","","","","","","","","","","","","","","","","","","","","","","","","",
"Congo, Dem. Rep.","COD","People using safely managed sanitation services (% of population)","SH.STA.SMSS.ZS","","","","","","","","","","","","","","","","","","","","","","","","","","","","","","","","","","","","","","","","","22.0132966589189","21.5533138394082","21.097166558475","20.6448901063901","20.1965254461401","19.752006546248","19.3155439779821","18.8875229501675","18.4680096435142","17.9904389169157","17.5183110808344","17.0515659559908","16.5901266642502","16.1339085082911","15.6828448415611","15.2368283974395","14.7957615708922","14.3595111857113","13.9279930308729","13.5010594064563","13.0785836576706","13.0584063404905","13.035775122708","13.0599452971561","13.0842738903164","",
"Congo, Rep.","COG","People using safely managed sanitation services (% of population)","SH.STA.SMSS.ZS","","","","","","","","","","","","","","","","","","","","","","","","","","","","","","","","","","","","","","","","","","","","","","","","","","","","","","","","","","","","","","","","","","",
"Colombia","COL","People using safely managed sanitation services (% of population)","SH.STA.SMSS.ZS","","","","","","","","","","","","","","","","","","","","","","","","","","","","","","","","","","","","","","","","","15.7720769992729","15.9043275296003","16.0354644317717","16.1654873151826","16.2944922344033","16.4224851375534","16.549474070537","16.6755715952462","16.8006874646474","16.9248290654923","17.0481229740218","17.1705855308042","17.2921189587875","17.4128575992115","17.5328214134069","17.6519080273956","17.7701310482588","17.8876391596855","18.0044567134898","18.1206111785524","18.2359879604626","18.3507486368725","18.4647752644274","18.5782399655152","18.6911716966687","",
"Comoros","COM","People using safely managed sanitation services (% of population)","SH.STA.SMSS.ZS","","","","","","","","","","","","","","","","","","","","","","","","","","","","","","","","","","","","","","","","","24.2041529336892","25.7412828414199","26.9481902041531","28.1195242041178","29.2772164846107","30.4235676182908","31.5580322384998","32.6800733188944","33.7890345662783","34.8845305381547","35.9661396619678","37.0331320163017","38.0851055423396","39.1216234732295","40.1420324157648","41.1459646027783","42.1328933308812","43.1022756922398","44.0536319228468","44.986494872175","45.9003381409364","46.7946653963177","47.6689593895819","48.5227364794343","49.3554795591876","",
"Cabo Verde","CPV","People using safely managed sanitation services (% of population)","SH.STA.SMSS.ZS","","","","","","","","","","","","","","","","","","","","","","","","","","","","","","","","","","","","","","","","","","","","","","","","","","","","","","","","","","","","","","","","","","",
"Costa Rica","CRI","People using safely managed sanitation services (% of population)","SH.STA.SMSS.ZS","","","","","","","","","","","","","","","","","","","","","","","","","","","","","","","","","","","","","","","","","24.0147567074942","23.8349520720322","23.661680021659","23.4950515465625","23.3355171414002","23.1838540090145","23.0394445140495","22.9027077263682","22.7819521568127","22.6922065714485","22.6088206552434","22.5633829074003","22.5501932460619","22.841728651613","23.1407101552076","23.4453993924861","23.7542855636242","24.0662098593051","24.3796387227513","24.6933869440982","25.0060623135726","25.3167214366069","25.6405152971125","25.9666893311376","26.2861896707273","",
"Caribbean small states","CSS","People using safely managed sanitation services (% of population)","SH.STA.SMSS.ZS","","","","","","","","","","","","","","","","","","","","","","","","","","","","","","","","","","","","","","","","","","","","","","","","","","","","","","","","","","","","","","","","","","",
"Cuba","CUB","People using safely managed sanitation services (% of population)","SH.STA.SMSS.ZS","","","","","","","","","","","","","","","","","","","","","","","","","","","","","","","","","","","","","","","","","38.2953890918614","38.407465232163","38.5188101499404","38.6417733002688","38.7768264882866","38.7408353756155","38.7017618501509","38.6596125940584","38.6143915596496","38.893608341472","39.1895982335046","39.502886225937","39.8340095066631","40.1921358462696","40.5712346500442","40.969387648012","41.3875049457193","41.8236168265828","42.2783611899059","42.7525556096529","43.2466750193788","43.7613856725711","44.6254365878634","45.4978643473646","45.8768880917379","",
"Curacao","CUW","People using safely managed sanitation services (% of population)","SH.STA.SMSS.ZS","","","","","","","","","","","","","","","","","","","","","","","","","","","","","","","","","","","","","","","","","","","","","","","","","","","","","","","","","","","","","","","","","","",
"Cayman Islands","CYM","People using safely managed sanitation services (% of population)","SH.STA.SMSS.ZS","","","","","","","","","","","","","","","","","","","","","","","","","","","","","","","","","","","","","","","","","","","","","","","","","","","","","","","","","","","","","","","","","","",
"Cyprus","CYP","People using safely managed sanitation services (% of population)","SH.STA.SMSS.ZS","","","","","","","","","","","","","","","","","","","","","","","","","","","","","","","","","","","","","","","","","76.2021883525132","76.2416654561112","76.2171985621398","76.1101931626088","76.0083743114139","76.0517006266122","76.1054544126224","76.1600667018711","76.2155431527725","76.2715681135348","76.328467929605","76.3859368228529","76.4442777527889","76.5096739971792","76.5810597299239","76.6591450743344","76.7434413253497","76.8337787026716","76.9296886476245","76.9214725343967","76.9191317622768","76.9221291463445","76.9307672157615","76.9453459731249","76.9720455894549","",
"Czechia","CZE","People using safely managed sanitation services (% of population)","SH.STA.SMSS.ZS","","","","","","","","","","","","","","","","","","","","","","","","","","","","","","","","","","","","","","","","","88.555803541533","88.652423679678","88.7609509008006","88.8693810069443","88.9778495946509","89.0863582681838","89.1949076555899","89.3033715951981","89.412002504543","89.5205531057103","89.6292741396451","89.7379131899574","89.8566217293232","89.9850520673861","90.1037337277755","90.2256784472326","90.3477076892421","90.4712687784561","90.5963758065045","90.7230449177452","90.8511713347012","90.9810030745054","91.1121869987968","91.2449855166361","91.3792839631227","",
"Germany","DEU","People using safely managed sanitation services (% of population)","SH.STA.SMSS.ZS","","","","","","","","","","","","","","","","","","","","","","","","","","","","","","","","","","","","","","","","","96.0560429168292","96.0704067626819","96.0847015392224","96.0989279647445","96.1410116359048","96.1830393514267","96.2249339027264","96.2668423297544","96.3086269786472","96.3503470204812","96.3920109989486","96.4336184762766","96.4622882057925","96.4909623931174","96.5196361857895","96.5483114720372","96.577971344815","96.6085525266115","96.6401240691983","96.6726105442792","96.7060213162779","96.7404263743549","96.7477707370116","96.7560342912925","96.76522146362","",
"Djibouti","DJI","People using safely managed sanitation services (% of population)","SH.STA.SMSS.ZS","","","","","","","","","","","","","","","","","","","","","","","","","","","","","","","","","","","","","","","","","24.2582167559498","24.2675150949988","24.2768150036092","24.2861137857021","24.2954126031209","25.3217041518854","26.3452778910557","27.3659292185718","28.3836425580202","29.3981991678308","30.411978805421","31.4250488332572","32.4372461067954","33.4488477424963","34.4594522429296","35.46978077047","36.479195120489","37.4879566375312","38.4960936961319","39.5036377348843","39.5386539459869","39.5755790169455","39.6144100987795","39.6553838822901","","",
"Dominica","DMA","People using safely managed sanitation services (% of population)","SH.STA.SMSS.ZS","","","","","","","","","","","","","","","","","","","","","","","","","","","","","","","","","","","","","","","","","","","","","","","","","","","","","","","","","","","","","","","","","","",
"Denmark","DNK","People using safely managed sanitation services (% of population)","SH.STA.SMSS.ZS","","","","","","","","","","","","","","","","","","","","","","","","","","","","","","","","","","","","","","","","","94.7894268373824","94.789430756861","94.7894333306578","94.7894330881225","94.789429492442","94.7894256572463","94.789426727401","94.7894229339505","95.1013026945144","95.411035539477","95.7186218242991","96.0240669281766","96.327375750115","96.6285354394016","96.9275713224632","97.2244703558707","97.5192420457828","97.8118971984095","98.1024390460613","98.3908649424937","98.6023324070466","98.6809372851851","98.7569372099331","98.8303185571788","98.9010988092373","",
"Dominican Republic","DOM","People using safely managed sanitation services (% of population)","SH.STA.SMSS.ZS","","","","","","","","","","","","","","","","","","","","","","","","","","","","","","","","","","","","","","","","","52.0421697452499","52.3174806544697","51.9277829021253","51.5006784541062","51.0604641873327","50.6239787555578","50.1907628031163","49.760941119237","49.3343738944872","48.911532282787","48.4917231348922","48.082373474415","47.680133632321","47.2796772027765","46.8807421263168","46.4831386188951","46.0868093297666","45.691815326751","45.2988996733366","44.9077787014663","44.5181818904574","44.1297283884369","43.742165204066","43.3552455305781","42.9685910441268","",
"Algeria","DZA","People using safely managed sanitation services (% of population)","SH.STA.SMSS.ZS","","","","","","","","","","","","","","","","","","","","","","","","","","","","","","","","","","","","","","","","","58.8528709526488","59.1937046278709","59.5286352313779","59.8573764146562","60.1799843580318","60.4962073734449","60.8064350634461","61.1104160134186","61.4085290994576","61.6988121114542","61.9821677403169","62.258324332808","62.3112669151517","62.3539749999416","62.3869822763039","62.410318149866","62.4245102024914","62.4295990349139","62.4260840996181","62.4141337621656","62.3941128176665","62.3662794459604","62.4100970201629","62.4526333879286","62.4937976717106","",
"East Asia & Pacific (excluding high income)","EAP","People using safely managed sanitation services (% of population)","SH.STA.SMSS.ZS","","","","","","","","","","","","","","","","","","","","","","","","","","","","","","","","","","","","","","","","","19.0510156091314","19.577493690806","20.3781738492707","22.0284975866624","23.7579484326705","25.5783947218878","27.4646448434346","29.4556606427669","31.5053840792094","33.6091594302767","35.7841986526884","38.0065558203833","40.2804076525668","42.6104945069867","44.9946551049294","47.430423918537","49.8837639034717","52.3831900513731","54.9192753997816","57.4859752377522","58.5596402506029","59.6000716287544","60.6278308972634","61.587541649508","62.3495088335773","",
"Early-demographic dividend","EAR","People using safely managed sanitation services (% of population)","SH.STA.SMSS.ZS","","","","","","","","","","","","","","","","","","","","","","","","","","","","","","","","","","","","","","","","","","","","","","","","","","","","","","","","","","","","","","","","","","",
"East Asia & Pacific","EAS","People using safely managed sanitation services (% of population)","SH.STA.SMSS.ZS","","","","","","","","","","","","","","","","","","","","","","","","","","","","","","","","","","","","","","","","","20.1163177742691","20.6257435742338","21.3915961336564","23.1142728301282","24.9134317704249","26.7991917098888","28.7451821164905","30.7893866894859","32.8884862145574","35.0376229327958","37.2507210210976","39.495161996171","41.7830659602279","44.1225050741051","46.5221578007867","48.9702581679641","51.4353505671905","53.942390316486","56.4849487598423","59.0577234645191","60.0721566291521","61.0562711186807","62.0288759619903","62.9304081370674","63.6400138579317","",
"Europe & Central Asia (excluding high income)","ECA","People using safely managed sanitation services (% of population)","SH.STA.SMSS.ZS","","","","","","","","","","","","","","","","","","","","","","","","","","","","","","","","","","","","","","","","","59.7533954419063","59.7608477186151","59.9103110972672","60.0736490245227","60.5392461806267","61.018657229955","61.4271876654247","61.8646019380887","62.3084878931365","62.7930647133486","63.3388533300562","63.9143029159095","64.4991618130628","65.1197766855584","65.7331590723129","66.3956444969194","67.1808313077277","68.0251863973723","68.9033587503845","69.9813934671709","70.8693545702956","71.6347239029588","72.2682004908558","72.8450433104317","74.7956322098479","",
"Europe & Central Asia","ECS","People using safely managed sanitation services (% of population)","SH.STA.SMSS.ZS","","","","","","","","","","","","","","","","","","","","","","","","","","","","","","","","","","","","","","","","","76.8117054459162","76.3888293678765","72.2781837964713","72.4451660308276","72.7287575912507","73.0165318642701","73.2686471359169","73.6019917891126","73.9406701822843","74.2776205543232","74.6367450313688","75.0068639406619","75.3709169504318","75.7435599892609","76.1158140071763","76.5115291408902","76.9427942392953","77.3819792192197","77.8159752033199","78.2550418477774","78.6049042660227","78.9296100352826","79.2529912602955","79.5583402797366","80.202083220941","",
"Ecuador","ECU","People using safely managed sanitation services (% of population)","SH.STA.SMSS.ZS","","","","","","","","","","","","","","","","","","","","","","","","","","","","","","","","","","","","","","","","","44.3022168144636","44.4295623608548","44.5519503300052","44.6720733581803","44.7894555667157","45.0264961772655","45.2609365635895","45.492699055469","45.7218452125447","45.9483835241695","46.1722650084651","46.3955947998304","46.6182420638544","46.8388365284332","47.057447577814","47.273913129163","47.4883922376109","48.2604648766375","48.8077559461342","48.9279625947104","49.035039272398","49.128903525879","49.1914858828083","49.3308128469592","49.2872368974807","",
"Egypt, Arab Rep.","EGY","People using safely managed sanitation services (% of population)","SH.STA.SMSS.ZS","","","","","","","","","","","","","","","","","","","","","","","","","","","","","","","","","","","","","","","","","26.8076690531706","26.8983727836852","26.9891693855206","27.0800575072334","27.4706633095494","27.8625443698239","28.255699041339","28.6443693393826","29.0310927572808","29.4195855740266","29.8095750378108","30.2013307247703","30.5902925487434","30.9812100322073","31.3738366218869","31.7682978717066","34.0920150765014","36.5390438062129","39.1711160855147","41.9270895356491","44.8085485723995","47.8168171115868","50.953294682881","54.219718464571","57.3358101507241","",
"Euro area","EMU","People using safely managed sanitation services (% of population)","SH.STA.SMSS.ZS","","","","","","","","","","","","","","","","","","","","","","","","","","","","","","","","","","","","","","","","","","","","","","","","","","","","","","","","","","","","","","","","","","",
"Eritrea","ERI","People using safely managed sanitation services (% of population)","SH.STA.SMSS.ZS","","","","","","","","","","","","","","","","","","","","","","","","","","","","","","","","","","","","","","","","","","","","","","","","","","","","","","","","","","","","","","","","","","",
"Spain","ESP","People using safely managed sanitation services (% of population)","SH.STA.SMSS.ZS","","","","","","","","","","","","","","","","","","","","","","","","","","","","","","","","","","","","","","","","","92.7189573846621","92.718828039228","92.7256869206431","92.7324699330083","92.7392717613871","92.5272257505676","92.3130132927924","92.0966321372384","91.8780749736355","91.6573404831623","91.4344234139196","91.2093219075563","90.9820276171365","90.7525271137838","90.5204761125788","90.2856540963576","90.0486458359576","89.8040220951472","89.5559671154744","89.3056268079623","89.0530123348322","88.798121558736","88.5409249709715","88.2814508346932","88.2812302795534","",
"Estonia","EST","People using safely managed sanitation services (% of population)","SH.STA.SMSS.ZS","","","","","","","","","","","","","","","","","","","","","","","","","","","","","","","","","","","","","","","","","91.9796171818724","91.8506887510084","91.7186322996994","91.5469828237568","91.4416510241568","91.3349016206494","91.2265998134163","91.1168597236476","91.0056883214618","90.8930836261797","90.7788848535767","90.6632349710949","90.5699342154147","90.5019068682842","90.4359355754978","90.4264164807052","90.4191506882212","90.4155763943812","90.4162716309323","90.4212127907142","90.4380155586307","90.4441356527981","90.4550598573692","90.5062301683048","90.5570137559248","",
"Ethiopia","ETH","People using safely managed sanitation services (% of population)","SH.STA.SMSS.ZS","","","","","","","","","","","","","","","","","","","","","","","","","","","","","","","","","","","","","","","","","2.26901402337002","2.47741330846237","2.68105519828526","2.88451044100659","3.10831992477612","3.33151786858602","3.55425508119759","3.77828760476709","4.0220783231474","4.26637612471429","4.51162146978613","4.75767742511533","5.00488225115104","5.25038744135753","5.49700047598365","5.7447035952738","5.99372967363705","6.24393311105996","6.49581180915761","6.7494890417608","7.00495615696179","7.26247291420389","7.52296042674042","7.78581683205982","8.05103335263916","",
"European Union","EUU","People using safely managed sanitation services (% of population)","SH.STA.SMSS.ZS","","","","","","","","","","","","","","","","","","","","","","","","","","","","","","","","","","","","","","","","","","","","","","","","","","","","","","","","","","","","","","","","","","",
"Finland","FIN","People using safely managed sanitation services (% of population)","SH.STA.SMSS.ZS","","","","","","","","","","","","","","","","","","","","","","","","","","","","","","","","","","","","","","","","","86.5687910401025","86.7166453790142","86.8645001388907","87.0123578540352","87.1602128901579","87.3080700504787","87.4559277313186","87.6037833781003","87.7516403873576","87.8994974969748","88.0473423227154","88.1951747048098","88.3430052142415","88.4908518221229","88.6387133763315","88.7865766103295","88.9344368706594","89.0822985072265","89.2301587627645","89.378018479989","89.525878943753","89.6737377276348","89.8215985698526","89.9694560065731","90.1173134358904","",
"Fiji","FJI","People using safely managed sanitation services (% of population)","SH.STA.SMSS.ZS","","","","","","","","","","","","","","","","","","","","","","","","","","","","","","","","","","","","","","","","","42.9067060685333","42.8980137693718","42.8893196143339","43.4461206461417","43.997118759263","44.5424270346498","44.9507052102828","45.3501006706329","45.734308296653","46.1066450156727","46.4684433091592","46.8199133550652","47.1609462178023","47.4919885399445","47.8128377222971","48.123546454397","48.4242997919521","48.7153087829092","48.9965334271678","49.2684864196108","49.2388915810413","49.0160622756365","48.7940403289049","48.572966995168","48.502881186914","",
"France","FRA","People using safely managed sanitation services (% of population)","SH.STA.SMSS.ZS","","","","","","","","","","","","","","","","","","","","","","","","","","","","","","","","","","","","","","","","","88.7595800822981","88.7772216486377","88.7948674577604","88.7834588704995","88.7720166191908","88.7605575782646","88.7490677364666","88.7375547084083","88.7260017712001","88.7144117239101","88.7027830996504","88.6911193772034","88.7947293727102","88.897749263505","89.0001773254551","89.1020184766067","89.2032718261667","89.3039361676649","89.4040117568963","89.5035027976522","89.6024038847548","89.7007175117539","89.7984470704875","89.8955879250302","89.9921457215606","",
"Faroe Islands","FRO","People using safely managed sanitation services (% of population)","SH.STA.SMSS.ZS","","","","","","","","","","","","","","","","","","","","","","","","","","","","","","","","","","","","","","","","","","","","","","","","","","","","","","","","","","","","","","","","","","",
"Micronesia, Fed. Sts.","FSM","People using safely managed sanitation services (% of population)","SH.STA.SMSS.ZS","","","","","","","","","","","","","","","","","","","","","","","","","","","","","","","","","","","","","","","","","","","","","","","","","","","","","","","","","","","","","","","","","","",
"Gabon","GAB","People using safely managed sanitation services (% of population)","SH.STA.SMSS.ZS","","","","","","","","","","","","","","","","","","","","","","","","","","","","","","","","","","","","","","","","","","","","","","","","","","","","","","","","","","","","","","","","","","",
"United Kingdom","GBR","People using safely managed sanitation services (% of population)","SH.STA.SMSS.ZS","","","","","","","","","","","","","","","","","","","","","","","","","","","","","","","","","","","","","","","","","97.3126828790543","97.3200362843673","97.3418159731543","97.3632981262871","97.3846332257522","97.4056719754914","97.4265628662015","97.4579769399927","97.4892493356679","97.520234424292","97.5510034943398","97.5815570572317","97.6120443756126","97.6375801871833","97.6569509995232","97.6761729906687","97.6953211125445","97.714248817599","97.7330314127628","97.7517395328118","97.77022665962","97.7885681652445","97.8066857038153","97.8246558119973","97.8424774304309","",
"Georgia","GEO","People using safely managed sanitation services (% of population)","SH.STA.SMSS.ZS","","","","","","","","","","","","","","","","","","","","","","","","","","","","","","","","","","","","","","","","","26.9796220872433","26.7429658008032","26.3762551680534","25.90606226968","25.4881675239392","25.0612527812944","24.6250433020512","24.1794829516723","23.724805793636","23.260989378236","22.7877191199162","22.3052530057592","21.8132510670819","21.3123258891987","20.8018079334609","20.7419655817388","26.4890685425748","32.4546497065019","38.6416175402192","45.053622095248","51.6941730027334","58.6466772109789","62.0466769641645","62.5588119307953","62.9712131128227","",
"Ghana","GHA","People using safely managed sanitation services (% of population)","SH.STA.SMSS.ZS","","","","","","","","","","","","","","","","","","","","","","","","","","","","","","","","","","","","","","","","","3.68494664176414","3.74174428862524","4.37611413728829","5.01636801919185","5.66201426614635","6.31196867059946","6.96437716790494","7.61999769474276","8.27831120578133","8.93869199269448","9.60077155464894","10.2639291223638","10.9276327928064","11.5913396426526","12.2545793305552","12.9168867884606","13.5778028059884","14.2368662365624","14.8936444724687","15.5477113866954","16.1986589753178","16.8460883413345","17.4896119230472","18.128875502548","18.763531148516","",
"Gibraltar","GIB","People using safely managed sanitation services (% of population)","SH.STA.SMSS.ZS","","","","","","","","","","","","","","","","","","","","","","","","","","","","","","","","","","","","","","","","","","","","","","","","","","","","","","","","","","","","","","","","","","",
"Guinea","GIN","People using safely managed sanitation services (% of population)","SH.STA.SMSS.ZS","","","","","","","","","","","","","","","","","","","","","","","","","","","","","","","","","","","","","","","","","","","","","","","","","","","","","","","","","","","","","","","","","","",
"Gambia, The","GMB","People using safely managed sanitation services (% of population)","SH.STA.SMSS.ZS","","","","","","","","","","","","","","","","","","","","","","","","","","","","","","","","","","","","","","","","","43.2425732172946","42.0363659323804","40.8531875466044","39.7358290525359","38.670225587663","38.0773924380357","37.4898727562286","36.9066964668558","36.3267507684105","35.7496612716649","35.173956194795","34.5988724133802","34.0231906874954","33.446258551754","32.8669116466102","32.2839300919295","31.6960532206469","31.1019378398473","30.5002768304656","29.8897660758442","29.269126163078","28.6339882835031","27.9860571711988","28.0382264259391","28.089385403017","",
"Guinea-Bissau","GNB","People using safely managed sanitation services (% of population)","SH.STA.SMSS.ZS","","","","","","","","","","","","","","","","","","","","","","","","","","","","","","","","","","","","","","","","","","","3.4181554112475","4.07780872386608","4.96784884056207","5.90120364494803","6.84555639177665","7.80085378397226","8.76733540583611","9.74493371261338","10.7342092603781","11.7351040931766","12.7478785908136","13.7725747037485","14.8094627731166","15.8587044600037","16.9203366441438","17.9945159827415","19.0815320973568","20.1814162320889","21.2943281798795","22.4204296680883","22.4815412624603","22.5427978938693","22.6043420037121","",
"Equatorial Guinea","GNQ","People using safely managed sanitation services (% of population)","SH.STA.SMSS.ZS","","","","","","","","","","","","","","","","","","","","","","","","","","","","","","","","","","","","","","","","","","","","","","","","","","","","","","","","","","","","","","","","","","",
"Greece","GRC","People using safely managed sanitation services (% of population)","SH.STA.SMSS.ZS","","","","","","","","","","","","","","","","","","","","","","","","","","","","","","","","","","","","","","","","","77.8745906446772","78.4583352786313","79.0996906445445","79.738236254245","80.3745860749761","81.007869568515","81.6384123266875","82.2665247145393","82.8922300405284","83.5149642580817","84.135053454449","84.7527992123561","85.3685081832163","85.9816311109715","86.5921923649607","87.2004869081261","87.8065321866641","88.4421308960694","89.0848873157485","89.7248955616585","90.3624699923084","90.9973609995402","91.6295981074456","92.2594689015182","92.8864934862192","",
"Grenada","GRD","People using safely managed sanitation services (% of population)","SH.STA.SMSS.ZS","","","","","","","","","","","","","","","","","","","","","","","","","","","","","","","","","","","","","","","","","","","","","","","","","","","","","","","","","","","","","","","","","","",
"Greenland","GRL","People using safely managed sanitation services (% of population)","SH.STA.SMSS.ZS","","","","","","","","","","","","","","","","","","","","","","","","","","","","","","","","","","","","","","","","","","","","","","","","","","","","","","","0","0","0","0","0","0","0","0","0","","","",
"Guatemala","GTM","People using safely managed sanitation services (% of population)","SH.STA.SMSS.ZS","","","","","","","","","","","","","","","","","","","","","","","","","","","","","","","","","","","","","","","","","","","","","","","","","","","","","","","","","","","","","","","","","","",
"Guam","GUM","People using safely managed sanitation services (% of population)","SH.STA.SMSS.ZS","","","","","","","","","","","","","","","","","","","","","","","","","","","","","","","","","","","","","","","","","","","","","","","","","","","","","","","","","","","","","","","","","","",
"Guyana","GUY","People using safely managed sanitation services (% of population)","SH.STA.SMSS.ZS","","","","","","","","","","","","","","","","","","","","","","","","","","","","","","","","","","","","","","","","","56.5919177334973","55.9718995448656","55.3515012532431","54.7530233858433","54.2067201722386","53.657711807856","53.1058401113987","52.5513101526356","51.9941473598007","51.4341969829414","50.8716624360053","50.3065571936246","49.7026757266859","49.0977127675617","48.4895709220958","47.8785074871717","47.2644858025334","46.647475678457","46.0280127208658","45.405784073229","44.7810326681674","44.1538662841941","43.4727923220413","43.4548831774213","43.4351843746555","",
"High income","HIC","People using safely managed sanitation services (% of population)","SH.STA.SMSS.ZS","","","","","","","","","","","","","","","","","","","","","","","","","","","","","","","","","","","","","","","","","74.9390999366811","74.7537216523517","71.9975481298721","72.5740417620039","73.2079541243864","73.8449438494194","74.4791683633193","75.1634581687697","75.8507073396454","76.5298175898765","77.2255362412229","77.8973287291115","78.5552536650227","79.3284321200828","80.0147089329312","80.7064320323731","81.3948198913265","82.0787286145012","82.735091129393","83.3496062928958","83.5774470737643","83.8122609546056","84.042111621867","84.2326349902407","84.3939795751903","",
"Hong Kong SAR, China","HKG","People using safely managed sanitation services (% of population)","SH.STA.SMSS.ZS","","","","","","","","","","","","","","","","","","","","","","","","","","","","","","","","","","","","","","","","","76.486950462783","76.486950462783","76.486950462783","76.486950462783","76.3765522368473","76.2661540109117","76.155755784976","76.0453575590403","75.9349593331046","75.824561107169","75.7141628812333","75.6037646552976","75.4933664293619","75.3829682034262","77.6716823822018","79.9578020530352","82.2413272159256","84.5222578708746","86.8005940178815","89.0763356569461","91.3494827880687","93.620035411249","95.077640324963","94.956006893156","94.834373461349","",
"Honduras","HND","People using safely managed sanitation services (% of population)","SH.STA.SMSS.ZS","","","","","","","","","","","","","","","","","","","","","","","","","","","","","","","","","","","","","","","","","","","","","","","","","","","","","","","","","","","","","","","","","","",
"Heavily indebted poor countries (HIPC)","HPC","People using safely managed sanitation services (% of population)","SH.STA.SMSS.ZS","","","","","","","","","","","","","","","","","","","","","","","","","","","","","","","","","","","","","","","","","","","","","","","","","","","","","","","","","","","","","","","","","","",
"Croatia","HRV","People using safely managed sanitation services (% of population)","SH.STA.SMSS.ZS","","","","","","","","","","","","","","","","","","","","","","","","","","","","","","","","","","","","","","","","","78.3201956318515","78.3744132040707","78.2868682708699","78.1526505477811","78.0185870659958","77.884930172816","77.7516740279763","77.6188200718235","77.4863746264854","77.3543361118347","77.184062428938","76.83082322608","76.4827371966482","76.1394973381288","75.801318700554","75.6405569798343","75.4829387424678","75.3283719078484","75.1755818205537","75.0253550359289","74.8778283882378","74.7324296019516","","","","",
"Haiti","HTI","People using safely managed sanitation services (% of population)","SH.STA.SMSS.ZS","","","","","","","","","","","","","","","","","","","","","","","","","","","","","","","","","","","","","","","","","","","","","","","","","","","","","","","","","","","","","","","","","","",
"Hungary","HUN","People using safely managed sanitation services (% of population)","SH.STA.SMSS.ZS","","","","","","","","","","","","","","","","","","","","","","","","","","","","","","","","","","","","","","","","","53.2958357924547","54.8433814762777","56.4585048624742","58.1184724260438","59.822959568799","61.5758651707458","63.3772915078312","65.2223979439336","67.1106061091529","69.0412698241351","71.0088576650316","73.017680351745","75.0569367634779","77.1328190144415","79.2486808614336","81.4042300973671","83.5997795178269","85.8348703709405","87.8967486329165","88.5378177085918","89.1767081932511","89.8133489872534","90.447609283974","91.07950440444","91.7088480248698","",
"IBRD only","IBD","People using safely managed sanitation services (% of population)","SH.STA.SMSS.ZS","","","","","","","","","","","","","","","","","","","","","","","","","","","","","","","","","","","","","","","","","23.9766241622047","24.586107237874","24.541222342768","26.0163929410736","27.5624682327635","29.0957725631619","30.6746886503069","32.3566892592298","34.0755056475114","35.829005755944","37.6236394297098","39.4675875711961","41.3416211727032","43.2590159246106","45.2141460920574","47.2183154288669","49.2443888621204","51.2913769181225","53.3422170117937","55.4070288409729","56.769272805438","58.1003058946385","59.4151685758411","60.5657174467372","61.5342128377788","",
"IDA & IBRD total","IBT","People using safely managed sanitation services (% of population)","SH.STA.SMSS.ZS","","","","","","","","","","","","","","","","","","","","","","","","","","","","","","","","","","","","","","","","","22.7457564450823","23.2798674645741","23.3129805021408","24.5337725180802","25.8265295352341","27.1120499353373","28.444325552298","29.8622791528664","31.3012531388648","32.7561925848501","34.2397805224993","35.7049589448016","37.2318420707243","38.7888504864778","40.3709608801917","41.987142788655","43.6190992813431","45.2638508421583","46.8980203564889","48.5336754751728","49.6420848400483","50.7336191810533","51.8072944665148","52.7000808516628","53.4409789783594","",
"IDA total","IDA","People using safely managed sanitation services (% of population)","SH.STA.SMSS.ZS","","","","","","","","","","","","","","","","","","","","","","","","","","","","","","","","","","","","","","","","","18.3544586683124","18.6764018417881","19.0427896234114","19.4459684113368","19.9449518545608","20.4762182061358","21.0801392735362","21.7376887422156","22.3845334704866","23.0049721934632","23.6350676775729","24.1393901208102","24.7446794050692","25.3457706718928","25.954563782786","26.5834170668862","27.245397616318","27.9309120951777","28.6077880477382","29.3032770084596","30.0071543651273","30.7695151243914","31.5320307824213","32.082029759912","32.5673782633288","",
"IDA blend","IDB","People using safely managed sanitation services (% of population)","SH.STA.SMSS.ZS","","","","","","","","","","","","","","","","","","","","","","","","","","","","","","","","","","","","","","","","","21.195954590906","21.2034495480919","21.3562688182433","21.5441793714778","22.008066693848","22.4906843274626","23.1318252552763","23.8956775195264","24.6669654566721","25.444865438754","26.2311067457401","27.0223240684044","27.8280959980343","28.6452113231908","29.4693657956466","30.2984328607761","31.1392541872364","31.9845648847643","32.8335409958654","33.6890155947693","34.5591685723994","35.4480620559457","36.3412917007139","36.6922375474524","36.8532421429282","",
"Indonesia","IDN","People using safely managed sanitation services (% of population)","SH.STA.SMSS.ZS","","","","","","","","","","","","","","","","","","","","","","","","","","","","","","","","","","","","","","","","","","","","","","","","","","","","","","","","","","","","","","","","","","",
"IDA only","IDX","People using safely managed sanitation services (% of population)","SH.STA.SMSS.ZS","","","","","","","","","","","","","","","","","","","","","","","","","","","","","","","","","","","","","","","","","16.826483383574","17.3131334097069","17.7907126090834","18.3093640590435","18.8248595104689","19.3803560682327","19.9622343615062","20.5582392179559","21.1322239552834","21.6613225613111","22.2004074901662","22.5597689233996","23.0541389427901","23.5368087755021","24.027923910448","24.5491392753747","25.1183944433185","25.7224022769093","26.3116326053086","26.9282472091455","27.5500174435117","28.2500659286918","28.9484781146451","29.6141331263108","30.2817726387072","",
"Isle of Man","IMN","People using safely managed sanitation services (% of population)","SH.STA.SMSS.ZS","","","","","","","","","","","","","","","","","","","","","","","","","","","","","","","","","","","","","","","","","84.8214285714286","84.8214285714286","84.8214285714286","84.8214285714286","84.8214285714286","84.8214285714286","84.8214285714286","84.8214285714286","84.8214285714286","84.8214285714286","84.8214285714286","84.8214285714286","84.8214285714286","84.8214285714286","84.8214285714286","84.8214285714286","84.8214285714286","84.8214285714286","84.8214285714286","84.8214285714286","84.8214285714286","84.8214285714286","84.8214285714286","84.8214285714286","84.8214285714286","",
"India","IND","People using safely managed sanitation services (% of population)","SH.STA.SMSS.ZS","","","","","","","","","","","","","","","","","","","","","","","","","","","","","","","","","","","","","","","","","9.00565203797266","10.7476860003908","12.6040317015767","14.9414974804051","17.2947104757243","19.4804493028284","21.6752956546834","23.9302222022026","26.1989141496998","28.4810013160385","30.7765897097808","33.0857250207378","35.4090273871556","37.7509186633857","40.1070723094129","42.4769302561278","44.8599379840837","47.2396698437666","49.5806533887087","51.9223137988177","54.1679248186604","56.376874632274","58.579834910144","60.7767067943276","62.7850105515952","",
"Not classified","INX","People using safely managed sanitation services (% of population)","SH.STA.SMSS.ZS","","","","","","","","","","","","","","","","","","","","","","","","","","","","","","","","","","","","","","","","","","","","","","","","","","","","","","","","","","","","","","","","","","",
"Ireland","IRL","People using safely managed sanitation services (% of population)","SH.STA.SMSS.ZS","","","","","","","","","","","","","","","","","","","","","","","","","","","","","","","","","","","","","","","","","56.9935720344695","58.071491269037","59.157425859793","60.2497384339302","61.3514538693122","62.4627730655859","63.7296309931796","65.0166189977921","66.3199311224442","67.6395728703669","68.9755716124757","70.3279537950516","71.6967718237098","73.0523343820467","74.4250788457246","75.8149537467465","77.222158903028","78.648032620767","79.9907471891137","80.1885849013796","80.3905295310657","80.5964069416465","80.8064603035056","81.020795464074","81.2615959599938","",
"Iran, Islamic Rep.","IRN","People using safely managed sanitation services (% of population)","SH.STA.SMSS.ZS","","","","","","","","","","","","","","","","","","","","","","","","","","","","","","","","","","","","","","","","","","","","","","","","","","","","","","","","","","","","","","","","","","",
"Iraq","IRQ","People using safely managed sanitation services (% of population)","SH.STA.SMSS.ZS","","","","","","","","","","","","","","","","","","","","","","","","","","","","","","","","","","","","","","","","","26.9283791769809","27.9741122378542","29.018552666709","30.0616998954955","31.1035523982097","31.7815205326591","32.5130357937683","33.2996731549727","34.1429483892539","35.0443433664574","36.0083400919174","37.0358264291146","38.1263682013244","39.4787658482523","40.9080833963064","42.4157151016611","44.0035889417622","45.6731107881787","47.2865918601002","48.63105359936","49.9216239396007","50.1633821723265","50.4065543357554","50.6512535777471","50.8975045193032","",
"Iceland","ISL","People using safely managed sanitation services (% of population)","SH.STA.SMSS.ZS","","","","","","","","","","","","","","","","","","","","","","","","","","","","","","","","","","","","","","","","","","","","","","","","","","","","","","","","","","","","","","","","","","",
"Israel","ISR","People using safely managed sanitation services (% of population)","SH.STA.SMSS.ZS","","","","","","","","","","","","","","","","","","","","","","","","","","","","","","","","","","","","","","","","","80.4187975563006","81.0927052585113","81.7688090573917","82.4471321058177","83.127672027342","83.8104084140147","84.4953634566061","85.1825167985554","85.8718882554366","86.5634718157182","87.2573143830945","87.9513442783313","88.6462534719125","89.3434780159579","90.0430128653842","90.7448618571287","91.4490218465164","92.1555250975785","92.8643588454379","93.5755028953008","94.2890005588392","95.004826119134","95.7229939697298","96.4435050733118","97.1694999721232","",
"Italy","ITA","People using safely managed sanitation services (% of population)","SH.STA.SMSS.ZS","","","","","","","","","","","","","","","","","","","","","","","","","","","","","","","","","","","","","","","","","79.2719786935301","79.2727853734479","79.2741250719633","79.2757255192448","79.2178096466486","79.1598734204932","79.1019382221505","79.0439957871015","78.9860473523038","78.9280828866907","78.8701298654104","78.8121526225064","78.7558063377994","78.7001832904243","78.6445191766593","78.5888438973776","78.533118715567","78.4773694765847","78.4216735817248","78.3660232851177","78.3104222918211","78.2548666985218","78.1993487998565","78.2034845858317","78.2076546758922","",
"Jamaica","JAM","People using safely managed sanitation services (% of population)","SH.STA.SMSS.ZS","","","","","","","","","","","","","","","","","","","","","","","","","","","","","","","","","","","","","","","","","50.3768408086842","51.0059395921856","51.6448832991433","52.2868128158438","53.239101861348","54.199761018228","55.1680861869827","56.1445650318516","57.1287204035463","58.121046837573","59.1213009696533","60.1292572867455","61.141557413486","62.1579482797874","63.1784060455593","64.2031588482899","65.2319473287138","66.2649996577471","67.3020637585448","68.3433678807791","69.3889036443793","70.4386639678056","71.4926398679922","72.5510657319028","73.6139506323097","",
"Jordan","JOR","People using safely managed sanitation services (% of population)","SH.STA.SMSS.ZS","","","","","","","","","","","","","","","","","","","","","","","","","","","","","","","","","","","","","","","","","70.1822165796673","70.1115507688972","70.1496581733223","70.1871339324002","70.2249826814208","70.8764163045608","71.8700587977951","72.79319591123","73.6503015276724","74.4549175993164","75.2089390439862","75.9023639598575","76.5400275723429","77.12355722388","77.6587969700601","77.9241451217858","78.1809531560066","78.4489049573606","78.7119105179419","78.9665435622691","79.2127131755189","79.4514294503985","79.6829215787015","79.9071183350974","80.0755731216364","",
"Japan","JPN","People using safely managed sanitation services (% of population)","SH.STA.SMSS.ZS","","","","","","","","","","","","","","","","","","","","","","","","","","","","","","","","","","","","","","","","","96.488021894989","96.6262931613899","96.7611513531044","96.8925964701325","97.0206285124741","97.1452474801293","97.266453373098","97.4298419613224","97.5885696158595","97.7426249375852","97.8919965273754","98.0366729861058","98.1766429146524","98.3118949138911","98.4424175846976","98.5681995279478","98.6892293445177","98.805495635283","98.9125598228579","98.9676828134445","99.0211156142234","99.0730299325087","99.1234288364566","99.1723082683113","99.1857131221674","",
"Kazakhstan","KAZ","People using safely managed sanitation services (% of population)","SH.STA.SMSS.ZS","","","","","","","","","","","","","","","","","","","","","","","","","","","","","","","","","","","","","","","","","","","","","","","","","","","","","","","","","","","","","","","","","","",
"Kenya","KEN","People using safely managed sanitation services (% of population)","SH.STA.SMSS.ZS","","","","","","","","","","","","","","","","","","","","","","","","","","","","","","","","","","","","","","","","","20.202804897134","20.8258983805754","21.4919922761574","22.1587876699861","22.8262222029403","23.4942847867467","24.1628762555182","24.8319322572963","25.4655137336527","26.092807850979","26.7178939108924","27.341645492063","27.9639572360706","28.5845715073831","29.2034367385078","29.8203356664151","30.5157220799851","31.2127657161979","31.9062687904243","32.5970104765088","33.2870552693244","33.9762339824669","34.6636489404344","35.2474203960808","35.8269657963595","",
"Kyrgyz Republic","KGZ","People using safely managed sanitation services (% of population)","SH.STA.SMSS.ZS","","","","","","","","","","","","","","","","","","","","","","","","","","","","","","","","","","","","","","","","","86.0447816428867","86.1330619874244","86.3952579633879","86.6581205346653","86.9213779917765","87.2915485291489","87.6522850192759","88.0143456757805","88.3775957857945","88.7419089816167","89.1043951437166","89.4650162968537","89.8237419787603","90.1809322697116","90.536555226674","90.8907285713781","91.2434395691557","91.546388242932","91.8484489975714","92.1484793016969","92.3961412462798","92.5465125807338","92.7012775525493","92.8612125153279","93.0270797378203","",
"Cambodia","KHM","People using safely managed sanitation services (% of population)","SH.STA.SMSS.ZS","","","","","","","","","","","","","","","","","","","","","","","","","","","","","","","","","","","","","","","","","","","7.2847949886173","9.18598423075727","11.0988377163053","13.023279271242","14.9589714253985","16.9061162641826","18.8732618480739","20.8950652032424","22.9235166522416","24.957887853324","26.9978478779617","29.0428977086849","31.0930673464627","33.1478381024091","35.2068752492976","37.2697178228934","39.3367015137214","41.4071823439617","43.4807261522176","45.5567078219911","47.6346494923786","49.7139761435919","51.6016205224991","",
"Kiribati","KIR","People using safely managed sanitation services (% of population)","SH.STA.SMSS.ZS","","","","","","","","","","","","","","","","","","","","","","","","","","","","","","","","","","","","","","","","","14.1884827647011","14.9335806139278","15.6405003639163","16.4665775924844","17.2924959592438","17.8654198562763","18.4780389976875","19.1199639788777","19.5963343436848","20.0585366223994","20.5063783939968","20.9395804802758","21.3578622086878","21.7607001909492","22.148034833687","22.5195438831369","22.8742797348331","23.2120375762859","23.532920155185","23.8369403843285","24.1240666677372","24.3943819034362","24.6257341034439","24.6371933384709","24.648360534188","",
"St. Kitts and Nevis","KNA","People using safely managed sanitation services (% of population)","SH.STA.SMSS.ZS","","","","","","","","","","","","","","","","","","","","","","","","","","","","","","","","","","","","","","","","","","","","","","","","","","","","","","","","","","","","","","","","","","",
"Korea, Rep.","KOR","People using safely managed sanitation services (% of population)","SH.STA.SMSS.ZS","","","","","","","","","","","","","","","","","","","","","","","","","","","","","","","","","","","","","","","","","86.8742055187387","87.4694869117938","88.0663349273456","88.6647495653935","89.2647308259379","89.8662787089787","90.4693932145159","91.0740743425496","91.6717415752567","92.2632915718018","92.856391518398","93.4510414150454","94.0472412617438","94.6449910584933","95.2442908052942","95.8451405021459","96.4475401490488","97.0514897460028","97.6569892930078","98.264038790064","98.8726382371715","99.195952522596","99.2797629520454","99.3447508214719","99.3284416041044","",
"Kuwait","KWT","People using safely managed sanitation services (% of population)","SH.STA.SMSS.ZS","","","","","","","","","","","","","","","","","","","","","","","","","","","","","","","","","","","","","","","","","100","100","100","100","100","100","100","100","100","100","100","100","100","100","100","100","100","100","100","100","100","100","100","100","100","",
"Latin America & Caribbean (excluding high income)","LAC","People using safely managed sanitation services (% of population)","SH.STA.SMSS.ZS","","","","","","","","","","","","","","","","","","","","","","","","","","","","","","","","","","","","","","","","","28.7840793749302","29.0711420572371","29.3400339842883","30.0441564815284","30.7576744386657","31.462083466354","32.1956990712974","33.1802251134055","34.1818114752285","35.2096735483592","36.24623194504","37.4514133650958","38.6879129431723","39.9567195188189","41.2585660255108","42.5919447732081","43.6553952322165","44.6031467306719","45.757964974989","46.9061189573775","48.0031904533349","49.2310469428702","50.3746457257117","50.9281627786063","51.4288590578189","",
"Lao PDR","LAO","People using safely managed sanitation services (% of population)","SH.STA.SMSS.ZS","","","","","","","","","","","","","","","","","","","","","","","","","","","","","","","","","","","","","","","","","21.1506048645886","23.7030321357255","26.1059427305114","28.4633900186573","30.7973661880988","33.0759186133445","35.2486809385754","37.4065910539514","39.5500821325297","41.6782512203916","43.7913357382097","45.88919434301","47.9718155437815","50.0385467791624","52.0896901294231","54.1250124162201","56.2862626006294","58.3666314606705","60.4363456148397","62.495524279819","64.5441720551682","66.5823744626659","68.315348800449","69.9095138501972","71.3822366403769","",
"Lebanon","LBN","People using safely managed sanitation services (% of population)","SH.STA.SMSS.ZS","","","","","","","","","","","","","","","","","","","","","","","","","","","","","","","","","","","","","","","","","17.8521807622505","17.8521807622505","17.8521807622505","18.3468573840226","18.8415340057948","19.336210627567","19.8308872493391","20.3255638711113","20.8202404928834","21.3149171146556","21.8095937364278","22.3042703581999","22.7989469799721","23.2936236017443","23.7883002235164","24.2829768452886","24.7776534670607","25.2723300888329","25.7670067106051","26.1934115964468","25.9733294191864","25.6726802158649","25.6726802158649","25.6726802158649","25.6726802158649","",
"Liberia","LBR","People using safely managed sanitation services (% of population)","SH.STA.SMSS.ZS","","","","","","","","","","","","","","","","","","","","","","","","","","","","","","","","","","","","","","","","","","","","","","","","","","","","","","","","","","","","","","","","","","",
"Libya","LBY","People using safely managed sanitation services (% of population)","SH.STA.SMSS.ZS","","","","","","","","","","","","","","","","","","","","","","","","","","","","","","","","","","","","","","","","","27.5744115381751","27.2410679675519","26.9077243969287","26.5743808263055","26.2410372556822","25.9076936850589","25.5743501144357","25.2410065438124","24.9076629731893","24.574319402566","24.2409758319428","23.9076322613195","23.5742886906963","23.2409451200731","22.9076015494499","22.5742579788266","22.2409144082033","22.1791647156531","22.1174150231028","22.0556653305525","21.9939156380022","21.9321659454519","21.8704162529017","21.8086665603514","21.7469168678011","",
"St. Lucia","LCA","People using safely managed sanitation services (% of population)","SH.STA.SMSS.ZS","","","","","","","","","","","","","","","","","","","","","","","","","","","","","","","","","","","","","","","","","","","","","","","","","","","","","","","","","","","","","","","","","","",
"Latin America & Caribbean","LCN","People using safely managed sanitation services (% of population)","SH.STA.SMSS.ZS","","","","","","","","","","","","","","","","","","","","","","","","","","","","","","","","","","","","","","","","","29.8552395413968","30.119805056228","30.3617878430947","30.9909083021565","31.6748413530466","32.3611805163221","33.0658066437597","34.0112215861864","34.9738000055748","35.9671974002081","36.9812813814747","38.164266080871","39.379562224237","40.6291911782136","41.9128588409153","43.2287740872437","44.2903501364807","44.9462933697163","46.0095832127042","47.0591131628519","48.039293210414","49.1661863508645","50.2349119146981","50.7560645621992","51.2209972924919","",
"Least developed countries: UN classification","LDC","People using safely managed sanitation services (% of population)","SH.STA.SMSS.ZS","","","","","","","","","","","","","","","","","","","","","","","","","","","","","","","","","","","","","","","","","","","","","","","","","","","","","","","","","","","","","","","","","","",
"Low income","LIC","People using safely managed sanitation services (% of population)","SH.STA.SMSS.ZS","","","","","","","","","","","","","","","","","","","","","","","","","","","","","","","","","","","","","","","","","16.3946205352622","16.518467631696","17.1334380255658","17.3902356787809","17.7065443815248","18.1569005242975","18.6511980759775","19.1834815143739","19.6228547949551","20.0028424506572","20.3990391830945","20.4547846714134","20.7741114181321","21.073783216049","21.2859434760706","21.5621672477978","21.9432394327993","22.4141002161643","22.8585333833541","23.3531912083115","23.8127612102194","24.346745453467","24.955607109568","25.5591441562694","26.8886393070974","",
"Liechtenstein","LIE","People using safely managed sanitation services (% of population)","SH.STA.SMSS.ZS","","","","","","","","","","","","","","","","","","","","","","","","","","","","","","","","","","","","","","","","","96.1694718101807","96.1694718101807","96.1694718101807","96.1694718101807","96.1694718101807","96.1694718101807","96.1694718101807","96.1694718101807","96.1694718101807","96.1694718101807","96.1694718101807","96.1694718101807","96.1694718101807","96.1694718101807","96.1826102536926","96.1957486972046","96.2088871407165","96.2220255842285","96.2351640277405","96.2483024712524","96.2614409147644","96.2745793582764","96.2877178017883","96.3008562453003","96.3008562453003","",
"Sri Lanka","LKA","People using safely managed sanitation services (% of population)","SH.STA.SMSS.ZS","","","","","","","","","","","","","","","","","","","","","","","","","","","","","","","","","","","","","","","","","","","","","","","","","","","","","","","","","","","","","","","","","","",
"Lower middle income","LMC","People using safely managed sanitation services (% of population)","SH.STA.SMSS.ZS","","","","","","","","","","","","","","","","","","","","","","","","","","","","","","","","","","","","","","","","","16.7614104572234","17.8626527294385","19.0067559655786","20.4152375220544","21.8833676091148","23.2691525536951","24.6975111939568","26.1944991657712","27.690286377963","29.1838131456572","30.6849158405973","32.1910284470624","33.7008554155005","35.2259300433404","36.7829447244063","38.3362587410748","39.9461607532577","41.5491335734407","43.1360266763415","44.721094154806","46.261636344688","47.7984478208735","49.3138940001353","50.5964834997455","51.8912087460898","",
"Low & middle income","LMY","People using safely managed sanitation services (% of population)","SH.STA.SMSS.ZS","","","","","","","","","","","","","","","","","","","","","","","","","","","","","","","","","","","","","","","","","","","","","","","","","","","","","","","","","","","","","","","","","","",
"Lesotho","LSO","People using safely managed sanitation services (% of population)","SH.STA.SMSS.ZS","","","","","","","","","","","","","","","","","","","","","","","","","","","","","","","","","","","","","","","","","12.8955803086503","14.4302259609427","15.9549496764876","17.4480200433588","18.9255812156635","20.3624715930644","21.7831172855821","23.1839995530555","24.5701435729773","25.9414261567377","27.2978783438289","28.6394357713148","29.9675628706755","31.2830615644637","32.5859386151747","33.8761788020891","35.1538646047361","36.4407852436394","37.6029358670105","38.6865762514329","39.7471661616137","40.7846143226563","41.7984780724004","42.7887099519371","43.7549537714056","",
"Late-demographic dividend","LTE","People using safely managed sanitation services (% of population)","SH.STA.SMSS.ZS","","","","","","","","","","","","","","","","","","","","","","","","","","","","","","","","","","","","","","","","","","","","","","","","","","","","","","","","","","","","","","","","","","",
"Lithuania","LTU","People using safely managed sanitation services (% of population)","SH.STA.SMSS.ZS","","","","","","","","","","","","","","","","","","","","","","","","","","","","","","","","","","","","","","","","","81.9968609083221","82.4403875531088","82.8790663926788","83.3194154472742","83.7614397726828","84.2231720111143","84.70284225475","85.1812114998772","85.6582771913988","86.3796912234894","87.093832571266","87.829547549313","88.5925449322377","89.3577394379647","90.1311858357625","90.9049536417206","91.6807188063557","92.4580367795705","93.2363698974387","94.0152921791408","94.774413393459","95.3332689803048","95.8896049727954","96.3841322822501","96.3965645962382","",
"Luxembourg","LUX","People using safely managed sanitation services (% of population)","SH.STA.SMSS.ZS","","","","","","","","","","","","","","","","","","","","","","","","","","","","","","","","","","","","","","","","","92.2133872038936","92.2610529212398","92.2961233532784","92.3302476608679","92.3635917589142","92.3959131749875","92.4274502827637","92.4581296528376","92.4880911164062","92.517051652341","92.5453024935689","92.572772839358","92.5990140307641","92.9111759692158","93.2229241785816","93.5342308466001","93.8451667074821","94.1557044776017","94.4659107948594","94.7758553290843","95.0855079614305","95.3949337901376","95.7042058971878","96.0131559290127","96.3220039091808","",
"Latvia","LVA","People using safely managed sanitation services (% of population)","SH.STA.SMSS.ZS","","","","","","","","","","","","","","","","","","","","","","","","","","","","","","","","","","","","","","","","","79.7613313785547","79.7396888924056","79.9436255049716","80.0691049682714","80.1466706908586","80.222624862776","80.8794509368229","81.5311269003684","82.183550502069","82.8436845154021","83.511205670493","84.1787742316114","84.8462160680868","85.5135149554595","86.1805104036861","87.026278050657","87.8769018098584","88.7322665461332","89.5922656522584","90.4567789138175","91.3256917413801","92.0069797523466","92.2626087395691","92.5186835470802","92.5346142806387","",
"Macao SAR, China","MAC","People using safely managed sanitation services (% of population)","SH.STA.SMSS.ZS","","","","","","","","","","","","","","","","","","","","","","","","","","","","","","","","","","","","","","","","","49.8432167713099","49.8432167713099","49.8432167713099","49.8432167713099","49.8432167713099","49.8432167713099","49.8432167713099","49.8432167713099","49.8432167713099","49.8432167713099","51.850718331692","53.8582198920735","55.8657214524555","57.8732230128371","59.8807245732187","61.8882261336007","63.8957276939823","65.9032292543643","67.9107308147459","69.9182323751274","71.9257339355095","73.933235495891","75.9407370562731","77.9482386166546","79.9557401770362","",
"St. Martin (French part)","MAF","People using safely managed sanitation services (% of population)","SH.STA.SMSS.ZS","","","","","","","","","","","","","","","","","","","","","","","","","","","","","","","","","","","","","","","","","","","","","","","","","","","","","","","","","","","","","","","","","","",
"Morocco","MAR","People using safely managed sanitation services (% of population)","SH.STA.SMSS.ZS","","","","","","","","","","","","","","","","","","","","","","","","","","","","","","","","","","","","","","","","","10.9134123214267","10.9583623647257","11.0722692049655","11.1674623038223","11.1188251849783","11.0334046609692","10.9364805594262","10.8350201354166","10.7291558629042","10.6190342148778","10.5040834692387","10.3848091723656","10.2609992441832","10.1328128441416","10.0000324303763","9.86282306519917","9.72095940646421","9.57461678467662","9.42377286142033","9.3222226077393","9.22322809152975","8.99393023762136","8.76500454575536","8.53732064689365","8.4240714170847","",
"Monaco","MCO","People using safely managed sanitation services (% of population)","SH.STA.SMSS.ZS","","","","","","","","","","","","","","","","","","","","","","","","","","","","","","","","","","","","","","","","","100","100","100","100","100","100","100","100","100","100","100","100","100","100","100","100","100","100","100","100","100","100","100","100","100","",
"Moldova","MDA","People using safely managed sanitation services (% of population)","SH.STA.SMSS.ZS","","","","","","","","","","","","","","","","","","","","","","","","","","","","","","","","","","","","","","","","","","","","","","","","","","","","","","","","","","","","","","","","","","",
"Madagascar","MDG","People using safely managed sanitation services (% of population)","SH.STA.SMSS.ZS","","","","","","","","","","","","","","","","","","","","","","","","","","","","","","","","","","","","","","","","","3.16942897754238","3.56440492196365","3.95967747705235","4.3553917231806","4.75117225341933","5.16535405334386","5.58029023699705","5.99596061572592","6.41251709635809","6.82970998715121","7.24768905524362","7.66643213000907","8.08597448386961","8.5062915028461","8.92747918702815","9.34945078956545","9.77230171585027","10.1960055255906","10.6205947803772","11.0459768149593","11.4723103329964","11.8994332047774","12.3275080264086","12.756363990707","12.8016931314505","",
"Maldives","MDV","People using safely managed sanitation services (% of population)","SH.STA.SMSS.ZS","","","","","","","","","","","","","","","","","","","","","","","","","","","","","","","","","","","","","","","","","","","","","","","","","","","","","","","","","","","","","","","","","","",
"Middle East, North Africa, Afghanistan & Pakistan","MEA","People using safely managed sanitation services (% of population)","SH.STA.SMSS.ZS","","","","","","","","","","","","","","","","","","","","","","","","","","","","","","","","","","","","","","","","","34.6278983686082","35.0383394875762","35.3695360354997","35.7680347030675","36.4659665748397","37.0791238335093","37.8632426491863","38.7679416034459","39.6004178511428","40.372553232206","41.14276771706","41.9183275660913","42.6774913517539","43.7348243067526","44.5680862673482","45.4206672645185","46.5860695515286","47.6948769418518","48.765596714147","49.8586102752527","50.9533400437441","51.9960354350767","53.123518183011","53.8359090667514","54.4427793216174","",
"Mexico","MEX","People using safely managed sanitation services (% of population)","SH.STA.SMSS.ZS","","","","","","","","","","","","","","","","","","","","","","","","","","","","","","","","","","","","","","","","","17.7372797881082","17.8359875716485","17.9324558425282","19.8842964461045","21.8674444053587","23.8815020854256","25.9260931587791","28.000814757758","30.1053706835335","32.2393353210371","34.4024023845501","36.5945159230608","38.8152184486236","41.0643842285524","43.341774353737","45.6469549812304","47.9798629206309","50.3400589097429","52.7274007019631","55.141655990825","57.5826073262968","60.0499003933119","62.5249597507002","62.7132840837548","62.7483600306072","",
"Marshall Islands","MHL","People using safely managed sanitation services (% of population)","SH.STA.SMSS.ZS","","","","","","","","","","","","","","","","","","","","","","","","","","","","","","","","","","","","","","","","","","","","","","","","","","","","","","","","","","","","","","","","","","",
"Middle income","MIC","People using safely managed sanitation services (% of population)","SH.STA.SMSS.ZS","","","","","","","","","","","","","","","","","","","","","","","","","","","","","","","","","","","","","","","","","","","","","","","","","","","","","","","","","","","","","","","","","","",
"North Macedonia","MKD","People using safely managed sanitation services (% of population)","SH.STA.SMSS.ZS","","","","","","","","","","","","","","","","","","","","","","","","","","","","","","","","","","","","","","","","","12.9041171728965","12.9180583988392","12.9319997202758","12.9459411748494","12.9599494563503","12.9287241112103","12.8956650879364","12.8606003168605","12.8233591271069","12.7836911357191","12.7414941654826","12.6965127622184","12.6486457158092","12.5976306475059","12.5432819193669","12.4855882845782","12.4241935112869","12.3590003975964","12.2057365405869","12.1923342665948","12.2049140729073","12.2142961861887","12.1818543296994","12.1465795356577","12.1085676786862","",
"Mali","MLI","People using safely managed sanitation services (% of population)","SH.STA.SMSS.ZS","","","","","","","","","","","","","","","","","","","","","","","","","","","","","","","","","","","","","","","","","7.00319658827331","7.63785827960968","8.26763367990646","8.89213767373166","9.51094175083772","10.1237743687347","10.7301205828745","11.3297285108703","11.9220840584872","12.4933511411437","13.0562634248095","13.6106573349653","14.1564011632127","14.6933955749376","15.221473527568","15.7406933041439","16.250939842601","16.7520994169802","17.2443375105257","17.7274520372847","18.2018322785224","18.6583875473626","19.1037815512211","19.5408414085671","20.0090526597646","",
"Malta","MLT","People using safely managed sanitation services (% of population)","SH.STA.SMSS.ZS","","","","","","","","","","","","","","","","","","","","","","","","","","","","","","","","","","","","","","","","","1.97669665428037","2.70354800806216","8.30532558624956","13.9122164460295","19.5242013464025","25.141298915627","30.7635426277551","36.3909312872384","42.0234154093759","47.6610012079212","53.3036864711575","58.9561836607136","64.6137834807304","70.2764920624619","75.9443061148325","81.6172294658422","87.2952606629058","92.9783979729671","98.6666397642639","99.9905343490211","99.9952644133915","99.9999977128228","99.9999984486759","100","100","",
"Myanmar","MMR","People using safely managed sanitation services (% of population)","SH.STA.SMSS.ZS","","","","","","","","","","","","","","","","","","","","","","","","","","","","","","","","","","","","","","","","","58.3812426003797","58.9231791433307","59.2414346362408","59.5552220244473","59.8644917890281","60.1692150688268","60.4693075716833","60.7648062197029","61.0556688421828","61.046322029694","61.0340386741087","61.018797403553","61.0005873810574","60.9794274265798","60.9552547613415","60.927299954751","60.8950573266085","60.8580511246499","60.815724250927","60.7676652148342","60.7134141116229","60.6522770395288","60.614753420879","60.5751324026065","60.5335397782737","",
"Middle East, North Africa, Afghanistan & Pakistan (excluding high income)","MNA","People using safely managed sanitation services (% of population)","SH.STA.SMSS.ZS","","","","","","","","","","","","","","","","","","","","","","","","","","","","","","","","","","","","","","","","","31.6134640693069","31.9642223265492","32.2311277515813","32.5781331688497","33.2488059600335","33.8301983255447","34.5763309549059","35.4209246708312","36.1907273632989","36.93626642948","37.7014311486573","38.4625434746034","39.1993620299263","40.0258528691149","40.8487273895812","41.692033420822","42.8989065250612","44.1059993835616","45.309935583632","46.5204453637582","47.7202837342728","48.8537950302856","50.0280402474661","50.7465508918992","51.3827622109871","",
"Montenegro","MNE","People using safely managed sanitation services (% of population)","SH.STA.SMSS.ZS","","","","","","","","","","","","","","","","","","","","","","","","","","","","","","","","","","","","","","","","","","","","","","","29.7249514377058","31.0483210394526","32.3583749898437","33.6551453515824","34.9384144090959","36.2080786438874","37.4640742378462","38.7063598224567","39.9349131240122","41.149715755179","42.3506868743287","43.5378418202433","44.7082349586338","45.5964641349843","46.4596504268312","47.5508287497119","48.6488471031836","49.7537016292733","50.8653935806351","",
"Mongolia","MNG","People using safely managed sanitation services (% of population)","SH.STA.SMSS.ZS","","","","","","","","","","","","","","","","","","","","","","","","","","","","","","","","","","","","","","","","","41.0901086837547","41.614250254472","42.1293839144731","42.6352869717373","44.039294016103","45.4487853164602","46.864340384144","48.2847923070124","49.7095798996937","51.1364066728001","52.566494919845","53.8327020710364","55.0148764941062","56.2053927723662","57.4039331050946","58.6110226475061","59.8263557473405","61.0496048545158","62.2854070479398","63.5336008952952","64.7939955595621","66.0658629603141","67.3497878038106","68.644747206347","69.9469928494417","",
"Northern Mariana Islands","MNP","People using safely managed sanitation services (% of population)","SH.STA.SMSS.ZS","","","","","","","","","","","","","","","","","","","","","","","","","","","","","","","","","","","","","","","","","","","","","","","","","","","","","","","","","","","","","","","","","","",
"Mozambique","MOZ","People using safely managed sanitation services (% of population)","SH.STA.SMSS.ZS","","","","","","","","","","","","","","","","","","","","","","","","","","","","","","","","","","","","","","","","","9.03764538715834","9.88106318461896","10.7494482457673","11.6244630524007","12.5070856953858","13.3983798454205","14.2968052375989","15.2015649512476","16.1904538262054","17.1957189316208","18.2114997044739","19.2372560460727","20.2729906490099","21.3225131065639","22.3807196967361","23.44755428179","24.5609905415854","25.686958244912","26.8257316558557","27.9782033206591","29.1440556530589","30.3238926121746","31.5167513852654","32.7232343532505","33.9433045861423","",
"Mauritania","MRT","People using safely managed sanitation services (% of population)","SH.STA.SMSS.ZS","","","","","","","","","","","","","","","","","","","","","","","","","","","","","","","","","","","","","","","","","","","","","","","","","","","","","","","","","","","","","","","","","","",
"Mauritius","MUS","People using safely managed sanitation services (% of population)","SH.STA.SMSS.ZS","","","","","","","","","","","","","","","","","","","","","","","","","","","","","","","","","","","","","","","","","","","","","","","","","","","","","","","","","","","","","","","","","","",
"Malawi","MWI","People using safely managed sanitation services (% of population)","SH.STA.SMSS.ZS","","","","","","","","","","","","","","","","","","","","","","","","","","","","","","","","","","","","","","","","","7.8310872267247","7.83998276722425","7.84712476223005","7.85426783100232","7.86128870014244","10.0608108219233","12.2526233506859","14.4368217096043","16.6132982777683","18.7829014289869","20.9452672986112","23.100082128029","25.2469157655667","27.3854671286297","29.5152735160073","31.6360075729148","33.7472213524335","35.848528073444","37.9394812771959","40.0196644429327","42.0885832764222","44.1458218719215","46.1908091189532","46.1724128053367","46.1529166344501","",
"Malaysia","MYS","People using safely managed sanitation services (% of population)","SH.STA.SMSS.ZS","","","","","","","","","","","","","","","","","","","","","","","","","","","","","","","","","","","","","","","","","76.421032350585","76.5968564155683","76.7691403450575","76.9379706886267","77.103398801895","77.2653609647657","77.4240053360201","77.5793737445327","77.9132442401565","78.244296355223","78.7233755609937","79.2007737032716","79.6790319127026","80.1586033568827","80.6395745702684","81.1219322895464","81.6057541686251","82.0909851298789","82.7159182520221","83.4090138814348","84.0738867645129","84.7234014064899","85.3677644269194","85.5770645193215","85.7863441595325","",
"North America","NAC","People using safely managed sanitation services (% of population)","SH.STA.SMSS.ZS","","","","","","","","","","","","","","","","","","","","","","","","","","","","","","","","","","","","","","","","","94.5415607496434","94.5653171963111","94.5892471368628","94.647711169598","94.7068046358011","94.7650650839238","94.8212220200302","94.8724703403175","94.9224755233765","94.9710166035792","95.0133898173426","95.036546119369","95.0650593711121","95.0940437773715","95.1251951895124","95.1576595976154","95.1882571326705","95.2168399623772","95.2451774105117","95.2740301654301","95.3030886423164","95.3333703144995","95.3713633402327","95.3691829221881","95.3904661396555","",
"Namibia","NAM","People using safely managed sanitation services (% of population)","SH.STA.SMSS.ZS","","","","","","","","","","","","","","","","","","","","","","","","","","","","","","","","","","","","","","","","","","","","","","","","","","","","","","","","","","","","","","","","","","",
"New Caledonia","NCL","People using safely managed sanitation services (% of population)","SH.STA.SMSS.ZS","","","","","","","","","","","","","","","","","","","","","","","","","","","","","","","","","","","","","","","","","","","","","","","","","","","","","","","","","","","","","","","","","","",
"Niger","NER","People using safely managed sanitation services (% of population)","SH.STA.SMSS.ZS","","","","","","","","","","","","","","","","","","","","","","","","","","","","","","","","","","","","","","","","","3.64506614040723","3.92294931901771","4.19282801001558","4.46278584610159","4.70836821175514","4.9491605269144","5.18848684990457","5.42623524900399","5.66228384628472","5.8968713301204","6.1298785864605","6.36117601202307","6.5910185725256","6.81927828712552","7.06424970949829","7.31068627510166","7.55871011869347","7.80905834749501","8.06189174423568","8.31803629979299","8.57804803693901","8.84233120756192","9.10952088237964","9.21763960470487","9.14683342354384","",
"Nigeria","NGA","People using safely managed sanitation services (% of population)","SH.STA.SMSS.ZS","","","","","","","","","","","","","","","","","","","","","","","","","","","","","","","","","","","","","","","","","20.4970933290166","20.4674016050959","20.8601836833564","21.2627329989361","21.6791516239722","22.1074645261832","22.5480125987499","23.001167312573","23.4673078778827","23.9467830996113","24.4399470790357","24.9469283652249","25.4678700893214","26.0028469098244","26.5519529192653","27.1152803283175","27.6927586783229","28.2845242902243","28.8905027490434","29.5106252660402","30.1448758537385","30.7931355307584","31.4553515414556","32.1314589229297","32.2082592818415","",
"Nicaragua","NIC","People using safely managed sanitation services (% of population)","SH.STA.SMSS.ZS","","","","","","","","","","","","","","","","","","","","","","","","","","","","","","","","","","","","","","","","","","","","","","","","","","","","","","","","","","","","","","","","","","",
"Netherlands","NLD","People using safely managed sanitation services (% of population)","SH.STA.SMSS.ZS","","","","","","","","","","","","","","","","","","","","","","","","","","","","","","","","","","","","","","","","","97.4430039606258","97.4432714562705","97.4435423241299","97.4438059727607","97.4470670431135","97.4503236429972","97.4535592171127","97.4567716211895","97.4599790034745","97.4631947693059","97.4664101002212","97.4696025047123","97.4727862442758","97.4759432933688","97.4790749439506","97.4821990518228","97.4853256689166","97.4884477842575","97.4915938771977","97.4947256023096","97.4975140928938","97.4976216821673","97.4977258193256","97.4978210324354","97.4979048764686","",
"Norway","NOR","People using safely managed sanitation services (% of population)","SH.STA.SMSS.ZS","","","","","","","","","","","","","","","","","","","","","","","","","","","","","","","","","","","","","","","","","76.6605166123698","76.707171157304","76.7543769991664","76.8021302714355","76.8505134798288","76.899527272349","76.9490877212446","76.9991631664649","77.0497614340769","77.1009112726458","77.1526077271255","77.2046865178585","77.2571556283165","77.3101766777685","77.363757124036","77.4178888222873","77.4725778494861","77.527831117379","77.5836405859875","77.6400081292395","77.6969511414821","77.7544444173358","77.8125066456579","77.8711271727901","77.930319871296","",
"Nepal","NPL","People using safely managed sanitation services (% of population)","SH.STA.SMSS.ZS","","","","","","","","","","","","","","","","","","","","","","","","","","","","","","","","","","","","","","","","","7.30903040664595","9.34903460110937","10.9266608598517","12.5360120113842","14.1769722043509","15.8494271934976","17.5532602076063","19.2883728235731","21.0546152718491","22.8518702664296","24.6800190786793","26.5389346648414","28.4284188707058","30.3483157518779","32.2983813097562","34.278456739642","36.2882792165123","38.3276708272382","40.3963675117643","42.4942073939418","44.6209128423478","46.7763268530091","48.9600743067927","51.1720846981664","53.4119460561394","",
"Naoero","NRU","People using safely managed sanitation services (% of population)","SH.STA.SMSS.ZS","","","","","","","","","","","","","","","","","","","","","","","","","","","","","","","","","","","","","","","","","45.6506207702077","45.6493234983881","45.6480262265685","45.6467289547489","45.6454316829292","45.6441344111096","45.0672440998614","44.4814208906265","43.8866647834042","43.2829757781949","42.6703538749989","42.0487990738156","41.4183113746452","40.7788907774883","40.130537282344","39.4732508892126","38.8070315980947","38.1318794089893","37.4477943218969","36.7547763368179","36.0528254537515","35.3419416726985","34.622124993658","33.8933754166306","33.1556929416166","",
"New Zealand","NZL","People using safely managed sanitation services (% of population)","SH.STA.SMSS.ZS","","","","","","","","","","","","","","","","","","","","","","","","","","","","","","","","","","","","","","","","","80.436446972693","81.0221774579859","81.6087770090228","82.1962409162084","82.7845778831048","83.3737812534339","83.9638590147969","84.554797650438","85.1466132476351","85.7392909766566","86.332843512408","86.9272607498556","87.5225473814328","87.5767422153431","87.6279829370339","87.6762676438379","87.7215965858237","87.7639727644758","87.8033987457969","87.9647296775874","88.6171489278728","88.6779804638913","88.7388189126424","88.7996538702371","88.7996547487802","",
"OECD members","OED","People using safely managed sanitation services (% of population)","SH.STA.SMSS.ZS","","","","","","","","","","","","","","","","","","","","","","","","","","","","","","","","","","","","","","","","","","","","","","","","","","","","","","","","","","","","","","","","","","",
"Oman","OMN","People using safely managed sanitation services (% of population)","SH.STA.SMSS.ZS","","","","","","","","","","","","","","","","","","","","","","","","","","","","","","","","","","","","","","","","","","","","","","","","","","","","","","","","","","","","","","","","","","",
"Other small states","OSS","People using safely managed sanitation services (% of population)","SH.STA.SMSS.ZS","","","","","","","","","","","","","","","","","","","","","","","","","","","","","","","","","","","","","","","","","","","","","","","","","","","","","","","","","","","","","","","","","","",
"Pakistan","PAK","People using safely managed sanitation services (% of population)","SH.STA.SMSS.ZS","","","","","","","","","","","","","","","","","","","","","","","","","","","","","","","","","","","","","","","","","","","","","","","","","","","","","","","","","","","","","","","","","","",
"Panama","PAN","People using safely managed sanitation services (% of population)","SH.STA.SMSS.ZS","","","","","","","","","","","","","","","","","","","","","","","","","","","","","","","","","","","","","","","","","","","","","","","","","","","","","","","","","","","","","","","","","","",
"Peru","PER","People using safely managed sanitation services (% of population)","SH.STA.SMSS.ZS","","","","","","","","","","","","","","","","","","","","","","","","","","","","","","","","","","","","","","","","","12.9046273684152","14.3691912365898","15.8682331543451","17.4013936081471","18.9683637464978","20.5688031319659","22.2023821354789","23.8687572520584","25.5630948884201","27.2847008380065","29.0349818289998","30.8136872468068","32.6207808933646","34.4559783576168","36.3191981115467","38.2103885044878","40.1292220901325","42.0756430221888","44.0503778621352","46.0533300324647","48.0846451429274","50.1442078513566","52.2320199464665","54.3482496597431","56.4924094824286","",
"Philippines","PHL","People using safely managed sanitation services (% of population)","SH.STA.SMSS.ZS","","","","","","","","","","","","","","","","","","","","","","","","","","","","","","","","","","","","","","","","","47.0974559542891","47.4835426174051","47.8705287524003","48.2584139895836","48.647199591175","49.0394882568755","49.4378131772947","50.2441929262624","51.0585602363225","51.8809254512894","52.710892322269","53.5450839655095","54.3843666262926","55.2286678485659","56.077986185003","56.9322207318648","57.5162325301869","58.1015445300703","58.6873651773109","59.2730519564743","59.8578963147958","60.4411862848669","61.0221905446823","61.6001657903068","62.1743615399215","",
"Palau","PLW","People using safely managed sanitation services (% of population)","SH.STA.SMSS.ZS","","","","","","","","","","","","","","","","","","","","","","","","","","","","","","","","","","","","","","","","","","","","","","","","","","","","","","","","","","","","","","","","","","",
"Papua New Guinea","PNG","People using safely managed sanitation services (% of population)","SH.STA.SMSS.ZS","","","","","","","","","","","","","","","","","","","","","","","","","","","","","","","","","","","","","","","","","10.7087226816245","10.7036975434169","10.699586654993","10.69547592952","10.6911365351671","11.0477237756367","11.4045720714143","11.7616823244078","12.1190540099067","12.4138866525032","12.7057496681973","12.9944491651995","13.2803722827988","13.5659548303238","13.8511085404264","14.1357426581818","14.4197729947973","14.703114577869","14.985864683601","15.2677645638233","15.5487383233885","15.8290555495645","16.1084671970507","16.3868970439005","16.6644443256609","",
"Poland","POL","People using safely managed sanitation services (% of population)","SH.STA.SMSS.ZS","","","","","","","","","","","","","","","","","","","","","","","","","","","","","","","","","","","","","","","","","86.1118649553605","86.7860364535541","87.4564950094743","88.1079791851452","88.7939547198821","89.48419321938","90.1788028284551","90.8775648918064","91.5805002906611","92.2877956234009","92.9993386825215","93.7151410841351","94.4346541679285","95.158742396788","95.887334551216","96.6135372212509","97.2858766638468","97.6851272850663","97.8339633768249","97.8289652754689","97.8295565901886","97.829731051133","97.8294803533006","97.8288102965281","97.8277048403773","",
"Pre-demographic dividend","PRE","People using safely managed sanitation services (% of population)","SH.STA.SMSS.ZS","","","","","","","","","","","","","","","","","","","","","","","","","","","","","","","","","","","","","","","","","","","","","","","","","","","","","","","","","","","","","","","","","","",
"Puerto Rico (US)","PRI","People using safely managed sanitation services (% of population)","SH.STA.SMSS.ZS","","","","","","","","","","","","","","","","","","","","","","","","","","","","","","","","","","","","","","","","","32.538512600696","32.5362957886359","32.5340789765758","32.5318621645157","32.5296453524556","32.5274285403955","32.5252117283354","32.5229949162753","32.5207781042152","32.5185612921551","32.516344480095","32.5141276680349","32.5119108559747","32.5096940439146","32.5091608798098","32.5091608798098","32.5091608798098","32.5091608798098","32.5091608798098","32.5091608798098","32.5091608798098","32.5091608798098","32.5091608798098","32.5091608798098","32.5091608798098","",
"Korea, Dem. People's Rep.","PRK","People using safely managed sanitation services (% of population)","SH.STA.SMSS.ZS","","","","","","","","","","","","","","","","","","","","","","","","","","","","","","","","","","","","","","","","","","","","","","","","","","","","","","","","","","","","","","","","","","",
"Portugal","PRT","People using safely managed sanitation services (% of population)","SH.STA.SMSS.ZS","","","","","","","","","","","","","","","","","","","","","","","","","","","","","","","","","","","","","","","","","53.7031999852056","53.8275550232816","53.9491955511378","54.0691239772159","56.074268323881","58.1520314338409","60.3011329625714","62.519846280106","64.8067127452406","67.1599172221956","69.5782122343685","72.0599872670434","74.6036417969932","77.2073298611333","79.869791163389","82.5894463421415","85.3648666003035","88.1946427674785","90.8683845716909","91.4071320819479","91.8816622629746","92.3252135880382","92.8190405808778","93.3760875882531","93.9246010109268","",
"Paraguay","PRY","People using safely managed sanitation services (% of population)","SH.STA.SMSS.ZS","","","","","","","","","","","","","","","","","","","","","","","","","","","","","","","","","","","","","","","","","47.2818297328892","47.8975538789401","48.4888713473356","49.0508993342872","49.6012195655282","50.142987907081","50.6762017488035","51.2009195890016","51.7171843447507","52.2250339611093","52.7245179868732","53.2156927316281","53.6985553301728","54.1752981329402","54.645550733391","55.1087059624008","55.5647165062154","56.0138162313248","56.4544785456234","56.8988366098515","57.317665924974","57.7111426756709","57.9878320287825","58.3982464211297","58.5283334580355","",
"West Bank and Gaza","PSE","People using safely managed sanitation services (% of population)","SH.STA.SMSS.ZS","","","","","","","","","","","","","","","","","","","","","","","","","","","","","","","","","","","","","","","","","32.4866784160982","32.5808103404972","32.6747222033757","32.7679031950302","33.004590019582","33.2412382395732","33.47809726813","33.7154194601291","33.9526847313896","34.4569007304373","35.2195294784392","35.9867399765962","36.758362761642","37.5342173730481","41.6125096749016","45.7457295221521","49.9347072783862","54.1806502348174","58.4836911089322","62.8454734569841","67.254985179898","71.7007596639858","72.6540053687772","73.3568900241435","73.5119845057758","",
"Pacific island small states","PSS","People using safely managed sanitation services (% of population)","SH.STA.SMSS.ZS","","","","","","","","","","","","","","","","","","","","","","","","","","","","","","","","","","","","","","","","","","","","","","","","","","","","","","","","","","","","","","","","","","",
"Post-demographic dividend","PST","People using safely managed sanitation services (% of population)","SH.STA.SMSS.ZS","","","","","","","","","","","","","","","","","","","","","","","","","","","","","","","","","","","","","","","","","","","","","","","","","","","","","","","","","","","","","","","","","","",
"French Polynesia","PYF","People using safely managed sanitation services (% of population)","SH.STA.SMSS.ZS","","","","","","","","","","","","","","","","","","","","","","","","","","","","","","","","","","","","","","","","","","","","","","","","","","","","","","","","","","","","","","","","","","",
"Qatar","QAT","People using safely managed sanitation services (% of population)","SH.STA.SMSS.ZS","","","","","","","","","","","","","","","","","","","","","","","","","","","","","","","","","","","","","","","","","87.5492521589773","87.5492521589773","87.5492521589773","87.5492521589773","87.5492521589773","87.5492521589773","87.5492521589773","87.5492518979675","87.5492516369556","88.4374643895745","89.3256771421911","90.2138898948055","91.1021026474178","91.9903154000279","92.8785281526359","93.7777234950267","94.6842345374343","95.5907455798408","96.4972566222462","97.4037676646503","98.3102787070536","99.2167897494558","99.936545083788","99.936545083788","99.936545083788","",
"Romania","ROU","People using safely managed sanitation services (% of population)","SH.STA.SMSS.ZS","","","","","","","","","","","","","","","","","","","","","","","","","","","","","","","","","","","","","","","","","","47.917792968943","47.8956394303211","47.9362588937452","48.9054960637943","49.918144026625","51.7149353722772","53.5509593725839","55.4504948293835","57.4145966809413","59.4443281271174","61.540753310391","63.6734593641785","65.8634264979189","68.1259304694625","70.4680388513408","72.8908302362353","75.3941202913013","77.9791295079479","80.6458716931721","83.1414311390111","85.4491998429809","87.7991105757935","89.7363356061555","89.7986287516482","",
"Russian Federation","RUS","People using safely managed sanitation services (% of population)","SH.STA.SMSS.ZS","","","","","","","","","","","","","","","","","","","","","","","","","","","","","","","","","","","","","","","","","","","54.4131059662227","54.5583032470666","54.7038910322533","54.849512577926","54.9951667111006","55.294459506835","55.442078074458","55.5319796881632","55.5915638422377","55.6529523447601","55.7180418174697","55.7874534673283","55.8622561789545","55.9429049714138","56.0303350509615","56.1253373928532","56.2284633891692","56.534956616631","56.8555396821504","57.180862996159","57.5108013300593","57.8457778254531","58.1856567616193","",
"Rwanda","RWA","People using safely managed sanitation services (% of population)","SH.STA.SMSS.ZS","","","","","","","","","","","","","","","","","","","","","","","","","","","","","","","","","","","","","","","","","","","","","","","","","","","","","","","","","","","","","","","","","","",
"South Asia","SAS","People using safely managed sanitation services (% of population)","SH.STA.SMSS.ZS","","","","","","","","","","","","","","","","","","","","","","","","","","","","","","","","","","","","","","","","","9.68327323485241","11.3502226594423","13.0846153535059","15.2531692297595","17.4202521273659","19.4422747438209","21.4742713711664","23.5602355058115","25.6589999010943","27.7709439156233","29.8969187541516","32.0362833867935","34.1895351851913","36.3611327119487","38.5797157071092","40.8128707510213","43.0611600394324","45.3105575144965","47.5282067078322","49.7467348650091","51.8827461473357","53.98734329691","56.0842651513861","58.1706793114689","60.0591907163454","",
"Saudi Arabia","SAU","People using safely managed sanitation services (% of population)","SH.STA.SMSS.ZS","","","","","","","","","","","","","","","","","","","","","","","","","","","","","","","","","","","","","","","","","","","","","","","","","","","","","","84.5073218736837","84.5423655746159","84.4775451036559","84.4127509950219","84.3478248421804","84.2829198477221","84.2177228935134","84.1525521094662","84.0870905990776","84.0214919945103","83.9557605091088","83.8898965219249","",
"Sudan","SDN","People using safely managed sanitation services (% of population)","SH.STA.SMSS.ZS","","","","","","","","","","","","","","","","","","","","","","","","","","","","","","","","","","","","","","","","","","","","","","","","","","","","","","","","","","","","","","","","","","",
"Senegal","SEN","People using safely managed sanitation services (% of population)","SH.STA.SMSS.ZS","","","","","","","","","","","","","","","","","","","","","","","","","","","","","","","","","","","","","","","","","14.6422974183474","14.9892496005574","15.3583792558765","15.7344456246977","16.1141056974313","16.4918578790711","16.8677112209128","17.2415640768312","17.6133541448473","17.9830079545618","18.6883493807123","19.4090606367449","20.1449791017116","20.8959486310087","21.6617993079375","22.4422993357025","23.2371848821132","24.0461477011907","24.8689039607631","25.7051204849735","26.5544820351275","27.416611034242","28.2911691856551","29.17782435725","30.0761504408284","",
"Singapore","SGP","People using safely managed sanitation services (% of population)","SH.STA.SMSS.ZS","","","","","","","","","","","","","","","","","","","","","","","","","","","","","","","","","","","","","","","","","100","100","100","100","100","100","100","100","100","100","100","100","100","100","100","100","100","100","100","100","100","100","100","100","100","",
"Solomon Islands","SLB","People using safely managed sanitation services (% of population)","SH.STA.SMSS.ZS","","","","","","","","","","","","","","","","","","","","","","","","","","","","","","","","","","","","","","","","","","","","","","","","","","","","","","","","","","","","","","","","","","",
"Sierra Leone","SLE","People using safely managed sanitation services (% of population)","SH.STA.SMSS.ZS","","","","","","","","","","","","","","","","","","","","","","","","","","","","","","","","","","","","","","","","","4.96784137255571","5.12245102051166","5.27735775174036","5.43256278517652","5.7985635409386","6.18382724352587","6.58730466964519","7.00429797026722","7.43477561010406","7.87633912942565","8.3309276419565","8.79873601921525","9.27973673389328","9.77370748036005","10.2808067194414","10.8009047803506","11.4311788205411","12.0632939325245","12.6898681817656","13.3353088591787","13.9998742652535","14.6838313751324","15.3874525353777","16.1085704533296","16.8455242283203","",
"El Salvador","SLV","People using safely managed sanitation services (% of population)","SH.STA.SMSS.ZS","","","","","","","","","","","","","","","","","","","","","","","","","","","","","","","","","","","","","","","","","45.7223524893522","45.546474823401","45.37123956698","44.9993396778515","44.62862587098","44.2603511828906","43.8936065054522","43.5127231030827","43.0342161245593","42.5612091673323","42.0930461897768","41.6293800363499","41.170798597859","40.7178655347775","40.269933518072","39.8272130637589","39.3936231308209","38.9696689956482","38.5540262046344","38.1051175705831","37.6639899982966","37.230292912643","36.8042702490678","36.385283506317","35.9732370193077","",
"San Marino","SMR","People using safely managed sanitation services (% of population)","SH.STA.SMSS.ZS","","","","","","","","","","","","","","","","","","","","","","","","","","","","","","","","","","","","","","","","","90.1925","90.1925","90.1925","90.1925","90.1925","90.1925","90.1925","90.1925","90.1925","90.1925","90.1925","90.1925","90.1925","90.1925","90.1925","90.1925","90.1925","90.1925","90.1925","90.1925","90.1925","90.1925","90.1925","90.1925","90.1925","",
"Somalia, Fed. Rep.","SOM","People using safely managed sanitation services (% of population)","SH.STA.SMSS.ZS","","","","","","","","","","","","","","","","","","","","","","","","","","","","","","","","","","","","","","","","","7.21328680412423","7.50967194107194","7.8042536533218","8.14963791678362","8.49161924874401","8.84974941041242","9.2094263482395","9.15392361783204","9.63448578374376","10.1105087669729","10.5811328922216","11.0447142808315","11.3908143443306","11.7379417120364","12.179023481631","12.5865068743147","12.9938744214208","13.4054888111978","13.8211483604757","14.2404533925393","14.6631897913079","15.0890285145353","15.5176906273223","15.9488930784751","16.3823397337184","",
"Serbia","SRB","People using safely managed sanitation services (% of population)","SH.STA.SMSS.ZS","","","","","","","","","","","","","","","","","","","","","","","","","","","","","","","","","","","","","","","","","29.5810831565053","29.5675642707934","29.5543123044645","29.5413584944628","29.5286115111008","29.3945528736848","29.1752892108071","28.9502228149411","28.7193456300249","28.4825416077296","28.2397743859699","27.9908732238688","27.7400702582227","27.4851098756234","27.2244772316551","26.9582241976114","26.6861600236864","26.4070222254693","26.1205492265904","25.798073355799","25.4529578169847","25.1008202300193","24.763125066199","24.4182102123844","24.0657869371989","",
"Sub-Saharan Africa (excluding high income)","SSA","People using safely managed sanitation services (% of population)","SH.STA.SMSS.ZS","","","","","","","","","","","","","","","","","","","","","","","","","","","","","","","","","","","","","","","","","17.300991292003","17.5072071499809","17.8497668051623","18.2134133954015","18.588646191721","19.0246139307938","19.4679814348364","19.9098060262967","20.3655909473282","20.8118627147253","21.2595901541757","21.5237266957843","21.9656667137283","22.4043816502337","22.8508317797318","23.3879893155753","23.9108763117007","24.4674637106205","25.0044081968336","25.5486809856551","26.1075496749962","26.7220840307158","27.3648330909184","27.6519481270696","27.9423361817952","",
"South Sudan","SSD","People using safely managed sanitation services (% of population)","SH.STA.SMSS.ZS","","","","","","","","","","","","","","","","","","","","","","","","","","","","","","","","","","","","","","","","","","","","","","","","","","","","","","","","","","","","","","","","","","",
"Sub-Saharan Africa","SSF","People using safely managed sanitation services (% of population)","SH.STA.SMSS.ZS","","","","","","","","","","","","","","","","","","","","","","","","","","","","","","","","","","","","","","","","","15.7995458650314","16.0003743611161","16.3233821508054","16.6656771954883","17.0210122180286","17.4314110060871","17.8487433519463","18.2649984626241","18.6966496134414","19.1206148076794","19.5458264994452","19.8250691736685","20.2460058890261","20.6655341446954","21.0922949583012","21.6003539903536","22.09451653925","22.618399058618","23.1255908895378","23.6387595974657","24.1641388262691","24.739596066531","25.3406323879584","25.6225141554122","25.9074828232473","",
"Small states","SST","People using safely managed sanitation services (% of population)","SH.STA.SMSS.ZS","","","","","","","","","","","","","","","","","","","","","","","","","","","","","","","","","","","","","","","","","","","","","","","","","","","","","","","","","","","","","","","","","","",
"Sao Tome and Principe","STP","People using safely managed sanitation services (% of population)","SH.STA.SMSS.ZS","","","","","","","","","","","","","","","","","","","","","","","","","","","","","","","","","","","","","","","","","13.1737154716942","14.2117154687613","15.2685489568213","16.3295669153504","17.3918208177739","18.3886435737144","19.3906056833619","20.3970836071369","21.4074728760047","22.4209013157265","23.4371042275641","24.4554069724023","25.4754335968653","26.4947876233242","27.5136172888418","28.5317257281557","29.5490780889014","30.5656733283189","31.5815308143062","32.5967076443617","33.6112779001612","34.625382730239","34.6487965218823","34.6709777810838","34.692024025377","",
"Suriname","SUR","People using safely managed sanitation services (% of population)","SH.STA.SMSS.ZS","","","","","","","","","","","","","","","","","","","","","","","","","","","","","","","","","","","","","","","","","29.4650292419925","29.7074469843572","29.948541023734","30.1885745883727","30.4274170683242","30.1206639489489","29.8115331044624","29.4983442143127","29.18094471956","28.8591782584374","28.5333378571242","28.2032659890908","27.8689606950561","27.5304130587197","27.1851945713009","26.833214387543","26.4746691333889","26.109611716152","25.7379624521093","25.3600597997855","25.1806023109979","25.17132294276","25.159658438113","25.1458730122594","25.1297026286031","",
"Slovak Republic","SVK","People using safely managed sanitation services (% of population)","SH.STA.SMSS.ZS","","","","","","","","","","","","","","","","","","","","","","","","","","","","","","","","","","","","","","","","","84.2330300608497","84.2326285191246","84.2189266782932","84.0615637483385","83.9377749597474","83.8132977468157","83.6880150644429","83.5620378286546","83.4354882281014","83.3081197109126","83.164684721045","83.021405344267","82.8929616927998","82.7638579399416","82.6340819369736","82.7014840984834","82.7725490488043","82.8472996936118","82.9185411983846","82.9934753552214","83.0721360318227","83.1546639922768","83.2410856786313","83.3314238589594","83.4254267213409","",
"Slovenia","SVN","People using safely managed sanitation services (% of population)","SH.STA.SMSS.ZS","","","","","","","","","","","","","","","","","","","","","","","","","","","","","","","","","","","","","","","","","41.5643414935969","43.5136925603892","45.5130144293535","47.5627998030008","49.6635413838422","51.8157318743905","54.0313564007072","56.2558535764049","58.5388420467342","60.9752108231015","63.4631192481629","66.0030141682655","68.5953440180178","71.2405588202855","73.9391101861962","76.6914513151356","79.4980369947484","81.4642010325818","82.4431201874575","83.4265345425542","83.7378831144057","83.9200533013471","84.1290658186278","84.336592253169","84.5426326049707","",
"Sweden","SWE","People using safely managed sanitation services (% of population)","SH.STA.SMSS.ZS","","","","","","","","","","","","","","","","","","","","","","","","","","","","","","","","","","","","","","","","","95.1391023013473","95.1605385245852","95.1787382952083","95.179972805196","95.1811368465304","95.182226076686","95.1855795466545","95.1910291819003","95.1964095911524","95.2016385027373","95.2067091470709","95.2156081145291","95.228054173809","95.2400599831474","95.2517072060778","95.2630201394736","95.2738924949117","95.2844239004502","95.2944534569883","95.3040097275388","95.3131151369248","95.3217624060779","95.3300124921534","95.3415843632483","95.3516469463789","",
"Eswatini","SWZ","People using safely managed sanitation services (% of population)","SH.STA.SMSS.ZS","","","","","","","","","","","","","","","","","","","","","","","","","","","","","","","","","","","","","","","","","44.9736766650838","45.4500110139909","45.9939713960267","46.5483488589612","47.1130786485354","47.6882468673962","48.2738132098929","48.868484858268","49.4589096902084","50.0250760315653","50.5902421222844","51.3076276606368","52.0334952750361","52.7621313502004","53.4935148199236","54.2273918649704","54.9625311257114","55.6986606002209","56.4351977531336","57.1716763372805","57.9076290176255","58.6425753108678","59.3757815820177","60.1072015022202","60.8358301515398","",
"Sint Maarten (Dutch part)","SXM","People using safely managed sanitation services (% of population)","SH.STA.SMSS.ZS","","","","","","","","","","","","","","","","","","","","","","","","","","","","","","","","","","","","","","","","","","","","","","","","","","","","","","","","","","","","","","","","","","",
"Seychelles","SYC","People using safely managed sanitation services (% of population)","SH.STA.SMSS.ZS","","","","","","","","","","","","","","","","","","","","","","","","","","","","","","","","","","","","","","","","","","","","","","","","","","","","","","","","","","","","","","","","","","",
"Syrian Arab Republic","SYR","People using safely managed sanitation services (% of population)","SH.STA.SMSS.ZS","","","","","","","","","","","","","","","","","","","","","","","","","","","","","","","","","","","","","","","","","","","","","","","","","","","","","","","","","","","","","","","","","","",
"Turks and Caicos Islands","TCA","People using safely managed sanitation services (% of population)","SH.STA.SMSS.ZS","","","","","","","","","","","","","","","","","","","","","","","","","","","","","","","","","","","","","","","","","","","","","","","","","","","","","","","","","34.1137164218922","34.0820773118686","34.0524385880899","34.0248070840748","33.9989675558559","33.9748136712937","33.9523485433685","33.9312557774741","33.9116398034325","",
"Chad","TCD","People using safely managed sanitation services (% of population)","SH.STA.SMSS.ZS","","","","","","","","","","","","","","","","","","","","","","","","","","","","","","","","","","","","","","","","","8.43991700775885","8.50607970563139","8.57060497775467","8.63553215847405","8.70072806853117","8.76619257292033","8.83192663014586","8.89808645925051","8.96436254004711","9.05407948564982","9.15079735349762","9.25498841036065","9.36733256419251","9.48814980793611","9.61794971266153","9.75747665993937","9.90729252557947","10.0679730189346","10.2403549211454","10.4248103094045","10.6224911594124","10.8338043982606","10.9121950622069","10.9964232689582","11.0867671123645","",
"East Asia & Pacific (IDA & IBRD countries)","TEA","People using safely managed sanitation services (% of population)","SH.STA.SMSS.ZS","","","","","","","","","","","","","","","","","","","","","","","","","","","","","","","","","","","","","","","","","19.049579793236","19.5810095368965","20.3117074083917","21.9642708689429","23.6966069016246","25.5209006552541","27.4116247223808","29.4071203437967","31.4722435421292","33.5916645419325","35.7828367181159","38.0215842313626","40.3121236161201","42.6592691938926","45.060718149767","47.5141622041489","49.9850216099512","52.5021137425894","55.05598914731","57.6405786804913","58.7238205932131","59.7735190502227","60.810481901985","61.7787364613876","62.2799597028577","",
"Europe & Central Asia (IDA & IBRD countries)","TEC","People using safely managed sanitation services (% of population)","SH.STA.SMSS.ZS","","","","","","","","","","","","","","","","","","","","","","","","","","","","","","","","","","","","","","","","","65.9822007970766","65.021029215705","56.7581273715105","56.9591134343681","57.3040898752829","57.6527110247172","57.9974956633895","58.4641587104109","58.9319189839133","59.3970229329526","59.901335136617","60.4241293529477","60.9491377961581","61.4931207514775","62.0381325022284","62.6214693028813","63.2683412584412","63.939528523539","64.610255951014","65.3693073306259","65.9779314878658","66.5281945543477","67.0086124342269","67.4403288727159","68.6487554274505","",
"Togo","TGO","People using safely managed sanitation services (% of population)","SH.STA.SMSS.ZS","","","","","","","","","","","","","","","","","","","","","","","","","","","","","","","","","","","","","","","","","4.32224108805463","4.46840179207966","4.61505167559693","4.76210645471394","4.90944859713617","5.28870451579873","5.67624622802704","6.06085553961802","6.45658827908701","6.86280461629925","7.27950511450206","7.70784326318076","8.14668637786411","8.59461933919338","9.05143129530009","9.5167599733968","9.99047717130244","10.4721137735412","10.9612577226906","11.4574905415172","11.9603846623903","12.4695060547794","12.9843766664402","13.0045399508851","13.0248800875831","",
"Thailand","THA","People using safely managed sanitation services (% of population)","SH.STA.SMSS.ZS","","","","","","","","","","","","","","","","","","","","","","","","","","","","","","","","","","","","","","","","","19.3745784890812","19.519093575565","19.6654547501602","19.8135465693338","19.9633854725718","20.2698434111294","20.5832967494759","20.9036858573347","21.2311711104834","21.5655938116069","21.9072522963553","22.2279885335351","22.5477340741238","22.8719641834787","23.2007949172754","23.5342137218524","23.872410246888","24.215089272757","24.5622057260537","24.9135559790544","25.269221789464","25.6292096208485","25.9933622558486","26.36167523574","26.7187994375737","",
"Tajikistan","TJK","People using safely managed sanitation services (% of population)","SH.STA.SMSS.ZS","","","","","","","","","","","","","","","","","","","","","","","","","","","","","","","","","","","","","","","","","","","","","","","","","","","","","","","","","","","","","","","","","","",
"Turkmenistan","TKM","People using safely managed sanitation services (% of population)","SH.STA.SMSS.ZS","","","","","","","","","","","","","","","","","","","","","","","","","","","","","","","","","","","","","","","","","","","","","","","","","","","","","","","","","","","","","","","","","","",
"Latin America & the Caribbean (IDA & IBRD countries)","TLA","People using safely managed sanitation services (% of population)","SH.STA.SMSS.ZS","","","","","","","","","","","","","","","","","","","","","","","","","","","","","","","","","","","","","","","","","29.7811284349925","30.0512953243502","30.3006518525563","30.9482425393833","31.6512121115088","32.3551473362866","33.0810304797669","34.0543144588989","35.0447344996974","36.0588036313702","37.0928772462431","38.299165262245","39.5375067015675","40.8099608047726","42.1158649991933","43.4536964604334","44.5298664655707","45.1858960158364","46.2630540587868","47.3267124832091","48.322400834226","49.3801273420637","50.4573327330667","50.9742119691335","51.4420183900487","",
"Timor-Leste","TLS","People using safely managed sanitation services (% of population)","SH.STA.SMSS.ZS","","","","","","","","","","","","","","","","","","","","","","","","","","","","","","","","","","","","","","","","","","","","","","","","","","","","","","","","","","","","","","","","","","",
"Middle East, North Africa, Afghanistan & Pakistan (IDA & IBRD)","TMN","People using safely managed sanitation services (% of population)","SH.STA.SMSS.ZS","","","","","","","","","","","","","","","","","","","","","","","","","","","","","","","","","","","","","","","","","31.6074818028328","31.9599708479273","32.2280603401673","32.5768201734639","33.2504952989091","33.8342751542831","34.5839451179943","35.4327847631494","36.206334193528","36.9535857831514","37.7188115945021","38.4799398997292","39.2165805783449","40.0435059659379","40.8432908575888","41.6629895930793","42.8480935787345","44.0327500491582","45.2136822425681","46.4006835599637","47.5762808698301","48.6844410991905","49.8593223810015","50.5776022734614","51.2176215681784","",
"Tonga","TON","People using safely managed sanitation services (% of population)","SH.STA.SMSS.ZS","","","","","","","","","","","","","","","","","","","","","","","","","","","","","","","","","","","","","","","","","38.4001006969286","38.3972997377188","38.3945961635886","38.3917939972674","38.3889929835385","38.7864174037956","39.1835021363707","39.5788182406235","39.9725266507714","40.3549568526433","40.6511294794826","39.8620895484272","39.0844315696781","38.3161562410929","37.5519158244401","36.7914722428009","36.0349459372032","35.2823406691472","34.5317861064484","33.7833818811371","33.0368558678831","32.2925592932593","31.7377896108678","31.2521084117003","31.2462228659936","",
"South Asia (IDA & IBRD)","TSA","People using safely managed sanitation services (% of population)","SH.STA.SMSS.ZS","","","","","","","","","","","","","","","","","","","","","","","","","","","","","","","","","","","","","","","","","9.68327323485241","11.3502226594423","13.0846153535059","15.2531692297595","17.4202521273659","19.4422747438209","21.4742713711664","23.5602355058115","25.6589999010943","27.7709439156233","29.8969187541516","32.0362833867935","34.1895351851913","36.3611327119487","38.5797157071092","40.8128707510213","43.0611600394324","45.3105575144965","47.5282067078322","49.7467348650091","51.8827461473357","53.98734329691","56.0842651513861","58.1706793114689","60.0591907163454","",
"Sub-Saharan Africa (IDA & IBRD countries)","TSS","People using safely managed sanitation services (% of population)","SH.STA.SMSS.ZS","","","","","","","","","","","","","","","","","","","","","","","","","","","","","","","","","","","","","","","","","15.7995458650314","16.0003743611161","16.3233821508054","16.6656771954883","17.0210122180286","17.4314110060871","17.8487433519462","18.2649984626241","18.6966496134414","19.1206148076794","19.5458264994452","19.8250691736685","20.2460058890261","20.6655341446954","21.0922949583012","21.6003539903536","22.09451653925","22.618399058618","23.1255908895378","23.6387595974657","24.1641388262691","24.7395960665311","25.3406323879584","25.6225141554122","25.9074828232473","",
"Trinidad and Tobago","TTO","People using safely managed sanitation services (% of population)","SH.STA.SMSS.ZS","","","","","","","","","","","","","","","","","","","","","","","","","","","","","","","","","","","","","","","","","","","","","","36.9799882274493","36.9578181460854","36.9355299671747","36.9133601931017","36.8910710801956","36.9489179408489","37.0054034062479","37.0637720858606","37.1243239283413","37.1873572911708","37.2530319300055","37.3219278641189","37.3942054575781","37.4701677883344","37.550112899386","37.6343445703164","37.7231624787892","37.8168707296058","37.9157682319035","38.0201589918231","",
"Tunisia","TUN","People using safely managed sanitation services (% of population)","SH.STA.SMSS.ZS","","","","","","","","","","","","","","","","","","","","","","","","","","","","","","","","","","","","","","","","","49.2276601245852","49.9997432697967","50.9508507212797","52.2345557018283","53.5253803197881","54.8046730417106","56.0978637867488","57.4041673207871","58.7237463536573","60.2548659193807","61.8074961930446","63.3822210158192","64.978782595895","66.5966946010809","68.2367677539486","69.9006923339128","71.5880723681096","72.8138570211256","74.0297510093063","75.2360903502545","76.4332590932597","77.6222561293337","78.8039311240229","79.4864549362121","79.7855170219304","",
"Turkiye","TUR","People using safely managed sanitation services (% of population)","SH.STA.SMSS.ZS","","","","","","","","","","","","","","","","","","","","","","","","","","","","","","","","","","","","","","","","","44.2316763508226","44.2185867938143","44.692676166061","45.1549218351724","46.7022344718895","48.2697536880361","49.8574485131791","51.1848641003389","52.5550469623722","53.9681046817709","55.4238942144397","56.9223909573911","58.4634251444989","60.0473258021756","61.6738213743526","63.3428453001823","65.0542537692526","66.8080407473976","68.6040287984082","70.4421777378061","72.3191660966207","73.9189962763872","75.543162457051","77.191657124415","78.8643590744389","",
"Tuvalu","TUV","People using safely managed sanitation services (% of population)","SH.STA.SMSS.ZS","","","","","","","","","","","","","","","","","","","","","","","","","","","","","","","","","","","","","","","","","41.3513297872914","41.7001238968309","42.0456477683869","42.3389322077707","42.5999589793132","42.8532731373796","43.1325434255504","43.4049104626414","43.6703799998275","43.9296629970836","44.1825193194477","43.7265432183503","43.2842102854362","42.8562350022502","42.444626544726","42.048962093054","41.6688012912583","41.3036711204189","40.9527895856244","40.6156850054133","40.291787763271","39.9804434662451","39.6811638088254","39.6596468583589","39.7052193077986","",
"Tanzania","TZA","People using safely managed sanitation services (% of population)","SH.STA.SMSS.ZS","","","","","","","","","","","","","","","","","","","","","","","","","","","","","","","","","","","","","","","","","2.92357882617789","4.14526813770882","5.36761253618836","6.61406749836837","7.87862546660043","9.14222841634085","10.4055847541309","11.6691712094779","12.933868452797","14.1343989240333","15.2134975605316","16.3177779070478","17.2917975969716","18.171710361942","19.0581440315541","19.9519712553614","20.8538023788054","21.7646713534577","22.6853471398848","23.6164485665611","24.5591981774851","25.5140643400153","26.4821347699278","27.4640099762315","28.4607925768988","",
"Uganda","UGA","People using safely managed sanitation services (% of population)","SH.STA.SMSS.ZS","","","","","","","","","","","","","","","","","","","","","","","","","","","","","","","","","","","","","","","","","12.6746121715949","13.0089573645399","13.3420919198283","13.6739660268753","14.0046188740955","14.3336462111401","14.6614424670348","14.9876946513121","15.3183683841379","15.6476648787185","15.9757129262487","16.3023948762872","16.627749920582","16.9515154515924","17.2726899578075","17.5923436305361","17.910300204185","18.2265336944705","18.5408820906244","18.8535292520553","19.1642487609885","19.4730265565705","19.7718123749113","20.0682333586538","20.3622611691786","",
"Ukraine","UKR","People using safely managed sanitation services (% of population)","SH.STA.SMSS.ZS","","","","","","","","","","","","","","","","","","","","","","","","","","","","","","","","","","","","","","","","","87.6134549498683","87.7293966884823","87.9824266874914","88.2374274150688","88.5428520712293","88.8490202627838","89.1542553274319","89.4591560968457","89.7637508297285","90.0680047705579","90.3691984341919","90.6703985025799","90.9716285998446","91.2362105604173","91.4297584160743","91.5434862097756","91.6568200581965","91.7697466191495","91.8824781598657","91.9949462568099","92.0809476826113","92.1603539567698","92.239044593903","92.3169278173799","92.3938896027806","",
"Upper middle income","UMC","People using safely managed sanitation services (% of population)","SH.STA.SMSS.ZS","","","","","","","","","","","","","","","","","","","","","","","","","","","","","","","","","","","","","","","","","24.5196583390201","24.9688106468843","25.5917642041746","27.0106239183891","28.5216124577276","30.0755962269027","31.6832397278006","33.3905848650088","35.1509309586139","36.9668384167705","38.8409536731816","40.7866269911019","42.7758545830491","44.8216089021506","46.9201621528092","49.0985258777483","51.2604394012811","53.458512259578","55.684916585778","57.9410794323542","59.0302585367118","60.0737885708413","61.080747142594","61.9112415857681","62.3991264412951","",
"Uruguay","URY","People using safely managed sanitation services (% of population)","SH.STA.SMSS.ZS","","","","","","","","","","","","","","","","","","","","","","","","","","","","","","","","","","","","","","","","","","","","","","","","","","","","","","","","","","","","","","","","","","",
"United States","USA","People using safely managed sanitation services (% of population)","SH.STA.SMSS.ZS","","","","","","","","","","","","","","","","","","","","","","","","","","","","","","","","","","","","","","","","","96.6668983878009","96.6943756677636","96.7219097256357","96.7494886806174","96.7771080378712","96.8047868614219","96.8325063497054","96.8602660517807","96.8880743054617","96.9159274476523","96.936481049884","96.9349907454656","96.9342199576858","96.9341670690134","96.9348584587854","96.936314954317","96.9385336178756","96.9415406180243","96.9453371131465","96.9499539004944","96.9553810977775","96.9616503364943","96.9687421072789","96.976678277341","97.0094700141013","",
"Uzbekistan","UZB","People using safely managed sanitation services (% of population)","SH.STA.SMSS.ZS","","","","","","","","","","","","","","","","","","","","","","","","","","","","","","","","","","","","","","","","","74.1672620050643","74.1678992692341","74.1504564509506","74.1257431931929","74.0975140552076","74.0708787598121","74.0408513443844","74.0075967993035","73.9711089858562","73.9315809590155","73.8886431329817","73.8972016272206","73.9609301879983","74.0253234825514","74.0903840072046","74.1561093900966","74.2225050203357","74.2895641572104","74.3513561498096","74.4078136280179","74.4584404813266","74.5029677736936","74.541112594431","74.5728186267873","74.5975903651394","",
"St. Vincent and the Grenadines","VCT","People using safely managed sanitation services (% of population)","SH.STA.SMSS.ZS","","","","","","","","","","","","","","","","","","","","","","","","","","","","","","","","","","","","","","","","","","","","","","","","","","","","","","","","","","","","","","","","","","",
"Venezuela, RB","VEN","People using safely managed sanitation services (% of population)","SH.STA.SMSS.ZS","","","","","","","","","","","","","","","","","","","","","","","","","","","","","","","","","","","","","","","","","25.0783478195859","24.9549339571371","24.8315200946883","24.7081062322395","24.5846923697908","24.461278507342","24.3378646448931","24.2144507824443","24.0910369199955","24.0610744415725","24.1572759855189","24.2828629324964","24.440482869971","24.5981028074459","24.7557227449207","24.9133426823954","25.0709626198702","25.2285825573449","25.3862024948199","25.5438224322947","25.5015586493615","25.3276445368923","26.0166822447189","26.0166822447189","26.0166822447189","",
"British Virgin Islands","VGB","People using safely managed sanitation services (% of population)","SH.STA.SMSS.ZS","","","","","","","","","","","","","","","","","","","","","","","","","","","","","","","","","","","","","","","","","","","","","","","","","","","","","","","","","","","","","","","","","","",
"Virgin Islands (U.S.)","VIR","People using safely managed sanitation services (% of population)","SH.STA.SMSS.ZS","","","","","","","","","","","","","","","","","","","","","","","","","","","","","","","","","","","","","","","","","","","","","","","","","","","","","","","","","","","","","","","","","","",
"Viet Nam","VNM","People using safely managed sanitation services (% of population)","SH.STA.SMSS.ZS","","","","","","","","","","","","","","","","","","","","","","","","","","","","","","","","","","","","","","","","","31.1190401061869","32.5341271257854","33.0739952692769","33.6062969745147","34.1311135960415","34.7245467296837","35.3123081827958","35.8941542895135","36.4697884035083","37.0390685343144","37.6020986843231","38.1580220857558","38.7066255762113","39.2476046772617","39.7808082457344","40.3059817642889","40.8228966453144","41.3314131486559","41.8314007846488","42.3227286234326","42.8052647583983","43.2790106976745","43.8338633932341","44.3925902294419","45.3744041929296","",
"Vanuatu","VUT","People using safely managed sanitation services (% of population)","SH.STA.SMSS.ZS","","","","","","","","","","","","","","","","","","","","","","","","","","","","","","","","","","","","","","","","","","","","","","","","","","","","","","","","","","","","","","","","","","",
"World","WLD","People using safely managed sanitation services (% of population)","SH.STA.SMSS.ZS","","","","","","","","","","","","","","","","","","","","","","","","","","","","","","","","","","","","","","","","","31.2881753488683","31.7087434420936","31.7419634773852","32.8230329882714","33.9741773747051","35.1225131480724","36.3082374282218","37.5761814141134","38.8632329735263","40.1596495006398","41.4802190631092","42.7735516177887","44.1283185421492","45.529984674652","46.9428255166604","48.3909273358928","49.8540496593313","51.3238898147764","52.7837361641671","54.2444074543503","55.1861809905804","56.1070680480859","57.0318690086871","57.8004059354749","58.4951883486035","",
"Samoa","WSM","People using safely managed sanitation services (% of population)","SH.STA.SMSS.ZS","","","","","","","","","","","","","","","","","","","","","","","","","","","","","","","","","","","","","","","","","41.7532636107297","41.7387114445044","41.7590201837655","41.7978853426838","41.8364278832017","42.0301847412413","42.2243121916934","42.4181550029306","42.3991452156096","42.3791926101879","42.3583035259714","42.1724408579919","41.5485080119545","40.9222379599585","41.4225395959027","41.8585513263883","42.2305357523157","42.6010948963039","42.9504172650166","43.2514307957465","43.5053272953739","43.6921183628493","43.8786051431171","43.9976098473399","44.1167316650394","",
"Kosovo","XKX","People using safely managed sanitation services (% of population)","SH.STA.SMSS.ZS","","","","","","","","","","","","","","","","","","","","","","","","","","","","","","","","","","","","","","","","","","","","","","","","","","","","","","","","","","","","","","","","","","",
"Yemen, Rep.","YEM","People using safely managed sanitation services (% of population)","SH.STA.SMSS.ZS","","","","","","","","","","","","","","","","","","","","","","","","","","","","","","","","","","","","","","","","","34.9089857846865","35.1314952235481","35.3574279188175","35.443633641386","35.5354611968453","35.6402973703135","35.7493422162285","35.8621956724756","35.9788971233734","36.0994839726152","36.223993062181","36.3520244500405","36.4836135045035","36.6192338816696","36.7580394608634","36.9005106057875","37.6173040103397","38.3284252851143","39.0332835614846","39.7321564737999","40.4244732480623","41.1096886567826","41.788080869843","42.45834661518","43.1211742417875","",
"South Africa","ZAF","People using safely managed sanitation services (% of population)","SH.STA.SMSS.ZS","","","","","","","","","","","","","","","","","","","","","","","","","","","","","","","","","","","","","","","","","47.3853740387978","47.9944228322462","48.607148864926","49.2165425685019","49.8192183011135","50.4146386269792","51.0030087536542","51.5842245065217","52.1582900423794","52.724703241234","53.2837080589849","53.8351368390624","54.3789860253195","54.9150122874386","55.443344055552","57.3282521062523","59.2539814019075","61.2211050378076","63.2302423520592","65.2819973489449","67.3770392793516","69.5158219561238","71.6989181538002","73.1701747518366","73.7806370822536","",
"Zambia","ZMB","People using safely managed sanitation services (% of population)","SH.STA.SMSS.ZS","","","","","","","","","","","","","","","","","","","","","","","","","","","","","","","","","","","","","","","","","","","","","","","","","","","","","","","","","","","","","","","","","","",
"Zimbabwe","ZWE","People using safely managed sanitation services (% of population)","SH.STA.SMSS.ZS","","","","","","","","","","","","","","","","","","","","","","","","","","","","","","","","","","","","","","","","","30.9160491597167","30.89292880599","30.9222190403367","30.9519521868491","30.9865700856609","30.6667829595932","30.348837650099","30.0326462446805","29.7182575903851","29.4055762738824","29.094663603634","28.4330715740431","27.8047289292382","27.2083884216639","26.6388325437918","26.0937935723538","25.5714081561218","25.0698135041086","24.5870922531822","24.121977841536","23.8796842065679","23.6312840598875","23.6132146077653","23.5892518501087","23.5592013201954","",
