"Data Source","World Development Indicators",

"Last Updated Date","2026-07-13",

"Country Name","Country Code","Indicator Name","Indicator Code","1960","1961","1962","1963","1964","1965","1966","1967","1968","1969","1970","1971","1972","1973","1974","1975","1976","1977","1978","1979","1980","1981","1982","1983","1984","1985","1986","1987","1988","1989","1990","1991","1992","1993","1994","1995","1996","1997","1998","1999","2000","2001","2002","2003","2004","2005","2006","2007","2008","2009","2010","2011","2012","2013","2014","2015","2016","2017","2018","2019","2020","2021","2022","2023","2024","2025",
"Aruba","ABW","GDP per capita, PPP (constant 2021 international $)","NY.GDP.PCAP.PP.KD","","","","","","","","","","","","","","","","","","","","","","","","","","","","","","","33146.6705478771","34079.2304630075","34458.142297503","34627.74347531","35580.5339781279","35476.4099870864","34506.5330803752","35534.2745034868","35361.1658888898","35316.6229395578","37618.9926155094","38827.4672740448","38195.3176084346","38182.3925262649","40101.7876131851","38926.4750002706","38664.3995098654","39562.4488484876","39982.5119922148","35074.6841221014","34037.5423205595","34926.1008924322","34058.3102329903","35711.9290506967","35837.3240929711","36753.4041726178","36926.1130685729","38213.2892388309","39378.2284109047","39754.5600722149","30408.8270901983","35207.1709088639","39083.4616398507","42783.2489072067","45428.0027283518","",
"Africa Eastern and Southern","AFE","GDP per capita, PPP (constant 2021 international $)","NY.GDP.PCAP.PP.KD","","","","","","","","","","","","","","","","","","","","","","","","","","","","","","","3520.01923283181","3425.13642950575","3252.31688807554","3127.87771409203","3099.43016512431","3155.04482771421","3247.12512375102","3291.6166582364","3269.45779459289","3268.36525112817","3282.34890610805","3313.89288261021","3350.69383885552","3357.78391588863","3457.68872066042","3578.21297897429","3718.69348523405","3867.50878828538","3935.02291750962","3870.96186560735","3978.12957148745","4033.18732362122","4051.44571135342","4126.33539547848","4186.24851129339","4207.36357863407","4210.93569503277","4223.1880503424","4229.83963374442","4200.53104400094","3978.13350151887","4049.96951303993","4098.12619221564","4076.22489796629","4099.88981217493","4164.67917723425",
"Afghanistan","AFG","GDP per capita, PPP (constant 2021 international $)","NY.GDP.PCAP.PP.KD","","","","","","","","","","","","","","","","","","","","","","","","","","","","","","","","","","","","","","","","","1617.82647494969","1454.11078195559","1774.30874287341","1815.92819979586","1776.91820712187","1908.11478234587","1929.72389709372","2155.35306784413","2191.50435559062","2565.02208584099","2848.58606111495","2757.05258747725","2985.31914452845","3046.57993117128","3017.94254424696","2967.692067153","2958.7853992308","2952.99891598909","2902.39211285546","2927.2451435353","2769.68574507111","2144.16657002819","1981.71016810561","1983.81261992909","1964.45228895456","",
"Africa Western and Central","AFW","GDP per capita, PPP (constant 2021 international $)","NY.GDP.PCAP.PP.KD","","","","","","","","","","","","","","","","","","","","","","","","","","","","","","","4165.72636252068","4101.37888894377","4090.01941740886","3928.31233108379","3812.2754133601","3774.10449511756","3841.15001765706","3894.84261146833","3922.4342238425","3874.21131764426","3915.43484958221","4010.5626021227","4299.84975097232","4423.57041270062","4648.60628015945","4782.44213997441","4899.65713639306","5023.69882254656","5188.67101371784","5362.1536063345","5582.43094395132","5698.38949989214","5823.41894631103","6009.65186054619","6183.24116217304","6194.43449404851","6034.82698886686","6009.51611369801","6026.52757172836","6070.28476944465","5698.76670161724","5702.13488630478","5818.48322357838","5886.79663594125","6009.08466240495","6139.58729379935",
"Angola","AGO","GDP per capita, PPP (constant 2021 international $)","NY.GDP.PCAP.PP.KD","","","","","","","","","","","","","","","","","","","","","","","","","","","","","","","8366.41271626349","8170.24939362119","7445.43836708148","5481.76386792194","5377.99034967929","5981.53257569901","6565.86479361918","6808.33628106109","6893.12265289502","6815.17530603212","6794.53021072097","6846.79269543978","7521.73598754911","7516.81391491319","8079.52613328266","8892.92106099154","9586.17542123825","10434.7087224445","11131.6310145389","10930.2531201205","11074.0723813984","11034.5919687814","11516.8133246588","11622.978345524","11718.4286832376","11389.7609549481","10963.9967887173","10565.1676483607","10154.8389228005","9712.97944927269","8904.94900580168","8720.18768742123","8750.99363032299","8597.53878787554","8752.7974709833","8760.19081963151",
"Albania","ALB","GDP per capita, PPP (constant 2021 international $)","NY.GDP.PCAP.PP.KD","","","","","","","","","","","","","","","","","","","","","","","","","","","","","","","5560.8339349099","4027.88880714791","3761.13980833495","4145.90250530525","4517.78007862677","5151.37596211047","5563.77007788975","4942.98350018006","5387.54588745977","6085.98339706701","6581.98909242849","7232.96055449664","7590.45852377781","8025.2480324802","8483.25881549279","8964.28082219496","9563.98954154527","10262.9242359026","11056.3059173381","11430.5746310655","11829.0042369631","12153.0636591785","12463.518369846","12873.4298184073","13366.5040948145","13876.7616296598","14643.4285614716","15359.3974577025","16170.9234325287","16761.1230178682","16457.7189744991","18212.794718288","19388.7927279351","20501.6470726741","21640.9835773271","22724.2938194949",
"Andorra","AND","GDP per capita, PPP (constant 2021 international $)","NY.GDP.PCAP.PP.KD","","","","","","","","","","","","","","","","","","","","","","","","","","","","","","","50036.3007757561","47624.9668573542","45246.53307101","42605.6595832451","42716.3656354","44375.0247238159","46386.0912022485","50032.3529125128","51092.2222352218","52921.0452609846","54809.1441679423","59109.0136806378","61188.6370851474","63656.1958332184","64353.4858113531","65114.8053663021","66390.293726491","65534.1168555171","60691.6051530637","57203.9708883731","58285.0577756981","60470.4662377044","58172.1323929474","57332.1585611366","59929.2444670501","62105.1542389675","64402.8092369468","63239.6577711911","63048.5985572834","63215.899791913","55488.4902991095","59332.2029100127","63913.3835079105","64631.2963909271","66232.7444195598","67993.0524178882",
"Arab World","ARB","GDP per capita, PPP (constant 2021 international $)","NY.GDP.PCAP.PP.KD","","","","","","","","","","","","","","","","","","","","","","","","","","","","","","","11355.1718407217","10925.4803164734","11328.2831751529","11373.8756110002","11407.5799459782","11439.965235048","11727.9176909663","12060.4162710899","12414.0808971918","12498.0448761006","12951.1488357919","12942.2801233206","12809.5386646405","12908.1785746866","13743.6011136095","14138.3873353854","14630.4079863564","14935.5647106518","15396.8318989782","15212.2519061915","15618.615472912","15945.1823698333","16186.2739403861","16119.4564896044","16172.6351171803","16397.4908780979","16632.4297723251","16568.8021684707","16749.8977688889","16808.651930358","15768.0410516828","16194.2304401674","16933.1685957842","16830.7594854659","16802.4292966747","17050.8498488892",
"United Arab Emirates","ARE","GDP per capita, PPP (constant 2021 international $)","NY.GDP.PCAP.PP.KD","","","","","","","","","","","","","","","","","","","","","","","","","","","","","","","111376.984373425","106266.157625225","104207.059133554","100422.832470477","102456.239942581","104527.848240577","103653.542710104","103392.379457138","96088.6587271972","92047.6104655985","95390.8328858321","90750.3257926454","87479.1545350862","89828.493399274","93166.1568863784","92750.9226341994","94872.5121329578","87180.6001633546","80285.1613062103","71488.9696792101","70913.7569272495","73190.4056300014","73644.0549928884","74237.2038000319","74145.1175448951","75238.5571858454","75671.036861385","72529.0423512365","72671.0787288764","72822.9466438922","66808.6209256028","68580.1312912676","70075.63837395","70239.8328337228","69701.785835525","",
"Argentina","ARG","GDP per capita, PPP (constant 2021 international $)","NY.GDP.PCAP.PP.KD","","","","","","","","","","","","","","","","","","","","","","","","","","","","","","","17007.2844317191","18295.6091996812","19476.2840606477","20791.3451479504","21711.842788091","20819.4999479903","21695.5949515372","23172.1583398342","23783.1017185449","22714.5111302701","22281.3814299958","21066.4581290433","18571.7020471274","20005.1385113465","21591.449396517","23262.4075792816","24877.2493922296","26850.6645932771","27658.4853446831","25747.1976809995","28056.2570212342","29425.7593876084","28825.9666865361","29227.6601818437","28200.8152571318","28669.2061336796","27802.1057201498","28334.904184742","27367.115094108","26629.5529419501","23877.0931404855","26300.274261175","27825.0273492567","27230.3968496682","26771.9657650571","27846.5984597239",
"Armenia","ARM","GDP per capita, PPP (constant 2021 international $)","NY.GDP.PCAP.PP.KD","","","","","","","","","","","","","","","","","","","","","","","","","","","","","","","6137.60045786761","5326.75285558236","3136.72428260526","2958.88037185647","3200.89649468569","3480.7559365251","3717.33576522762","3879.17938009678","4211.51276778797","4406.96706718618","4589.00825039977","5044.11647826468","5731.35346609213","6569.26023440631","7299.40001858866","8362.90084037119","9525.23146779778","10898.8483795634","11727.4821272949","10143.2350796867","10438.5641904169","10990.177099035","11796.2741177994","12194.0189523843","12667.3757330249","13112.7600902915","13192.9940731731","14243.8749003795","15037.0452420712","16215.3607965094","15052.9359791136","15921.705281964","17886.1783877168","19402.7510915578","20078.7848984844","21153.478328571",
"American Samoa","ASM","GDP per capita, PPP (constant 2021 international $)","NY.GDP.PCAP.PP.KD","","","","","","","","","","","","","","","","","","","","","","","","","","","","","","","","","","","","","","","","","","","","","","","","","","","","","","","","","","","","","","","","","","",
"Antigua and Barbuda","ATG","GDP per capita, PPP (constant 2021 international $)","NY.GDP.PCAP.PP.KD","","","","","","","","","","","","","","","","","","","","","","","","","","","","","","","21074.57643609","21424.2911871461","21330.2731918527","22051.4373204261","23081.6639123529","21639.6020640854","22597.314506816","23350.3093865169","23996.1144041367","24462.2034022412","25547.6120273679","24014.7754593511","23958.1638142071","25136.001691807","26303.6179046605","27692.634871178","30827.3416754916","33245.2678606765","32756.3067839753","28405.6900929523","25826.6086383235","25023.9174488179","25592.9066121735","25206.8458285339","25557.5249124716","25734.1516444171","26627.71453894","27199.1952402262","28878.6067675471","29651.8641526705","23930.6714995115","25745.4958067746","27785.5572316838","28712.3970492192","29298.6474164727","30620.3075553859",
"Australia","AUS","GDP per capita, PPP (constant 2021 international $)","NY.GDP.PCAP.PP.KD","","","","","","","","","","","","","","","","","","","","","","","","","","","","","","","36267.7410592234","35670.6678637309","35426.2848289008","36533.1468283451","37622.6524772939","38653.3366778657","39663.1617728168","40773.5660516518","42257.1718122395","43899.073794405","45099.0752097084","45428.2000837579","46688.3947760633","47581.2285345879","49061.2761503925","49997.0664953941","50693.7248649798","51663.2403953881","52473.3819160773","52407.9115378584","52739.2681556133","53257.0473237603","54403.8836902433","54895.0052588984","55489.068844146","55879.9958817103","56529.951824687","56881.8569859104","57647.8455068105","58048.6188420831","57260.4650530108","58327.4146842325","60029.1329190733","60684.9596204883","60309.5831772339","60194.0633547961",
"Austria","AUT","GDP per capita, PPP (constant 2021 international $)","NY.GDP.PCAP.PP.KD","","","","","","","","","","","","","","","","","","","","","","","","","","","","","","","43258.1144095785","44302.3593080223","44734.7911157679","44601.1442274518","45497.074754296","46639.4667421613","47608.5642962955","48575.090714407","50216.6282284105","52004.459782806","53534.2669894259","54032.075746659","54565.0004227482","54919.7101911513","55980.1531665622","56890.1996184204","58460.1550504163","60470.825141587","61157.9014974191","58810.3596828696","59730.4673903053","61272.1724662899","61376.6345930428","60862.9693673785","60845.5743980711","60951.6037273662","61572.6257402404","62535.8105711345","63777.9362157476","64609.2836396895","60276.3307697326","62968.8538770186","65694.4591501468","64536.2076307547","63787.9891749462","63970.4008534859",
"Azerbaijan","AZE","GDP per capita, PPP (constant 2021 international $)","NY.GDP.PCAP.PP.KD","","","","","","","","","","","","","","","","","","","","","","","","","","","","","","","10776.0677018086","10559.2119361527","8050.21624195194","6097.48622316834","4830.69940287626","4211.72114349636","4223.5229711304","4425.5882352872","4822.1601856452","5133.74812032569","5656.92989378687","6168.98512059749","6701.08174444207","7329.40601818943","7937.8594791002","10054.1003389401","13371.6585214534","16587.3657240228","17963.0208126838","19242.3900077231","19925.3900662137","19358.0778100345","19523.3737161356","20398.6462250349","20709.201611232","20678.7539572375","19822.4105943941","19659.0048562768","19781.8509058437","20101.491875147","19126.096851126","20111.3756952109","21051.2442291612","21310.7386915022","22090.5298026929","22314.2168957333",
"Burundi","BDI","GDP per capita, PPP (constant 2021 international $)","NY.GDP.PCAP.PP.KD","","","","","","","","","","","","","","","","","","","","","","","","","","","","","","","1455.82622509445","1497.26901418268","1472.49317307891","1424.76600804187","1361.32213320803","1180.67488724146","1085.47116215302","1068.29382590126","1097.86451761348","1061.04411459842","1030.32234706616","1025.48374929263","1041.29719140875","996.569433908385","1006.51241783279","978.5419608465","995.027813698961","991.931411319069","998.565055501985","985.184772509514","988.018678716302","991.659881666872","999.220068163159","1011.43131303134","1019.17607398667","992.28580552029","1006.55907385999","1020.8498275719","1043.40558434036","1054.72592734898","1027.62896276744","1032.38274081999","1028.11134640179","1033.00937341776","1048.05557098193","1066.51299240586",
"Belgium","BEL","GDP per capita, PPP (constant 2021 international $)","NY.GDP.PCAP.PP.KD","","","","","","","","","","","","","","","","","","","","","","","","","","","","","","","41640.0583572134","42246.0760496851","42719.0486134247","42143.1960612051","43369.275944431","44310.6278688276","44808.5243580352","46396.0021283995","47205.3098527355","48765.7668571998","50455.7338920674","50835.3969916063","51471.8532550934","51788.8439641975","53406.6918625203","54346.8934219288","55367.6227467909","56983.4612170064","56787.7366257416","55258.7071019668","56240.2030936241","56585.302500068","56356.8251292137","56263.175267967","57002.9092185206","57509.0245728704","57901.497690315","58529.3302957537","59357.6896884396","60479.9769955469","57333.5424137924","60669.2137746534","62602.9270469765","63042.0099876309","63311.2766917178","63488.4217622523",
"Benin","BEN","GDP per capita, PPP (constant 2021 international $)","NY.GDP.PCAP.PP.KD","","","","","","","","","","","","","","","","","","","","","","","","","","","","","","","2207.06796428357","2230.46054664537","2226.56666006625","2254.24565428893","2215.36616821938","2300.14122107459","2337.63030771279","2399.78593127356","2419.10014338548","2470.68504400549","2536.16885867097","2591.06485220288","2630.18061029627","2639.04370114641","2672.84404357157","2632.47251454328","2652.21841967159","2729.13741390352","2777.61974031765","2758.07243150648","2733.57399641151","2732.01249647957","2779.7264808532","2893.0467015352","2987.38236326153","2952.00218338705","2962.66381572265","3041.77929984989","3155.4510650627","3281.10470051465","3317.8597222557","3464.2886286745","3588.32519938147","3721.21254814808","3901.32588494392","4116.2151559488",
"Burkina Faso","BFA","GDP per capita, PPP (constant 2021 international $)","NY.GDP.PCAP.PP.KD","","","","","","","","","","","","","","","","","","","","","","","","","","","","","","","1107.85590454965","1178.07704639063","1152.04476095096","1162.64923453351","1148.60721370395","1183.52861008084","1280.69608533889","1326.94230829963","1385.09310679095","1444.56690170414","1428.57400617096","1477.28491846525","1494.67801269583","1561.83310184915","1581.25620933294","1664.99543180023","1714.76034904509","1731.93046335077","1779.32710911571","1779.32305627973","1873.97146230828","1939.86659989406","2003.6646118745","2057.0639319853","2083.19844698304","2101.70266192027","2162.72578977814","2232.28781490944","2316.39432079045","2391.53626844484","2380.93171826574","2486.43093147762","2469.19956941259","2486.20669812871","2548.50247702504","2624.82858270803",
"Bangladesh","BGD","GDP per capita, PPP (constant 2021 international $)","NY.GDP.PCAP.PP.KD","","","","","","","","","","","","","","","","","","","","","","","","","","","","","","","2069.78230100672","2101.38366035658","2174.38232866943","2234.8101219225","2279.09435302944","2351.70387946903","2413.54298201505","2475.59574602489","2555.06119218282","2624.06553797638","2712.93512215725","2803.55471950946","2866.43454328715","2958.91503115633","3071.83778764611","3231.61370692891","3407.4273502159","3608.91543819399","3787.9382761855","3942.13631207203","4125.46390163202","4352.42643359325","4592.04840919812","4822.72621378266","5068.63965672741","5352.71133299566","5682.53553494306","6005.70718781048","6392.59334024091","6838.32611608243","7015.19792797056","7441.06913961254","7888.16389098304","8242.39798977242","8486.78495660517","8676.7557622508",
"Bulgaria","BGR","GDP per capita, PPP (constant 2021 international $)","NY.GDP.PCAP.PP.KD","","","","","","","","","","","","","","","","","","","","","","","","","","","","","","","14954.1346607381","13827.4797929492","12960.3221276617","12870.7386486833","13149.3076944164","13591.3431083214","14372.7715114425","12419.3797738056","12976.2670026785","11953.5983607318","12563.8362285253","13306.5044553959","14397.001318192","15271.4839489061","16388.9600145841","17678.0339712293","19024.543813813","20440.2525941501","21845.954719527","21251.2168646802","21724.2863457596","22321.033168819","22618.8104278919","22954.396399855","23455.4830019277","24562.648880929","25636.7443903478","26691.758001902","27690.893655005","29149.921509976","28521.2062482596","30958.9830238332","32433.6587569626","33073.6803093453","34221.3866940362","35325.5317883474",
"Bahrain","BHR","GDP per capita, PPP (constant 2021 international $)","NY.GDP.PCAP.PP.KD","","","","","","","","","","","","","","","","","","","","","","","","","","","","","","","41856.54450772","47644.0234716882","49511.9474019627","54433.1375084971","52886.5789027329","53537.6828948177","54289.4380390309","54512.8551056888","55638.6935860684","56522.2261899823","57968.9956082135","57280.6986707494","55096.6571550779","54431.8763559658","54045.092888858","53478.2662415503","52691.9323366851","52731.7921672618","52765.3899455546","50665.7507489219","50704.8479679819","53132.3284162611","54516.8406594787","55376.4005147894","55065.8189472129","54149.9131524721","54107.0752236423","53859.7749589601","54893.0724411368","56749.9628370612","53814.2452592358","54954.6757895532","57572.997981018","57819.9051831242","59060.1818363183","60669.6307795772",
"Bahamas, The","BHS","GDP per capita, PPP (constant 2021 international $)","NY.GDP.PCAP.PP.KD","","","","","","","","","","","","","","","","","","","","","","","","","","","","","","","33072.1596125382","31148.9052622825","29412.8804985919","28955.3510589021","29346.3604837079","30128.1935557246","30907.8208035756","30839.0247952491","31836.5264901331","33657.804588874","34597.1621145274","35072.3658990461","35610.6786425646","34740.7635535381","34617.8051137459","35365.4663980219","35789.1322131898","35797.118972073","34498.0351399173","32630.263065979","32711.4592459383","32535.6625139135","33667.5547098911","32402.9163503108","32712.6356664811","32777.5849410742","32172.3365152976","33050.0350128611","33650.2164350935","33202.4902105068","26452.695760929","31064.6822166194","34342.9285316569","35221.2696932313","36244.0500123244","",
"Bosnia and Herzegovina","BIH","GDP per capita, PPP (constant 2021 international $)","NY.GDP.PCAP.PP.KD","","","","","","","","","","","","","","","","","","","","","","","","","","","","","","","2413.93822928526","2183.52604942539","2150.91074083366","2281.88983603662","2657.80295240973","3090.37823581462","4568.98265882687","6020.96023732543","6899.29705850819","7481.30398935927","7830.5018609252","7982.5188539099","8366.69155604844","8709.95671578197","9344.83015887193","9814.46964102531","10430.4119951847","11178.6814832392","11983.7199632138","11826.6501351383","12142.8616958168","12487.6490566037","12626.9263237753","13135.7175053454","13458.852576408","14220.0900038037","14873.6411107879","15554.6587430766","16348.9997145353","17029.2971980343","16747.0353918695","18286.6614977175","19298.117076437","19804.9181465635","20578.4995446816","21178.2260059497",
"Belarus","BLR","GDP per capita, PPP (constant 2021 international $)","NY.GDP.PCAP.PP.KD","","","","","","","","","","","","","","","","","","","","","","","","","","","","","","","12351.6357110065","12197.7877887634","11002.6017626136","10143.9840118445","8967.73072971831","8061.19604112609","8314.85656685025","9301.32717519867","10128.1560469563","10519.7489145442","11182.4548339393","11771.0872003861","12443.9322575939","13413.9265504854","15052.1182160947","16579.8731683834","18349.8719060634","20019.6111676728","22137.9472928315","22236.8387691136","24012.6133040213","25404.7566082412","25879.1319400701","26147.6253584645","26564.4347246547","25513.2132958317","24846.8301529359","25503.9809845207","26363.4629778536","26798.8206398076","26731.4953869922","27611.1801135157","26537.5083081674","27782.4380139967","29135.9465139232","29666.2115719117",
"Belize","BLZ","GDP per capita, PPP (constant 2021 international $)","NY.GDP.PCAP.PP.KD","","","","","","","","","","","","","","","","","","","","","","","","","","","","","","","8251.61762539471","9028.07343837562","9967.77779283553","10366.8590598807","10146.3996755203","9967.84688088643","9782.64416029651","9862.26634546876","9894.59919785026","10460.6346102795","11363.6868781615","11567.0265720608","11828.1865744067","12589.2679378206","12807.1658774384","12714.9697390831","12912.5300233774","12973.2067214746","12415.6811300464","12033.9096816588","11913.6635959061","11641.7717375703","11843.4153404212","12064.797259406","12272.2957895446","12348.7944978311","12063.0600374093","11572.3007931461","11451.8979413877","11765.9748661176","10045.1404163746","11716.3267818656","12565.3645829576","12371.0086545348","12621.4081961897","12788.8423713826",
"Bermuda","BMU","GDP per capita, PPP (constant 2021 international $)","NY.GDP.PCAP.PP.KD","","","","","","","","","","","","","","","","","","","","","","","","","","","","","","","79750.8567680695","76368.2742018138","75769.902935257","77506.7437396645","77473.5756060332","80430.6436481323","82126.2573825069","85384.4474553667","88038.5381561316","90294.3828538243","98024.0788793146","104565.263948121","102564.108880562","105647.446050466","107807.760712997","109340.012116084","115175.773016307","118696.092066629","115947.63292703","108967.427366927","105973.358845444","101994.242680484","96715.1659966888","96553.8726827819","93046.2100976443","93863.8483363419","93269.0137558453","96441.2718767256","95643.2734055543","95523.9623126026","88484.8155997921","92319.6714861222","97943.0548977322","102268.922803272","104299.944358815","",
"Bolivia","BOL","GDP per capita, PPP (constant 2021 international $)","NY.GDP.PCAP.PP.KD","","","","","","","","","","","","","","","","","","","","","","","","","","","","","","","6247.10446615403","6440.48571428318","6414.32866825436","6556.81640551449","6731.28487501595","6914.34189614304","7083.6131331083","7301.50935861496","7534.51656369605","7435.72544286949","7492.4338168091","7491.15257765571","7550.01554645092","7625.90515918892","7811.59684093936","8020.63568834793","8263.31896853691","8493.94848212653","8865.27246616683","9011.55629873547","9230.3980801466","9554.44502513","9884.46163594645","10391.3833756917","10790.8472887528","11144.6415720641","11448.02180322","11755.2556195885","11920.3135079645","11930.9159145918","10285.6590750222","11202.4409836707","11487.7148799194","11616.1575595159","11329.1518061536","11000.5345220728",
"Brazil","BRA","GDP per capita, PPP (constant 2021 international $)","NY.GDP.PCAP.PP.KD","","","","","","","","","","","","","","","","","","","","","","","","","","","","","","","12633.2884560597","12546.5605005559","12271.9788478727","12669.4287209749","13202.9308011881","13550.4393735843","13641.6295995961","13896.6249901072","13737.7026433556","13602.4137067874","14005.3471874231","14016.1313772236","14265.9048770292","14259.3664089322","14911.2609608592","15221.0138281541","15657.4795716983","16440.583740032","17113.3679822643","16939.4407810328","18062.1581103659","18627.8104529397","18832.2195527075","19241.5059815726","19183.172744636","18357.0690617991","17620.9272434136","17724.4799577784","17917.7492123359","18018.6209151518","17327.5157249466","18075.7060049068","18554.0461828566","19079.8122134028","19652.365499171","20024.6968256903",
"Barbados","BRB","GDP per capita, PPP (constant 2021 international $)","NY.GDP.PCAP.PP.KD","","","","","","","","","","","","","","","","","","","","","","","","","","","","","","","19195.8871160038","18391.0074040066","17284.5196561055","17370.8734866422","17679.9985547176","18007.2337725556","18705.7976314677","19584.4075964016","20311.199276816","20372.8839348705","21315.7684300571","20782.8432453701","20809.8567218941","21132.3281963019","21308.6052569587","22035.3859581035","23260.8645438811","23631.9433885299","23657.2900650446","22354.8404800399","20464.7939658776","20383.2530917687","19743.57827095","19730.3469740518","19840.8306179644","19642.2322500219","19877.1120083968","19966.3202405154","19877.6759569235","19890.455714094","16399.7020111405","17686.7469386289","20494.5343836936","20865.0155437147","21557.5276350385","22127.3604979718",
"Brunei Darussalam","BRN","GDP per capita, PPP (constant 2021 international $)","NY.GDP.PCAP.PP.KD","","","","","","","","","","","","","","","","","","","","","","","","","","","","","","","118163.68336994","118220.68359533","111457.220883519","107899.136339239","106239.232694338","105043.853097683","102522.125418121","106503.420270796","97171.6372551031","99083.3205282422","100323.439918528","99680.7626777537","101571.583784666","103226.914446986","101497.754798655","99795.6850854526","102248.510300567","96752.6204091885","91275.5000919182","87875.8283546044","88586.5133683924","90279.6634042123","89718.4636049982","86606.6518910199","83310.6151819533","81910.1882959493","78880.6228501768","78966.8643142346","78099.0507802561","80228.1598170527","80280.8980640677","78248.797127611","76357.829114996","76616.7014884981","79071.7333801445","78985.122026951",
"Bhutan","BTN","GDP per capita, PPP (constant 2021 international $)","NY.GDP.PCAP.PP.KD","","","","","","","","","","","","","","","","","","","","","","","","","","","","","","","3411.3837599176","3338.00941826599","3624.59781500136","3850.551287421","4042.49417769249","4379.87046667778","4616.91979198439","4778.70511731732","4965.87646031681","5241.36663790737","5287.57434721684","5545.6305511084","5991.25497571775","6323.5411950973","6517.99683290216","6850.80441609334","7140.85609148376","8195.07074477912","8470.03471622855","9019.11861272397","9985.28455483655","10714.686566371","11143.9445354588","11212.479426698","11744.5189124825","12400.2983237391","13320.9759036882","13482.3425280358","13854.8543977158","14555.1884045845","12979.9369485824","13458.812666743","14061.3120274588","14610.2959097837","15603.8871298469","16743.8703854575",
"Botswana","BWA","GDP per capita, PPP (constant 2021 international $)","NY.GDP.PCAP.PP.KD","","","","","","","","","","","","","","","","","","","","","","","","","","","","","","","10520.9183978405","11001.8013588128","11008.6810214184","10902.9512774946","10989.6700551057","11457.6994362472","11832.9387782379","12526.352236393","12306.250477233","13207.447346512","13185.8171514278","12949.6403104655","13479.6960719923","13857.2588264737","13984.8415112641","14361.9576327759","15275.5828811117","15850.2343496231","16040.3153236098","13489.9509168296","14545.0198074427","15236.7188843522","14957.6189142932","16369.4252971454","17052.1924105361","15994.9643042101","16905.588740873","17352.8958451454","17825.018569213","18106.0105471124","16289.3913582645","17960.6254447437","18647.3734588832","18932.4802712334","18107.614452913","17687.2042407934",
"Central African Republic","CAF","GDP per capita, PPP (constant 2021 international $)","NY.GDP.PCAP.PP.KD","","","","","","","","","","","","","","","","","","","","","","","","","","","","","","","1481.25255094258","1427.69018313539","1294.20254725767","1257.8284033824","1278.91509145063","1334.10322981784","1247.9687525828","1278.48826062781","1302.75142830782","1313.23570902088","1245.81399563599","1272.85710758505","1290.38314917126","1191.8731520062","1236.28534712166","1219.5939445674","1251.87082171335","1284.55283590666","1283.2728263106","1402.68164770801","1479.41367757692","1517.14839091011","1577.98053252253","996.896355923912","1001.85598053496","1043.92171697157","1073.94477703739","1103.86609318724","1125.70091748228","1145.09563657752","1136.57052993758","1128.55237996459","1136.80171107045","1132.67643369804","1111.21941638883","1122.76083348097",
"Canada","CAN","GDP per capita, PPP (constant 2021 international $)","NY.GDP.PCAP.PP.KD","","","","","","","","","","","","","","","","","","","","","","","","","","","","","","","40475.096436631","39139.2968301857","39023.1668132004","39622.4634110923","40952.1197737093","41617.706919569","41880.535589577","43241.2236471729","44553.2651715658","46464.5274488374","48399.2864445547","48774.1483226516","49694.9870914363","50139.7664579994","51210.6593966138","52356.5371486354","53195.7608573851","53761.8407991685","53711.6580329654","51552.4020321975","52558.4200617806","53681.1084809345","54034.7821680318","54712.1568593677","55723.4615652506","55660.8455840759","55606.1329948184","56612.3062191777","57337.4682870033","57583.8230739204","54092.8576890836","56995.0952020711","58583.1299860138","58088.3778077995","57534.0915185335","57989.5784653558",
"Central Europe and the Baltics","CEB","GDP per capita, PPP (constant 2021 international $)","NY.GDP.PCAP.PP.KD","","","","","","","","","","","","","","","","","","","","","","","","","","","","","","","17293.6474490926","15451.865184455","14722.7584656313","14768.6885893304","15310.9708907199","16209.3016083363","16972.3729220796","17271.8184132785","17726.7805117972","18053.4112289508","18866.992614198","19591.1192589268","20437.6181722064","21307.5126148723","22665.9482679125","23837.2513202506","25490.6865496896","27204.8188248231","28468.3930919127","27511.5233418382","27957.9006968917","29052.8767019353","29385.5792989282","29678.1064029263","30740.9191021016","32053.9753560909","33063.1299853908","34898.5993254329","36731.0962344349","38302.005751171","37280.0201037228","40122.3609600588","41833.7057765272","42113.8905270663","43043.8945580142","44160.9264049384",
"Switzerland","CHE","GDP per capita, PPP (constant 2021 international $)","NY.GDP.PCAP.PP.KD","","","","","","","","","","","","","","","","","","","","","","","","","","","","","","","63921.4227334201","62404.0627797363","61004.7423539695","59202.9850165162","61091.4960852373","63169.2827232412","63243.2134310286","64414.4578915682","66006.2566369566","66795.8879655155","68834.8179906591","69489.6995050103","69228.3683320733","68521.3420292943","69812.378758031","71414.3495582368","73901.6149628577","76161.5600232116","77103.7188320632","74672.9512725807","76308.8064520802","76527.3361539945","76570.2378987121","77084.6656456739","78086.6805249841","78325.7487417695","78956.0667315042","79333.7437810881","81371.8944120855","81694.630652314","79270.8713687141","83524.9832880195","85762.2829174304","85383.3564504008","85448.0585577007","85732.1097535232",
"Channel Islands","CHI","GDP per capita, PPP (constant 2021 international $)","NY.GDP.PCAP.PP.KD","","","","","","","","","","","","","","","","","","","","","","","","","","","","","","","","","","","","","","","","","","","","","","","","","","","","","","","","","","","","","","","","","","",
"Chile","CHL","GDP per capita, PPP (constant 2021 international $)","NY.GDP.PCAP.PP.KD","","","","","","","","","","","","","","","","","","","","","","","","","","","","","","","10955.2486481454","11610.2783301649","12738.6163157023","13380.4722185057","13849.6261008096","14911.5640742268","15748.4653555533","16687.855593506","17161.0335564475","16900.1244018472","17529.4205997692","17874.5313866938","18244.5196827315","18907.3458745755","19966.7093106095","20923.479756183","21973.7382914389","22884.2997108846","23515.3473178269","23019.0299454094","24122.4787924386","25372.2741480772","26676.8110154019","27297.8185145366","27511.5610030404","27817.9584848024","27965.3473526831","27899.5979777012","28499.4064000406","28227.9790507594","26258.4038553242","29106.6356522053","29560.4513805785","29600.4188613168","30267.6440919907","30863.4223155169",
"China","CHN","GDP per capita, PPP (constant 2021 international $)","NY.GDP.PCAP.PP.KD","","","","","","","","","","","","","","","","","","","","","","","","","","","","","","","1666.8141224419","1798.38257887629","2030.47126519674","2286.7956394875","2556.90688386013","2807.88647301744","3055.72827655781","3305.83025665988","3533.69839702638","3774.42758274469","4065.86707804429","4372.43560608339","4744.38182475307","5191.78118308167","5684.3881718733","6298.29929808598","7057.11131595304","8013.78375739131","8743.7020031299","9518.68128351945","10476.1525652407","11404.9179835542","12217.9343813101","13080.8787864744","13968.5187785922","14857.1088234405","15772.8372607502","16758.0463976858","17807.0490552244","18820.5871645645","19215.1012491012","20843.2978347377","21499.3125559757","22687.2519534328","23841.4769141817","25066.5215296486",
"Cote d'Ivoire","CIV","GDP per capita, PPP (constant 2021 international $)","NY.GDP.PCAP.PP.KD","","","","","","","","","","","","","","","","","","","","","","","","","","","","","","","5255.54850266487","5052.88904768462","4843.32931958155","4645.50187236924","4502.49283983062","4638.79163883935","4807.45984346502","5072.6345612587","5093.16936951716","4987.39397799406","4838.37602767698","4609.17878891553","4368.96040639474","4060.03041319294","4088.97542020506","4032.27570780036","4049.29028298687","3999.72054350731","4096.75377364759","4151.08431510133","4338.68457800736","4017.43753814324","4234.21187719492","4597.22035890241","4907.61080546543","5110.90021438908","5320.88582199186","5556.1547631509","5670.24199741353","5894.92235259103","5787.85814696561","6045.20480490881","6272.26395760029","6520.89886459765","6747.0379677706","7014.84577693062",
"Cameroon","CMR","GDP per capita, PPP (constant 2021 international $)","NY.GDP.PCAP.PP.KD","","","","","","","","","","","","","","","","","","","","","","","","","","","","","","","4517.61887779618","4220.65297387084","3974.27759501196","3556.31854424592","3522.74885285749","3526.54367510339","3577.59204137871","3641.70750463277","3714.13212604236","3780.06217282191","3822.94425358926","3884.87304812714","3951.41936232132","4054.78133246517","4222.96638689885","4199.72270969362","4241.51744722821","4302.6192630847","4300.26640352464","4286.57718166156","4286.58302947378","4307.85195558527","4382.11120797355","4473.57231896434","4588.4864949903","4698.66677843587","4767.13186148953","4797.97544185544","4851.48003949961","4882.35560028896","4763.48194388066","4793.55628200196","4843.65038202917","4875.25120768005","4916.93354019494","4945.95640965334",
"Congo, Dem. Rep.","COD","GDP per capita, PPP (constant 2021 international $)","NY.GDP.PCAP.PP.KD","","","","","","","","","","","","","","","","","","","","","","","","","","","","","","","2403.9702501624","2129.44892037201","1842.54848506846","1538.39690697251","1410.05655376053","1362.1877957292","1322.58011961396","1228.39076846395","1176.05049796639","1088.65043726176","981.422080027189","930.85782608082","929.452807088884","953.044643242042","987.746920881562","1016.6338907666","1036.13329616563","1091.54081233234","1137.84087315488","1109.18311674431","1166.98306581442","1124.7720535769","1182.14074588327","1342.74156112016","1392.75841334673","1433.21579814709","1388.80163211633","1395.71961761712","1431.7285269693","1394.76461472893","1361.02791099008","1402.38560295221","1484.33841881449","1559.33806475859","1601.70926640422","1640.56621824278",
"Congo, Rep.","COG","GDP per capita, PPP (constant 2021 international $)","NY.GDP.PCAP.PP.KD","","","","","","","","","","","","","","","","","","","","","","","","","","","","","","","8699.52683870615","8658.16145286005","8636.63719209923","8302.69726834941","7617.60750274811","7701.32468533336","7812.04779971641","7599.04815388587","7711.6321257605","7312.32665071621","7570.58279297342","7567.43916817104","7729.3889014189","7577.45630456352","7577.44597274153","7876.11806658285","8192.57979719023","7375.82454100145","7587.28826163492","8138.45033818822","8583.66179834288","8492.42098392103","9079.68656400891","8798.49382506314","9159.25664414045","8977.70681641417","8001.8255194505","7372.77046737599","7029.33651566257","6939.36913397466","6350.50913409722","6263.21161292636","6205.1050414034","6172.28776650683","6152.56509118442","6194.08981287756",
"Colombia","COL","GDP per capita, PPP (constant 2021 international $)","NY.GDP.PCAP.PP.KD","","","","","","","","","","","","","","","","","","","","","","","","","","","","","","","9998.81069684463","9996.0978604328","10196.4329707468","10533.1149561734","10927.9389491607","11279.0004579347","11303.1308859186","11483.5050125907","11343.8799115733","10679.7092686089","10813.4942250011","10823.4504878807","10925.1485602082","11183.2911819793","11607.9384935105","11999.2549591305","12636.6246577724","13318.3033138168","13591.0609028567","13586.7518430982","14037.0642668639","14852.3699513061","15279.4790008058","15912.2471293239","16480.3631474161","16821.3801400631","17003.244366485","16986.0334182842","17104.1313545678","17336.7716030551","15861.4999291295","17383.0901728295","18458.7209460704","18406.6242338491","18481.8374929368","18778.6482631901",
"Comoros","COM","GDP per capita, PPP (constant 2021 international $)","NY.GDP.PCAP.PP.KD","","","","","","","","","","","","","","","","","","","","","","","","","","","","","","","3178.85476893274","2911.0534990739","3061.03259257515","3082.2224161285","2907.42227508174","3018.45798673853","2951.78312614747","3029.34647330307","2978.37124465978","3004.69061726748","2917.87154106634","3013.38883096315","3085.93814937142","3085.59675447872","3121.51677555024","3231.72506154387","3111.62570879692","3074.7346796054","3133.75034704474","3171.6035546392","3226.63502045267","3293.83407668409","3330.52446059187","3406.49918649378","3403.41291459985","3370.5557232032","3411.77123523582","3472.07858942366","3528.95868167877","3522.66866952646","3447.47274904772","3449.0435745318","3465.8402271705","3508.15862331545","3556.0384263801","3621.76626304343",
"Cabo Verde","CPV","GDP per capita, PPP (constant 2021 international $)","NY.GDP.PCAP.PP.KD","","","","","","","","","","","","","","","","","","","","","","","","","","","","","","","1848.75865235574","1830.07599656211","1984.68062998835","2111.62140814748","2465.9939315017","2763.39733371857","3022.88825211585","3302.9740337536","3657.38118993776","4006.47964718799","4510.13573659758","4540.90731780518","4710.2410491228","4841.265398715","5268.30312485708","5565.76951208069","5941.38218091511","6767.40677380347","7169.13944155367","6994.5740991365","7072.12150207342","7325.78441834692","7397.82220702474","7440.66242650114","7491.02198228243","7560.13649202469","7881.30336227784","8234.56000312459","8531.12961646549","9111.62993173269","7207.86853962048","7685.41921393669","8850.1066918812","9228.4604533114","9825.53410093619","10395.7415044012",
"Costa Rica","CRI","GDP per capita, PPP (constant 2021 international $)","NY.GDP.PCAP.PP.KD","","","","","","","","","","","","","","","","","","","","","","","","","","","","","","","10979.788113325","10946.3811047015","11654.8187340805","12173.6770672722","12415.2629246683","12623.5339424627","12497.627359916","12887.5255656264","13505.0840975141","13776.5829416464","14025.6899537485","14257.525071713","14503.176481607","14898.7197394794","15330.8832332948","15711.7451335337","16628.3723014013","17752.4161954513","18343.0996854851","17941.5019129465","18670.1678827387","19264.4566461776","19970.6856013628","20242.2938648319","20735.1927258406","21265.3176336354","21936.4660575366","22633.7648663302","23069.8622241266","23496.8294622995","22368.1378072638","24083.5988182437","25290.0087466975","26378.5409941926","27325.0470476503","28443.4127676388",
"Caribbean small states","CSS","GDP per capita, PPP (constant 2021 international $)","NY.GDP.PCAP.PP.KD","","","","","","","","","","","","","","","","","","","","","","","","","","","","","","","13162.50817302","13229.3314985291","13609.0960878126","13531.1904323724","13896.1730369525","14183.60600347","14758.1688733256","15378.9315442969","16003.3172609187","16662.5372962138","17296.2228314479","17587.9901132672","18212.1604431284","19401.6022436606","20312.502453739","21377.7180302595","23063.5796295601","23894.0318898216","24276.688065702","23444.9921052209","23751.9862978379","23879.7224145257","24784.9475718502","25141.1881792488","25633.4033879208","25404.134970126","24339.8256633701","23920.5893237126","24024.8178299696","24095.6268884397","22222.115107616","23495.1590735021","27023.5574621428","29600.9530687074","33971.5525013977","36714.3154169311",
"Cuba","CUB","GDP per capita, PPP (constant 2021 international $)","NY.GDP.PCAP.PP.KD","","","","","","","","","","","","","","","","","","","","","","","","","","","","","","","","","","","","","","","","","","","","","","","","","","","","","","","","","","","","","","","","","","",
"Curacao","CUW","GDP per capita, PPP (constant 2021 international $)","NY.GDP.PCAP.PP.KD","","","","","","","","","","","","","","","","","","","","","","","","","","","","","","","","","","","","","","","","","34307.1250633963","35339.0648639949","35435.9975763658","34812.7911728195","34288.7402384635","33651.5045829526","33334.8567825808","33490.2551592184","33795.131116557","33397.3973952737","33004.5542873273","32704.3558692872","32320.8770365245","31753.384548357","31128.6473361746","30861.3207651786","30209.7882553609","29729.1013639498","29256.8157865286","28659.6559014065","23669.7711519128","24905.7684266978","26734.6458998921","27617.9204283638","28762.0581566389","",
"Cayman Islands","CYM","GDP per capita, PPP (constant 2021 international $)","NY.GDP.PCAP.PP.KD","","","","","","","","","","","","","","","","","","","","","","","","","","","","","","","","","","","","","","","","","","","","","","","92213.0760037266","92343.7250815203","89380.1507450505","80631.8442229627","76294.7650038522","75094.8312990407","73982.6781335848","72988.7063433775","73051.811230324","73315.3845299162","73941.8592413192","74599.6799559357","76124.5505976249","77476.8409913609","72183.1359045895","74160.4914000191","76735.3744333338","79580.8872845653","80996.6506641666","",
"Cyprus","CYP","GDP per capita, PPP (constant 2021 international $)","NY.GDP.PCAP.PP.KD","","","","","","","","","","","","","","","","","","","","","","","","","","","","","","","27666.53515625","27158.92578125","28931.814453125","28439.21484375","29500.623046875","31393.24609375","31282.609375","31656.830078125","33181.98828125","34452.72265625","36121.6640625","37146.84375","38090.77734375","38617.8125","40019.92578125","41362.09375","42595.203125","43823.76171875","44295.62890625","42253.38671875","42102.28125","41212.6875","39190.22265625","36650.5703125","36104.90234375","37258.5","39500.8515625","41417.98828125","43510.03125","45454.17578125","43402.359375","47632.5703125","50840.9140625","51674.90234375","52861.8359375","54103.26171875",
"Czechia","CZE","GDP per capita, PPP (constant 2021 international $)","NY.GDP.PCAP.PP.KD","","","","","","","","","","","","","","","","","","","","","","","","","","","","","","","27918.1375190566","24734.7702062546","24584.3299626051","24573.9914877529","25279.7917961729","26869.0197149398","28021.6704584336","27884.7397585343","27801.4387801408","28213.4555005997","29427.4070011514","30399.8730764283","30919.5496618702","31949.2963145034","33452.3408000614","35535.7479961511","37786.8781740905","39629.0061324728","40328.3426630095","38175.1422773334","39097.3886218756","39708.1626280195","39347.0492956846","39317.5535692377","40158.0164275735","42066.5759800801","43069.4659744727","45177.5226053634","46301.082036029","47763.6165520254","45119.9387309139","47796.0337408466","48390.661678675","47558.4106763314","47972.53171792","49292.4878713208",
"Germany","DEU","GDP per capita, PPP (constant 2021 international $)","NY.GDP.PCAP.PP.KD","","","","","","","","","","","","","","","","","","","","","","","","","","","","","","","42355.2860956177","44195.7164731544","44744.1399691155","44018.4380932542","45005.1589836478","45548.4181139802","45888.1269604813","46670.7053500672","47641.5271845024","48624.6484373602","49955.6461286496","50687.6500447924","50486.998248551","50191.7219389611","50786.0176463275","51264.8193748941","53307.1623767517","54920.6589299724","55513.7558858315","52568.797424995","54826.255453315","57950.9589729677","58110.3768512245","58182.0766176953","59203.2340879963","59668.9890355282","60504.5857417161","61965.4342904965","62481.1183971045","62949.8932511855","60299.5767710809","62630.7748127737","63777.9291029299","63140.1949099669","62654.602264023","62823.7736648822",
"Djibouti","DJI","GDP per capita, PPP (constant 2021 international $)","NY.GDP.PCAP.PP.KD","","","","","","","","","","","","","","","","","","","","","","","","","","","","","","","","","","","","","","","","","","","","","","","","","","","","","","4469.07409933135","4705.04926772184","4961.8681860592","5226.50026106607","5421.95649149613","5590.50426604853","5809.30455041341","5791.47767679877","5960.10807396825","6180.67998594606","6510.67859061619","6871.12440453129","7222.5498918753",
"Dominica","DMA","GDP per capita, PPP (constant 2021 international $)","NY.GDP.PCAP.PP.KD","","","","","","","","","","","","","","","","","","","","","","","","","","","","","","","11311.5519762062","11518.7646744945","11747.6117144571","11982.8592553573","11979.3992504496","12343.9001238545","12737.8972359049","13037.1491313755","13563.4528199459","13661.6785774172","14054.6548016043","14091.5491387572","13640.70330575","14398.0017636834","14962.2456326016","15080.5206040984","15727.7053232323","16560.5179009944","17738.0405685048","17534.0339616963","17516.7879573152","17475.0411061698","17431.1288003063","17282.6368040368","17520.8546265613","16920.9126555668","17364.0773046793","16314.2295558891","16877.1244880642","17619.4335416769","14919.5307686719","15808.9743503945","17550.8009946466","18278.2253401989","18739.3640404986","19409.2900700194",
"Denmark","DNK","GDP per capita, PPP (constant 2021 international $)","NY.GDP.PCAP.PP.KD","","","","","","","","","","","","","","","","","","","","","","","","","","","","","","","45943.8875401847","46493.0175958032","47276.8936589666","47082.4674371864","49408.2038213767","50644.7074582221","51817.1735416988","53237.2951913962","54278.2791190857","55704.2583988925","57585.8965553524","57925.0542954115","58003.8882572641","58101.4809549972","59560.4599503941","60798.1351548444","62911.3931382937","63251.3169416725","62618.4499382451","59185.9677505533","59856.3490860003","60391.7799332206","60161.7010660256","60745.7784800252","61210.9490922919","62059.1285991721","63468.9888246814","64989.4459872347","65870.8302554341","66758.6323346131","65379.3066120995","69327.998216527","69089.4692492289","68993.9031100362","71034.5789667138","72723.2747867992",
"Dominican Republic","DOM","GDP per capita, PPP (constant 2021 international $)","NY.GDP.PCAP.PP.KD","","","","","","","","","","","","","","","","","","","","","","","","","","","","","","","7327.72670133751","7246.24670144222","7900.76809265865","8318.49178576126","8372.07169739279","8685.01648557062","9036.88352149896","9671.14817881707","10150.4460178993","10582.0775939337","10896.3184155964","10991.1363420488","11313.0690271273","11000.8684059352","11131.2709216332","12022.5080544053","12961.9183632133","13754.9212674095","14030.1411084465","13992.4103270189","14975.0010126958","15258.0858148503","15487.2776356321","16054.7677297656","16993.587444403","17973.1870256815","18968.9752386179","19501.8743054078","20662.848586153","21451.286441995","19545.4099552943","22053.4589869955","22986.95808105","23282.4895071054","24229.8894872915","24543.3421843415",
"Algeria","DZA","GDP per capita, PPP (constant 2021 international $)","NY.GDP.PCAP.PP.KD","","","","","","","","","","","","","","","","","","","","","","","","","","","","","","","11728.5457286791","11314.8647351204","11241.4154173757","10743.7063534104","10414.0348241407","10588.4433695754","10808.8788666941","10725.9673493368","11094.8875368585","11292.0372997165","11558.220469383","11742.5946761225","12213.1263531246","12835.1814413331","13226.7650481165","13738.495644436","13920.6940553701","14114.6745192683","14206.7767147039","14104.42817214","14496.4211312996","14641.9640935685","14697.5396133853","14778.1914257233","15073.7629403565","15239.5171456469","15511.6858768094","15427.6641894713","15343.4261222434","15199.1989965639","14194.1557479619","14496.8654697299","14782.2002970247","15159.3242373415","15501.9197003966","15882.7138836328",
"East Asia & Pacific (excluding high income)","EAP","GDP per capita, PPP (constant 2021 international $)","NY.GDP.PCAP.PP.KD","","","","","","","","","","","","","","","","","","","","","","","","","","","","","","","2513.1487677609","2666.15847561936","2897.38054762255","3154.22243254223","3429.01430264914","3708.17880793941","3982.14753018414","4193.60794358361","4182.86610637194","4381.37967627433","4657.55912991458","4911.18611043866","5242.15464773335","5642.12208266042","6083.62646258877","6602.09453263948","7224.84831620106","8000.20286461305","8584.68636024927","9145.84848053611","9942.07092081734","10666.0705659069","11359.2197969153","12057.8749648364","12769.1981633624","13493.524313755","14243.7964258558","15060.2232906328","15925.0623768718","16754.1433686202","16816.4721820442","17966.100209993","18600.2319795149","19523.6746417972","20453.9723473779","21435.1082238095",
"Early-demographic dividend","EAR","GDP per capita, PPP (constant 2021 international $)","NY.GDP.PCAP.PP.KD","","","","","","","","","","","","","","","","","","","","","","","","","","","","","","","5094.58000282578","5176.4691535485","5275.31844008233","5350.58319117121","5435.79578706418","5504.46043289625","5715.41959390182","5864.23089997442","5882.7706675039","5943.9253223166","6087.28134364184","6085.68280987423","6127.9339354675","6349.71825063627","6636.18276752838","6923.1133842399","7235.7951660671","7545.60161194471","7695.4992635113","7719.71496411512","8103.6486900692","8395.01641616273","8611.15721165569","8851.68203650431","9135.22651387837","9461.90923467549","9809.61992015041","10168.9948852815","10473.9534525465","10646.4619363587","10109.6737751343","10742.1039496291","11282.8843924963","11661.5918962624","12032.0275625524","12466.162672463",
"East Asia & Pacific","EAS","GDP per capita, PPP (constant 2021 international $)","NY.GDP.PCAP.PP.KD","","","","","","","","","","","","","","","","","","","","","","","","","","","","","","","5815.80021369785","6046.55264045727","6279.9291302151","6524.51465914088","6836.72715110799","7182.17200720928","7538.4595892928","7796.61482535403","7692.32586829206","7934.29251535724","8325.62081782919","8556.30560152029","8914.78213693978","9336.59013882495","9862.16262997671","10431.1095006537","11097.9739919682","11921.896725096","12431.1482309746","12758.3950797594","13696.2947762482","14400.6590412877","15098.1782758143","15817.3941720124","16527.9651914163","17242.0281854081","17975.4681423015","18809.5074896107","19664.4172118015","20432.9804270249","20334.2253803516","21598.5847592384","22275.3875573423","23181.8602930067","24094.1594209983","25109.70880219",
"Europe & Central Asia (excluding high income)","ECA","GDP per capita, PPP (constant 2021 international $)","NY.GDP.PCAP.PP.KD","","","","","","","","","","","","","","","","","","","","","","","","","","","","","","","13647.5218632343","12680.1183648226","11661.1909652458","10874.0362896797","9361.8463599444","9084.0513672276","9138.666641631","9480.64494445158","9612.48741097623","9523.09025713947","10114.3121953416","10283.066909886","10877.3148937274","11606.5555262176","12698.5310733665","13619.1025396081","14697.18588924","15787.6955451826","16210.0504480826","15297.0834587453","16161.7210700137","17230.7820985073","17669.0165699365","18466.622777594","18576.9583888343","18721.7381996886","19031.7409328875","19877.8402506784","20447.4402502475","20830.979013781","20592.416057405","22179.1768626","22334.4443361062","23625.9236116503","24430.2175202769","25132.8305706883",
"Europe & Central Asia","ECS","GDP per capita, PPP (constant 2021 international $)","NY.GDP.PCAP.PP.KD","","","","","","","","","","","","","","","","","","","","","","","","","","","","","","","28257.1525033219","27767.2881602329","26853.5572948704","26210.3492165114","25912.8528023106","26271.0760840145","26569.1426430265","27276.214482002","27765.4601072202","28544.0723106015","29894.2044586737","30618.862698665","31205.0666750463","31923.9529324761","33095.6532013292","34097.2420817179","35577.2638014529","37062.8036849749","37541.0289513637","35593.628989975","36489.0686918933","37429.4390620427","37554.903030647","37826.0934997704","38307.7252927013","38753.9033161838","39278.9171415545","40335.4288573608","41177.7339574417","41861.0781841263","39782.3728089927","42434.0454804633","43537.4882557812","44220.8251180735","44981.3192926243","45607.9387738345",
"Ecuador","ECU","GDP per capita, PPP (constant 2021 international $)","NY.GDP.PCAP.PP.KD","","","","","","","","","","","","","","","","","","","","","","","","","","","","","","","9104.81599790272","9292.61779173762","9291.3710483042","9284.31503431235","9494.17506194696","9525.17701832407","9509.27540633173","9739.26682428016","9876.7507512592","9242.96681019585","9183.05155276919","9405.11680690106","9697.55517665978","9802.81408202125","10290.6634264766","10660.2046228939","10933.4897470283","10952.8226853948","11474.5257023541","11403.5277978831","11665.6978598204","12449.0785549218","12961.0267423765","13689.1520460125","14064.7992246727","13881.5700738105","13586.5160772568","14179.1537503305","14083.5069982304","13870.4895118068","12440.3263747814","13507.4445638375","14186.6388544625","14321.1648295611","13922.4222780744","14319.2406558299",
"Egypt, Arab Rep.","EGY","GDP per capita, PPP (constant 2021 international $)","NY.GDP.PCAP.PP.KD","","","","","","","","","","","","","","","","","","","","","","","","","","","","","","","8006.62143740129","7876.55257552889","8034.56230124583","8079.05480679221","8221.04684774388","8423.57817498243","8662.33147868251","8950.6541069311","9245.47890468363","9588.8593851379","9981.62775081593","10117.3331821542","10143.5063456555","10250.376550149","10451.8217511529","10700.6090372525","11211.8320228671","11782.0060717026","12391.5847624938","12728.0814587564","13128.9878334831","13082.4263680239","13076.8052394876","13058.0748238237","13136.3656298099","13425.9119599492","13727.3201600816","14018.3605934411","14488.2094340261","15026.568243683","15309.2359881835","15579.0160861551","16360.390775011","16691.3873991962","16798.151577838","17265.1488604617",
"Euro area","EMU","GDP per capita, PPP (constant 2021 international $)","NY.GDP.PCAP.PP.KD","","","","","","","","","","","","","","","","","","","","","","","","","","","","","","","37247.3911756829","37879.5743504232","38062.3856274222","37627.58900601","38450.1413555838","39321.7879542568","39943.8747124253","40911.6060494674","42064.6142178215","43176.6145816034","44733.6547581208","45611.9621128616","45891.2509030803","46049.3477888474","46891.9654959632","47524.4605129111","48915.1525453044","50167.5925974003","50163.9012074228","47740.2973322669","48591.055785738","49493.9221375454","48904.1161236867","48741.8654499657","49365.1435330313","50293.9078769481","51089.957079337","52337.9135018369","53176.6368877298","53928.4684797856","50532.2927661621","53780.959568799","55638.6407909597","55706.2816060906","56054.0977302368","56676.7262752115",
"Eritrea","ERI","GDP per capita, PPP (constant 2021 international $)","NY.GDP.PCAP.PP.KD","","","","","","","","","","","","","","","","","","","","","","","","","","","","","","","","","","","","","","","","","","","","","","","","","","","","","","","","","","","","","","","","","","",
"Spain","ESP","GDP per capita, PPP (constant 2021 international $)","NY.GDP.PCAP.PP.KD","","","","","","","","","","","","","","","","","","","","","","","","","","","","","","","31773.2267420042","32499.3481371902","32641.082719936","32137.3138437727","32746.9287826598","33501.7314182929","34232.3786868602","35312.0862854389","36679.0942334698","38141.316878689","39945.8971298178","41224.2924057393","41766.0378188791","42223.130174522","42793.3902326006","43570.7652574033","44572.6815459931","45301.2843416374","44926.348951812","42852.220888454","42695.5274189933","42271.8346788238","41034.0481566356","40594.914008768","41339.4111169417","43053.761430314","44274.6676149922","45446.2508575695","46325.2099441141","46896.4171141424","41553.4477945675","44251.6658222621","46733.4809780536","47322.5937004504","48460.2914069661","49318.105559037",
"Estonia","EST","GDP per capita, PPP (constant 2021 international $)","NY.GDP.PCAP.PP.KD","","","","","","","","","","","","","","","","","","","","","","","","","","","","","","","19161.4451588782","17717.3052283857","14223.9075668693","13757.0155625665","13823.5566022429","14709.5998060844","15666.1330451502","17913.7869992626","18871.6196795957","18736.15453395","20526.6606380865","21872.6593953112","23537.7156816601","25485.1613028986","27381.5350626694","30161.1996133966","33301.4945486206","35986.5161332684","34233.7643806167","29281.6798284656","30067.501040775","32453.1008476709","33765.4302075072","34481.0148921506","35720.3025335234","36353.0580520449","37466.5561839318","39529.785973279","40849.8473475564","42215.0343835811","40916.7194113327","44247.4198971873","43124.6196563775","41284.7746875532","41185.8348356109","41604.3226612806",
"Ethiopia","ETH","GDP per capita, PPP (constant 2021 international $)","NY.GDP.PCAP.PP.KD","","","","","","","","","","","","","","","","","","","","","","","","","","","","","","","874.346936177412","777.523566111367","680.834766968487","743.708485784759","741.176623590106","760.264345010486","826.991658768996","826.005218027215","772.786646386223","787.679577475987","810.270749115591","851.313428411291","838.298046952135","795.772138298998","877.114494958363","952.115666282409","1024.72911937532","1109.14330259683","1193.74728331296","1262.46398000981","1381.19044650715","1492.53396469943","1576.76875733933","1696.86515588665","1821.39161772403","1957.41454184551","2084.84055616471","2222.82824478259","2311.16511656359","2437.97046047967","2516.54907638899","2588.41310213778","2655.59276743639","2757.95923626099","2892.22220162795","3094.86811868352",
"European Union","EUU","GDP per capita, PPP (constant 2021 international $)","NY.GDP.PCAP.PP.KD","","","","","","","","","","","","","","","","","","","","","","","","","","","","","","","33422.6167234009","33583.8536499109","33682.8036907064","33381.2785333714","34198.7012748602","35113.9235748767","35774.041660238","36637.8290089743","37661.3103302901","38687.8592366032","40161.0962541705","41009.6231907529","41423.9551021717","41730.1192122343","42726.6206274142","43477.091531045","44947.0641658876","46274.9825825459","46521.2455019681","44430.4810088447","45251.0407991375","46206.0702456512","45788.921010839","45724.832051248","46455.5685991692","47490.9137112119","48336.5082885839","49704.2541206968","50737.2331625802","51662.076917369","48769.5135471727","51968.4388292725","53777.3333629812","53861.7951609765","54341.6257163912","55086.9866170226",
"Finland","FIN","GDP per capita, PPP (constant 2021 international $)","NY.GDP.PCAP.PP.KD","","","","","","","","","","","","","","","","","","","","","","","","","","","","","","","38807.1185244347","36326.0828945358","34926.3833591341","34486.7522555352","35699.7203086225","37069.62898136","38301.5126175582","40630.921767316","42733.4455712897","44505.7114770222","46968.841714507","48099.3014282794","48792.4864789775","49655.5451564067","51494.705860401","52744.048034135","54653.981203281","57313.2916474478","57494.585352886","52599.1487066911","54017.9458623339","55053.3906850323","53957.6680986279","53183.4286685126","52710.7334867778","52782.4873926277","53984.6316254715","55637.2262781223","56226.337241343","56922.4873163103","55424.8574989208","56790.3766177692","57068.3056478074","56051.7701129501","55901.3202296588","55735.2174921326",
"Fiji","FJI","GDP per capita, PPP (constant 2021 international $)","NY.GDP.PCAP.PP.KD","","","","","","","","","","","","","","","","","","","","","","","","","","","","","","","7820.71719014994","7547.67822517236","7950.06641250914","8067.80452251613","8432.29830147964","8600.09282044394","8956.35014836853","8669.25170884148","8673.87811776484","9328.60659779024","9070.99318456826","9157.80844623624","9357.75382838604","9361.4641667422","9766.52774786586","9745.58143908405","9837.08586688962","9672.29020465987","9711.96604105756","9536.81722352305","9784.30360030575","10020.6957548052","10140.693585539","10604.1559055372","11183.3135250834","11674.0633676202","11951.9196738327","12597.327485488","13100.095939444","13056.3310937089","10812.0355014178","10322.4279638854","12118.3182710082","13194.8047570404","13592.4635937435","13961.1183693541",
"France","FRA","GDP per capita, PPP (constant 2021 international $)","NY.GDP.PCAP.PP.KD","","","","","","","","","","","","","","","","","","","","","","","","","","","","","","","38655.8856842914","38937.9522513749","39331.9041920718","39020.6141584284","39801.3888979817","40570.7169560557","40990.7395148125","41876.9330265158","43162.5423856938","44400.1357889191","45922.4789363701","46454.8706927365","46610.7820717214","46730.975806379","47720.4413351103","48257.4650937971","49223.247197008","50157.7837477634","50068.2969141379","48404.9657826363","49130.422942344","50085.6829779109","49935.6269081617","50066.5304324783","50326.567863089","50682.8953586333","50984.075297832","51895.5662985838","52560.9536243841","53448.5548849943","49311.333409639","52517.3354905855","53673.8137406422","54296.7230897731","54799.3482689389","55124.5392564395",
"Faroe Islands","FRO","GDP per capita, PPP (constant 2021 international $)","NY.GDP.PCAP.PP.KD","","","","","","","","","","","","","","","","","","","","","","","","","","","","","","","","","","","","","","","","","","","","","","","","","54263.326408917","51534.6010087672","51480.252003895","53441.4369353384","57524.5150997874","60950.0309827571","64019.4156670638","64010.1614022331","64156.3241575516","65461.9113301074","66192.0494379671","68136.6617957112","66037.9361506945","68433.2144298182","70268.4497197492","71828.4342781841","72113.6513885269","",
"Micronesia, Fed. Sts.","FSM","GDP per capita, PPP (constant 2021 international $)","NY.GDP.PCAP.PP.KD","","","","","","","","","","","","","","","","","","","","","","","","","","","","","","","3119.81174628461","3290.66674033392","3355.54826553826","3552.11499566208","3468.05346941417","3672.43126126526","3534.41608856405","3304.11609456279","3388.51252228873","3417.46540014415","3563.89180484484","3618.3939602241","3631.74876153373","3701.13265140057","3594.57718999286","3710.19849742597","3717.65782403635","3684.20209326281","3622.04886559734","3702.36131622048","3780.25132792653","3917.44641481482","3847.14743528337","3696.74550378941","3592.81901389543","3739.35968767448","3774.03193396948","3838.04534289261","3838.64054793262","3965.05377269396","3861.29319570301","3955.73141317971","3815.79465699672","3841.27116510816","3911.26631940407","3934.6426835411",
"Gabon","GAB","GDP per capita, PPP (constant 2021 international $)","NY.GDP.PCAP.PP.KD","","","","","","","","","","","","","","","","","","","","","","","","","","","","","","","23884.810699751","24665.6792294333","23268.9974720576","23551.681253301","23794.3149295166","24344.1857400285","24595.9719624869","25359.6596581065","25585.5077964038","22713.714440326","21717.2240796789","21604.7804441769","20981.4798584466","20875.4549325844","20438.9307066593","20385.2899909124","19224.1268658387","19751.876221581","18493.0921102783","17911.1458491118","18530.5760935497","19153.0878200945","19450.402706679","19836.455485141","20008.9899778716","20147.7116201795","19988.1755963186","19555.707882916","19225.5982574678","19491.4067631396","18681.4840738546","18523.5798032135","18662.0497970472","18701.4227766323","18923.6616609778","18986.4738767293",
"United Kingdom","GBR","GDP per capita, PPP (constant 2021 international $)","NY.GDP.PCAP.PP.KD","","","","","","","","","","","","","","","","","","","","","","","","","","","","","","","33530.9578151546","32995.3948749055","33332.3326389023","34413.1904916462","36025.9830963677","37200.3789969484","38076.0624470563","39831.4492555823","41004.8386335287","42071.7055369651","43818.3463079443","44693.6612621755","45265.4565169944","46505.2798806788","47317.027070979","48304.6753205932","49000.9535382241","50045.9163092519","49629.0498697349","46995.5449961945","47682.6525150443","47714.2894262827","48099.6594401942","48600.5100807266","49763.17387988","50462.8329992477","51168.2925796814","52429.1275538988","52983.039541197","53374.0927628482","47930.5490378931","51840.4424245515","53979.7679116234","53423.4226338292","53412.0647163589","53993.1172607885",
"Georgia","GEO","GDP per capita, PPP (constant 2021 international $)","NY.GDP.PCAP.PP.KD","","","","","","","","","","","","","","","","","","","","","","","","","","","","","","","12917.0944269361","10120.1628881435","5533.21082317728","3882.02029747648","3532.3200811072","3762.81153750309","4339.0046688347","4951.81291757472","5233.28837672816","5495.24505052866","5706.27236527837","6074.08643017282","6464.32539672648","7227.73705960701","7693.91525392067","8485.58670534953","9337.98906420101","10567.2747164758","10856.1031328003","10553.0896395853","11294.3685917112","12288.6828861156","13193.9596974054","13913.0018245661","14475.3135356035","14936.8434116647","15442.9564358054","16237.6242230275","17228.6790847503","18186.8816465807","17031.1440283426","18915.6534005263","20966.5280391134","22590.5293649146","24146.6234108645","25135.7822457412",
"Ghana","GHA","GDP per capita, PPP (constant 2021 international $)","NY.GDP.PCAP.PP.KD","","","","","","","","","","","","","","","","","","","","","","","","","","","","","","","2785.67114332501","2859.82702166411","2897.83543196858","2964.26600943658","2989.34731012131","3039.68873031674","3106.18555480388","3160.44504053249","3229.48228272631","3290.26865235748","3327.35199291767","3369.50702508212","3425.61820934278","3507.75105744843","3607.36522285021","3721.30785741996","3857.86154847605","3923.12567803728","4174.78124103364","4269.16005861557","4495.68916584106","5005.36732498187","5339.71321903045","5593.77481886917","5619.07233511591","5607.36635657413","5666.07795334591","5993.63085211077","6234.51208201488","6508.24652305901","6412.68541762469","6607.50297378321","6728.45413832472","6808.53775003964","7072.79879594445","7357.83332993014",
"Gibraltar","GIB","GDP per capita, PPP (constant 2021 international $)","NY.GDP.PCAP.PP.KD","","","","","","","","","","","","","","","","","","","","","","","","","","","","","","","","","","","","","","","","","","","","","","","","","","","","","","","","","","","","","","","","","","",
"Guinea","GIN","GDP per capita, PPP (constant 2021 international $)","NY.GDP.PCAP.PP.KD","","","","","","","","","","","","","","","","","","","","","","","","","","","","","","","2105.74729496232","2075.99194302675","2076.55062690695","2115.8664959394","2134.89769355787","2171.72552153265","2205.32363416973","2272.41100463955","2311.327353403","2346.2701835771","2358.28765608495","2412.75161959628","2498.13177495102","2473.23418295471","2477.50282602363","2501.22160456279","2478.61319510726","2587.0048887648","2629.5397474637","2537.30645758746","2594.83050344245","2673.40873029955","2762.90350938513","2802.56007024474","2834.96634347846","2869.85157178732","3099.78874189372","3332.76576150531","3455.64512638662","3557.46233883145","3630.99330577677","3738.8051255133","3792.01068836277","3904.82395527998","4016.34191385979","4216.85970804544",
"Gambia, The","GMB","GDP per capita, PPP (constant 2021 international $)","NY.GDP.PCAP.PP.KD","","","","","","","","","","","","","","","","","","","","","","","","","","","","","","","2653.78291392125","2623.64161607507","2604.26903326754","2586.13041645703","2508.1039153389","2456.00078113606","2439.04551648512","2486.93798396527","2502.76477124298","2589.97773860396","2658.61770579464","2737.69610805906","2578.557145742","2682.47993310133","2794.19352609118","2653.64239155191","2564.68653970519","2567.15728802982","2649.61119865306","2745.32540574768","2824.21259222517","2519.83983255672","2574.93509664061","2572.44728941685","2465.10971144823","2495.95741601525","2478.46055756999","2533.18683710276","2651.43281455826","2750.82132179634","2702.31919474482","2777.79620978324","2863.18049829859","2963.59873467436","3057.6841778633","3166.62129644442",
"Guinea-Bissau","GNB","GDP per capita, PPP (constant 2021 international $)","NY.GDP.PCAP.PP.KD","","","","","","","","","","","","","","","","","","","","","","","","","","","","","","","1968.09061079555","2024.85376829909","1987.7391360013","1963.5622486004","1964.63002250373","1999.94473972689","2185.90344879946","2284.02576620745","1738.64946632342","1992.852546394","1974.74466342453","2025.72675469878","2054.08977413547","2002.40206880451","1979.69782670273","2060.66663299612","2065.2122797791","2065.98983875944","2105.67394178792","2103.05813454823","2164.26823755351","2278.54751544448","2180.74338832775","2192.5927863603","2156.33643676255","2230.52993109779","2293.37861360238","2342.56110535416","2373.64935653455","2442.25868377476","2456.01139053324","2522.12869240841","2600.802474483","2660.81444655656","2717.54206972499","2814.08355940327",
"Equatorial Guinea","GNQ","GDP per capita, PPP (constant 2021 international $)","NY.GDP.PCAP.PP.KD","","","","","","","","","","","","","","","","","","","","","","","","","","","","","","","1122.81767364664","1070.82764283041","1390.47918482013","1487.81202528588","1672.34547535897","1892.11653062527","3033.84031220306","7296.10009809843","8684.6573083064","10492.4649475554","11767.4708814313","18031.964975074","20242.4309684399","21709.5751241959","28225.985816122","31302.957953874","32251.7680082519","35540.4477563657","39994.6159790647","38706.6052512135","33668.8740654852","34341.9342607505","35711.4919273537","32894.3693189101","31765.8997056851","27797.7942803179","24435.0645564801","22250.4389230263","20165.4795550607","18446.5916579681","17089.153726379","16821.4486470413","16932.7706827155","15302.1517835147","14997.7564392976","13786.3932934089",
"Greece","GRC","GDP per capita, PPP (constant 2021 international $)","NY.GDP.PCAP.PP.KD","","","","","","","","","","","","","","","","","","","","","","","","","","","","","","","26916.3125225704","27419.6029332234","27401.424003405","26804.8537616148","27204.3958682198","27646.1476383588","27905.1065690594","28768.2401472217","29592.525483114","30263.0543705003","31386.639783624","32675.9292327768","34081.0289759343","35970.7016808475","37811.4913664483","38146.962971083","40483.1569225337","41796.2336918303","41709.3877420312","39886.2135496664","37566.7483686263","33906.4917435676","31250.2268565956","30762.4432227813","31213.3765120298","31347.976574604","31468.6198471099","31995.4108838386","32722.3310444029","33502.7506488997","30487.1129331045","33528.2271202515","35828.1756641776","36700.5134631055","37474.2798239947","38218.721628616",
"Grenada","GRD","GDP per capita, PPP (constant 2021 international $)","NY.GDP.PCAP.PP.KD","","","","","","","","","","","","","","","","","","","","","","","","","","","","","","","8883.91901529785","8932.30359919008","8785.75882374895","8548.03859699698","8629.08629470408","8750.81831848402","9076.71902949207","9467.7770534851","10509.109807501","11158.4897298503","11625.050939182","11333.2377092409","11677.7034172407","12726.5266219464","12593.3546257337","14211.8426569264","13594.355159621","14376.2824512778","14463.560012123","13463.580293958","13354.9085012616","13397.8500405513","13161.3955324377","13386.3189064112","14287.9538720088","15136.6966673773","15640.8274503805","16291.4894625979","16964.852001696","17036.9151689715","14647.7451384876","15290.250903138","16376.4273099594","17093.1562867447","17484.5153919556","18240.9934237926",
"Greenland","GRL","GDP per capita, PPP (constant 2021 international $)","NY.GDP.PCAP.PP.KD","","","","","","","","","","","","","","","","","","","","","","","","","","","","","","","38137.5684896955","38162.9342232621","36343.125721052","34578.3464998854","36428.9123982244","37584.0719088915","38090.7089953713","38581.2151944518","41500.2312703294","42072.0565017419","44991.6751496134","45405.8543742044","44793.2704252565","46649.0480779756","49742.0582266726","52189.001485462","55243.7102798786","56763.2387284359","60506.1946272328","61035.5672997071","61863.2826915137","61170.9203658321","62111.1033086807","61659.6415225985","64799.3056628017","63364.0536061164","66245.7294730698","66297.1790691281","66887.6779268926","68534.9419039133","68533.7339902964","69302.0088788237","70681.2253902158","71037.5372239623","","",
"Guatemala","GTM","GDP per capita, PPP (constant 2021 international $)","NY.GDP.PCAP.PP.KD","","","","","","","","","","","","","","","","","","","","","","","","","","","","","","","7594.73215267529","7662.17099856969","7822.2634402435","7915.41059815185","8018.28330821547","8195.34970997959","8222.06920351134","8364.1651916099","8559.99025739148","8668.43099775145","8770.40815272307","8771.15927218783","8901.54046462168","8926.15771786373","9003.86136388797","9099.7275067528","9386.00549814138","9772.80992048501","9889.57668418909","9740.71387674159","9825.022234198","10032.0932829709","10126.8330566224","10297.8392994827","10553.563988977","10785.9583125957","10872.5938902469","11005.4592851719","11192.3719192725","11466.3764932197","11097.1503902986","11825.141273764","12144.4800461597","12380.3715121996","12643.9841235004","12986.5241144632",
"Guam","GUM","GDP per capita, PPP (constant 2021 international $)","NY.GDP.PCAP.PP.KD","","","","","","","","","","","","","","","","","","","","","","","","","","","","","","","","","","","","","","","","","","","","","","","","","","","","","","","","","","","","","","","","","","",
"Guyana","GUY","GDP per capita, PPP (constant 2021 international $)","NY.GDP.PCAP.PP.KD","","","","","","","","","","","","","","","","","","","","","","","","","","","","","","","5074.43109901682","5396.46342590543","5799.21836066806","6247.86624866594","6755.3286689231","7071.21280005947","7612.30424290021","8064.56715164725","7915.22956203951","8139.97018415742","8025.29326490962","8212.04321760917","8314.0272750321","8267.42910545363","8404.2001629708","8256.52519071138","8702.33133494001","9354.08017716534","9546.70875949436","9924.52660770631","10374.3947557656","10958.8598838438","11534.9985588659","11896.9069854942","12030.0529344045","12040.08253302","12420.4724727603","12801.6408529346","12980.3576003177","13402.4219472757","19234.1301977637","22865.9270968882","37068.1993827588","49312.3603225444","70516.7027944836","83658.6773475997",
"High income","HIC","GDP per capita, PPP (constant 2021 international $)","NY.GDP.PCAP.PP.KD","","","","","","","","","","","","","","","","","","","","","","","","","","","","","","","35048.4860485869","34936.6249467494","34831.4474654685","34769.1114059722","35306.6450427484","36005.2121727433","36746.9426195195","37780.2197015061","38417.0156756395","39579.8019589421","41171.5001921304","41687.2642346995","42228.5175573404","43079.0511287056","44471.4450352263","45654.0651226494","47042.116436345","48291.7487404085","48486.4291565184","46460.533960674","47722.6167285395","48617.91246313","49098.5714742481","49580.8001719361","50378.3164400802","51152.8663608105","51760.6328540112","52827.4265615404","53954.4851070337","54801.5259414975","52507.0167984634","55735.7734268154","57194.6710863244","57813.4235032444","58645.0415947684","59555.5130820323",
"Hong Kong SAR, China","HKG","GDP per capita, PPP (constant 2021 international $)","NY.GDP.PCAP.PP.KD","","","","","","","","","","","","","","","","","","","","","","","","","","","","","","","31598.7264606102","33124.6445961019","34895.7384690892","36428.5238295824","37767.182764774","37905.6482894504","37804.0797903194","39402.5736869551","36776.3657079191","37339.8931803408","39848.5593475546","39777.8262391597","40258.1488758671","41570.5634425877","44836.1768653659","47938.8533561286","50981.7296233058","53813.022139769","54630.3299120222","53172.2884268262","56355.409086809","58672.8050185719","59015.3179560955","60601.6109212886","61839.8044187474","62779.7552386246","63749.4285013369","65662.8543379575","66993.9592604441","65388.3366418212","61328.5367014193","65884.9376260603","64035.6484949629","64387.6654066058","66186.0448635456","68724.5565865756",
"Honduras","HND","GDP per capita, PPP (constant 2021 international $)","NY.GDP.PCAP.PP.KD","","","","","","","","","","","","","","","","","","","","","","","","","","","","","","","1172.07980628643","1436.05066143143","1521.94721667467","1681.08238809432","2108.27414889925","2555.0262257932","3054.15773942696","3635.98071357513","3950.83498715855","4293.827231525","4579.68960840984","4578.94787944773","4627.02278723456","4714.86701000971","4885.34258343422","5056.67544412551","5263.15029099578","5461.90151889031","5566.70639487722","5313.75573967791","5396.07227927744","5488.43371596332","5600.6077605497","5644.13384802045","5705.16246265484","5812.5348879105","5926.49025534228","6099.60734919414","6219.27973775059","6264.01884276715","5603.26398377777","6202.98078812037","6352.58710177732","6467.8800352783","6590.84384301553","6726.16685066658",
"Heavily indebted poor countries (HIPC)","HPC","GDP per capita, PPP (constant 2021 international $)","NY.GDP.PCAP.PP.KD","","","","","","","","","","","","","","","","","","","","","","","","","","","","","","","2187.52118955495","2150.14603492307","2063.51832231083","2007.61677310256","1954.66051802449","1995.76475593863","2045.40358405021","2105.06910780661","2122.71276081406","2134.25318452401","2138.94626992117","2156.32812750581","2182.06409883944","2208.5608106601","2270.11907323143","2331.37399166119","2397.1939417711","2461.47803585618","2530.01937834394","2550.8684428025","2639.80319569525","2673.5791083865","2705.2877016826","2791.50708497729","2862.12644300329","2914.03384890302","2956.59086263144","3016.38373115986","3053.40944915716","3094.41035211512","3004.89506305001","3038.71814072197","3095.04042281375","3113.88147842518","3180.19389105204","3276.21427940244",
"Croatia","HRV","GDP per capita, PPP (constant 2021 international $)","NY.GDP.PCAP.PP.KD","","","","","","","","","","","","","","","","","","","","","","","","","","","","","","","23399.6397169629","18812.8657379331","17020.1669100237","15570.3388433749","16301.6858484798","17522.5142510064","18850.1633100668","20110.2026198343","20576.0127669018","20489.3540108242","21302.4117206381","22826.7217624371","24136.7810227804","25473.5672036391","26528.5369054362","27641.1374713864","29035.6749841445","30508.3061279124","31113.555007687","29024.6640551953","28701.8754573033","28769.0229490882","28259.1638073948","28397.9820661555","28456.3353756076","29466.4506365792","30820.8050421355","32348.5888556174","33729.5455811943","35122.7966231008","32493.4017010055","36930.076102199","39863.9109377649","41320.257995772","42828.7997273569","44172.0442284906",
"Haiti","HTI","GDP per capita, PPP (constant 2021 international $)","NY.GDP.PCAP.PP.KD","","","","","","","","","","","","","","","","","","","","","","","","","","","","","","","3923.2219575616","3916.43139455701","3635.13892826929","3370.99533205147","2911.49975345891","3139.26416790518","3207.74580313016","3232.95524865654","3242.45890119666","3269.3988227012","3237.53077898724","3168.14454014466","3145.03689680869","3197.9365263707","3102.54173985545","3144.56353969437","3146.2634386786","3239.25745989841","3270.41272369326","3406.29486715549","3176.50949040109","3300.87444105175","3266.43832519352","3356.8373216264","3403.57496642947","3402.0283988016","3415.58218112308","3453.97142164659","3465.25480573601","3361.75328894114","3210.53609854862","3116.56505397604","3029.77866381702","2939.1237948199","2783.79140882788","2677.89385325549",
"Hungary","HUN","GDP per capita, PPP (constant 2021 international $)","NY.GDP.PCAP.PP.KD","","","","","","","","","","","","","","","","","","","","","","","","","","","","","","","21297.0006406829","18765.4162504008","18197.5305521351","18113.3369069655","18672.707236547","18977.2437047366","19029.1137284914","19635.2949600537","20438.3829550506","21128.8884639402","22117.9204303193","23069.2114730987","24229.2953575981","25255.8711300567","26568.118861864","27765.7886146197","28903.0475407078","29044.0669021254","29384.0070385818","27445.959458479","27801.833816111","28415.1173442897","28179.656464434","28891.0217544976","30264.9492302161","31485.5675425634","32378.9674983075","33828.714942571","35798.0412754022","37662.67681014","36119.5211735652","38887.1909527154","40610.9711368238","40333.2546888118","40747.1986679668","41160.6419140983",
"IBRD only","IBD","GDP per capita, PPP (constant 2021 international $)","NY.GDP.PCAP.PP.KD","","","","","","","","","","","","","","","","","","","","","","","","","","","","","","","6226.55848816473","6116.49695550779","6005.37538745985","6031.65511499714","6046.78733927862","6163.32466106537","6370.48500773132","6579.50842367165","6617.18640579533","6787.76376116896","7099.69521817635","7274.65163572105","7513.60301860085","7867.92433928093","8369.88369086676","8847.83067056732","9452.10929844277","10148.6867255691","10594.5033452448","10692.0618809217","11358.6063797168","11906.6328014983","12375.6300146684","12836.6202127518","13271.2499046005","13669.8723851709","14147.4607960246","14720.5064051308","15291.0398093318","15754.9861909747","15351.793172746","16390.9943192501","16933.9928182913","17639.8861068054","18338.0743917536","19028.6079256468",
"IDA & IBRD total","IBT","GDP per capita, PPP (constant 2021 international $)","NY.GDP.PCAP.PP.KD","","","","","","","","","","","","","","","","","","","","","","","","","","","","","","","5548.66273196844","5452.2495312981","5355.4237024899","5359.32382140701","5355.78243124537","5446.49004341279","5616.38672275835","5780.91318876713","5808.923873925","5937.18425113739","6181.73646411766","6320.01629864257","6517.50123745662","6797.92048003117","7205.64090749456","7590.28556742349","8069.48276915284","8616.07323944986","8962.67822410779","9045.73280749433","9568.3350709632","9988.65008164631","10337.9564275594","10698.1935593125","11042.0933017783","11346.1010341675","11696.9848339604","12123.4403274652","12547.6065169327","12882.9121398515","12504.9017541415","13248.8138127169","13635.9169175484","14120.5364644683","14612.9957116519","15101.5628016187",
"IDA total","IDA","GDP per capita, PPP (constant 2021 international $)","NY.GDP.PCAP.PP.KD","","","","","","","","","","","","","","","","","","","","","","","","","","","","","","","2881.63737646334","2864.64546122221","2852.5005024677","2800.5199208388","2756.82232823884","2782.82658467221","2848.40139306913","2883.58952063308","2911.79072965262","2922.98316074681","2965.97750506692","3016.92684889007","3115.82523706753","3190.64251168148","3329.75784325758","3456.76664335691","3584.11990284593","3712.03702353228","3811.61684663031","3918.73517951819","4065.12933937447","4166.33730689033","4221.81968545851","4342.25857072893","4484.83927106283","4584.99902568175","4649.06174910145","4743.55675240066","4853.06226610071","4940.15164754183","4750.57582514097","4825.30169071054","4938.94976493355","4987.31104092255","5093.91764711448","5220.75896307822",
"IDA blend","IDB","GDP per capita, PPP (constant 2021 international $)","NY.GDP.PCAP.PP.KD","","","","","","","","","","","","","","","","","","","","","","","","","","","","","","","4385.82960137348","4338.34143209451","4344.30591538365","4209.84706453351","4135.19963095432","4118.57022841448","4199.257021962","4188.90516811605","4194.86576836131","4168.20857171203","4209.1548816606","4267.87486448223","4439.21008957396","4529.62135630622","4746.79902014186","4907.66392963546","5061.17002152738","5195.80808887477","5272.70195837866","5444.50751527268","5622.53923702245","5723.39316723438","5846.37428459277","6049.35770247292","6263.27766334353","6369.42234682599","6379.73619945793","6424.09547786649","6540.02977425504","6597.29007423325","6248.18008980538","6382.99566586346","6554.67363673278","6605.73413006609","6743.39623530811","6912.88243448469",
"Indonesia","IDN","GDP per capita, PPP (constant 2021 international $)","NY.GDP.PCAP.PP.KD","","","","","","","","","","","","","","","","","","","","","","","","","","","","","","","4873.05380133263","5118.46789591815","5357.3758979759","5609.15178814269","5931.23473426762","6312.93453561158","6695.40975787395","6897.00236563331","5897.68530859207","5855.65800744994","6056.38197842165","6190.51954040991","6381.94955179996","6599.09193597034","6843.54654972364","7140.8545640704","7434.48785352221","7802.46406905954","8165.06155116624","8435.4557468629","8848.22473702066","9274.96955181702","9708.61182531081","10121.8141535043","10504.3869411088","10893.6621142169","11319.6634287738","11772.5743296107","12262.2310300771","12757.7850854842","12388.5449268131","12757.0746440204","13334.2653947637","13889.9495012858","14470.7179806578","15091.0088604652",
"IDA only","IDX","GDP per capita, PPP (constant 2021 international $)","NY.GDP.PCAP.PP.KD","","","","","","","","","","","","","","","","","","","","","","","","","","","","","","","2088.47149305233","2082.99544524376","2058.25807564261","2051.94467107569","2024.45093507867","2074.10174330687","2130.92645303633","2191.20412952559","2231.01436074422","2262.73573212869","2305.71777037295","2350.56945975774","2409.06339482221","2475.42243019989","2570.49137459422","2678.38937870739","2791.29991947711","2914.48488026821","3025.02503325556","3093.44360386607","3220.42982449368","3321.06989522982","3337.81840982522","3411.44081665014","3514.87967351075","3613.78023092134","3711.89606197188","3838.75766461121","3948.52787213757","4056.85050579817","3958.34543039405","4002.20344573931","4086.6200282723","4137.43602506399","4231.54619614221","4339.68090173229",
"Isle of Man","IMN","GDP per capita, PPP (constant 2021 international $)","NY.GDP.PCAP.PP.KD","","","","","","","","","","","","","","","","","","","","","","","","","","","","","","","","","","","","","","","","","","","","","","","","","","","","","","","","","","","","","","","","","","",
"India","IND","GDP per capita, PPP (constant 2021 international $)","NY.GDP.PCAP.PP.KD","","","","","","","","","","","","","","","","","","","","","","","","","","","","","","","2139.82749174123","2116.06939249228","2185.04046180678","2241.28535932488","2342.15609263829","2469.3516292637","2603.24632974171","2655.92939429507","2766.110488608","2954.0688560393","3010.42156148397","3097.16224022342","3157.26903770593","3346.8882902915","3551.04731213773","3770.39653173829","4011.08647585805","4253.82139046739","4322.48378983546","4595.37990753812","4913.87639723705","5098.67458775444","5303.50197767655","5567.49439418718","5905.10618204633","6301.67346968236","6741.14883185347","7116.03659185396","7492.62576755145","7702.17634811957","7186.86447099679","7818.65701757504","8347.38478647086","8870.55027609345","9416.05137044735","10039.0708910587",
"Not classified","INX","GDP per capita, PPP (constant 2021 international $)","NY.GDP.PCAP.PP.KD","","","","","","","","","","","","","","","","","","","","","","","","","","","","","","","","","","","","","","","","","","","","","","","","","","","","","","","","","","","","","","","","","","",
"Ireland","IRL","GDP per capita, PPP (constant 2021 international $)","NY.GDP.PCAP.PP.KD","","","","","","","","","","","","","","","","","","","","","","","","","","","","","","","29504.8772657821","29901.8063008033","30691.3955973094","31360.6490651216","33035.2362632759","36032.7774732501","38386.9116734053","42192.5848112478","45415.0455160312","49634.5026736477","53582.8313532284","55534.5698068816","57828.0116338414","58608.3353816693","61452.8660388324","63579.7134384122","64975.4086496251","66475.8410142999","62213.6453256462","58446.726333492","59107.4220740498","59797.0537343463","59303.0319813561","60285.2376140094","65463.1952541564","80815.6415277345","80760.0974145688","87731.7897045734","93115.8393498329","96205.7961557005","101793.447525871","116702.85817485","123007.47648651","117659.728593716","118833.312071751","131338.444745041",
"Iran, Islamic Rep.","IRN","GDP per capita, PPP (constant 2021 international $)","NY.GDP.PCAP.PP.KD","","","","","","","","","","","","","","","","","","","","","","","","","","","","","","","9656.00116894359","10592.3319257222","10727.4183671547","10531.9952777275","10333.4330005595","10465.0259592685","11010.0094976248","11025.7202371524","11101.507869196","11163.6950736445","11643.1218077696","11739.0090911282","12583.044990424","13519.4501926929","13807.1953114023","13935.7743087596","14320.6568534545","15237.4237850549","15091.2506521463","15055.1494647199","15729.9131707266","15947.766097961","15159.2948206531","14734.740588719","15262.8515760903","14841.9048340737","15920.3718021202","16167.9677224227","15364.8049052614","14841.0751514998","15381.5845437266","15884.4276775963","16377.9610645368","17044.8173442641","17484.1320140467","16833.7821677117",
"Iraq","IRQ","GDP per capita, PPP (constant 2021 international $)","NY.GDP.PCAP.PP.KD","","","","","","","","","","","","","","","","","","","","","","","","","","","","","","","10735.09411029","3819.16194826651","4916.26440292597","6105.04166284904","6044.87104810181","5969.66964096052","6419.36981876252","7545.72976100631","9871.73398030775","11237.8537439925","12702.1641950892","12529.6084050976","11144.0505255902","6849.3320080035","10210.5631004936","10078.4437646814","10568.9137652953","10853.8161022286","11511.9387643638","11470.5178061728","11816.8410150233","12267.5848940645","13357.0143882323","13712.931714296","13536.8227681399","13516.0271989173","15016.0920644557","14417.6306896454","14456.2357053191","14910.225032382","12827.6345392293","12731.7535755128","13433.3977166956","13202.3228073856","12725.0431260364","12191.5564658302",
"Iceland","ISL","GDP per capita, PPP (constant 2021 international $)","NY.GDP.PCAP.PP.KD","","","","","","","","","","","","","","","","","","","","","","","","","","","","","","","43099.5786392572","42507.6461691026","40560.5700738208","40677.5881237507","41781.8302657718","41604.2381180421","43241.3554367229","44664.5306286878","47286.6358663221","48539.3433136469","50227.8408745363","51468.3282267824","51287.593729948","52095.6402740564","55576.6099806516","58549.1358862183","60434.3837931128","64075.3098188208","63963.7601392225","58441.2719673968","57225.1024282006","57837.8604599413","58203.6379459536","59729.5439775397","60199.1994872756","61820.3618857662","64759.2275423229","65462.5033306299","66703.0219398003","65994.9860038103","60617.143268851","62720.7916832797","66581.2441801002","69268.1221404224","68230.356652817","68064.6854551866",
"Israel","ISR","GDP per capita, PPP (constant 2021 international $)","NY.GDP.PCAP.PP.KD","","","","","","","","","","","","","","","","","","","","","","","","","","","","","","","25340.9813271336","25704.7207371288","26758.4290726582","27129.2193762452","28399.3981907056","29477.45829469","30392.8973069758","30713.159801923","31250.1071698272","31466.1683689237","33278.5412285682","32591.2116817431","31892.5395978816","31771.2115906733","32665.8537052438","33491.9913996395","34744.8675092298","36288.0655118571","36795.4799112424","36364.7843182661","37686.3420833543","39036.0247356871","39245.5078117687","40095.4756773092","40795.6290927281","40889.5989080834","41914.5802977706","42895.585129847","43782.6526491689","44492.1226967084","42926.5415418584","46151.100820403","48132.3637205177","47671.2476926086","47388.7236682364","48196.6345176562",
"Italy","ITA","GDP per capita, PPP (constant 2021 international $)","NY.GDP.PCAP.PP.KD","","","","","","","","","","","","","","","","","","","","","","","","","","","","","","","42656.7445101659","43283.0204441901","43614.4850883758","43216.1096444751","44136.7059141923","45410.1391731091","46008.2389303796","46869.4256086419","47701.3974191265","48493.6651210308","50353.4200415436","51332.2904432567","51369.1149098293","51126.2585544038","51495.0028841364","51585.6445807938","52304.2402949819","52747.1905476807","51806.3906176391","48774.3916833748","49301.6959141674","49473.0149235634","47795.9579360541","46833.3615309303","46825.6511245062","47311.8255262709","47987.8379581014","48849.2183534756","49355.8751913504","49690.6298505274","45505.0688708956","49825.3934111848","52333.3274270604","52842.6288831758","53284.8745049149","53606.0789571011",
"Jamaica","JAM","GDP per capita, PPP (constant 2021 international $)","NY.GDP.PCAP.PP.KD","","","","","","","","","","","","","","","","","","","","","","","","","","","","","","","8879.65295231625","9227.87613770652","9315.8581885588","10088.232357755","10123.2339381488","10257.8065381959","10147.4641121652","9939.66172862006","9624.92935948127","9650.43726482499","9667.92474492316","9736.06291757526","9869.71291927176","10169.7500243245","10244.2066702878","10278.6834382546","10522.2367459591","10622.4442829007","10490.4686134498","9992.97699539021","9805.90172806302","9932.48380946963","9829.03510015044","9839.96506606095","9872.15913752129","9931.89875715182","10179.2536486158","10391.0378224678","10636.0929784551","10816.3720391154","9891.96932961548","10430.6909771759","11096.6377085321","11398.8120394641","11340.2638800451","11357.915592063",
"Jordan","JOR","GDP per capita, PPP (constant 2021 international $)","NY.GDP.PCAP.PP.KD","","","","","","","","","","","","","","","","","","","","","","","","","","","","","","","8241.80478655254","7747.14378568886","8402.68031410694","8334.81403079152","8339.88427710177","8501.61905829876","8395.63208718512","8443.48146361982","8499.07689804781","8600.36943915146","8781.60904744228","9056.19447281902","9380.11324124271","9556.48163712053","10127.8527547101","10684.9424228538","10834.8737267915","11034.2922176813","11555.728825835","11888.6617212582","11942.572010796","11988.4963110815","12104.1217423938","11804.1225335126","11086.6905487513","10469.6306302225","10197.5044990617","10220.492781193","10183.0248366235","10168.3588523537","9872.3094512325","10056.5611261239","10158.4738771524","10308.7821986337","10468.265334284","10794.2402687732",
"Japan","JPN","GDP per capita, PPP (constant 2021 international $)","NY.GDP.PCAP.PP.KD","","","","","","","","","","","","","","","","","","","","","","","","","","","","","","","36137.8442587458","37226.3339021829","37402.9442395168","37088.8020049844","37352.6868581318","38137.9346304016","39221.765120663","39661.7312762235","38852.9526557943","38647.2705275615","39731.7953686304","39748.9837725849","39690.3676794625","40152.1282635641","40986.7225710497","41740.352036905","42358.9337348253","43041.5697058021","42518.8423408417","39999.9464203408","41647.0458542008","41640.6608721251","42394.9433175064","43304.1181931426","43754.438013293","44589.3032854003","44926.6202909525","45693.3776080987","46133.0225978718","46055.3498672487","44212.5503415724","45999.4617966896","46819.360613609","47387.2172542523","47479.8448545667","48283.3723959465",
"Kazakhstan","KAZ","GDP per capita, PPP (constant 2021 international $)","NY.GDP.PCAP.PP.KD","","","","","","","","","","","","","","","","","","","","","","","","","","","","","","","16837.690749004","14877.5273541269","14045.1035780375","12795.8746425372","11334.9831283773","10600.3302270095","10857.4353898737","11298.5805497095","11364.0307809315","11815.7732115429","12935.864368308","14612.0290050498","15960.8738450013","17344.752672995","18886.5811908122","20565.5294470866","22574.3429577665","24351.3464102542","24895.6645683245","24901.3527260084","26374.8407672795","27946.1603432944","28881.2417563728","30177.4887221736","30986.4379168995","30893.7594851041","30758.3227260598","31524.4416339794","32330.2274546567","33298.2123695035","32011.5491499004","32945.8515725823","33506.2614893237","34703.2349286604","35973.9633287017","37850.5791042984",
"Kenya","KEN","GDP per capita, PPP (constant 2021 international $)","NY.GDP.PCAP.PP.KD","","","","","","","","","","","","","","","","","","","","","","","","","","","","","","","4177.48603310346","4102.47677512965","3946.84093437851","3844.92029783599","3833.22357838589","3890.0985511465","3941.40919481353","3853.37139280354","3871.82176322447","3848.46470612727","3756.63622296879","3778.25854755615","3681.2569427491","3674.08592758409","3743.56785736929","3844.73557120578","3970.73349887685","4116.45094720856","4002.88364073792","4012.19428382397","4211.52462957784","4307.10611556858","4387.93790075409","4443.371215682","4558.55155266374","4679.62182831938","4770.31046388086","4846.86210851932","5017.66784674664","5171.71264279257","5057.40115537429","5338.85243382781","5491.69378280246","5691.82513474417","5841.59866001706","5995.40177895632",
"Kyrgyz Republic","KGZ","GDP per capita, PPP (constant 2021 international $)","NY.GDP.PCAP.PP.KD","","","","","","","","","","","","","","","","","","","","","","","","","","","","","","","6095.68108610235","5520.42979891313","4701.99138098658","3973.88323931033","3176.92381882726","2974.71163891294","3138.66615671114","3399.93427126665","3419.22330736215","3491.93773268741","3638.46314292227","3795.89059344129","3760.53239965257","3982.92722017802","4211.52248307857","4156.95849230116","4240.17017797554","4558.71267894172","4894.9427801376","4969.96132720374","4876.47964886483","5092.85165751678","4993.39431683528","5418.54061993935","5513.7544695252","5600.2143342846","5715.01041179003","5861.22200040503","5951.82876758606","6087.60193826927","5537.79547319377","5736.47883415154","6139.77788825006","6575.77541290499","7210.57669830499","7878.4491366966",
"Cambodia","KHM","GDP per capita, PPP (constant 2021 international $)","NY.GDP.PCAP.PP.KD","","","","","","","","","","","","","","","","","","","","","","","","","","","","","","","2646.09798836687","2731.37973720314","2769.4882552665","2714.59150059884","1650.39100001816","1672.73928514136","1643.01579058314","1595.17130656935","1602.38371208931","1775.41239802043","1922.03179092592","2032.08092022373","2126.34150468987","2309.83931482788","2491.30930003838","2781.89028895255","3041.10471220153","3308.15747246544","3501.9257021932","3587.60889588362","3711.53750580157","3921.97911563308","4159.16354123446","4419.3988680186","4702.73061823207","4968.57276699143","5283.72964943779","5632.03125629342","6050.59088262205","6448.88455952805","6128.78243783335","6225.53265474741","6458.3681488084","6695.29194763723","7011.58146903703","7300.08078250634",
"Kiribati","KIR","GDP per capita, PPP (constant 2021 international $)","NY.GDP.PCAP.PP.KD","","","","","","","","","","","","","","","","","","","","","","","","","","","","","","","2213.82383793259","2047.41606309396","2496.31621103546","2455.76448938155","2469.03750427619","2499.10778181477","2455.81569397419","2439.722674441","2503.18275861743","2364.64913231153","2481.73318329794","2357.88396425016","2341.99557733328","2258.32313744125","2199.95258272342","2184.06094408808","2264.4516846113","2286.73943693111","2172.63601744656","2138.23987425041","2119.91176706204","2150.65854434166","2242.30105765006","2382.67559474112","2381.65349253168","2616.17635911711","2762.28741039854","2822.02092296284","2875.41766341166","2926.59366475855","2839.17274622563","3024.21029665634","3127.17745381556","3175.02475728903","3275.00186630433","3363.99521326766",
"St. Kitts and Nevis","KNA","GDP per capita, PPP (constant 2021 international $)","NY.GDP.PCAP.PP.KD","","","","","","","","","","","","","","","","","","","","","","","","","","","","","","","14326.0410656507","14084.6831940102","14557.184258305","15348.6887799847","15955.8375010028","16596.2656266287","17340.2234624221","18288.4943671657","17963.6992379347","18291.4229188676","19840.5800645267","20648.7889741472","20813.4050029806","19927.1818314137","20661.3458642993","22612.7126559455","23258.9842253211","23330.0442404195","25898.7823620981","24973.8045286303","24997.5672513428","25380.0087348215","25114.0572603244","26532.1016561725","28530.3072249013","28729.566447667","29867.0265589791","29948.9200065682","30576.2486749244","31512.1943105684","26736.9283563771","26896.6177065978","29749.8700864823","30616.577281386","30656.4410109367","31427.6630825717",
"Korea, Rep.","KOR","GDP per capita, PPP (constant 2021 international $)","NY.GDP.PCAP.PP.KD","","","","","","","","","","","","","","","","","","","","","","","","","","","","","","","14377.8839203268","15784.4668669974","16613.4907015983","17595.9036148432","19052.2990926264","20697.8969808345","22139.7963785414","23311.0420901741","22000.3387603516","24382.2508517369","26404.1588575745","27440.6564915847","29395.2766036796","30142.4605585814","31579.5283048867","32886.0472450743","34429.6222013137","36257.3401689702","37064.1518484106","37176.1939270969","39574.0500732947","40719.2273771671","41537.6728611117","42709.9751857887","43806.9250985661","44849.106767089","46088.2430785383","47536.7898568851","48834.4471157733","49790.8679884821","49374.0926148025","51718.2518656631","53228.6035655365","54029.3434990785","55070.9386194121","55697.0848086328",
"Kuwait","KWT","GDP per capita, PPP (constant 2021 international $)","NY.GDP.PCAP.PP.KD","","","","","","","","","","","","","","","","","","","","","","","","","","","","","","","38932.9435275146","28633.9695922465","43266.9328651676","56684.1863309395","61753.8489990065","64093.5178778949","62665.2243536425","62151.9518270333","62450.0884424765","59533.9542752452","60585.3026788164","59099.6653133601","59348.6172741565","67984.3145062554","73298.0621819477","78193.9012127585","79521.3484338455","79474.7611346377","77036.5083833055","67896.2680451995","62956.2152904125","64844.5019019408","64908.262639237","62458.8089221249","60065.6544076232","57763.5174574395","56936.620842726","52285.5871175696","51623.8078622052","51380.6455354631","49372.8187938552","50651.9575337091","51379.8833194119","47790.1933239144","46664.2195116056","48253.963885132",
"Latin America & Caribbean (excluding high income)","LAC","GDP per capita, PPP (constant 2021 international $)","NY.GDP.PCAP.PP.KD","","","","","","","","","","","","","","","","","","","","","","","","","","","","","","","12355.3054990239","12513.826042173","12586.8045095486","12942.1253667728","13406.2896778261","13245.8298079587","13535.3863903502","14033.9004995701","14203.2697588857","14044.8795352472","14331.7839148575","14150.3174722497","14013.3139307931","14161.0919133732","14714.1889558771","15100.9407755949","15689.2144065463","16321.8321811757","16733.096469667","16146.6158745104","17037.1271662537","17612.8529378709","17843.9103583108","18162.1070321562","18231.5556349808","18116.8775494236","17879.6160960042","18078.2959124229","18213.6232664927","18195.6679220187","16883.6083104718","17991.1283749974","18604.9631264863","18872.9989096637","19114.9636573284","19409.3062576196",
"Lao PDR","LAO","GDP per capita, PPP (constant 2021 international $)","NY.GDP.PCAP.PP.KD","","","","","","","","","","","","","","","","","","","","","","","","","","","","","","","2005.50049410401","2033.58258303281","2088.02004083238","2152.2765966407","2267.78215521397","2368.05475182536","2473.77285753148","2589.20762864101","2642.56618699585","2786.52039703471","2899.01961879748","3015.63258480614","3143.22327579556","3282.9853971272","3441.16999706515","3630.55878769378","3881.53736632657","4112.25301659759","4367.162880257","4625.07173324518","4946.10563678173","5266.87866924206","5608.96956337059","5974.47368943414","6341.2122967032","6703.74124348885","7063.25545347926","7432.4596330485","7775.08574451883","8075.27502377003","7995.59502527818","8080.43553249923","8183.03286472653","8372.15591874407","8600.3245466568","8872.69396186433",
"Lebanon","LBN","GDP per capita, PPP (constant 2021 international $)","NY.GDP.PCAP.PP.KD","","","","","","","","","","","","","","","","","","","","","","","","","","","","","","","5345.51209718413","7828.17201077656","8924.15264553271","9695.31549182752","10294.812771264","10762.4426963776","11757.2824887935","11668.4006854372","11885.3072278409","11617.2497708538","11571.7326041085","11817.9305012844","12053.8341563826","12272.3440677497","12882.0757995163","13024.6648924956","13003.680803908","13941.5614244767","14955.1413563252","16264.3506182706","17390.7584012958","17353.1960845294","17323.3013764282","16396.4969302163","15205.873265402","14980.020515614","15572.3611739774","16128.5838196051","16290.0516478592","15659.5661040012","12507.4366368078","11599.7755083765","11474.7505845558","11330.2687387422","10469.2210966932","",
"Liberia","LBR","GDP per capita, PPP (constant 2021 international $)","NY.GDP.PCAP.PP.KD","","","","","","","","","","","","","","","","","","","","","","","","","","","","","","","1866.40548125833","1819.49785292522","1115.03770816852","718.683238814764","563.640361196647","534.809715165406","582.677982536092","1111.93760251371","1308.40568305294","1507.31470254594","1868.17975587618","1867.11910921753","1887.64601570733","1308.15090140274","1326.53565502695","1335.61728880785","1364.60347323709","1422.10019670004","1463.12408187297","1492.99817384053","1538.85083488512","1601.03374045996","1668.97289588776","1774.5205777394","1750.1438489328","1714.09047960464","1653.31050211233","1661.30290782171","1647.97443793846","1575.76665001238","1497.37692436272","1539.20892304674","1578.99837069175","1616.92373356695","1646.05861366601","1692.92591135475",
"Libya","LBY","GDP per capita, PPP (constant 2021 international $)","NY.GDP.PCAP.PP.KD","","","","","","","","","","","","","","","","","","","","","","","","","","","","","","","18126.5869612606","20506.8762691578","19538.138704794","18434.641128465","18444.5133617859","17723.2679211029","17809.1519222171","18451.6998451345","17532.9261043755","17402.5683820479","17747.0188855832","17115.9888564264","16629.4364346005","18422.7336032405","18851.2039109963","20649.4624580172","21545.2986384419","22422.0117594762","21915.1976208274","20518.9642412838","21115.5259846154","10741.9206751908","20601.0026641","16557.500941665","12499.0829968523","12195.3486990421","11831.8257669559","15428.1164411854","16385.164476127","14337.1962987582","9978.66400110743","12641.5097714075","11450.0598552928","12476.5974944083","12583.8338726816","14118.2064418565",
"St. Lucia","LCA","GDP per capita, PPP (constant 2021 international $)","NY.GDP.PCAP.PP.KD","","","","","","","","","","","","","","","","","","","","","","","","","","","","","","","17056.7184904705","16916.7265576984","17991.7093213106","17831.0913239805","17847.4137671755","17875.410141117","18125.3575537673","17747.9002859129","18606.5360149924","18856.576335563","18638.117705755","17820.7964312951","17739.5766779723","18344.5919258071","19526.4461369718","19303.9921315127","20353.6533720188","20559.8974830119","21443.2592977841","20706.505527623","20648.7861045765","21430.0225948015","21309.2251296295","20827.2886025849","21010.6981919895","20939.8810312364","21566.3058799575","22207.2131041263","22761.1613461447","22445.2080507874","17247.9578674753","19141.3272253168","22811.2524480383","23636.0265940253","24699.9694711589","24502.9628641276",
"Latin America & Caribbean","LCN","GDP per capita, PPP (constant 2021 international $)","NY.GDP.PCAP.PP.KD","","","","","","","","","","","","","","","","","","","","","","","","","","","","","","","12425.5780914071","12603.5714249853","12734.9200437577","13103.0483830762","13570.0746408401","13463.6944120733","13773.1725950955","14298.0230325412","14501.2773704622","14363.687175835","14662.98009358","14517.4981001165","14398.1472983889","14567.691251088","15159.8546462837","15565.1750239356","16172.0518023451","16820.2801252913","17242.6454978629","16665.1020164418","17550.7377870024","18150.5882548775","18433.7387345819","18766.917591694","18852.4281125219","18762.9039878165","18550.8729173978","18744.6242855123","18893.7989523752","18883.1868618303","17508.6173350597","18696.3210341683","19355.0766860444","19651.7333890663","19954.1496595019","20286.72849365",
"Least developed countries: UN classification","LDC","GDP per capita, PPP (constant 2021 international $)","NY.GDP.PCAP.PP.KD","","","","","","","","","","","","","","","","","","","","","","","","","","","","","","","1952.07525314564","1936.47394486678","1891.5115404983","1832.89513349639","1793.32284426074","1846.55167883725","1900.50440579373","1950.68947966068","1976.74633745167","2009.58049558818","2048.71959919672","2101.00285697336","2164.86433866971","2227.39805845854","2321.65342191161","2440.11770369825","2556.63271986189","2691.00800844867","2806.96555455219","2867.15245697277","2980.94840851133","3051.43683302234","3129.10024240458","3241.36780220136","3352.66131202589","3444.48573373338","3530.49118814527","3628.8467447362","3726.77808267188","3830.88853350413","3741.39972817227","3753.1278014194","3851.7539627313","3891.73641004671","3956.39663716034","4035.2417552817",
"Low income","LIC","GDP per capita, PPP (constant 2021 international $)","NY.GDP.PCAP.PP.KD","","","","","","","","","","","","","","","","","","","","","","","","","","","","","","","1861.4363955005","1835.50541984467","1779.98675412983","1746.57470122899","1711.92627016507","1746.14868862413","1802.88114599218","1857.39678230419","1879.34132897105","1855.17329654055","1848.07202366958","1879.89185741637","1938.9037333312","1962.85839011974","2037.73559020632","2117.2453953109","2183.70629205611","2267.43652462977","2332.31935449671","2363.64532551769","2461.60384878329","2471.46990092247","2314.6902870397","2284.04770988727","2312.39785199331","2349.58022316902","2367.13435583932","2398.91418465668","2422.64161564751","2449.56269658666","2399.29922464841","2374.74913269038","2395.91599638187","2365.06299303399","2395.99109855428","2481.01315595719",
"Liechtenstein","LIE","GDP per capita, PPP (constant 2021 international $)","NY.GDP.PCAP.PP.KD","","","","","","","","","","","","","","","","","","","","","","","","","","","","","","","","","","","","","","","","","","","","","","","","","","","","","","","","","","","","","","","","","","",
"Sri Lanka","LKA","GDP per capita, PPP (constant 2021 international $)","NY.GDP.PCAP.PP.KD","","","","","","","","","","","","","","","","","","","","","","","","","","","","","","","4561.57913260491","4735.81940022694","4866.23941152126","5114.43630395889","5322.72963126043","5523.31225392817","5624.02393649431","5871.72297556048","6032.62212629246","6176.23548454667","6428.61341889128","6230.03051863559","6409.86278892115","6741.01248848024","7059.91098067102","7452.7423412297","7970.6649101939","8454.20675331505","8897.82686005016","9156.31906481264","9832.18622335265","10618.4925999722","11447.6937737782","12249.7223347846","12909.9663068113","13329.779343882","13845.6146782218","14572.4858214616","14759.8248945226","14637.4442912676","13886.6513728689","14316.1352225567","13249.0650505201","13065.0698305722","13793.0669827677","14582.7603740374",
"Lower middle income","LMC","GDP per capita, PPP (constant 2021 international $)","NY.GDP.PCAP.PP.KD","","","","","","","","","","","","","","","","","","","","","","","","","","","","","","","3056.24289827227","3042.82483895626","3087.95328781828","3083.36754378992","3135.32439884394","3227.69254959929","3361.06610527447","3416.43102176628","3513.10079044313","3645.8916274424","3721.15583004668","3811.50335096094","3905.26609643631","4065.50236156351","4274.69610229025","4484.76374023139","4721.62738527555","4960.878329707","5091.43324856468","5327.71639726179","5602.46049037949","5768.54126854103","5959.12380566511","6197.54309245233","6478.86225993693","6770.17550450668","7060.83322568102","7336.66033715744","7634.72598689899","7828.88816562443","7421.0922949801","7838.34718454926","8239.02963162706","8575.83406829339","8930.71250643165","9350.30085073697",
"Low & middle income","LMY","GDP per capita, PPP (constant 2021 international $)","NY.GDP.PCAP.PP.KD","","","","","","","","","","","","","","","","","","","","","","","","","","","","","","","4440.58679169367","4439.30867556387","4502.70450087412","4587.73474985262","4678.32670210015","4792.63014171768","4987.6535921003","5155.3722704368","5215.30941351259","5320.55870168961","5516.65071098444","5631.10697990246","5806.43177431994","6049.20754417552","6413.33308387559","6762.59683515012","7185.63014243261","7671.7507012782","7977.46088036183","8152.22412560338","8663.85763037059","9057.29727616674","9388.20025846692","9755.16890460974","10105.0781953344","10435.5053265179","10798.4518286632","11215.7885981508","11619.79598111","11942.5710199999","11605.6207814452","12294.6891013589","12688.9670294297","13155.1620681372","13612.7879900807","14102.0915988115",
"Lesotho","LSO","GDP per capita, PPP (constant 2021 international $)","NY.GDP.PCAP.PP.KD","","","","","","","","","","","","","","","","","","","","","","","","","","","","","","","1422.15056881284","1494.24032446777","1571.8270420314","1602.59633239095","1675.5977232422","1709.69433512939","1786.182290166","1837.69657049966","1856.69078488714","1860.70052178612","1932.15793223415","2004.03350215955","2024.78727304864","2127.37302160132","2178.66474674332","2275.01614419256","2381.02024562073","2470.31462127885","2589.16635854686","2538.19341751854","2651.37804898226","2749.31958166573","2894.22705048142","2914.37515966739","2930.61724036206","2986.95866729879","3057.26091568162","2924.68096193272","2846.41828124649","2773.28639887236","2517.11044486593","2544.78249551214","2577.54544127769","2592.4570129526","2697.62738436647","2720.95737653412",
"Late-demographic dividend","LTE","GDP per capita, PPP (constant 2021 international $)","NY.GDP.PCAP.PP.KD","","","","","","","","","","","","","","","","","","","","","","","","","","","","","","","6637.56041137622","6502.05149318433","6288.47965404527","6354.66147168961","6414.78626141477","6631.61742034211","6837.45613660664","7097.32228174139","7146.05395183814","7403.98453534758","7865.40223869989","8198.53171138037","8615.35404402717","9138.18820940943","9802.55079794057","10466.0431607711","11333.0924408752","12361.2116354473","13098.0960309932","13334.5473252508","14254.5060505905","15116.23443797","15849.9797393159","16550.7608765012","17214.8266070851","17784.0628531228","18377.0584236764","19161.6836683691","20046.5223675086","20852.8824490568","20730.0029982162","22189.7622837471","22842.7930520757","23803.1520192179","24850.1716606625","25875.7314622577",
"Lithuania","LTU","GDP per capita, PPP (constant 2021 international $)","NY.GDP.PCAP.PP.KD","","","","","","","","","","","","","","","","","","","","","","","","","","","","","","","20594.0623779042","19392.1950657963","15286.2039647381","12866.5897896196","11690.8861051725","12168.8332695478","12878.1001468209","14050.349878771","15208.6978530701","15148.9570325637","15777.4293800236","16939.467059225","18223.4782620215","20310.7119582322","21875.6085796224","23953.8150681702","26139.2837773621","29381.9521464971","30457.3682543436","26227.5230201039","26897.7243702338","29251.8774718539","30932.0983180261","32487.0008217277","33988.0148951198","35264.7149248316","36632.0832798438","38789.2463179035","41035.4018152732","43078.7118585461","43108.1976060283","45897.3715026327","46642.5947251086","46333.9006965206","47462.0039386975","48839.5436452948",
"Luxembourg","LUX","GDP per capita, PPP (constant 2021 international $)","NY.GDP.PCAP.PP.KD","","","","","","","","","","","","","","","","","","","","","","","","","","","","","","","81455.0312264957","87318.4976692868","87734.2029842352","90200.6012709212","92380.4162945065","92396.3982654612","92421.5791788935","96216.9038688184","101369.82339661","108186.852973076","114148.353907645","116265.230369162","118764.331507238","120403.002017933","123725.755122536","124871.952523256","130290.174082751","138683.319852878","135814.608862354","129004.508948877","131434.360018803","129887.626962873","128897.403218507","129947.336184196","130249.550482759","130097.338289025","133661.734541281","132169.829576174","131733.884471489","132724.754668303","129865.631871124","136772.443753292","132570.832272626","130048.922273147","128475.283540415","127420.601625165",
"Latvia","LVA","GDP per capita, PPP (constant 2021 international $)","NY.GDP.PCAP.PP.KD","","","","","","","","","","","","","","","","","","","","","","","","","","","","","","","17508.7871005399","15376.0911858137","10582.2074616453","10255.1419301566","10656.609005478","10707.5149969006","11077.8618422597","12215.0151940189","13138.4012524255","13619.098799485","14554.2131724037","15695.906718153","17096.5594440255","18717.6675525538","20574.118201251","23213.3539355881","26431.8140222767","29423.7371235063","28726.9722869522","24520.6791475489","24119.7307848939","25308.7322074626","27496.5454583635","28375.1842887263","29243.7412502629","30599.6133134147","31668.5148442662","33036.3915943437","34729.7062763057","35208.1934590859","34225.8976044058","36912.0130602161","37718.7097958367","37277.7217221317","37615.0762450744","38800.5425281872",
"Macao SAR, China","MAC","GDP per capita, PPP (constant 2021 international $)","NY.GDP.PCAP.PP.KD","","","","","","","","","","","","","","","","","","","","","","","","","","","","","","","55300.7442649888","54602.0544901621","58652.7899194928","59589.975909516","60120.6582440409","60205.7086394147","59115.2336138336","58639.5250296819","55296.5007644986","53348.0126915655","55994.760697993","57173.8590987063","61625.9560068114","67994.777526459","84004.4558061302","87185.5254441553","93828.3198758417","102879.639164559","102474.668562926","104911.140336462","130758.2806979","155385.324208541","164239.261923457","174569.523171267","162813.439348589","123194.067291275","120530.052858314","133322.632677744","139541.157248769","133453.896026037","59662.4855864551","73374.4486829589","59921.441691873","104815.20003062","111693.502831434","117098.274845518",
"St. Martin (French part)","MAF","GDP per capita, PPP (constant 2021 international $)","NY.GDP.PCAP.PP.KD","","","","","","","","","","","","","","","","","","","","","","","","","","","","","","","","","","","","","","","","","","","","","","","","","","","","","","","","","","","","","","","","","","",
"Morocco","MAR","GDP per capita, PPP (constant 2021 international $)","NY.GDP.PCAP.PP.KD","","","","","","","","","","","","","","","","","","","","","","","","","","","","","","","4418.66015625","4656.1259765625","4483.24951171875","4379.76416015625","4771.0927734375","4444.228515625","4916.47998046875","4766.1103515625","5033.92333984375","5043.6650390625","5100.11572265625","5417.57861328125","5544.07177734375","5810.05322265625","5996.39013671875","6103.42236328125","6488.673828125","6620.59033203125","6901.95068359375","7063.72705078125","7210.63671875","7503.79296875","7628.64404296875","7839.0322265625","7951.79833984375","8198.80859375","8141.9404296875","8450.0087890625","8611.75","8768.17578125","8054.56298828125","8623.265625","8690.4482421875","8915.3515625","9162.7470703125","9495.4052734375",
"Monaco","MCO","GDP per capita, PPP (constant 2021 international $)","NY.GDP.PCAP.PP.KD","","","","","","","","","","","","","","","","","","","","","","","","","","","","","","","","","","","","","","","","","","","","","","","","","","","","","","","","","","","","","","","","","","",
"Moldova","MDA","GDP per capita, PPP (constant 2021 international $)","NY.GDP.PCAP.PP.KD","","","","","","","","","","","","","","","","","","","","","","","","","","","","","","","15902.8943232278","13342.0600237962","9461.42772606577","9363.59309935118","6490.35310271769","6428.83979448752","6063.14051693664","6185.83952473232","5783.48593751483","5597.46512850295","5727.07922525352","6090.03474356112","6580.27841436838","7034.35784911687","7573.6178454751","8161.47344724765","8577.02858037286","8854.83397616724","9563.69814290939","9001.23432081622","9649.9509930271","10217.3087761255","10158.3854676883","11080.0634585341","11641.1208436577","11691.0797484184","12377.366678394","13118.8219369605","13895.5043655692","14621.2401362286","13559.2600217483","15682.0703284653","15350.3120408391","15980.5668889856","16393.8633257184","17087.1874044819",
"Madagascar","MDG","GDP per capita, PPP (constant 2021 international $)","NY.GDP.PCAP.PP.KD","","","","","","","","","","","","","","","","","","","","","","","","","","","","","","","1968.27239771424","1789.84169366249","1757.29459775259","1740.29513594203","1686.34190833351","1661.27062467061","1643.32579628891","1649.44809006306","1658.88849253066","1681.35933226493","1701.44320253582","1748.50350929178","1486.43429741771","1584.74925232364","1620.11953793293","1648.17631554009","1686.86335460016","1731.61751794976","1794.40235887329","1673.15551466723","1635.24511473059","1614.55137773785","1617.79082882481","1610.6023078966","1620.357889066","1627.5806134224","1648.91226979296","1669.72764267278","1678.78623269491","1707.83153830039","1545.72714379204","1577.43246056529","1602.42805197529","1629.6055225489","1659.15030770194","1668.47702330854",
"Maldives","MDV","GDP per capita, PPP (constant 2021 international $)","NY.GDP.PCAP.PP.KD","","","","","","","","","","","","","","","","","","","","","","","","","","","","","","","8945.80478665277","8799.25510927462","9120.9918309279","9378.52243653043","9866.07502836993","10894.1730236585","11495.0988639063","12210.9687208916","12884.7223193763","13449.2026730153","13738.2809408875","12977.9990665612","13689.8065561949","15316.1192814998","15958.6557759464","13942.8753891662","16829.9768208157","17439.9504862625","18344.4866455436","16230.0089361263","16730.0144200167","17581.7676697752","17390.1474995422","17986.8907361645","18765.3592118344","18829.4481529112","19345.1792343541","20036.7165354949","21072.5805249694","21855.501224579","14242.9750701162","19052.6224904311","21357.8112511153","22333.0477138175","23034.4098404839","24401.3159253635",
"Middle East, North Africa, Afghanistan & Pakistan","MEA","GDP per capita, PPP (constant 2021 international $)","NY.GDP.PCAP.PP.KD","","","","","","","","","","","","","","","","","","","","","","","","","","","","","","","9219.82166050209","9109.86983671017","9384.77241913592","9335.05184735193","9333.41089422049","9383.03781172441","9635.95562657862","9771.66464455899","9976.80086991378","10034.8137620933","10396.7937182114","10387.1843453909","10405.750570078","10590.2776590084","11163.9098849067","11466.1867676249","11838.3024594452","12172.6860848971","12410.3548378055","12328.590525863","12644.5287639675","12878.6633569426","12998.8237760191","12974.7088043422","13125.9569108265","13274.4834148132","13660.6647261647","13738.7112789254","13857.6977166328","13875.4354818805","13261.5451067803","13667.9618940942","14260.8818255762","14315.2058223182","14391.405949633","14512.0028970514",
"Mexico","MEX","GDP per capita, PPP (constant 2021 international $)","NY.GDP.PCAP.PP.KD","","","","","","","","","","","","","","","","","","","","","","","","","","","","","","","17169.5925859795","17511.7313112492","17796.4059662866","17970.5871869693","18422.8199296267","17028.1215022837","17775.8727889128","18737.6426464292","19573.0654561328","19793.2852863293","20470.4937669158","20078.2183931307","19744.7933675609","19701.4633898714","20127.2242902968","20277.2552852007","20965.8256087044","21102.2688338349","20992.5602662364","19385.5437251877","20058.3854882301","20457.6001677783","20898.935720908","20805.3480406564","21069.7661653886","21408.9283216195","21578.263354126","21777.5225127275","21997.7730219494","21704.185952748","19728.4817827455","20782.5877440905","21391.8573698845","21864.9236104145","21970.3520412926","21911.9292842747",
"Marshall Islands","MHL","GDP per capita, PPP (constant 2021 international $)","NY.GDP.PCAP.PP.KD","","","","","","","","","","","","","","","","","","","","","","","","","","","","","","","3906.08626688762","3828.95408868903","4029.85752552856","4207.94886487463","4397.47802009698","4704.03569964567","4175.34883541971","3867.83838576288","3806.3745586576","3719.28760761623","3772.69913192999","4001.24312059454","4122.36777186234","4041.17284358405","4012.85859698975","4075.6807928036","4076.09863045701","4222.95393537643","3903.80571323423","4047.74537243531","4269.9054604506","4259.66173142969","4244.58812838612","4470.42630092843","4492.56749211821","4670.70755785577","4897.14934002038","5200.01066532485","5636.02954937672","6405.89632387105","6418.00663822416","6768.82579129624","6937.75357050514","6774.78265578378","7236.8679376649","7660.37695591168",
"Middle income","MIC","GDP per capita, PPP (constant 2021 international $)","NY.GDP.PCAP.PP.KD","","","","","","","","","","","","","","","","","","","","","","","","","","","","","","","4646.25957151285","4648.01430999731","4722.09677497986","4819.0321408954","4921.83961052995","5045.74981253275","5255.64118230755","5436.38229390239","5503.3384952339","5622.72676657745","5839.15688660076","5965.0670590156","6156.3157470722","6424.20602384843","6820.50538313605","7201.40053186685","7665.31771724037","8197.99268490885","8535.84090946808","8733.86163528882","9296.31778418793","9737.81435931152","10125.510949148","10542.026674052","10935.2532861253","11307.9180137805","11720.8222579728","12195.0632181132","12658.3244996246","13034.1513333008","12685.0950213792","13477.1480288886","13938.71550771","14488.6453367075","15025.1337351136","15594.2386038478",
"North Macedonia","MKD","GDP per capita, PPP (constant 2021 international $)","NY.GDP.PCAP.PP.KD","","","","","","","","","","","","","","","","","","","","","","","","","","","","","","","12904.4868211184","12153.4983960276","11486.7282993524","10764.7022358488","10650.7391780911","10501.0888473538","10551.5225095076","10787.5306257229","11092.8286175909","11518.9567330226","11988.2448826829","11571.8112316434","11830.2626132426","12077.849005462","12683.3809111151","13354.4611473701","14118.2297877525","15118.2436719552","16038.0413530579","16084.2279730567","16731.0901838425","17201.236162644","17189.9956305456","17758.2275594412","18452.2062280148","19215.0740381192","19825.7724685057","20121.0510180726","20805.9221192555","21766.8842062487","20971.4421033593","22144.1924252732","22822.2333994259","23455.2221318176","24203.1855800189","25094.6225007185",
"Mali","MLI","GDP per capita, PPP (constant 2021 international $)","NY.GDP.PCAP.PP.KD","","","","","","","","","","","","","","","","","","","","","","","","","","","","","","","1890.50212990708","2087.9190293852","1942.72857140951","1985.3806486371","2051.75478429108","2022.40378268201","2105.27530135189","2142.78769300012","2228.20055527642","2269.08741151657","2187.71894207161","2458.46155673065","2455.61935702417","2611.8368552722","2565.9774456147","2546.33281405861","2555.07476258805","2515.94692366143","2523.19961270039","2575.54549773648","2632.2646821909","2623.34627008698","2520.52931086804","2528.5300676726","2609.16733048395","2686.56065073799","2759.11051293341","2816.19423901587","2862.40728987476","2916.17167791084","2796.41038444386","2796.22793795431","2813.81095962565","2861.48058063314","2917.93245883671","2993.25166359257",
"Malta","MLT","GDP per capita, PPP (constant 2021 international $)","NY.GDP.PCAP.PP.KD","","","","","","","","","","","","","","","","","","","","","","","","","","","","","","","18208.1055963545","18832.8308204007","19513.9107402762","20185.6644858263","21127.8495305273","22311.7929397361","23003.0667186164","24029.7879284425","25097.8083418163","26127.0614292927","31068.0784498241","30602.1099973654","31207.4322052709","32147.8757483202","32062.7641222076","32776.9683721182","33420.7141096927","34981.7020970372","36287.726099619","35512.6774555483","37528.7341525511","37740.8473665429","38937.1487755674","40921.3167795062","43163.1473000396","46171.8893420758","46967.3486291212","51628.2677400365","53419.0022708322","53393.4231642463","50389.6963309289","56823.9958525022","56874.4339327368","60459.7655182644","62398.4892388947","63655.5160659665",
"Myanmar","MMR","GDP per capita, PPP (constant 2021 international $)","NY.GDP.PCAP.PP.KD","","","","","","","","","","","","","","","","","","","","","","","","","","","","","","","775.328254381998","759.282764169726","821.327755047125","859.345526733596","911.468427954616","962.209421824521","1011.15993423274","1054.76742791265","1102.79096369399","1209.01642809997","1359.93038778036","1498.31163236525","1661.73588517132","1874.17128269389","2110.23728495831","2377.90258162976","2669.32700379999","2968.3033151236","3254.738978881","3578.17424704515","3893.79030665874","4078.61220919965","4340.99945069174","4666.95376141392","5006.50667149767","5313.88615901476","5580.98977273232","5877.87465558175","6201.26341429803","6562.98898478625","5926.83450206681","5178.44718217164","5350.47666899931","5364.13797034429","5276.29433987853","5137.10048825615",
"Middle East, North Africa, Afghanistan & Pakistan (excluding high income)","MNA","GDP per capita, PPP (constant 2021 international $)","NY.GDP.PCAP.PP.KD","","","","","","","","","","","","","","","","","","","","","","","","","","","","","","","6460.15430040162","6308.17792595976","6457.88712751725","6394.88694570012","6374.46813239502","6422.97697967729","6651.3884649242","6724.19615178702","6940.76365209991","7073.21431976136","7317.26035832222","7371.3767408889","7465.73272422958","7478.85875079651","7872.21759398132","8068.28257623881","8323.68223524681","8627.73711127116","8753.13707659614","8831.71489382729","9052.10818995059","8988.59983471501","8984.93510074166","8907.44506975348","8991.33075661477","9038.56259409523","9412.5084550993","9558.34316749669","9610.53590554892","9622.70742842857","9308.58068497712","9516.64668717139","9789.57382056453","9902.17620602616","9972.93614849708","10013.6100237991",
"Montenegro","MNE","GDP per capita, PPP (constant 2021 international $)","NY.GDP.PCAP.PP.KD","","","","","","","","","","","","","","","","","","","","","","","","","","","","","","","","","","","","","","14638.7363489702","15402.9879966714","13993.3577435418","14452.2161423496","14552.4956785923","14770.255224547","15076.6513903781","15716.0755725572","16348.8994494652","17727.3660449403","18966.4529580465","20238.9216459135","18984.9379136097","19476.1626179487","20110.4869725048","19576.412051459","20201.2916344369","20641.7645176561","21131.8410316247","21834.0918741924","22513.7807637171","23562.1762558957","24585.1159529158","20904.5999314513","23689.9791090651","25583.3155690619","27243.404228981","28105.5927726624","28895.3171970071",
"Mongolia","MNG","GDP per capita, PPP (constant 2021 international $)","NY.GDP.PCAP.PP.KD","","","","","","","","","","","","","","","","","","","","","","","","","","","","","","","6637.81926731198","5874.25558231388","5324.48759689987","5162.0998701038","5213.84632608076","5457.68501570005","5494.32133981897","5628.10663484223","5735.84383645771","5829.16641455929","5818.24307842901","5917.07088396343","6117.9824222592","6463.78966651762","7070.667158451","7499.84803935428","8043.99678108557","8750.13407442299","9379.85489687765","9095.9769892529","9507.118823625","10960.0959283864","12078.9185320062","13210.0945665668","13943.4277148653","13974.5967260365","13898.1456953585","14401.5375067562","15230.2408828847","15790.6961126441","14801.3420829185","14792.2509086422","15310.4349469163","16222.8638898529","16842.6505873797","17772.5342212559",
"Northern Mariana Islands","MNP","GDP per capita, PPP (constant 2021 international $)","NY.GDP.PCAP.PP.KD","","","","","","","","","","","","","","","","","","","","","","","","","","","","","","","","","","","","","","","","","","","","","","","","","","","","","","","","","","","","","","","","","","",
"Mozambique","MOZ","GDP per capita, PPP (constant 2021 international $)","NY.GDP.PCAP.PP.KD","","","","","","","","","","","","","","","","","","","","","","","","","","","","","","","547.622781432196","563.512103416232","510.82282292831","549.048759770955","546.209688164263","525.418671837499","562.857456341656","612.371551265915","660.650177820748","722.305561379979","711.976393527396","785.790173616246","842.645266172761","883.239121472194","934.133964844421","970.38995609863","1041.80471709595","1095.12568701598","1141.94256161019","1178.70909947834","1224.23020471309","1275.52959822581","1338.51594866104","1385.83254864214","1449.92926632722","1512.5997455554","1537.90853271216","1532.0073576114","1538.83512127022","1528.88988354373","1466.12476474476","1457.23540930922","1476.73432917026","1512.66729609671","1500.70758504856","1450.95955248858",
"Mauritania","MRT","GDP per capita, PPP (constant 2021 international $)","NY.GDP.PCAP.PP.KD","","","","","","","","","","","","","","","","","","","","","","","","","","","","","","","5519.61033558343","5456.55575948293","5350.11803590657","5439.82228683144","5097.20838953702","5446.26956021532","5650.34118025632","5302.36663255523","5310.15819056524","5359.98881964397","5008.60806518774","4847.41085992453","4806.89853329148","5023.65213216804","5139.22552032468","5445.82950903243","6284.70209004217","6002.77832134488","5813.35608502791","5639.78744910419","5605.76388862715","5653.21720092427","5716.25195414285","5769.72870902318","5837.85203095508","5969.54239289516","5866.28144674129","6050.62180325299","6153.63790241704","6162.21044455969","5963.23549724988","5836.56580821897","6053.26178124768","6276.47521075653","6482.69016635936","6559.04321960566",
"Mauritius","MUS","GDP per capita, PPP (constant 2021 international $)","NY.GDP.PCAP.PP.KD","","","","","","","","","","","","","","","","","","","","","","","","","","","","","","","8986.03307171492","9283.84516043242","9759.21929141358","10134.3273767613","10406.771389602","10760.058004935","11245.7059722003","11737.4151476327","12319.8866544456","12481.8622000201","13373.655799097","13712.5793901042","13837.6258025605","14551.8784442579","15087.0687832797","15264.5981839157","15932.8192222795","16774.5685137565","17627.1121948078","18171.6870025783","18925.5713852829","19678.6022639733","20313.0328941469","20952.3775734986","21721.3096444788","22499.0254570551","23357.230006621","24258.988821567","25243.886462031","25958.4900281465","22272.5398696677","23010.2013826906","25005.0666145723","26471.0351422892","27844.8956114831","28769.5128307709",
"Malawi","MWI","GDP per capita, PPP (constant 2021 international $)","NY.GDP.PCAP.PP.KD","","","","","","","","","","","","","","","","","","","","","","","","","","","","","","","1047.46436351132","1104.3904622212","994.036504790471","1074.58485213269","975.849640143399","1140.75609365079","1200.32058232422","1221.09404555353","1241.52433181826","1249.77523298871","1239.39174838676","1149.58039601898","1140.84274642418","1176.12385998737","1208.2196975075","1214.7426419188","1237.27386519947","1318.33196397214","1378.42886690465","1449.72601522136","1504.37514113215","1533.22889572405","1518.14803849238","1555.50607410511","1597.56484331405","1597.69145324855","1593.59549264808","1613.0593571462","1638.91665761076","1687.28944917892","1656.43985192533","1687.59358179651","1659.95933825168","1649.29873234551","1634.24660266597","1623.02178529282",
"Malaysia","MYS","GDP per capita, PPP (constant 2021 international $)","NY.GDP.PCAP.PP.KD","","","","","","","","","","","","","","","","","","","","","","","","","","","","","","","12013.6969483112","12795.0498964228","13567.8936121181","14533.790397007","15474.0144648307","16568.5160590209","17771.7118795056","18604.514527465","16817.1719190401","17428.6256563043","18532.9096706227","18186.4411330146","18708.8694877279","19329.0062757538","20168.5062099425","20767.5857243346","21444.4857715028","22305.118263117","22898.0027575442","22106.6417311801","23307.9698543785","24115.8181203958","25006.3587781537","25736.3525554142","26818.4317281659","27699.6278860387","28425.3707609412","29551.5457597197","30459.9655338061","31300.5086554849","29200.452632127","29822.8491831618","32129.2217820113","32857.6676600774","34116.2317848885","35461.4465805872",
"North America","NAC","GDP per capita, PPP (constant 2021 international $)","NY.GDP.PCAP.PP.KD","","","","","","","","","","","","","","","","","","","","","","","","","","","","","","","44001.2866962696","43294.678029107","44109.5160995159","44735.8394519389","45994.6361911594","46677.7284439811","47799.0041600258","49330.7151815117","50936.8171803254","52798.9751017311","54402.3453045356","54420.5866049262","54887.4019899778","55889.0635834998","57467.3638694953","58908.2584676373","59957.8206045602","60581.9753282087","60117.4818737471","58023.6383008921","59088.9185210479","59609.0873919323","60442.1261871716","61249.6479379237","62302.7654278932","63503.57678579","64087.4542421837","65208.2856615564","66679.8386372116","67946.3411183071","66040.8731205658","69953.4846892959","71345.564015877","72628.1971323768","73737.55979381","74879.0715449462",
"Namibia","NAM","GDP per capita, PPP (constant 2021 international $)","NY.GDP.PCAP.PP.KD","","","","","","","","","","","","","","","","","","","","","","","","","","","","","","","7281.77892577888","7618.33278184449","7911.01025804281","7541.56081791845","7437.33529036109","7506.10484034086","7538.92462342201","7656.32512542986","7709.89004370134","7773.94354148714","7858.38789521253","7786.54169496761","8017.28134128559","8237.36597245597","9130.82442337694","9245.1365329555","9773.29833199798","10162.2400708746","10286.5124067605","10166.2899453939","10614.6201576671","10965.2729759535","11266.6089486464","11593.5753768689","11982.6963648348","12166.5658392058","11846.7880832757","11408.7253099967","11214.38604306","10813.3044681944","9652.24827219463","9709.09930646771","9953.09752403491","10126.2359555611","10276.3686426386","10242.2840471219",
"New Caledonia","NCL","GDP per capita, PPP (constant 2021 international $)","NY.GDP.PCAP.PP.KD","","","","","","","","","","","","","","","","","","","","","","","","","","","","","","","","","","","","","","","","","","","","","","","","","","","","","","","","","","","","","","","","","","",
"Niger","NER","GDP per capita, PPP (constant 2021 international $)","NY.GDP.PCAP.PP.KD","","","","","","","","","","","","","","","","","","","","","","","","","","","","","","","1420.23063248259","1370.83565180587","1355.33099264922","1317.38596790337","1299.34992459816","1287.93637668331","1246.83503070085","1224.5393437877","1301.84495065524","1255.05402413613","1197.63477205432","1240.385444402","1256.23701340852","1238.58780880353","1199.15937505794","1241.20064789059","1267.601412271","1260.18545165015","1308.2751730424","1285.27757373191","1344.4988701596","1325.92646987416","1411.52001409831","1431.71115490341","1471.50554729559","1480.39815168147","1488.08648074655","1515.48307317618","1565.01970005142","1605.19476569029","1622.27873602911","1587.84784907329","1724.89699425215","1712.97031726521","1795.65266888022","1860.54858272608",
"Nigeria","NGA","GDP per capita, PPP (constant 2021 international $)","NY.GDP.PCAP.PP.KD","","","","","","","","","","","","","","","","","","","","","","","","","","","","","","","5423.80689586993","5301.3634227925","5403.15311796788","5154.7575789977","4929.26827912601","4797.5115213682","4869.82113323478","4884.0474326173","4880.87997109799","4781.67310983975","4889.00321921229","5039.54869754112","5654.89706044216","5905.31482781101","6275.29894506434","6496.93228175977","6702.94533333874","6949.42650711567","7215.76946195762","7581.40572089092","7962.63957281031","8153.53178650271","8265.90551181051","8581.20782264031","8884.77428628672","8892.05798673631","8534.69281482375","8396.78452243227","8362.62330860296","8361.78664836","7664.21099575168","7588.47885587002","7752.26206495247","7843.00399007675","7994.03754470824","8145.14808387469",
"Nicaragua","NIC","GDP per capita, PPP (constant 2021 international $)","NY.GDP.PCAP.PP.KD","","","","","","","","","","","","","","","","","","","","","","","","","","","","","","","4217.60862404171","4113.68724441326","4037.27523925249","3934.09251375615","3979.9850907218","4130.28587120845","4311.49290177286","4408.32862712595","4502.59808761279","4750.94857427409","4878.2474679883","4958.32740448527","4935.48508468148","5000.61145616409","5204.38170601052","5356.95817825808","5500.40543544526","5697.2107429964","5809.09928522386","5538.36555049931","5701.12754906379","5976.25247519395","6275.78730248003","6494.14920922407","6712.21708286288","6939.03243274344","7158.75755467501","7391.19638215265","7049.02709828403","6756.59334024487","6523.36944661195","7119.16874782601","7277.82041652584","7496.53056557505","7661.09410113202","7933.48888006412",
"Netherlands","NLD","GDP per capita, PPP (constant 2021 international $)","NY.GDP.PCAP.PP.KD","","","","","","","","","","","","","","","","","","","","","","","","","","","","","","","43128.3071656086","43833.4785051351","44245.5198247957","44490.7504466441","45532.7986659915","46720.2819318959","48095.986838021","49881.8947516083","51879.3596710206","54134.3514543153","56016.8327946434","56887.3976406444","56664.4027354437","56452.8695506734","57391.3516342059","58422.0304069674","60391.5155033324","62601.6612832425","63678.4005491428","61029.7329801783","61518.5768954231","62318.1391154389","61480.8416416324","61281.3125686741","62045.849197561","63081.4083495966","64267.7476553623","65665.9910229578","66758.2454283317","67847.8818461095","64862.1890353474","68573.5648786447","71324.0360229425","70198.9546022361","70493.9051219267","71378.4856331012",
"Norway","NOR","GDP per capita, PPP (constant 2021 international $)","NY.GDP.PCAP.PP.KD","","","","","","","","","","","","","","","","","","","","","","","","","","","","","","","56608.2547514372","57949.698676313","59669.7590202519","61019.8161031696","63730.8964637618","66033.8837831197","68964.9756218258","72084.8139194678","73610.1896687065","74703.5199133097","76775.9420600924","78041.0146260585","78752.5931631095","79150.3962863661","82091.1935035949","83955.3365007578","85653.1367825864","87670.8617980792","87297.3980291813","84812.6851277638","84604.5143891947","84670.8344398355","85925.8723352057","85973.7694976801","86790.7924625691","87688.1196708993","88041.6414808956","89664.9086415829","90064.0687974358","90772.9017041865","89012.2723804504","92205.7698636049","95109.8201605729","94364.9641754336","94803.6704931641","95173.4308224367",
"Nepal","NPL","GDP per capita, PPP (constant 2021 international $)","NY.GDP.PCAP.PP.KD","","","","","","","","","","","","","","","","","","","","","","","","","","","","","","","1808.26490041654","1874.27513595212","1896.97166297747","1916.94352666156","2023.11519682155","2043.60517160069","2105.50832713857","2166.3126334505","2188.2220157023","2242.65011822095","2340.81563141298","2413.8142127556","2380.24424587571","2439.49479601556","2521.54105171428","2580.23106308364","2641.34799494749","2708.7143922589","2852.60983167965","2961.83900365912","3085.31407004502","3176.65040602417","3316.50073452021","3426.5579593796","3621.73168937112","3745.26182249477","3743.7445783578","4071.70431755798","4371.38571771897","4607.52454717112","4412.5420439395","4546.22970006289","4763.38751073946","4861.230303797","5047.42449022702","5276.92387725538",
"Naoero","NRU","GDP per capita, PPP (constant 2021 international $)","NY.GDP.PCAP.PP.KD","","","","","","","","","","","","","","","","","","","","","","","","","","","","","","","30127.2258767039","23840.0138998462","19622.902992555","16328.2267186109","15642.761261834","14363.6403386489","12637.7953328118","11490.4622972958","10134.9731859484","9479.51290136533","8846.08124781221","8278.92548134223","7488.89152702519","7527.37549326971","7201.87093721601","7209.75436644373","7830.71818547398","6110.38387689914","7340.51910638777","6927.86734285808","6909.24218919312","7882.14105570292","9640.80144364362","9799.7380290632","11114.3912279587","11271.9122695363","11531.3630078665","10633.2766406018","10402.6131019197","11184.5284927206","11306.0207729999","12113.787764494","12019.3492868791","11858.5184696436","11957.8785504229","12134.8920885013",
"New Zealand","NZL","GDP per capita, PPP (constant 2021 international $)","NY.GDP.PCAP.PP.KD","","","","","","","","","","","","","","","","","","","","","","","","","","","","","","","30785.701752556","29014.1499420181","29029.5811361611","30532.5880166798","31669.5406509196","32687.4657703706","33329.5301011769","33577.7254994905","33565.7312220905","35187.2357200331","35984.6288016116","36995.0603198774","38072.2713835052","39092.3455202712","40091.1399487332","40970.295838255","41596.8311289998","42473.1182614499","41682.2459069155","41250.9985717425","41395.370375582","41961.9202263641","42693.4234516571","43453.2814172317","44369.7664241859","45097.016468387","45746.135981069","46285.9810980642","46974.6818400482","47392.1933135172","46326.3804672976","48202.0913368233","49842.9845334162","49592.5875512098","48325.3650985684","48232.6651994696",
"OECD members","OED","GDP per capita, PPP (constant 2021 international $)","NY.GDP.PCAP.PP.KD","","","","","","","","","","","","","","","","","","","","","","","","","","","","","","","33168.2298311981","33242.6352659394","33616.3121971947","33779.8396070497","34580.6901712668","35240.9990035223","36072.5872423758","37129.6562248437","37920.9012868331","38877.180707839","40219.7068164739","40475.8813871568","40811.3471480594","41333.2324314448","42397.8667348579","43314.4668519001","44393.8812932118","45303.2152816216","45165.4822304847","43274.1924719738","44296.3842287079","44960.672133865","45281.102496489","45741.9859886325","46491.7899829914","47398.5562028596","47990.2203158456","49000.2450341257","49885.2296815603","50499.1828634038","48279.8578743016","51208.8336430486","52633.5158572918","53203.8203533137","53798.0599443819","54545.7635258645",
"Oman","OMN","GDP per capita, PPP (constant 2021 international $)","NY.GDP.PCAP.PP.KD","","","","","","","","","","","","","","","","","","","","","","","","","","","","","","","35201.5524871089","35574.6761369599","36841.4011555658","37455.340258395","37782.723828978","38946.7742715175","39455.8264119985","41191.0312402444","40574.674486189","40145.9312841691","42086.0431536301","43492.2863754557","42654.1482671623","41247.5873733105","41351.7687385072","41551.1413844552","42540.4398485334","43696.9691440917","46586.3955926767","48304.1178923167","48191.6145135737","44440.3092616125","41964.0828578552","40854.4853548905","39639.9870514802","39813.7887054675","39860.9893909688","38691.1077105097","38673.6045360857","38292.3859682752","37560.5998714953","38719.4587682049","39780.2122774985","37793.6163957515","36721.0804548374","36142.9439797194",
"Other small states","OSS","GDP per capita, PPP (constant 2021 international $)","NY.GDP.PCAP.PP.KD","","","","","","","","","","","","","","","","","","","","","","","","","","","","","","","14423.3468603592","14091.5376279518","13520.1132843319","13497.7360767486","13728.8105704333","14229.3530959369","14515.944591082","15253.3468311571","15436.1925254732","15713.3051451393","16811.3428576562","17039.3162165268","17362.7308684968","17897.0165687635","18438.7138473718","19025.7152123296","19972.170220709","20725.0165004664","20642.7124569961","19493.3000281391","19867.3807612748","20400.5925129711","20484.2211190429","20455.8345932464","20672.6945499764","21083.6921175309","21627.6861621069","22394.7899889508","23016.1225593731","23776.9773929696","22204.358146968","23632.4052569572","24168.7876712146","24612.8870286862","25138.8563350085","25689.4338456009",
"Pakistan","PAK","GDP per capita, PPP (constant 2021 international $)","NY.GDP.PCAP.PP.KD","","","","","","","","","","","","","","","","","","","","","","","","","","","","","","","3199.72962609833","3252.35104026309","3404.12138406329","3369.23795906028","3395.50432067539","3462.47336165841","3526.14160875155","3462.58145605889","3454.17665330544","3484.45678319813","3531.71291531612","3559.72784658715","3563.67846926558","3668.77938852508","3859.64601808903","4042.15457513378","4185.86655659206","4257.92556870432","4233.34830715497","4270.43882264229","4228.7817715945","4246.06710882497","4292.02110293486","4407.14705841377","4520.23463399286","4645.28631071145","4886.61212115378","5031.56060738433","5255.06350681272","5295.95295138203","5135.01459288839","5367.27364714762","5526.27928310213","5418.7693189297","5502.0736120186","5617.25078028458",
"Panama","PAN","GDP per capita, PPP (constant 2021 international $)","NY.GDP.PCAP.PP.KD","","","","","","","","","","","","","","","","","","","","","","","","","","","","","","","10263.6928426466","10994.5538811637","11649.8002384174","12032.8122579156","12123.3539257861","12086.6481153656","12327.8562890077","13013.8959932208","13826.5376778781","14261.7464595428","14572.9808700068","14427.8355424862","14507.1494232714","14957.5590503323","15875.1188201453","16867.9674513124","18190.281154717","20208.8293911964","21867.8272186787","21822.996136155","22739.1194141341","24999.4702655482","26926.8956928065","28135.3387835383","28931.8156401199","29933.1671530011","30765.2490653506","31979.8246437748","32681.4729886331","33163.7172814857","26881.8277221689","30932.7627780514","33915.1693306309","35872.9719200069","36394.9235366316","37516.1796428548",
"Peru","PER","GDP per capita, PPP (constant 2021 international $)","NY.GDP.PCAP.PP.KD","","","","","","","","","","","","","","","","","","","","","","","","","","","","","","","6316.2269138715","6321.7220102527","6160.80456813974","6354.40466195469","6996.76185617847","7371.04799020402","7436.18931908276","7772.77834225556","7602.78356076635","7584.30465257181","7668.06078201131","7610.63949294843","7930.50980631714","8173.27672987692","8494.84031217202","8948.74710742664","9546.62529545456","10284.9672238506","11150.0262166889","11202.8654418496","12057.3912963716","12724.8832049429","13393.5923851679","14050.2420319137","14242.6444760801","14540.8313160635","14915.4366324454","15067.489279382","15384.1846082423","15461.4572585466","13607.7640705828","15285.7706852395","15566.5242612563","15342.2741359642","15708.8329440963","16079.1247394843",
"Philippines","PHL","GDP per capita, PPP (constant 2021 international $)","NY.GDP.PCAP.PP.KD","","","","","","","","","","","","","","","","","","","","","","","","","","","","","","","4504.46230383567","4378.39532090518","4293.71810131081","4283.15967786629","4374.06721651165","4477.32317711022","4631.77197705972","4758.70845808515","4616.67292900617","4650.75926947589","4740.43891694569","4778.4008437474","4856.49948429567","5003.38317718716","5229.45080700165","5386.81653712891","5578.57225112139","5840.06810169965","5987.03757861835","5965.30730902221","6273.03927731515","6388.31296959977","6697.55620962768","7016.53846470436","7340.361585912","7691.76308685047","8131.82537948653","8584.13622709699","9016.28659637608","9452.2939715981","8455.18457134106","8857.78995115514","9457.10395402883","9898.53294588106","10378.1717703535","10747.5454408601",
"Palau","PLW","GDP per capita, PPP (constant 2021 international $)","NY.GDP.PCAP.PP.KD","","","","","","","","","","","","","","","","","","","","","","","","","","","","","","","17807.5300818664","18256.2992047553","16687.1163206872","14292.2383036506","14971.6205907545","16193.1449208057","17412.4278443017","17366.3122783479","17315.8341787596","16054.0503540764","15410.1740281683","16393.4521014909","17033.490272996","16538.7688424505","16974.0682933412","17464.6208167636","17706.3673621904","18096.7989531775","17355.2423019079","16541.1206311875","16313.4287679398","17354.9336767951","18024.7540996872","17891.3784371353","18574.7889489655","20104.2315379069","20408.2613269723","19693.4082379382","19608.9617027822","19685.6037989273","18509.2491855913","16312.190220013","16258.6271292912","16487.15375427","18499.9921921281","19698.5947032213",
"Papua New Guinea","PNG","GDP per capita, PPP (constant 2021 international $)","NY.GDP.PCAP.PP.KD","","","","","","","","","","","","","","","","","","","","","","","","","","","","","","","3164.55429204087","3358.61893269232","3690.81786572429","4206.96808195882","4298.44184540518","4009.23567052359","4167.57013807001","3864.72542324923","3590.56011797751","3532.1120397137","3327.22485837041","3212.17084845522","3101.1924006365","3064.83667344612","3046.72321896172","3136.98756942536","3202.89763507367","3346.27900337124","3234.33247673","3350.07263964739","3579.63000710983","3515.28312517363","3577.91014722774","3615.74646029074","3999.13038811865","4155.05563962107","4276.29643263164","4322.77662200998","4211.68504310327","4302.16255230002","4078.15378358566","3977.44297360749","4126.03032145403","4206.37834691367","4292.71205430013","4456.23105962118",
"Poland","POL","GDP per capita, PPP (constant 2021 international $)","NY.GDP.PCAP.PP.KD","","","","","","","","","","","","","","","","","","","","","","","","","","","","","","","12821.4636316574","11879.7539252619","12141.2351323725","12563.1045363124","13200.1614164951","14227.5663687798","15083.09812162","16031.7211485265","16766.6492883267","17556.0026927987","18566.3546288772","18800.6018648402","19166.9137058143","19855.6317989181","20878.6545002534","21568.9476594356","22921.1975887696","24484.0656663756","25553.9058406534","26204.410367111","27112.1333797381","28521.6612623568","28952.9157305301","29168.624211075","30334.8786569618","31700.3682364154","32675.3052259954","34354.5987616319","36500.4114282584","38181.6230334689","37852.8021313639","41059.5847829682","43405.0215797441","43672.7668014946","45153.0439773281","46924.5887897477",
"Pre-demographic dividend","PRE","GDP per capita, PPP (constant 2021 international $)","NY.GDP.PCAP.PP.KD","","","","","","","","","","","","","","","","","","","","","","","","","","","","","","","3606.54398991268","3248.59839417835","3233.3324028651","3110.53977591151","3007.41310613781","3002.29249935504","3085.46952197498","3188.36652614713","3308.60839607551","3345.85404324636","3431.99058523226","3480.90890614231","3596.88399002625","3488.33290730793","3785.58312127129","3897.99424559981","4024.27616541647","4156.31275431464","4296.51657824143","4380.77455783827","4542.96699291196","4601.80263323492","4699.8157799984","4836.16367046518","4943.93909593226","4955.04368705216","4937.98687866513","4883.51888202169","4877.52526198822","4894.86910665179","4560.44774666763","4534.67817255594","4622.84662154362","4616.90450089091","4654.29644706482","4703.90905404386",
"Puerto Rico (US)","PRI","GDP per capita, PPP (constant 2021 international $)","NY.GDP.PCAP.PP.KD","","","","","","","","","","","","","","","","","","","","","","","","","","","","","","","26738.8144405273","27162.1507880615","28219.1160498293","29282.1121792431","30225.7807602628","31310.1801642693","31677.2302541644","32915.7905705568","34537.1851859472","36216.8380896225","37298.5450447133","39568.5528383032","39879.7295566967","39876.0670237773","43355.8226365269","42555.7081189669","42133.9682748773","41888.6232716478","41358.0689136668","40772.3514249612","40777.6892825687","40972.5364074959","41347.4542013586","41556.7852350074","41593.6798280708","41737.6068571153","41858.2626698462","41479.9977732034","41119.3088051648","41656.3291581369","40171.3744461738","40559.226188957","42310.8139725719","42837.872737145","44216.4333367133","44603.218055883",
"Korea, Dem. People's Rep.","PRK","GDP per capita, PPP (constant 2021 international $)","NY.GDP.PCAP.PP.KD","","","","","","","","","","","","","","","","","","","","","","","","","","","","","","","","","","","","","","","","","","","","","","","","","","","","","","","","","","","","","","","","","","",
"Portugal","PRT","GDP per capita, PPP (constant 2021 international $)","NY.GDP.PCAP.PP.KD","","","","","","","","","","","","","","","","","","","","","","","","","","","","","","","27190.5720267046","28443.7945360375","28776.0475772622","28153.6155177218","28348.8658386375","29460.8141864854","30378.7557756391","31574.4021979124","32925.6638725861","34018.9637066508","35069.8275705133","35500.2266804093","35578.5200309","35115.379514413","35658.1298257507","35870.3092741502","36387.5367379523","37226.4702626704","37291.5048969664","36092.8109314688","36703.1141882825","36127.2949766157","34804.6333340484","34651.7719455059","35097.4098263232","35803.3575649772","36636.2978441636","37943.1150505677","39123.6151282575","40188.2868799223","36852.2287338103","38657.6677223429","41070.8611529744","41768.2583096874","42228.1580446502","42576.8139673545",
"Paraguay","PRY","GDP per capita, PPP (constant 2021 international $)","NY.GDP.PCAP.PP.KD","","","","","","","","","","","","","","","","","","","","","","","","","","","","","","","9961.22171124749","10039.0438461622","9947.16439036842","10177.1689434494","10457.768545827","10906.894612986","10823.9199218797","11031.6219154476","10801.1950460495","10434.0803694109","9997.3297251405","9748.02702767691","9609.53364585336","9902.19918003817","10185.9074387779","10288.800866577","10671.6449984385","11140.4629098064","11749.6546354418","11599.8198579092","12736.9672867807","13107.8104435989","12833.1801619413","13698.9722320262","14217.5580896983","14425.777586033","14824.7906280812","15318.4012187276","15591.0142663085","15319.3889991221","14989.7667130162","15400.9446332428","15222.8920228598","15831.5849831308","16367.4940166481","17245.8458423118",
"West Bank and Gaza","PSE","GDP per capita, PPP (constant 2021 international $)","NY.GDP.PCAP.PP.KD","","","","","","","","","","","","","","","","","","","","","","","","","","","","","","","","","","","3966.68875052152","4062.96290335877","3932.22694732854","4311.53876740636","4805.19156878644","5071.82121719043","4520.88992531975","3996.50878001821","3409.17287422698","3788.92652721128","4503.08034061409","4885.07252184444","4714.37331793342","4769.52328096801","4984.80579890695","5270.66331643219","5432.24363072522","5805.32115329251","6009.10925822042","6142.20204342591","5990.42661523778","6072.65031768549","6464.13352537371","6426.79521615335","6342.9374800852","6269.89134527985","5423.68254653126","5663.12160743584","5753.08395899307","5562.42442563953","4190.90911333626","4272.45762077019",
"Pacific island small states","PSS","GDP per capita, PPP (constant 2021 international $)","NY.GDP.PCAP.PP.KD","","","","","","","","","","","","","","","","","","","","","","","","","","","","","","","5472.29610727272","5330.58675721246","5520.87344527551","5549.63856144096","5736.46620206534","5884.83214446907","6010.66699919422","5835.05607310425","5826.61645152408","6050.7249525707","5881.81676747283","5877.75118308161","5941.54718486772","5969.03144612377","6151.76388674443","6203.63940608642","6270.20561026621","6191.93685021462","6237.22081249056","6128.78865472213","6266.69938542944","6402.09924410503","6386.94052753522","6531.90012102663","6710.09392298631","6896.50177083272","7044.71064474168","7249.20252559116","7370.26163890891","7345.58196205993","6398.88980378789","6133.27337662878","6703.99054222771","7145.20419623831","7314.41647178348","7464.75790445642",
"Post-demographic dividend","PST","GDP per capita, PPP (constant 2021 international $)","NY.GDP.PCAP.PP.KD","","","","","","","","","","","","","","","","","","","","","","","","","","","","","","","36519.9455134056","36552.2289298025","36849.6200126583","36865.5991971415","37634.8163211918","38400.0230487946","39231.8438928608","40326.9427257722","41168.2559180044","42376.7168957967","43905.492095485","44417.508802848","44901.6600902881","45591.7759389496","46849.0191927991","47910.7270616016","49124.6017545878","50178.5292615153","50097.1139120419","48022.2819554498","49202.4977605287","49888.7882058408","50202.3862277536","50706.4050971727","51441.7405935107","52274.7981957443","52980.6671692557","54108.2407867178","55143.3332401636","55954.6056964726","53484.386473395","56629.4428654399","58044.4953903551","58864.5073143586","59533.8945611197","60280.2892550301",
"French Polynesia","PYF","GDP per capita, PPP (constant 2021 international $)","NY.GDP.PCAP.PP.KD","","","","","","","","","","","","","","","","","","","","","","","","","","","","","","","","","","","","","","","","","","","","","","","","","","","","","","","","","","","","","","","","","","",
"Qatar","QAT","GDP per capita, PPP (constant 2021 international $)","NY.GDP.PCAP.PP.KD","","","","","","","","","","","","","","","","","","","","","","","","","","","","","","","75303.560170822","71662.2042981946","77267.1145459223","73900.5913615776","72711.0242088213","72303.4779620852","73369.8292439364","91667.4239830935","96675.8124711663","95556.8522490874","98028.5232918526","96901.5943725606","99001.4939977461","98068.1232492499","112583.929924606","113384.267001706","121378.43895737","115272.510003238","114879.221727674","114069.652335284","132502.281828313","149025.116325024","147077.406092637","138046.596315458","128013.987050891","123070.887876565","120054.408736518","115064.943662853","114909.945485127","113160.973779334","103061.913422502","116832.570294098","114740.12361423","116159.142564088","111314.250355891","110135.696297692",
"Romania","ROU","GDP per capita, PPP (constant 2021 international $)","NY.GDP.PCAP.PP.KD","","","","","","","","","","","","","","","","","","","","","","","","","","","","","","","16316.8446680419","14332.9706803349","13195.0418065067","13415.0188040185","13962.7738625239","14863.1855937298","15488.557478307","14779.9977262321","14509.9931843509","14478.0493538392","14853.6063681531","15848.3039143162","17061.6293695412","17587.462617764","19532.4800205184","20570.925514681","22354.5637860053","24328.3931332788","27039.6000864291","25761.6305517205","24902.9044891466","26150.7476231736","26767.4556487181","26941.9318849595","28156.1307843293","29181.8781722441","30189.147723024","32852.6355672255","34828.8958637884","36399.4746080793","35283.6060358241","37534.0002643549","39256.8260854977","40116.6891416904","40503.8323253789","40845.9843440113",
"Russian Federation","RUS","GDP per capita, PPP (constant 2021 international $)","NY.GDP.PCAP.PP.KD","","","","","","","","","","","","","","","","","","","","","","","","","","","","","","","29643.595703125","28066.921875","23965.244140625","21899.517578125","19153.36328125","18363.712890625","17699.869140625","17977.3515625","17052.755859375","18200.3203125","20104.75","21219.904296875","22319.677734375","24057.927734375","25894.146484375","27656.658203125","30022.671875","32630.369140625","34342.2265625","31654.00390625","33063.5859375","34444.64453125","35740.69921875","36260.06640625","35853.24609375","35037.15234375","35005.4453125","35570.703125","36536.6953125","37319.3203125","36376.3359375","38638.4296875","38214.69140625","39881.44921875","41891.171875","42357.98828125",
"Rwanda","RWA","GDP per capita, PPP (constant 2021 international $)","NY.GDP.PCAP.PP.KD","","","","","","","","","","","","","","","","","","","","","","","","","","","","","","","1165.72605253503","1113.51791998185","1154.92927021895","1021.6713088588","597.262798593604","966.810405419343","921.92827675502","907.980685925245","948.490660501395","981.722501554685","1055.35042339776","1134.78453153468","1267.19396540218","1266.94449487196","1325.79557312503","1412.06107949967","1501.7646218593","1573.96811218011","1704.25449057727","1764.63484961094","1846.86326840066","1945.53705383878","2063.66474823031","2109.74668811567","2176.09492014666","2313.09716940962","2386.74841002826","2441.08540816509","2577.69730366075","2753.53959810856","2617.70706034364","2776.39276387923","2983.10774007304","3168.03075281515","3325.00769683815","3558.68003753808",
"South Asia","SAS","GDP per capita, PPP (constant 2021 international $)","NY.GDP.PCAP.PP.KD","","","","","","","","","","","","","","","","","","","","","","","","","","","","","","","2167.05307825032","2153.67851336539","2223.06499275144","2281.98365680147","2378.29855614022","2498.68327723447","2622.89612404834","2679.99154602438","2786.01550520478","2957.79775686178","3021.63279439044","3103.92321367445","3164.42111189042","3343.17936577198","3536.63492979436","3748.35844477212","3983.25023893144","4222.24103901725","4309.94806835076","4566.50695762565","4872.71064899734","5069.45396503048","5285.90684170559","5548.16105526486","5878.67479791218","6259.31717310526","6681.44601575684","7055.83469512198","7430.46384287571","7660.41899011306","7215.20736191888","7815.21278442871","8308.38014181846","8796.72942063676","9307.06752508413","9880.35624819064",
"Saudi Arabia","SAU","GDP per capita, PPP (constant 2021 international $)","NY.GDP.PCAP.PP.KD","","","","","","","","","","","","","","","","","","","","","","","","","","","","","","","65196.573386053","67268.5518488763","67183.9100290945","64517.6652891052","62403.6937320122","60058.3174503511","59612.8125993665","58875.5473738828","58306.622809723","55878.1736494426","55962.2661342789","53309.111388544","50371.9783079834","52234.649280791","54196.5514152953","54931.7942450845","54373.737695386","53318.4191601834","54407.7081673247","51760.7643987566","54911.547517012","58645.4459416531","59471.7001909394","57998.4644619155","58872.2671400126","58498.5399040699","57308.4484127497","57942.5484983044","61359.4653740388","62647.7299487842","57420.7335736424","62690.4966645929","67178.5902274906","64481.8441927288","63194.4332528832","63051.0467257986",
"Sudan","SDN","GDP per capita, PPP (constant 2021 international $)","NY.GDP.PCAP.PP.KD","","","","","","","","","","","","","","","","","","","","","","","","","","","","","","","2460.18872070313","2591.869140625","2709.7900390625","2777.27490234375","2736.47192382813","2824.63208007813","2924.29077148438","3380.18676757813","3441.17919921875","3459.22998046875","3575.85205078125","3701.548828125","3814.31323242188","3946.92260742188","4041.05712890625","4152.32275390625","4299.97412109375","4415.78515625","4446.40966796875","4188.0546875","4219.8369140625","4467.6259765625","4145.931640625","4130.48583984375","4207.50048828125","4159.1943359375","4174.56103515625","4061.01831054688","3816.65991210938","3625.52319335938","3401.24975585938","3248.9755859375","3132.0771484375","2181.0791015625","1861.39794921875","1873.38562011719",
"Senegal","SEN","GDP per capita, PPP (constant 2021 international $)","NY.GDP.PCAP.PP.KD","","","","","","","","","","","","","","","","","","","","","","","","","","","","","","","2923.34412470397","2917.01427785749","2874.00297967023","2834.02797282021","2757.86087514528","2835.03272875198","2822.46837324556","2840.60808860536","2938.69162552253","3050.17800999452","3093.28791603382","3149.33113704283","3075.23157503874","3170.03494689265","3240.30201670643","3301.82076161633","3301.03152415011","3316.42037835596","3359.70567091144","3371.46166689451","3403.56707166762","3362.87940538165","3405.10864461668","3385.425906874","3484.01219750661","3593.79477121279","3710.05531591559","3871.45146786374","3998.28635303867","4070.6122705955","4018.04129279044","4173.67741399617","4228.73382643662","4304.76148721773","4477.81736836258","4668.54167658726",
"Singapore","SGP","GDP per capita, PPP (constant 2021 international $)","NY.GDP.PCAP.PP.KD","","","","","","","","","","","","","","","","","","","","","","","","","","","","","","","45961.0598271094","47659.4966886953","49319.8192699525","53598.4639619519","57706.871164823","59997.0074442828","61911.5030358083","64846.0629277791","61306.7734542676","64296.6384874384","68904.1280154511","66352.1492865891","68328.932172058","72497.86860121","78712.5347297388","82547.482835778","87210.0480467646","91198.1515708456","88083.2853664583","85575.755106675","96280.0168756448","100153.729405945","102061.11936105","105259.693561054","107990.891202625","109894.041337341","112719.947951111","117492.967994526","120668.888726158","120678.341978557","116684.213596572","133990.186782104","134828.001392614","130296.843789261","134548.764138482","139592.612210761",
"Solomon Islands","SLB","GDP per capita, PPP (constant 2021 international $)","NY.GDP.PCAP.PP.KD","","","","","","","","","","","","","","","","","","","","","","","","","","","","","","","2352.7006203652","2418.67567698408","2644.83937124875","2670.0180332596","2802.59157122531","2996.65555261122","2958.19818046832","2848.68465606706","2805.62563248922","2717.8753397965","2277.11363831224","2055.53771375159","1960.67504793326","2050.57140389822","2168.78371648018","2287.56668822715","2340.95143662493","2384.62333040945","2490.10207495758","2515.21324036507","2682.62900140516","2777.83439007893","2743.8100151451","2783.94856666363","2716.77005403122","2665.06620679799","2715.58152252659","2704.00988015555","2686.46317027984","2661.95770893588","2515.46369413305","2450.18399709553","2330.40164523401","2339.87469992347","2353.54960111186","2382.1314520674",
"Sierra Leone","SLE","GDP per capita, PPP (constant 2021 international $)","NY.GDP.PCAP.PP.KD","","","","","","","","","","","","","","","","","","","","","","","","","","","","","","","2703.59918629871","2734.96862464111","2257.44939799545","2293.56353968674","2240.29005030091","2058.07683254999","2084.18222586052","1936.55653047839","1951.82091057926","1903.32696049411","1981.5060863596","1749.35086270429","2089.26152672652","2196.28134480717","2260.83818892177","2296.65767816581","2342.75461064658","2377.80530040404","2404.65198710572","2376.58254446039","2459.76814343236","2590.52839404167","2792.92626459232","3124.72832355066","2812.5283210882","2628.17058065746","2732.26093913215","2753.42719762222","2767.38003296688","2852.66269829967","2752.62615355663","2849.38865839009","2934.7332634039","3034.94608192505","3098.76290446676","3176.23681292996",
"El Salvador","SLV","GDP per capita, PPP (constant 2021 international $)","NY.GDP.PCAP.PP.KD","","","","","","","","","","","","","","","","","","","","","","","","","","","","","","","5976.01762522026","5960.05892897788","6275.18767116905","6553.07234073841","6795.50608897192","7057.92025248354","7062.30007824136","7234.94456228435","7381.114604175","7498.46741097206","7545.44796218991","7580.32338410159","7675.67106195114","7780.27177685599","7841.53237886842","8050.5345128919","8404.24674903143","8548.83476118605","8704.80584632591","8494.49847423621","8648.92982717672","8945.93132970006","9162.56212613508","9329.46202222861","9451.744607867","9646.15432339854","9863.76121214453","10064.7934942601","10297.203612692","10543.9383291317","9692.44931605799","10809.713399518","11085.6166169553","11404.3342262685","11647.0234480127","12050.028265702",
"San Marino","SMR","GDP per capita, PPP (constant 2021 international $)","NY.GDP.PCAP.PP.KD","","","","","","","","","","","","","","","","","","","","","","","","","","","","","","","","","","","","","","66923.0325833928","71024.5618775074","76474.1322767635","77149.4185798293","80420.7725451516","79649.5350498753","81688.3814188309","80724.8114711728","81632.1776324722","83781.550199101","86785.0210208274","85120.2897275883","73093.8341489444","68669.2549485757","64214.120906595","58176.3797454761","58467.9789128485","58743.5863890151","59647.6600146934","60669.8228947966","59524.5606827202","59194.04440794","60171.0506033928","55998.0734625278","64745.1322795901","70887.5780565982","70951.7919690715","","",
"Somalia, Fed. Rep.","SOM","GDP per capita, PPP (constant 2021 international $)","NY.GDP.PCAP.PP.KD","","","","","","","","","","","","","","","","","","","","","","","","","","","","","","","","837.267022794963","803.787078571081","812.557291159654","634.727734129305","636.662071308104","663.3511315489","648.017163550687","662.674857185983","682.979123343615","702.850071117661","723.37973295059","749.913550912524","777.884552733128","803.059780580226","830.807245939502","857.993655902122","887.369352235607","919.132083453107","956.220325392593","995.225555512017","1054.36214979093","1114.8041489283","1197.72166459722","1259.27432882605","1343.92517439594","1384.15517410124","1527.66029071648","1504.97908203481","1491.29493918405","1396.05544674978","1392.31782053371","1387.54753732191","1401.64735228455","1409.33492233283","1403.81389064466",
"Serbia","SRB","GDP per capita, PPP (constant 2021 international $)","NY.GDP.PCAP.PP.KD","","","","","","","","","","","","","","","","","","","","","","","","","","","","","","","","","","","","9444.75162494749","10035.0139750021","10965.4824117527","11598.330749239","10438.4610153954","11105.9488237331","11879.1763909711","12661.9396115325","13273.6900656327","14194.3651317933","15077.5586462578","15727.4033683685","17028.0866985832","17983.2811855695","17488.1227241581","17841.4312599018","17986.5840283539","17993.8147169993","18163.2047330246","17922.4357685757","18247.8091057968","18889.3816415548","19438.9917129776","20454.225884367","21541.1264037184","21479.0788553347","23406.3065657117","24651.8478183529","25735.1334774195","26900.7415340646","27603.3916309287",
"Sub-Saharan Africa (excluding high income)","SSA","GDP per capita, PPP (constant 2021 international $)","NY.GDP.PCAP.PP.KD","","","","","","","","","","","","","","","","","","","","","","","","","","","","","","","3776.50845984511","3693.92365132483","3586.692337476","3447.01550750533","3383.2517472887","3401.12538852783","3482.9657524372","3531.18512078905","3529.50972450317","3509.45956428651","3534.70587189064","3592.57344712939","3732.68238996596","3788.02167205614","3939.58298141437","4065.86938644099","4197.05577656382","4335.8656884027","4443.73351543474","4477.4566945111","4631.14077014951","4711.55900120705","4774.00118699953","4894.49542314043","5001.112536621","5017.95424219798","4954.34861846369","4950.9087329327","4960.78415927401","4960.03991221743","4675.79132727431","4718.40031939935","4793.06085560333","4807.21723713092","4870.62629918304","4960.99925544113",
"South Sudan","SSD","GDP per capita, PPP (constant 2021 international $)","NY.GDP.PCAP.PP.KD","","","","","","","","","","","","","","","","","","","","","","","","","","","","","","","","","","","","","","","","","","","","","","","","","","","","","","","","","","","","","","","","","","",
"Sub-Saharan Africa","SSF","GDP per capita, PPP (constant 2021 international $)","NY.GDP.PCAP.PP.KD","","","","","","","","","","","","","","","","","","","","","","","","","","","","","","","3778.06278298322","3695.49669475325","3588.38052775321","3448.82105754797","3384.95251744949","3402.78267461483","3484.76695002218","3533.19594417372","3531.51838340967","3511.45394031025","3536.74164552249","3594.49268935584","3734.54815647759","3789.70221048341","3941.14291024738","4067.54686495063","4198.85922825456","4337.79844704611","4445.5273501557","4479.1406301998","4632.84408191438","4713.42233131106","4775.8739329678","4896.32543067071","5002.96695140382","5019.95019038994","4956.58486807326","4953.2648572016","4963.20882492551","4962.55290682237","4677.92219768928","4720.48407808675","4795.24715624599","4809.48422824725","4872.91556737875","4963.3760177896",
"Small states","SST","GDP per capita, PPP (constant 2021 international $)","NY.GDP.PCAP.PP.KD","","","","","","","","","","","","","","","","","","","","","","","","","","","","","","","12972.8696136279","12772.7070111196","12548.4784954924","12511.8296627357","12769.542925409","13164.0125114313","13504.6264827435","14087.3048454144","14352.9783783546","14708.7703636254","15514.5363818178","15729.0854144625","16095.2953198447","16725.5980095054","17308.1619537788","17926.7361863699","18934.0339750992","19592.5639538724","19636.9550115867","18696.6740492489","19016.7659318866","19390.3808189536","19647.9643191463","19725.1292380478","19992.2837971004","20214.6306771707","20323.0292175365","20732.8384950461","21165.1370912777","21662.7739795661","20101.6503085454","21262.5948218682","22478.8845331697","23393.3466796632","24725.3895821776","25668.7054117567",
"Sao Tome and Principe","STP","GDP per capita, PPP (constant 2021 international $)","NY.GDP.PCAP.PP.KD","","","","","","","","","","","","","","","","","","","","","","","","","","","","","","","3883.20429842266","3844.8963771482","3798.88352929514","3771.28612416062","3788.48370442152","3802.29132302174","3801.08164933857","3784.7902343178","3828.99823839083","3878.13108525246","3852.89042721453","3907.0192818698","3942.76040695115","4161.63833167542","4202.56186898775","4371.49721644128","4644.18044669991","4698.08416961839","4873.1813112046","4919.19529822865","4882.04796466341","4876.47315792145","4919.55294386577","5072.11200195866","5223.09572886388","5210.2037755431","5388.5091334891","5521.20249597413","5674.72379094011","5702.08347071236","5742.94724858826","5732.69456061536","5632.13890715047","5541.3016760535","5511.87785469752","5459.21311766335",
"Suriname","SUR","GDP per capita, PPP (constant 2021 international $)","NY.GDP.PCAP.PP.KD","","","","","","","","","","","","","","","","","","","","","","","","","","","","","","","17137.6509700556","17493.4962257426","17455.1256454322","16217.1660347103","16648.5345258933","16368.311360582","16184.4999295065","16754.3511427064","16789.7549005356","16217.5173031438","16220.1790603262","16556.9440609927","16678.0718706582","17383.5015505612","18585.5170864176","19220.2839696605","20113.6707547695","20902.1391589279","21515.8119551093","21906.4105447498","22772.4754543689","23829.5332856393","24193.8412373922","24624.0219854601","24414.3554759734","23327.5252497447","21950.4122148625","22070.5137570835","22938.5353715545","22966.7405999124","19091.3617184226","18458.234999681","18742.5873760369","19020.8663751009","19179.101839106","19357.3907969318",
"Slovak Republic","SVK","GDP per capita, PPP (constant 2021 international $)","NY.GDP.PCAP.PP.KD","","","","","","","","","","","","","","","","","","","","","","","","","","","","","","","17521.025057579","14955.954207806","13946.1630793919","14157.1814374204","14976.5773554129","15805.4133298742","16737.1722199043","17622.7797477898","18272.5224455534","18167.4957173327","18335.6834506937","18906.6014279038","19748.9318737056","20721.7128107535","21842.9563752621","23257.1758521642","25331.8740217421","28064.2457264668","29544.090596762","27880.4111227638","29745.9196662166","30468.8257049455","30894.3118010926","31078.1848215695","31888.805351531","33507.7913603774","34116.4502039273","35042.7858925618","36415.7920529507","37194.2104548698","36201.4863805533","38330.302743447","38648.9855746919","39501.9474231962","40302.4514288424","40689.8179557427",
"Slovenia","SVN","GDP per capita, PPP (constant 2021 international $)","NY.GDP.PCAP.PP.KD","","","","","","","","","","","","","","","","","","","","","","","","","","","","","","","25349.79771871","23078.9929501783","21850.057102159","22524.9591876226","23752.4377245413","24722.6569167591","25458.8966701239","26811.4873226649","27693.2827424197","29131.350613532","30061.2061910089","30862.8959874504","31836.5215656188","32833.9045969454","34304.5565023331","35565.0427189638","37546.4956078863","40002.7018991991","41286.3462491223","37809.1735513927","38063.314683572","38233.2905622851","37040.7082746106","36685.7496645094","37662.2559898098","38534.6437425951","39674.8931561968","41700.651085028","43369.221946981","44577.9418583069","42471.5228031277","45922.6632600134","47058.8865960028","47986.4195855821","48658.0265180267","49091.0184405902",
"Sweden","SWE","GDP per capita, PPP (constant 2021 international $)","NY.GDP.PCAP.PP.KD","","","","","","","","","","","","","","","","","","","","","","","","","","","","","","","40199.7074219831","39469.0716472828","38783.6397676396","37762.5408221358","39000.8277233984","40385.2139711185","41008.3531746727","42241.0607742258","44010.1074358278","45823.3018418117","47868.5077292571","48389.8185132591","49331.2032555738","50072.4736462925","51960.5321902953","53198.67120001","55373.9338115393","56737.3689179302","55777.3973050094","52950.7103332467","55520.4324178534","56846.1368290625","56193.3287488246","56353.0856347897","57077.6693544196","58955.6412361461","59460.2872722689","59769.0136237","60124.5711994179","61070.5243445838","59458.2805291969","62190.8526983825","62544.5002248644","62122.5116950792","62558.4065876041","63362.4612808079",
"Eswatini","SWZ","GDP per capita, PPP (constant 2021 international $)","NY.GDP.PCAP.PP.KD","","","","","","","","","","","","","","","","","","","","","","","","","","","","","","","5447.73900233346","5325.35246393254","5291.89628992752","5299.53230191625","5427.35001977251","5693.82195475567","5796.65255094723","5876.80341710822","5952.85423199252","6062.34805932084","6106.07478740465","6135.45299954297","6335.81351839193","6578.30152863605","6775.2217412302","7142.1921864324","7584.72030617794","7866.73073455273","7926.37961138221","7988.59750005303","8245.64153332215","8350.89190932865","8645.84478287802","8951.05749805891","9084.49405780635","9186.65344720515","9402.50834103681","9660.55161538086","9578.10061089805","10099.5863118406","9695.82498058755","9990.43491951205","9927.60567008139","10181.5040730397","10386.2145717572","10706.7778049468",
"Sint Maarten (Dutch part)","SXM","GDP per capita, PPP (constant 2021 international $)","NY.GDP.PCAP.PP.KD","","","","","","","","","","","","","","","","","","","","","","","","","","","","","","","","","","","","","","","","","","","","","","","","","","50980.9400838983","52140.59965779","53786.2462000327","53357.003462797","52801.4031054792","52439.4736756048","51375.6032503737","50817.6814942681","46088.3583839152","42154.1020267504","45996.7912346922","39265.7616790568","40507.0672411717","45515.6528430026","46571.08813424","47303.1946453277","48273.4254596158",
"Seychelles","SYC","GDP per capita, PPP (constant 2021 international $)","NY.GDP.PCAP.PP.KD","","","","","","","","","","","","","","","","","","","","","","","","","","","","","","","15478.8475444228","15695.670838946","16744.5080816034","17596.8977617171","16716.5207188923","16552.4547815231","17942.1733036627","19895.1422188431","19991.2293154949","19969.3513746174","20633.6746950761","20147.4187656167","19777.7525249721","18825.2206936189","18356.4711447212","19917.1194534221","21341.8597526003","23117.8555224771","21990.3685269705","21361.1307875284","21708.7554506566","24406.4129764105","24919.955210328","24770.6514591794","25379.4180707013","27032.2083880002","29905.1347389952","31595.6680570505","32841.4242467381","34346.0708923483","30056.1994300968","29979.8272686091","27275.6883819803","28713.6672353088","29288.019181519","30638.7217194523",
"Syrian Arab Republic","SYR","GDP per capita, PPP (constant 2021 international $)","NY.GDP.PCAP.PP.KD","","","","","","","","","","","","","","","","","","","","","","","","","","","","","","","5952.3583016801","6210.41568146904","6803.92916498791","7007.72494284254","7294.86310469369","7589.39692908815","8112.37387274033","8299.18931658219","8636.63340064551","8120.49247797398","7973.98131632478","8075.78409924022","8502.49347216329","8351.46523749691","8710.00892967907","9016.72035122178","9074.77248149943","9017.08718303559","9093.12956891463","9481.56997895749","9749.57445219825","9854.03380162757","7296.32886794228","5648.60213025874","5414.37509688242","5414.83905242808","5128.91822862296","5083.65173888422","5061.49399424562","4928.02885412028","4810.61072632598","4765.52911357702","4579.43973633341","","","",
"Turks and Caicos Islands","TCA","GDP per capita, PPP (constant 2021 international $)","NY.GDP.PCAP.PP.KD","","","","","","","","","","","","","","","","","","","","","","","","","","","","","","","","","","","","","","","","","","","","","","","","21878.8206013071","22689.3160133769","17512.1977777876","17000.2227766463","17147.424764127","16024.6915652254","15461.873511271","16138.8487604249","17201.7720345933","17625.7202843515","29540.3537473151","30286.1196112151","30611.2130237381","19702.5368196855","25056.4880515569","28209.6242536079","31839.3705381969","33390.5267148059","",
"Chad","TCD","GDP per capita, PPP (constant 2021 international $)","NY.GDP.PCAP.PP.KD","","","","","","","","","","","","","","","","","","","","","","","","","","","","","","","1711.36988441453","1790.73791101488","1853.67667632384","1526.05432531318","1642.51653215853","1591.14154055224","1555.91392490883","1588.09860417129","1641.05715330822","1573.58531388243","1506.7157720422","1626.56683128523","1704.2729514734","1878.58578618822","2400.97004978207","2705.81650832729","2596.03235455456","2613.47387385767","2601.36125803883","2474.70758352529","2717.40540181819","2741.0708339941","2886.27474563619","2864.11301407361","2820.67795066663","2822.57929900014","2622.59780844501","2496.26213643158","2552.37036387707","2604.53153661789","2513.02922729305","2435.07274651099","2449.48251052296","2433.53330962707","2430.73298355271","2480.50962500924",
"East Asia & Pacific (IDA & IBRD countries)","TEA","GDP per capita, PPP (constant 2021 international $)","NY.GDP.PCAP.PP.KD","","","","","","","","","","","","","","","","","","","","","","","","","","","","","","","2543.85696379398","2698.66598317944","2932.66503207124","3192.61002178197","3470.77308717757","3753.27792428099","4030.41199316881","4244.23739057317","4233.17759157153","4433.88241548544","4713.16955867766","4969.61452922338","5304.26396994863","5708.77107382473","6155.36986088902","6679.74546218337","7309.54901669439","8093.65313760912","8684.60617683457","9251.92190189246","10056.9644387466","10788.8596740347","11489.3717999709","12195.4108634433","12914.302342174","13646.3812355606","14404.656964798","15229.7169213936","16103.8618914204","16941.9471937892","17004.8072538713","18167.4009161466","18808.9383411671","19743.1112151119","20684.2265655327","21676.7936772976",
"Europe & Central Asia (IDA & IBRD countries)","TEC","GDP per capita, PPP (constant 2021 international $)","NY.GDP.PCAP.PP.KD","","","","","","","","","","","","","","","","","","","","","","","","","","","","","","","19345.0251873987","18058.6477571728","16059.6839331539","14987.6975720188","13410.4698920037","13158.8269742658","13085.5515653239","13361.2809065093","13174.6486446478","13555.5871695726","14595.0711135375","15131.0651900248","15899.5974213638","16935.5538252528","18285.8767112422","19454.1336352698","20994.707627893","22657.1349385733","23653.990951491","22249.6950356121","23167.2207575598","24330.2540578139","25017.564733224","25612.5772709157","25858.1655880354","25834.8173197386","26118.7773736522","27008.5506544179","27881.0262510333","28540.7387047996","27962.5237763209","29918.4650718143","30179.7870902442","31509.9061055568","32713.0152698707","33366.1890685534",
"Togo","TGO","GDP per capita, PPP (constant 2021 international $)","NY.GDP.PCAP.PP.KD","","","","","","","","","","","","","","","","","","","","","","","","","","","","","","","2409.14819593078","2324.31142051729","2169.39272878269","1863.03725042104","2133.27158147519","2185.1955668286","2278.14214284206","2519.00042956277","2400.05346254709","2399.45741291511","2321.9504188468","2283.5849230071","2312.96463035074","2407.5857838237","2326.60102463281","2164.01599552728","2158.94393995769","2067.21836135015","2082.64201553182","2126.4413192509","2181.59889262038","2246.56204522679","2333.19276737886","2416.37805101152","2501.43253092917","2588.27260980499","2648.90084835076","2708.61122396846","2787.56398409759","2862.62661160331","2861.29796240513","2952.09730066985","3086.40878742334","3215.82300022488","3351.24993111939","3485.98184512074",
"Thailand","THA","GDP per capita, PPP (constant 2021 international $)","NY.GDP.PCAP.PP.KD","","","","","","","","","","","","","","","","","","","","","","","","","","","","","","","8702.899560469","9295.04057342995","9887.97373654022","10539.9611081001","11216.2548285636","11955.2188089811","12457.6820831228","11954.1474335919","10898.3370239872","11254.6098303333","11623.7874580461","11902.6109229705","12513.5421967032","13288.7481561137","13998.521730812","14459.825626203","15052.6955101059","15744.3652449147","15893.5084947968","15667.6047343164","16732.187029014","16768.1688542486","17871.5786477565","18244.4071505088","18326.604873747","18814.0408554566","19372.7128024107","20096.8605455164","20882.1707419576","21280.1504518601","19950.2844063147","20236.9760408784","20768.4800093577","21245.2706771879","21882.2142474833","22431.7518380848",
"Tajikistan","TJK","GDP per capita, PPP (constant 2021 international $)","NY.GDP.PCAP.PP.KD","","","","","","","","","","","","","","","","","","","","","","","","","","","","","","","4173.04607982249","3777.10750632183","2630.38658066186","2169.96747353928","1678.33851733918","1439.50277584065","1175.79407235242","1181.28110133633","1236.67552895556","1275.82249026045","1365.23327447129","1467.39882474638","1594.93890470219","1736.64039749855","1878.28696227255","1965.30020458256","2063.288508243","2181.89798056536","2308.09430040334","2349.50030269416","2449.27358745359","2572.48074895498","2700.09546037358","2828.38542075147","2943.08867917317","3041.44479553257","3169.9667820524","3312.71202243506","3479.69235966041","3649.88375518646","3724.7489591466","3985.91247611219","4213.75618362687","4472.3241378777","4755.93296704719","5061.84700623649",
"Turkmenistan","TKM","GDP per capita, PPP (constant 2021 international $)","NY.GDP.PCAP.PP.KD","","","","","","","","","","","","","","","","","","","","","","","","","","","","","","","7850.71328943211","7304.00728889148","6071.08330709863","6028.1027314614","4883.21714193014","4451.02809349502","4668.36342670059","4066.63089252014","4282.50714571282","4898.42375360035","5064.28782418685","5179.46446676106","5090.38095183744","5154.7509814614","5309.64539382487","5889.84657742616","6415.71290854977","6993.52911567076","7870.0271753063","8186.87833253045","8758.89686680508","9837.56345513458","10689.3537347285","11516.3741234527","12423.9246417745","12926.6637306966","13420.3849717471","13963.4045877295","14499.1684377606","15080.9034007693","15630.9145192529","16259.8700051884","16943.6046037141","17685.8585929282","18470.7438450744","19313.9430262025",
"Latin America & the Caribbean (IDA & IBRD countries)","TLA","GDP per capita, PPP (constant 2021 international $)","NY.GDP.PCAP.PP.KD","","","","","","","","","","","","","","","","","","","","","","","","","","","","","","","12390.7892115963","12567.6202754437","12691.1338514121","13054.0314577269","13517.3711604967","13396.4986932028","13704.1157785271","14223.7229627084","14413.6490756706","14256.9607203277","14549.3372608149","14382.1387890536","14257.7222031593","14430.216561199","15003.8237166523","15420.2917523643","16038.2861869901","16696.6218868769","17128.9043164926","16550.9833188907","17448.2598325074","18055.3042757769","18340.3089340631","18676.7799220997","18762.6257531749","18670.717514529","18455.8801433133","18653.3433106036","18808.0604001973","18791.1714822657","17418.680012511","18609.1190317645","19259.412041102","19551.7411981811","19845.1254630959","20175.5982898323",
"Timor-Leste","TLS","GDP per capita, PPP (constant 2021 international $)","NY.GDP.PCAP.PP.KD","","","","","","","","","","","","","","","","","","","","","","","","","","","","","","","2143.79193647891","2318.79425313685","2493.90856413679","2674.39919964976","2786.67622050555","2891.86458508557","3038.23036830136","3073.97036772628","2931.48082007078","2136.6494518776","3783.78329545739","4038.33571017769","3480.9884722922","3264.94647161828","3234.97583674338","3263.94446005573","3038.9523176563","3256.56980118129","3530.88217479074","3792.35831612987","4047.24940614314","4189.79978481015","4297.91482449132","4340.27839503511","4445.35926887033","4467.80007184896","4515.422459894","4290.02709296562","4188.84099191337","5103.14964292207","6594.8817078452","6825.0458085995","5348.49182701353","4331.07792560386","3890.95754653453","4109.9044785289",
"Middle East, North Africa, Afghanistan & Pakistan (IDA & IBRD)","TMN","GDP per capita, PPP (constant 2021 international $)","NY.GDP.PCAP.PP.KD","","","","","","","","","","","","","","","","","","","","","","","","","","","","","","","6472.6383761248","6320.9543964451","6471.5959466368","6409.12436035239","6389.38430101237","6437.87751082351","6668.86543267253","6740.03688747731","6954.84271034817","7086.45389810569","7335.74567056542","7393.68924291584","7492.5839251724","7503.40085813174","7894.73920422743","8089.64903827668","8347.93200878985","8653.73763157619","8778.68857917021","8855.99168481009","9076.89041241803","9010.52759049832","9005.54949728912","8926.7135503703","9012.30780450401","9059.41391427741","9433.37331636818","9580.54922221665","9633.85835874122","9646.79140996012","9336.60440871316","9544.65393425022","9819.10765239761","9934.12763020633","10015.7953971077","10056.4320194968",
"Tonga","TON","GDP per capita, PPP (constant 2021 international $)","NY.GDP.PCAP.PP.KD","","","","","","","","","","","","","","","","","","","","","","","","","","","","","","","4488.39423743031","4766.99902463283","4772.94258546235","4947.35147939204","5189.10434041494","5509.04512310938","5511.41450656968","5456.60423424372","5542.39330688545","5633.44423786367","5809.00929738723","5860.83162290404","6085.89291010605","6054.65554234045","5901.21343135785","5829.1173260211","5671.64079163565","5507.35733894364","5759.30612501464","5454.57394388907","5489.45367019062","5848.19312009382","5908.02400699798","5952.45690447913","6097.65041861635","6195.43302733786","6639.98719699561","6863.54796430087","6885.98490469718","6859.71739851786","6981.30436453629","6930.06482518663","6811.48234641523","7031.32021704688","7180.98743332878","7412.86641968829",
"South Asia (IDA & IBRD)","TSA","GDP per capita, PPP (constant 2021 international $)","NY.GDP.PCAP.PP.KD","","","","","","","","","","","","","","","","","","","","","","","","","","","","","","","2167.05307825032","2153.67851336538","2223.06499275144","2281.98365680147","2378.29855614022","2498.68327723447","2622.89612404834","2679.99154602438","2786.01550520478","2957.79775686178","3021.63279439044","3103.92321367445","3164.42111189042","3343.17936577198","3536.63492979436","3748.35844477212","3983.25023893144","4222.24103901725","4309.94806835076","4566.50695762565","4872.71064899734","5069.45396503048","5285.90684170559","5548.16105526486","5878.67479791218","6259.31717310526","6681.44601575684","7055.83469512198","7430.46384287571","7660.41899011306","7215.20736191888","7815.21278442871","8308.38014181846","8796.72942063676","9307.06752508413","9880.35624819064",
"Sub-Saharan Africa (IDA & IBRD countries)","TSS","GDP per capita, PPP (constant 2021 international $)","NY.GDP.PCAP.PP.KD","","","","","","","","","","","","","","","","","","","","","","","","","","","","","","","3778.06278298322","3695.49669475325","3588.38052775321","3448.82105754797","3384.95251744949","3402.78267461483","3484.76695002218","3533.19594417371","3531.51838340967","3511.45394031025","3536.74164552249","3594.49268935584","3734.54815647759","3789.70221048341","3941.14291024738","4067.54686495063","4198.85922825456","4337.79844704611","4445.5273501557","4479.1406301998","4632.84408191438","4713.42233131106","4775.8739329678","4896.32543067071","5002.96695140382","5019.95019038994","4956.58486807326","4953.2648572016","4963.20882492551","4962.55290682237","4677.92219768928","4720.48407808675","4795.24715624599","4809.48422824725","4872.91556737875","4963.3760177896",
"Trinidad and Tobago","TTO","GDP per capita, PPP (constant 2021 international $)","NY.GDP.PCAP.PP.KD","","","","","","","","","","","","","","","","","","","","","","","","","","","","","","","11869.5287266317","12142.348150297","13267.9770581707","13088.7073855168","13472.7464155031","13912.3133299045","14838.9026529676","15895.2438763164","17129.0911444686","18440.5741312908","19637.5545410721","20366.753132212","21876.8529070403","24910.823196152","26757.9075601429","29536.4394101096","33348.7507470886","34793.6457521105","35825.3333456362","34212.2683057008","35145.1253639062","34769.7620251376","36903.6898574094","37994.0686480473","39248.6570516023","38963.9641783011","35914.9901970983","34095.9899256152","33710.0178540008","33748.7060849924","30720.8876936042","30482.1201798631","30784.1112580356","31196.603554718","31960.1568888983","31721.5757411236",
"Tunisia","TUN","GDP per capita, PPP (constant 2021 international $)","NY.GDP.PCAP.PP.KD","","","","","","","","","","","","","","","","","","","","","","","","","","","","","","","6742.58426420551","6859.73427153777","7241.29105894738","7253.33614579881","7350.65600471494","7406.23900930842","7821.79219107359","8136.3376111408","8417.98493264685","8821.98791288257","9134.41506327005","9380.56317617024","9407.55676671593","9752.02442335824","10263.8055422408","10529.1598956845","10983.9221903991","11613.9247511428","11990.1962371716","12229.7752536693","12458.2710366551","12068.7136257667","12436.3958115735","12587.9950645596","12824.0028914441","12802.7917211433","12803.8797371543","12955.4014814241","13163.1952230357","13243.9024233246","11955.5983698479","12444.3264026887","12712.22345453","12650.9615158166","12774.9158568021","13017.6340422977",
"Turkiye","TUR","GDP per capita, PPP (constant 2021 international $)","NY.GDP.PCAP.PP.KD","","","","","","","","","","","","","","","","","","","","","","","","","","","","","","","12184.1995945303","12057.9354364382","12451.0451197948","13174.467116412","12343.0041848988","13099.2575267612","13826.9201097072","14631.2958814739","14704.3385744207","14066.1896257233","14856.914625257","13872.1287284566","14587.894621656","15255.7177960689","16583.8837094062","17902.5966004487","18972.0089563632","19909.083519675","19839.5845462269","18612.1925231905","19897.4464836887","21760.4291923634","22517.7148287875","24117.3121099839","24888.8521742576","25984.8027306177","26489.6436816046","28194.688309381","28780.3036458151","28741.0535082701","28976.7179161611","32105.5474400506","33520.8111384208","35069.1701714685","36154.490436557","37300.7485739354",
"Tuvalu","TUV","GDP per capita, PPP (constant 2021 international $)","NY.GDP.PCAP.PP.KD","","","","","","","","","","","","","","","","","","","","","","","","","","","","","","","3120.28113184545","3185.82377909019","3234.81421654899","3335.31685728064","3645.93964662586","3436.23529578401","3209.94284061686","3509.25585463937","4031.35916663613","3949.50872239411","3893.29676614411","3903.20310133161","4211.58993214321","3998.4360743816","3874.58266822844","3682.89175926232","3687.77123312778","3893.64259975408","4093.92473951632","3812.13929570827","3664.45034598789","3879.3490996995","3715.60046956613","3833.48955456181","3903.4345149878","4277.7146690273","4495.57215692486","4668.54376684727","4785.23289965077","5515.89953720794","5442.36321121293","5551.80841999248","5044.53984578911","5315.16301028104","5592.18723602659","5776.07849384845",
"Tanzania","TZA","GDP per capita, PPP (constant 2021 international $)","NY.GDP.PCAP.PP.KD","","","","","","","","","","","","","","","","","","","","","","","","","","","","","","","1794.20458984375","1785.66394042969","1751.91845703125","1718.39306640625","1679.66235351563","1685.85107421875","1730.55456542969","1755.8037109375","1773.72424316406","1810.97155761719","1839.93664550781","1899.74536132813","1982.64428710938","2059.83740234375","2155.24145507813","2253.09326171875","2334.1044921875","2423.61596679688","2493.25927734375","2560.81103515625","2654.80346679688","2779.70776367188","2822.4853515625","2924.86328125","3027.56909179688","3111.44458007813","3214.24682617188","3318.28833007813","3392.68872070313","3484.63256835938","3449.82153320313","3493.0830078125","3546.98095703125","3620.79345703125","3713.26293945313","3820.61181640625",
"Uganda","UGA","GDP per capita, PPP (constant 2021 international $)","NY.GDP.PCAP.PP.KD","","","","","","","","","","","","","","","","","","","","","","","","","","","","","","","1080.03830980398","1103.22897278835","1102.72992145701","1153.99369070318","1187.36780541734","1288.50886674348","1367.94573764936","1396.63106915218","1422.20789184705","1487.75796178874","1487.00498853512","1516.96423755695","1598.5828380849","1649.1482601448","1709.36159216857","1765.03788457066","1898.97915280479","1999.0624896434","2110.10049271503","2188.29916246327","2244.60595194584","2384.4653273154","2405.09455932767","2420.88808087266","2470.50380909598","2520.0201028843","2554.22769062073","2543.84754394956","2613.87976413963","2689.41009144919","2678.00907202293","2684.92035939744","2724.90609568409","2791.05576885861","2879.67009290376","2980.37942135501",
"Ukraine","UKR","GDP per capita, PPP (constant 2021 international $)","NY.GDP.PCAP.PP.KD","","","","","","","","","","","","","","","","","","","","","","","","","","","","","","","22815.798828125","20784.16015625","18671.873046875","16012.3720703125","12410.525390625","10983.0087890625","9969.5009765625","9754.0498046875","9646.0546875","9704.4453125","10364.0625","11379.3857421875","12092.7890625","13342.8798828125","15021.06640625","15610.5732421875","16901.5078125","18374.013671875","18883.986328125","16092.7958984375","16811.794921875","17783.95703125","17848.740234375","17889.091796875","16978.8125","15403.7099609375","15856.8125","16310.3603515625","16978.984375","17636.5546875","17092.5390625","17846.408203125","13787.12109375","15916.9580078125","16371.44140625","16155.0732421875",
"Upper middle income","UMC","GDP per capita, PPP (constant 2021 international $)","NY.GDP.PCAP.PP.KD","","","","","","","","","","","","","","","","","","","","","","","","","","","","","","","5810.41961910228","5832.26269411493","5937.92673470106","6118.06189336087","6270.83865713217","6432.68540027582","6714.8088077637","7003.13563219198","7065.40946908576","7193.22707987242","7534.46601304186","7707.83336797882","7995.26895874639","8370.32235025016","8939.4315710973","9482.47316024402","10156.8285798117","10958.7142005081","11494.8903381638","11694.2221159018","12531.0895213844","13236.515304434","13822.3046874476","14423.8295348435","14947.2403476526","15424.5615868064","15979.55362127","16662.4284387368","17308.0850217702","17882.2048457814","17611.7434455076","18796.441497948","19378.7095594057","20194.4437195401","20967.3589459748","21748.8781857464",
"Uruguay","URY","GDP per capita, PPP (constant 2021 international $)","NY.GDP.PCAP.PP.KD","","","","","","","","","","","","","","","","","","","","","","","","","","","","","","","14060.8401531053","14474.7272308128","15536.4813275187","15865.2715092002","16932.0220449735","16600.0329041954","17433.6866851628","18823.934790748","19577.7825547632","19192.7103025817","18752.0507121938","17986.8939502115","16572.7819019325","16694.4326030244","17519.3729926744","18811.3124755641","19560.0743506382","20803.885306175","22249.3750934425","23138.0733091496","24879.8256003219","26099.3116487704","26953.2709026389","28119.4726887432","28935.086486757","28941.6184540581","29332.5561568815","29762.4220666605","29757.9276055415","30010.5628834294","27788.1749600196","29431.8738833361","30840.0709827676","31100.9696889882","32149.480073986","32741.6246877908",
"United States","USA","GDP per capita, PPP (constant 2021 international $)","NY.GDP.PCAP.PP.KD","","","","","","","","","","","","","","","","","","","","","","","","","","","","","","","44384.2101912606","43747.6307351749","44664.873585596","45292.7380683092","46543.3199204553","47227.0083257008","48441.9061125568","49990.6740739125","51626.4838297863","53480.8969962416","55045.6745311559","55024.3542766281","55443.2199435683","56505.4468784112","58139.0820195229","59612.3907215559","60684.3399832539","61314.4520816367","60806.2238713713","58722.496767251","59797.0736545937","60253.2035796719","61142.3637034265","61966.6621370894","63026.8779187814","64367.7188912582","65025.9855980616","66164.0320014289","67728.4424921024","69121.4580016741","67406.8311325507","71441.231980595","72828.7430907189","74351.6718197429","75698.1773354629","76931.3106990408",
"Uzbekistan","UZB","GDP per capita, PPP (constant 2021 international $)","NY.GDP.PCAP.PP.KD","","","","","","","","","","","","","","","","","","","","","","","","","","","","","","","4239.58649108779","4118.51585848122","3568.35538610457","3406.55184062183","3161.07497053576","3070.52690445141","3064.63712278537","3168.77278928055","3253.54493589925","3346.1588710371","3430.88370808896","3530.5496647712","3626.07785614929","3733.79819347394","3962.90117061128","4185.63947675734","4439.90667205623","4792.8290951141","5145.99183378479","5471.82013683888","5794.98037704358","6170.84149747534","6525.4971525889","6932.93371228586","7344.44304405623","7792.23605983713","8172.9216949615","8413.29975299494","8742.5491991216","9169.01147508351","9145.23119844239","9705.60054565692","10091.3877869999","10514.0955721447","10997.1707291644","11622.8556243531",
"St. Vincent and the Grenadines","VCT","GDP per capita, PPP (constant 2021 international $)","NY.GDP.PCAP.PP.KD","","","","","","","","","","","","","","","","","","","","","","","","","","","","","","","7467.37874657239","7524.58477815963","7984.07959662088","8306.77527139188","8189.84362711098","8815.84871825748","8923.70555514296","9234.69888368764","9609.10378620502","9853.34736551962","9999.05879203685","10177.8094583896","10736.0878714164","11475.3312414531","11979.907294501","12320.0710011077","13233.4068930431","13732.3622591495","13850.3936790063","13723.7838252622","13175.7230154228","13168.8964291743","13397.9632982701","13804.1837951887","14040.2460690452","14508.8609465459","15197.7482513352","15533.2212821544","16139.0661084965","16365.3255785124","15763.7054382539","16200.8994597845","16835.023514541","17858.2446468702","18714.198849353","19483.0127638994",
"Venezuela, RB","VEN","GDP per capita, PPP (constant 2021 international $)","NY.GDP.PCAP.PP.KD","","","","","","","","","","","","","","","","","","","","","","","","","","","","","","","","","","","","","","","","","","","","","","","","","","","","","","","","","","","","","","","","","","",
"British Virgin Islands","VGB","GDP per capita, PPP (constant 2021 international $)","NY.GDP.PCAP.PP.KD","","","","","","","","","","","","","","","","","","","","","","","","","","","","","","","","","","","","","","","","","","","","","","","","","","","","","","","","","","","","","","","","","","",
"Virgin Islands (U.S.)","VIR","GDP per capita, PPP (constant 2021 international $)","NY.GDP.PCAP.PP.KD","","","","","","","","","","","","","","","","","","","","","","","","","","","","","","","","","","","","","","","","","","","54299.2298699394","54086.1547945673","55883.4545510864","57838.0977142823","59911.7224453162","62332.9445371347","63057.6263123638","58895.3056899496","59272.2456856343","54443.0686942498","46422.4151236223","43563.8864931407","42853.8986599185","42739.0835022993","43502.4336941564","43277.1546523522","44205.4071324394","45632.6364715693","45055.7829303523","46893.5496988741","46479.2996685326","","","",
"Viet Nam","VNM","GDP per capita, PPP (constant 2021 international $)","NY.GDP.PCAP.PP.KD","","","","","","","","","","","","","","","","","","","","","","","","","","","","","","","2467.96460080463","2560.84383496164","2726.47373748487","2890.42431737761","3089.60933725631","3328.21486039558","3584.02898335147","3820.30249485434","3982.95805965603","4119.05367208231","4349.22348751462","4570.26846577385","4809.62151118535","5090.28990869885","5421.09702829121","5776.36304451268","6098.24495436514","6418.54381402878","6659.13561432065","6914.33863589545","7274.73310698016","7652.61895672271","7979.86828926858","8324.19871250047","8751.88280634375","9248.02396069622","9743.1882231455","10290.5487142244","10936.8937859558","11628.6139147451","11851.3965685649","12048.9019935536","12979.7638983711","13534.7997843016","14396.4217369473","15457.3499403547",
"Vanuatu","VUT","GDP per capita, PPP (constant 2021 international $)","NY.GDP.PCAP.PP.KD","","","","","","","","","","","","","","","","","","","","","","","","","","","","","","","3531.78750465932","3553.43728930775","3555.93728844228","3495.49275262507","3723.02443587912","3674.38819393103","3676.87858931689","3775.23587307653","3740.68521654671","3676.29741602127","3805.62227309353","3584.91106983816","3314.71255206905","3372.77297249271","3422.60817759375","3517.84619857461","3724.24741699945","3738.66656241804","3850.27902468628","3867.75799280135","3825.75653571613","3861.18223002309","3815.41895246816","3748.76509025679","3779.64941165998","3825.81231400229","3877.08354643548","3947.67824193203","3951.18453122592","3986.65620021472","3671.97390565303","3546.08021896872","3658.51871182046","3782.82649029418","3837.03937446048","3866.99814901674",
"World","WLD","GDP per capita, PPP (constant 2021 international $)","NY.GDP.PCAP.PP.KD","","","","","","","","","","","","","","","","","","","","","","","","","","","","","","","11275.1339775825","11183.4106923389","11147.557598","11138.3321858645","11264.7778299107","11442.8041494803","11691.7078594973","11979.7237951368","12098.403188088","12360.7433274205","12780.6381391491","12915.0553238791","13104.3468043873","13410.5978266564","13921.3400955101","14377.2053638343","14934.6932991325","15519.537511648","15756.1973918277","15456.5925081159","16050.8528459331","16478.6508721961","16785.0538810187","17121.7231789375","17502.7804590175","17870.9797405245","18234.0187668301","18714.5736777743","19189.4922263446","19551.0853720052","18812.4921846351","19875.5669160609","20421.733679962","20894.8663747649","21393.1843594226","21913.5094934531",
"Samoa","WSM","GDP per capita, PPP (constant 2021 international $)","NY.GDP.PCAP.PP.KD","","","","","","","","","","","","","","","","","","","","","","","","","","","","","","","3991.43806561639","3892.12846832793","3862.38380056991","3986.96465991694","3854.53321958721","4078.51336477469","4334.06811985266","4325.69239692206","4387.08119898787","4448.88973694004","4639.18880250252","4941.74832450316","5184.11871218152","5426.13899111084","5569.06081180669","5915.6475736791","6018.2480546697","6014.046762066","6183.55546849942","6104.90962936041","6428.13508590333","6617.61889509588","6312.76944621145","6263.12610411359","6248.70534550413","6433.1839621351","6888.18769751001","6919.90225366914","6805.91709392797","7034.42233036815","6746.15667963109","6350.92787033711","6450.19151677842","7384.69163688613","7687.23425552485","7963.42749052153",
"Kosovo","XKX","GDP per capita, PPP (constant 2021 international $)","NY.GDP.PCAP.PP.KD","","","","","","","","","","","","","","","","","","","","","","","","","","","","","","","","","","","","","","","","","","","","","","","","","7098.40301909042","7481.45889832785","7877.10199850556","8359.93621479336","8431.66232694657","8828.27683251638","9150.74997293883","9824.99105955319","10434.8888259268","10856.2902074239","11188.2244627966","11774.1178510908","11137.5028560404","12362.4210181213","13022.4627441502","14240.2030320365","15716.2925564586","16461.2943631188",
"Yemen, Rep.","YEM","GDP per capita, PPP (constant 2021 international $)","NY.GDP.PCAP.PP.KD","","","","","","","","","","","","","","","","","","","","","","","","","","","","","","","","","","","","","","","","","","","","","","","","","","","","","","","","","","","","","","","","","","",
"South Africa","ZAF","GDP per capita, PPP (constant 2021 international $)","NY.GDP.PCAP.PP.KD","","","","","","","","","","","","","","","","","","","","","","","","","","","","","","","10811.1515328296","10459.3559818564","10053.6101212292","9976.96506458374","10130.8058233004","10318.8385984353","10623.8603593151","10770.2779624828","10693.6882326622","10831.6589617949","11183.825503143","11387.492366782","11697.5657261687","11923.1211013633","12341.2102655828","12861.5633089114","13444.2332126058","14016.2444716386","14297.6887802632","13910.7017093394","14164.9958363115","14434.2611456048","14563.7624041032","14681.096638957","14643.3384782936","14541.6748613669","14501.2807823402","14573.5980840004","14553.5615668957","14352.6698709871","13250.5666594456","13681.9548144813","13767.4967589936","13695.3755694076","13597.6538495998","13592.0484020929",
"Zambia","ZMB","GDP per capita, PPP (constant 2021 international $)","NY.GDP.PCAP.PP.KD","","","","","","","","","","","","","","","","","","","","","","","","","","","","","","","2425.11128678382","2364.86234039956","2268.49812195378","2365.62953630778","2110.5832556481","2119.95642928697","2197.19564925242","2223.45745445731","2157.57339335667","2198.18912998648","2220.5653712714","2268.96965564597","2299.33289188114","2383.87611741089","2471.72073328685","2564.47560965912","2673.46151928529","2796.3529332184","2908.14362510668","3065.84420108998","3266.50749293828","3335.64339500657","3474.55252844092","3535.22449043144","3585.57748507131","3576.92544834125","3598.17166023389","3612.50597664593","3646.95966481655","3591.56418883108","3391.59541156095","3503.03491418372","3585.12379084347","3673.4841969922","3708.06904295647","3742.25646316492",
"Zimbabwe","ZWE","GDP per capita, PPP (constant 2021 international $)","NY.GDP.PCAP.PP.KD","","","","","","","","","","","","","","","","","","","","","","","","","","","","","","","6082.86879817619","6254.30182489626","5532.06136491672","5509.10697460818","6010.76845239051","5964.61521548597","6474.18822514185","6524.0909161522","6582.37693012492","6423.73669198371","6170.36063450551","6217.43872434863","5610.21576859697","4601.68067845787","4287.61686326352","4004.68178301248","3819.24997116607","3631.55334530411","2954.11211916469","3299.42808702922","3885.41061373756","4358.94470674386","5003.50873397069","5031.70923825425","5081.13441232186","5102.73642537223","5070.42413209981","5234.4065377844","5415.49322028193","4993.86546928208","4527.73949219254","4827.10960165994","5036.78317732239","5218.04526596398","5211.89755587954","5529.23310016154",
