Entity,Code,Year,Daily calorie supply per person
Afghanistan,AFG,1961,2914.3484
Afghanistan,AFG,1962,2835.6074
Afghanistan,AFG,1963,2623.7017
Afghanistan,AFG,1964,2872.5679
Afghanistan,AFG,1965,2876.179
Afghanistan,AFG,1966,2663.3132
Afghanistan,AFG,1967,2890.6982
Afghanistan,AFG,1968,2839.0818
Afghanistan,AFG,1969,2858.1667
Afghanistan,AFG,1970,2472.4724
Afghanistan,AFG,1971,2458.8677
Afghanistan,AFG,1972,2610.9785
Afghanistan,AFG,1973,2678.0298
Afghanistan,AFG,1974,2670.5447
Afghanistan,AFG,1975,2704.18
Afghanistan,AFG,1976,2769.3225
Afghanistan,AFG,1977,2431.7678
Afghanistan,AFG,1978,2541.773
Afghanistan,AFG,1979,2544.499
Afghanistan,AFG,1980,2480.011
Afghanistan,AFG,1981,2697.5786
Afghanistan,AFG,1982,2850.6265
Afghanistan,AFG,1983,2830.0835
Afghanistan,AFG,1984,2597.447
Afghanistan,AFG,1985,2424.4805
Afghanistan,AFG,1986,2363.8213
Afghanistan,AFG,1987,2649.216
Afghanistan,AFG,1988,2406.4927
Afghanistan,AFG,1989,2325.343
Afghanistan,AFG,1990,2253.5522
Afghanistan,AFG,1991,2106.3145
Afghanistan,AFG,1992,1966.9045
Afghanistan,AFG,1993,1939.6313
Afghanistan,AFG,1994,1846.2291
Afghanistan,AFG,1995,1900.2047
Afghanistan,AFG,1996,1910.6196
Afghanistan,AFG,1997,1931.7776
Afghanistan,AFG,1998,1936.4718
Afghanistan,AFG,1999,1861.2385
Afghanistan,AFG,2000,1831.3184
Afghanistan,AFG,2001,1828.0873
Afghanistan,AFG,2002,1896.4564
Afghanistan,AFG,2003,1923.8715
Afghanistan,AFG,2004,2005.2656
Afghanistan,AFG,2005,1984.4324
Afghanistan,AFG,2006,1981.9991
Afghanistan,AFG,2007,2080.6777
Afghanistan,AFG,2008,2083.3396
Afghanistan,AFG,2009,2099.3276
Afghanistan,AFG,2010,2200.2102
Afghanistan,AFG,2011,2171.8604
Afghanistan,AFG,2012,2165.8794
Afghanistan,AFG,2013,2205.3293
Afghanistan,AFG,2014,2270.4495
Afghanistan,AFG,2015,2251.2698
Afghanistan,AFG,2016,2240.7097
Afghanistan,AFG,2017,2307.2092
Afghanistan,AFG,2018,2261.79
Afghanistan,AFG,2019,2223.0999
Afghanistan,AFG,2020,2259.9502
Afghanistan,AFG,2021,2244.73
Afghanistan,AFG,2022,2268.6294
Afghanistan,AFG,2023,2314.63
Africa,OWID_AFR,1961,1995.521
Africa,OWID_AFR,1962,2028.8373
Africa,OWID_AFR,1963,2032.6653
Africa,OWID_AFR,1964,2043.507
Africa,OWID_AFR,1965,2049.4136
Africa,OWID_AFR,1966,2017.5956
Africa,OWID_AFR,1967,2050.2302
Africa,OWID_AFR,1968,2061.8005
Africa,OWID_AFR,1969,2094.1606
Africa,OWID_AFR,1970,2113.8118
Africa,OWID_AFR,1971,2095.787
Africa,OWID_AFR,1972,2057.6436
Africa,OWID_AFR,1973,2086.5698
Africa,OWID_AFR,1974,2124.3787
Africa,OWID_AFR,1975,2128.454
Africa,OWID_AFR,1976,2122.453
Africa,OWID_AFR,1977,2133.7434
Africa,OWID_AFR,1978,2157.3196
Africa,OWID_AFR,1979,2183.377
Africa,OWID_AFR,1980,2216.1858
Africa,OWID_AFR,1981,2220.0317
Africa,OWID_AFR,1982,2221.7766
Africa,OWID_AFR,1983,2184.5286
Africa,OWID_AFR,1984,2157.767
Africa,OWID_AFR,1985,2209.3574
Africa,OWID_AFR,1986,2243.4407
Africa,OWID_AFR,1987,2228.6338
Africa,OWID_AFR,1988,2247.1235
Africa,OWID_AFR,1989,2247.751
Africa,OWID_AFR,1990,2258.3152
Africa,OWID_AFR,1991,2283.9727
Africa,OWID_AFR,1992,2279.2983
Africa,OWID_AFR,1993,2288.8423
Africa,OWID_AFR,1994,2305.432
Africa,OWID_AFR,1995,2327.7705
Africa,OWID_AFR,1996,2338.3477
Africa,OWID_AFR,1997,2348.1433
Africa,OWID_AFR,1998,2366.1533
Africa,OWID_AFR,1999,2374.2822
Africa,OWID_AFR,2000,2372.997
Africa,OWID_AFR,2001,2393.8328
Africa,OWID_AFR,2002,2405.6643
Africa,OWID_AFR,2003,2409.091
Africa,OWID_AFR,2004,2418.1616
Africa,OWID_AFR,2005,2446.1987
Africa,OWID_AFR,2006,2463.3271
Africa,OWID_AFR,2007,2464.1948
Africa,OWID_AFR,2008,2477.2864
Africa,OWID_AFR,2009,2482.5527
Africa,OWID_AFR,2010,2537.1067
Africa,OWID_AFR,2011,2537.0596
Africa,OWID_AFR,2012,2550.78
Africa,OWID_AFR,2013,2548.8538
Africa,OWID_AFR,2014,2562.5964
Africa,OWID_AFR,2015,2558.8735
Africa,OWID_AFR,2016,2546.445
Africa,OWID_AFR,2017,2560.6023
Africa,OWID_AFR,2018,2569.114
Africa,OWID_AFR,2019,2562.4841
Africa,OWID_AFR,2020,2568.6362
Africa,OWID_AFR,2021,2572.319
Africa,OWID_AFR,2022,2586.3008
Africa,OWID_AFR,2023,2594.1646
Africa (FAO),,1961,1993
Africa (FAO),,1962,2025
Africa (FAO),,1963,2028
Africa (FAO),,1964,2037
Africa (FAO),,1965,2042
Africa (FAO),,1966,2009
Africa (FAO),,1967,2041
Africa (FAO),,1968,2053
Africa (FAO),,1969,2086
Africa (FAO),,1970,2105
Africa (FAO),,1971,2087
Africa (FAO),,1972,2049
Africa (FAO),,1973,2079
Africa (FAO),,1974,2120
Africa (FAO),,1975,2127
Africa (FAO),,1976,2127
Africa (FAO),,1977,2143
Africa (FAO),,1978,2169
Africa (FAO),,1979,2198
Africa (FAO),,1980,2233
Africa (FAO),,1981,2241
Africa (FAO),,1982,2246
Africa (FAO),,1983,2210
Africa (FAO),,1984,2182
Africa (FAO),,1985,2233
Africa (FAO),,1986,2268
Africa (FAO),,1987,2254
Africa (FAO),,1988,2274
Africa (FAO),,1989,2278
Africa (FAO),,1990,2291
Africa (FAO),,1991,2322
Africa (FAO),,1992,2320
Africa (FAO),,1993,2342
Africa (FAO),,1994,2356
Africa (FAO),,1995,2376
Africa (FAO),,1996,2390
Africa (FAO),,1997,2403
Africa (FAO),,1998,2423
Africa (FAO),,1999,2433
Africa (FAO),,2000,2433
Africa (FAO),,2001,2457
Africa (FAO),,2002,2473
Africa (FAO),,2003,2480
Africa (FAO),,2004,2493
Africa (FAO),,2005,2525
Africa (FAO),,2006,2546
Africa (FAO),,2007,2550
Africa (FAO),,2008,2567
Africa (FAO),,2009,2575
Africa (FAO),,2010,2548.82
Africa (FAO),,2011,2550.51
Africa (FAO),,2012,2549.29
Africa (FAO),,2013,2547.28
Africa (FAO),,2014,2560.97
Africa (FAO),,2015,2557.16
Africa (FAO),,2016,2544.65
Africa (FAO),,2017,2558.72
Africa (FAO),,2018,2567.13
Africa (FAO),,2019,2560.55
Africa (FAO),,2020,2566.85
Africa (FAO),,2021,2570.5
Africa (FAO),,2022,2583.45
Africa (FAO),,2023,2555.94
Albania,ALB,1961,2184.0034
Albania,ALB,1962,2210.192
Albania,ALB,1963,2131.58
Albania,ALB,1964,2246.0295
Albania,ALB,1965,2229.8252
Albania,ALB,1966,2226.2026
Albania,ALB,1967,2228.75
Albania,ALB,1968,2300.1367
Albania,ALB,1969,2356.6577
Albania,ALB,1970,2368.2483
Albania,ALB,1971,2317.768
Albania,ALB,1972,2348.0847
Albania,ALB,1973,2395.5757
Albania,ALB,1974,2460.3257
Albania,ALB,1975,2465.6948
Albania,ALB,1976,2653.7625
Albania,ALB,1977,2754.7976
Albania,ALB,1978,2671.9724
Albania,ALB,1979,2596.8953
Albania,ALB,1980,2595.5977
Albania,ALB,1981,2684.2349
Albania,ALB,1982,2679.992
Albania,ALB,1983,2821.9548
Albania,ALB,1984,2754.0737
Albania,ALB,1985,2608.8667
Albania,ALB,1986,2754.7676
Albania,ALB,1987,2578.8025
Albania,ALB,1988,2693.3672
Albania,ALB,1989,2682.1736
Albania,ALB,1990,2700.4243
Albania,ALB,1991,2710.9907
Albania,ALB,1992,2786.998
Albania,ALB,1993,2913.6692
Albania,ALB,1994,2977.83
Albania,ALB,1995,2799.9023
Albania,ALB,1996,2926.494
Albania,ALB,1997,2810.5005
Albania,ALB,1998,2822.5068
Albania,ALB,1999,2910.5098
Albania,ALB,2000,2853.901
Albania,ALB,2001,2925.9292
Albania,ALB,2002,2982.71
Albania,ALB,2003,2879.4868
Albania,ALB,2004,2897.7256
Albania,ALB,2005,2985.9683
Albania,ALB,2006,2975.903
Albania,ALB,2007,2995.4014
Albania,ALB,2008,3108.549
Albania,ALB,2009,3184.5295
Albania,ALB,2010,3237.4177
Albania,ALB,2011,3282.9211
Albania,ALB,2012,3324.8267
Albania,ALB,2013,3317.949
Albania,ALB,2014,3294.382
Albania,ALB,2015,3310.4854
Albania,ALB,2016,3345.0325
Albania,ALB,2017,3354.924
Albania,ALB,2018,3331.9011
Albania,ALB,2019,3361.1887
Albania,ALB,2020,3343.03
Albania,ALB,2021,3068.2888
Albania,ALB,2022,3263.4656
Albania,ALB,2023,3237.8
Algeria,DZA,1947,1279
Algeria,DZA,1948,1421
Algeria,DZA,1961,1609.55
Algeria,DZA,1962,1574.881
Algeria,DZA,1963,1547.6232
Algeria,DZA,1964,1573.2778
Algeria,DZA,1965,1643.1097
Algeria,DZA,1966,1637.4998
Algeria,DZA,1967,1726.4182
Algeria,DZA,1968,1798.5208
Algeria,DZA,1969,1807.6143
Algeria,DZA,1970,1785.2526
Algeria,DZA,1971,1841.8807
Algeria,DZA,1972,1988.0459
Algeria,DZA,1973,1996.9695
Algeria,DZA,1974,2146.7593
Algeria,DZA,1975,2209.6594
Algeria,DZA,1976,2159.5007
Algeria,DZA,1977,2311.948
Algeria,DZA,1978,2454.3281
Algeria,DZA,1979,2559.9993
Algeria,DZA,1980,2685.6763
Algeria,DZA,1981,2716.3457
Algeria,DZA,1982,2685.7007
Algeria,DZA,1983,2664.1301
Algeria,DZA,1984,2603.1912
Algeria,DZA,1985,2712.5474
Algeria,DZA,1986,2718.6455
Algeria,DZA,1987,2718.8032
Algeria,DZA,1988,2784.951
Algeria,DZA,1989,2851.7058
Algeria,DZA,1990,2847.7888
Algeria,DZA,1991,2828.2854
Algeria,DZA,1992,2962.524
Algeria,DZA,1993,2957.53
Algeria,DZA,1994,2848.7737
Algeria,DZA,1995,2867.6404
Algeria,DZA,1996,2861.859
Algeria,DZA,1997,2803.7476
Algeria,DZA,1998,2863.1482
Algeria,DZA,1999,2917.7861
Algeria,DZA,2000,2886.168
Algeria,DZA,2001,2961.4194
Algeria,DZA,2002,3000.741
Algeria,DZA,2003,3046.3538
Algeria,DZA,2004,3063.232
Algeria,DZA,2005,3034.0952
Algeria,DZA,2006,3127.0632
Algeria,DZA,2007,3121.7253
Algeria,DZA,2008,3127.4927
Algeria,DZA,2009,3188.214
Algeria,DZA,2010,3213.14
Algeria,DZA,2011,3317.0005
Algeria,DZA,2012,3329.8306
Algeria,DZA,2013,3405.3499
Algeria,DZA,2014,3398.1997
Algeria,DZA,2015,3384.2002
Algeria,DZA,2016,3413.27
Algeria,DZA,2017,3349.87
Algeria,DZA,2018,3346.0505
Algeria,DZA,2019,3431.1
Algeria,DZA,2020,3457.5098
Algeria,DZA,2021,3453.5603
Algeria,DZA,2022,3417.1
Algeria,DZA,2023,3396.0098
Americas (FAO),,1961,2559
Americas (FAO),,1962,2561
Americas (FAO),,1963,2555
Americas (FAO),,1964,2605
Americas (FAO),,1965,2617
Americas (FAO),,1966,2626
Americas (FAO),,1967,2651
Americas (FAO),,1968,2683
Americas (FAO),,1969,2705
Americas (FAO),,1970,2701
Americas (FAO),,1971,2710
Americas (FAO),,1972,2702
Americas (FAO),,1973,2688
Americas (FAO),,1974,2725
Americas (FAO),,1975,2736
Americas (FAO),,1976,2800
Americas (FAO),,1977,2796
Americas (FAO),,1978,2820
Americas (FAO),,1979,2869
Americas (FAO),,1980,2883
Americas (FAO),,1981,2898
Americas (FAO),,1982,2880
Americas (FAO),,1983,2875
Americas (FAO),,1984,2887
Americas (FAO),,1985,2942
Americas (FAO),,1986,2933
Americas (FAO),,1987,2967
Americas (FAO),,1988,2966
Americas (FAO),,1989,2946
Americas (FAO),,1990,2953
Americas (FAO),,1991,2987
Americas (FAO),,1992,3008
Americas (FAO),,1993,3026
Americas (FAO),,1994,3065
Americas (FAO),,1995,3032
Americas (FAO),,1996,3045
Americas (FAO),,1997,3069
Americas (FAO),,1998,3076
Americas (FAO),,1999,3097
Americas (FAO),,2000,3145
Americas (FAO),,2001,3140
Americas (FAO),,2002,3158
Americas (FAO),,2003,3190
Americas (FAO),,2004,3207
Americas (FAO),,2005,3211
Americas (FAO),,2006,3208
Americas (FAO),,2007,3211
Americas (FAO),,2008,3211
Americas (FAO),,2009,3183
Americas (FAO),,2010,3276.69
Americas (FAO),,2011,3285.27
Americas (FAO),,2012,3292.82
Americas (FAO),,2013,3294.53
Americas (FAO),,2014,3309.05
Americas (FAO),,2015,3301.79
Americas (FAO),,2016,3298.77
Americas (FAO),,2017,3310.68
Americas (FAO),,2018,3333.12
Americas (FAO),,2019,3354.19
Americas (FAO),,2020,3366.14
Americas (FAO),,2021,3397.91
Americas (FAO),,2022,3428.56
Americas (FAO),,2023,3437.54
Angola,AGO,1961,1715.0508
Angola,AGO,1962,1749.5889
Angola,AGO,1963,1797.0386
Angola,AGO,1964,1819.6819
Angola,AGO,1965,1847.0936
Angola,AGO,1966,1871.5818
Angola,AGO,1967,1913.5739
Angola,AGO,1968,1860.0012
Angola,AGO,1969,1963.998
Angola,AGO,1970,1990.2509
Angola,AGO,1971,2021.3433
Angola,AGO,1972,1960.1345
Angola,AGO,1973,1895.3558
Angola,AGO,1974,1836.7494
Angola,AGO,1975,1802.3514
Angola,AGO,1976,1816.1394
Angola,AGO,1977,1864.5509
Angola,AGO,1978,1887.7961
Angola,AGO,1979,1853.7085
Angola,AGO,1980,1846.8435
Angola,AGO,1981,1766.6986
Angola,AGO,1982,1645.1772
Angola,AGO,1983,1616.1218
Angola,AGO,1984,1559.2434
Angola,AGO,1985,1563.6335
Angola,AGO,1986,1511.296
Angola,AGO,1987,1486.3551
Angola,AGO,1988,1447.8738
Angola,AGO,1989,1418.4098
Angola,AGO,1990,1458.59
Angola,AGO,1991,1427.3662
Angola,AGO,1992,1439.1727
Angola,AGO,1993,1386.5767
Angola,AGO,1994,1457.0443
Angola,AGO,1995,1490.6177
Angola,AGO,1996,1521.0255
Angola,AGO,1997,1511.1445
Angola,AGO,1998,1518.3853
Angola,AGO,1999,1556.5833
Angola,AGO,2000,1540.8334
Angola,AGO,2001,1574.4541
Angola,AGO,2002,1645.2618
Angola,AGO,2003,1704.2089
Angola,AGO,2004,1743.6864
Angola,AGO,2005,1781.2246
Angola,AGO,2006,1812.6909
Angola,AGO,2007,1852.406
Angola,AGO,2008,1905.3518
Angola,AGO,2009,1944.6495
Angola,AGO,2010,2430.4907
Angola,AGO,2011,2494.659
Angola,AGO,2012,2440.3494
Angola,AGO,2013,2517.1003
Angola,AGO,2014,2549.7002
Angola,AGO,2015,2468.9
Angola,AGO,2016,2429.0598
Angola,AGO,2017,2449.8604
Angola,AGO,2018,2449.5593
Angola,AGO,2019,2425.2498
Angola,AGO,2020,2390.1292
Angola,AGO,2021,2406.2402
Angola,AGO,2022,2426.9902
Angola,AGO,2023,2399.33
Antigua and Barbuda,ATG,1961,1952.8239
Antigua and Barbuda,ATG,1962,2133.5286
Antigua and Barbuda,ATG,1963,2011.1766
Antigua and Barbuda,ATG,1964,2124.7395
Antigua and Barbuda,ATG,1965,2222.4814
Antigua and Barbuda,ATG,1966,2175.1736
Antigua and Barbuda,ATG,1967,1963.5288
Antigua and Barbuda,ATG,1968,2012.3663
Antigua and Barbuda,ATG,1969,2060.4087
Antigua and Barbuda,ATG,1970,2255.6506
Antigua and Barbuda,ATG,1971,2206.8977
Antigua and Barbuda,ATG,1972,2028.7323
Antigua and Barbuda,ATG,1973,1968.3043
Antigua and Barbuda,ATG,1974,1937.3069
Antigua and Barbuda,ATG,1975,2006.593
Antigua and Barbuda,ATG,1976,1965.6941
Antigua and Barbuda,ATG,1977,1874.863
Antigua and Barbuda,ATG,1978,1828.8971
Antigua and Barbuda,ATG,1979,1926.9172
Antigua and Barbuda,ATG,1980,2138.0422
Antigua and Barbuda,ATG,1981,2212.9983
Antigua and Barbuda,ATG,1982,2077.3896
Antigua and Barbuda,ATG,1983,2117.9333
Antigua and Barbuda,ATG,1984,2320.7754
Antigua and Barbuda,ATG,1985,2238.2751
Antigua and Barbuda,ATG,1986,2238.381
Antigua and Barbuda,ATG,1987,2231.849
Antigua and Barbuda,ATG,1988,2340.1895
Antigua and Barbuda,ATG,1989,2436.1128
Antigua and Barbuda,ATG,1990,2424.4932
Antigua and Barbuda,ATG,1991,2475.854
Antigua and Barbuda,ATG,1992,2488.8237
Antigua and Barbuda,ATG,1993,2354.2324
Antigua and Barbuda,ATG,1994,2259.722
Antigua and Barbuda,ATG,1995,2181.2637
Antigua and Barbuda,ATG,1996,2201.669
Antigua and Barbuda,ATG,1997,2191.2734
Antigua and Barbuda,ATG,1998,2200.6904
Antigua and Barbuda,ATG,1999,2225.92
Antigua and Barbuda,ATG,2000,2238.1187
Antigua and Barbuda,ATG,2001,2164.9668
Antigua and Barbuda,ATG,2002,2148.2434
Antigua and Barbuda,ATG,2003,2153.5251
Antigua and Barbuda,ATG,2004,2194.4014
Antigua and Barbuda,ATG,2005,2429.7107
Antigua and Barbuda,ATG,2006,2396.7551
Antigua and Barbuda,ATG,2007,2478.3887
Antigua and Barbuda,ATG,2008,2439.5244
Antigua and Barbuda,ATG,2009,2371.8362
Antigua and Barbuda,ATG,2010,2319.608
Antigua and Barbuda,ATG,2011,2370.041
Antigua and Barbuda,ATG,2012,2417.8445
Antigua and Barbuda,ATG,2013,2448.0508
Antigua and Barbuda,ATG,2014,2411.0396
Antigua and Barbuda,ATG,2015,2419.7424
Antigua and Barbuda,ATG,2016,2406.7925
Antigua and Barbuda,ATG,2017,2448.028
Antigua and Barbuda,ATG,2018,2489.4714
Antigua and Barbuda,ATG,2019,2464.7415
Antigua and Barbuda,ATG,2020,2429.8696
Antigua and Barbuda,ATG,2021,2457.5872
Antigua and Barbuda,ATG,2022,2511.8193
Antigua and Barbuda,ATG,2023,2543.9802
Argentina,ARG,1947,3188
Argentina,ARG,1948,3191
Argentina,ARG,1961,3139.8638
Argentina,ARG,1962,3110.4937
Argentina,ARG,1963,3060.614
Argentina,ARG,1964,3103.4895
Argentina,ARG,1965,3209.1067
Argentina,ARG,1966,3164.0955
Argentina,ARG,1967,3238.034
Argentina,ARG,1968,3282.7063
Argentina,ARG,1969,3318.6565
Argentina,ARG,1970,3347.0518
Argentina,ARG,1971,3188.889
Argentina,ARG,1972,3077.5903
Argentina,ARG,1973,3030.3093
Argentina,ARG,1974,3220.3105
Argentina,ARG,1975,3283.674
Argentina,ARG,1976,3211.4604
Argentina,ARG,1977,3193.3481
Argentina,ARG,1978,3246.1294
Argentina,ARG,1979,3218.3484
Argentina,ARG,1980,3234.469
Argentina,ARG,1981,3208.6704
Argentina,ARG,1982,3066.8481
Argentina,ARG,1983,2994.4421
Argentina,ARG,1984,3036.4292
Argentina,ARG,1985,3115.3647
Argentina,ARG,1986,3026.4294
Argentina,ARG,1987,3092.3625
Argentina,ARG,1988,3005.5994
Argentina,ARG,1989,2949.743
Argentina,ARG,1990,2899.3665
Argentina,ARG,1991,2995.9336
Argentina,ARG,1992,3061.244
Argentina,ARG,1993,3098.5994
Argentina,ARG,1994,3135.4492
Argentina,ARG,1995,3141.6233
Argentina,ARG,1996,3133.8015
Argentina,ARG,1997,3109.6267
Argentina,ARG,1998,3140.0544
Argentina,ARG,1999,3240.182
Argentina,ARG,2000,3232.757
Argentina,ARG,2001,3181.9656
Argentina,ARG,2002,2945.582
Argentina,ARG,2003,2973.425
Argentina,ARG,2004,2988.456
Argentina,ARG,2005,3061.9373
Argentina,ARG,2006,3064.2422
Argentina,ARG,2007,3091.1042
Argentina,ARG,2008,3099.5532
Argentina,ARG,2009,3068.3071
Argentina,ARG,2010,3064.1396
Argentina,ARG,2011,3055.1006
Argentina,ARG,2012,3086
Argentina,ARG,2013,3117.3306
Argentina,ARG,2014,3156.44
Argentina,ARG,2015,3210.04
Argentina,ARG,2016,3150.7998
Argentina,ARG,2017,3178.4695
Argentina,ARG,2018,3220.1301
Argentina,ARG,2019,3253.2
Argentina,ARG,2020,3297.1
Argentina,ARG,2021,3341.96
Argentina,ARG,2022,3355.1294
Argentina,ARG,2023,3360.4297
Armenia,ARM,1992,2108.8718
Armenia,ARM,1993,2048.3452
Armenia,ARM,1994,2132.6301
Armenia,ARM,1995,2211.9485
Armenia,ARM,1996,2245.181
Armenia,ARM,1997,2252.2742
Armenia,ARM,1998,2251.0168
Armenia,ARM,1999,2235.062
Armenia,ARM,2000,2200.4958
Armenia,ARM,2001,2221.3237
Armenia,ARM,2002,2252.6155
Armenia,ARM,2003,2429.6184
Armenia,ARM,2004,2556.9202
Armenia,ARM,2005,2675.6675
Armenia,ARM,2006,2768.6433
Armenia,ARM,2007,2775.0842
Armenia,ARM,2008,2885.4812
Armenia,ARM,2009,2840.5164
Armenia,ARM,2010,3163.1567
Armenia,ARM,2011,3163.0913
Armenia,ARM,2012,3139.7112
Armenia,ARM,2013,3178.6833
Armenia,ARM,2014,3182.4058
Armenia,ARM,2015,3166.961
Armenia,ARM,2016,3126.9636
Armenia,ARM,2017,3064.8638
Armenia,ARM,2018,3096.2183
Armenia,ARM,2019,3136.9246
Armenia,ARM,2020,3120.8267
Armenia,ARM,2021,3138.902
Armenia,ARM,2022,3139.2993
Armenia,ARM,2023,3129.2415
Asia,OWID_ASI,1961,1815.5369
Asia,OWID_ASI,1962,1877.7799
Asia,OWID_ASI,1963,1882.3223
Asia,OWID_ASI,1964,1919.2035
Asia,OWID_ASI,1965,1948.2784
Asia,OWID_ASI,1966,1978.9889
Asia,OWID_ASI,1967,1974.3087
Asia,OWID_ASI,1968,1966.6267
Asia,OWID_ASI,1969,1977.6151
Asia,OWID_ASI,1970,2049.436
Asia,OWID_ASI,1971,2014.7029
Asia,OWID_ASI,1972,2012.8688
Asia,OWID_ASI,1973,2069.3828
Asia,OWID_ASI,1974,2044.459
Asia,OWID_ASI,1975,2078.4187
Asia,OWID_ASI,1976,2040.7087
Asia,OWID_ASI,1977,2102.3804
Asia,OWID_ASI,1978,2190.5676
Asia,OWID_ASI,1979,2172.9995
Asia,OWID_ASI,1980,2189.3154
Asia,OWID_ASI,1981,2215.4915
Asia,OWID_ASI,1982,2270.8418
Asia,OWID_ASI,1983,2353.7136
Asia,OWID_ASI,1984,2371.944
Asia,OWID_ASI,1985,2357.032
Asia,OWID_ASI,1986,2360.9802
Asia,OWID_ASI,1987,2382.8867
Asia,OWID_ASI,1988,2409.01
Asia,OWID_ASI,1989,2440.4348
Asia,OWID_ASI,1990,2417.026
Asia,OWID_ASI,1991,2404.196
Asia,OWID_ASI,1992,2433.4421
Asia,OWID_ASI,1993,2444.2437
Asia,OWID_ASI,1994,2480.4412
Asia,OWID_ASI,1995,2523.491
Asia,OWID_ASI,1996,2532.482
Asia,OWID_ASI,1997,2542.604
Asia,OWID_ASI,1998,2552.3481
Asia,OWID_ASI,1999,2564.839
Asia,OWID_ASI,2000,2570.5852
Asia,OWID_ASI,2001,2553.5999
Asia,OWID_ASI,2002,2543.9297
Asia,OWID_ASI,2003,2548.1816
Asia,OWID_ASI,2004,2556.079
Asia,OWID_ASI,2005,2567.3508
Asia,OWID_ASI,2006,2588.2227
Asia,OWID_ASI,2007,2628.301
Asia,OWID_ASI,2008,2651.8235
Asia,OWID_ASI,2009,2657.5168
Asia,OWID_ASI,2010,2691.5818
Asia,OWID_ASI,2011,2720.7368
Asia,OWID_ASI,2012,2733.2478
Asia,OWID_ASI,2013,2744.4102
Asia,OWID_ASI,2014,2792.704
Asia,OWID_ASI,2015,2800.8357
Asia,OWID_ASI,2016,2817.3943
Asia,OWID_ASI,2017,2853.72
Asia,OWID_ASI,2018,2857.3064
Asia,OWID_ASI,2019,2883.5442
Asia,OWID_ASI,2020,2897.8389
Asia,OWID_ASI,2021,2929.1636
Asia,OWID_ASI,2022,2956.796
Asia,OWID_ASI,2023,3005.2625
Asia (FAO),,1961,1805
Asia (FAO),,1962,1867
Asia (FAO),,1963,1882
Asia (FAO),,1964,1929
Asia (FAO),,1965,1963
Asia (FAO),,1966,1994
Asia (FAO),,1967,1987
Asia (FAO),,1968,1978
Asia (FAO),,1969,1987
Asia (FAO),,1970,2059
Asia (FAO),,1971,2023
Asia (FAO),,1972,2019
Asia (FAO),,1973,2075
Asia (FAO),,1974,2048
Asia (FAO),,1975,2081
Asia (FAO),,1976,2042
Asia (FAO),,1977,2102
Asia (FAO),,1978,2189
Asia (FAO),,1979,2171
Asia (FAO),,1980,2187
Asia (FAO),,1981,2214
Asia (FAO),,1982,2271
Asia (FAO),,1983,2354
Asia (FAO),,1984,2372
Asia (FAO),,1985,2356
Asia (FAO),,1986,2359
Asia (FAO),,1987,2380
Asia (FAO),,1988,2405
Asia (FAO),,1989,2436
Asia (FAO),,1990,2414
Asia (FAO),,1991,2402
Asia (FAO),,1992,2433
Asia (FAO),,1993,2445
Asia (FAO),,1994,2482
Asia (FAO),,1995,2527
Asia (FAO),,1996,2538
Asia (FAO),,1997,2552
Asia (FAO),,1998,2566
Asia (FAO),,1999,2582
Asia (FAO),,2000,2591
Asia (FAO),,2001,2578
Asia (FAO),,2002,2571
Asia (FAO),,2003,2577
Asia (FAO),,2004,2587
Asia (FAO),,2005,2600
Asia (FAO),,2006,2624
Asia (FAO),,2007,2667
Asia (FAO),,2008,2693
Asia (FAO),,2009,2702
Asia (FAO),,2010,2693.77
Asia (FAO),,2011,2723.01
Asia (FAO),,2012,2735.64
Asia (FAO),,2013,2746.93
Asia (FAO),,2014,2795.31
Asia (FAO),,2015,2803.42
Asia (FAO),,2016,2820.02
Asia (FAO),,2017,2856.35
Asia (FAO),,2018,2859.94
Asia (FAO),,2019,2881.52
Asia (FAO),,2020,2895.53
Asia (FAO),,2021,2926.36
Asia (FAO),,2022,2953.12
Asia (FAO),,2023,2991.47
Australia,AUS,1947,3262
Australia,AUS,1948,3265
Australia,AUS,1961,3089.3984
Australia,AUS,1962,3108.2798
Australia,AUS,1963,3163.114
Australia,AUS,1964,3142.2522
Australia,AUS,1965,3097.867
Australia,AUS,1966,3183.6196
Australia,AUS,1967,3149.5186
Australia,AUS,1968,3198.7393
Australia,AUS,1969,3219.9402
Australia,AUS,1970,3235.6184
Australia,AUS,1971,3220.4763
Australia,AUS,1972,3235.3083
Australia,AUS,1973,3105.6338
Australia,AUS,1974,3019.2102
Australia,AUS,1975,3092.78
Australia,AUS,1976,3116.8276
Australia,AUS,1977,3072.8354
Australia,AUS,1978,3022.4
Australia,AUS,1979,3008.786
Australia,AUS,1980,3057.226
Australia,AUS,1981,3058.4868
Australia,AUS,1982,3085.3088
Australia,AUS,1983,3018.9045
Australia,AUS,1984,3068.8582
Australia,AUS,1985,3112.182
Australia,AUS,1986,3078.6582
Australia,AUS,1987,3108.805
Australia,AUS,1988,3113.8542
Australia,AUS,1989,3129.5898
Australia,AUS,1990,3168.569
Australia,AUS,1991,3115.3901
Australia,AUS,1992,3121.3877
Australia,AUS,1993,3042.3596
Australia,AUS,1994,3058.0215
Australia,AUS,1995,3103.9082
Australia,AUS,1996,3082.6638
Australia,AUS,1997,3105.7188
Australia,AUS,1998,3030.0398
Australia,AUS,1999,3032.6514
Australia,AUS,2000,3010.7803
Australia,AUS,2001,3067.133
Australia,AUS,2002,3095.7874
Australia,AUS,2003,3124.916
Australia,AUS,2004,3078.0828
Australia,AUS,2005,3133.5884
Australia,AUS,2006,3198.2168
Australia,AUS,2007,3242.4807
Australia,AUS,2008,3240.0762
Australia,AUS,2009,3242.3696
Australia,AUS,2010,3514.6995
Australia,AUS,2011,3496.46
Australia,AUS,2012,3544.3787
Australia,AUS,2013,3526.6697
Australia,AUS,2014,3514.57
Australia,AUS,2015,3500.0505
Australia,AUS,2016,3517.4297
Australia,AUS,2017,3472.9792
Australia,AUS,2018,3450.4714
Australia,AUS,2019,3485.3396
Australia,AUS,2020,3468.4202
Australia,AUS,2021,3473.7905
Australia,AUS,2022,3539.559
Australia,AUS,2023,3561.929
Australia and New Zealand (FAO),,1961,3060
Australia and New Zealand (FAO),,1962,3085
Australia and New Zealand (FAO),,1963,3128
Australia and New Zealand (FAO),,1964,3110
Australia and New Zealand (FAO),,1965,3071
Australia and New Zealand (FAO),,1966,3151
Australia and New Zealand (FAO),,1967,3087
Australia and New Zealand (FAO),,1968,3098
Australia and New Zealand (FAO),,1969,3100
Australia and New Zealand (FAO),,1970,3123
Australia and New Zealand (FAO),,1971,3154
Australia and New Zealand (FAO),,1972,3190
Australia and New Zealand (FAO),,1973,3096
Australia and New Zealand (FAO),,1974,3031
Australia and New Zealand (FAO),,1975,3100
Australia and New Zealand (FAO),,1976,3137
Australia and New Zealand (FAO),,1977,3079
Australia and New Zealand (FAO),,1978,3040
Australia and New Zealand (FAO),,1979,3016
Australia and New Zealand (FAO),,1980,3061
Australia and New Zealand (FAO),,1981,3068
Australia and New Zealand (FAO),,1982,3099
Australia and New Zealand (FAO),,1983,3026
Australia and New Zealand (FAO),,1984,3080
Australia and New Zealand (FAO),,1985,3104
Australia and New Zealand (FAO),,1986,3094
Australia and New Zealand (FAO),,1987,3119
Australia and New Zealand (FAO),,1988,3116
Australia and New Zealand (FAO),,1989,3124
Australia and New Zealand (FAO),,1990,3188
Australia and New Zealand (FAO),,1991,3133
Australia and New Zealand (FAO),,1992,3135
Australia and New Zealand (FAO),,1993,3073
Australia and New Zealand (FAO),,1994,3074
Australia and New Zealand (FAO),,1995,3118
Australia and New Zealand (FAO),,1996,3097
Australia and New Zealand (FAO),,1997,3118
Australia and New Zealand (FAO),,1998,3048
Australia and New Zealand (FAO),,1999,3043
Australia and New Zealand (FAO),,2000,3021
Australia and New Zealand (FAO),,2001,3059
Australia and New Zealand (FAO),,2002,3084
Australia and New Zealand (FAO),,2003,3107
Australia and New Zealand (FAO),,2004,3070
Australia and New Zealand (FAO),,2005,3113
Australia and New Zealand (FAO),,2006,3155
Australia and New Zealand (FAO),,2007,3195
Australia and New Zealand (FAO),,2008,3200
Australia and New Zealand (FAO),,2009,3195
Australia and New Zealand (FAO),,2010,3453.6
Australia and New Zealand (FAO),,2011,3457.57
Australia and New Zealand (FAO),,2012,3493.49
Australia and New Zealand (FAO),,2013,3489.76
Australia and New Zealand (FAO),,2014,3469.39
Australia and New Zealand (FAO),,2015,3450.69
Australia and New Zealand (FAO),,2016,3458.46
Australia and New Zealand (FAO),,2017,3416.59
Australia and New Zealand (FAO),,2018,3402.06
Australia and New Zealand (FAO),,2019,3424.78
Australia and New Zealand (FAO),,2020,3415.72
Australia and New Zealand (FAO),,2021,3420.75
Australia and New Zealand (FAO),,2022,3473.12
Australia and New Zealand (FAO),,2023,3489.89
Austria,AUT,1947,2397
Austria,AUT,1948,2698
Austria,AUT,1961,3194.5754
Austria,AUT,1962,3197.2183
Austria,AUT,1963,3253.6572
Austria,AUT,1964,3276.1604
Austria,AUT,1965,3226.4604
Austria,AUT,1966,3236.183
Austria,AUT,1967,3193.007
Austria,AUT,1968,3220.7275
Austria,AUT,1969,3158.3794
Austria,AUT,1970,3226.772
Austria,AUT,1971,3240.9243
Austria,AUT,1972,3213.6904
Austria,AUT,1973,3295.2563
Austria,AUT,1974,3205.65
Austria,AUT,1975,3159.069
Austria,AUT,1976,3265.526
Austria,AUT,1977,3207.467
Austria,AUT,1978,3223.537
Austria,AUT,1979,3291.5486
Austria,AUT,1980,3357.9304
Austria,AUT,1981,3340.2356
Austria,AUT,1982,3390.088
Austria,AUT,1983,3358.593
Austria,AUT,1984,3363.794
Austria,AUT,1985,3379.214
Austria,AUT,1986,3435.6152
Austria,AUT,1987,3428.4373
Austria,AUT,1988,3431.7688
Austria,AUT,1989,3482.8357
Austria,AUT,1990,3505.5999
Austria,AUT,1991,3541.7249
Austria,AUT,1992,3525.3306
Austria,AUT,1993,3492.2546
Austria,AUT,1994,3556.9297
Austria,AUT,1995,3525.31
Austria,AUT,1996,3572.4475
Austria,AUT,1997,3513.3757
Austria,AUT,1998,3621.8083
Austria,AUT,1999,3679.4814
Austria,AUT,2000,3729.288
Austria,AUT,2001,3731.137
Austria,AUT,2002,3656.6816
Austria,AUT,2003,3617.618
Austria,AUT,2004,3614.6047
Austria,AUT,2005,3644.333
Austria,AUT,2006,3722.1924
Austria,AUT,2007,3743.329
Austria,AUT,2008,3725.3733
Austria,AUT,2009,3735.013
Austria,AUT,2010,3784.9111
Austria,AUT,2011,3834.4888
Austria,AUT,2012,3822.9402
Austria,AUT,2013,3796.9495
Austria,AUT,2014,3754.4136
Austria,AUT,2015,3734.4712
Austria,AUT,2016,3721.98
Austria,AUT,2017,3761.9705
Austria,AUT,2018,3761.4587
Austria,AUT,2019,3822.8418
Austria,AUT,2020,3784.1633
Austria,AUT,2021,3792.9026
Austria,AUT,2022,3802.1707
Austria,AUT,2023,3755.8584
Azerbaijan,AZE,1992,2332.1536
Azerbaijan,AZE,1993,2253.7283
Azerbaijan,AZE,1994,2177.7573
Azerbaijan,AZE,1995,2140.2437
Azerbaijan,AZE,1996,2228.9668
Azerbaijan,AZE,1997,2017.3788
Azerbaijan,AZE,1998,2107.9617
Azerbaijan,AZE,1999,2170.8464
Azerbaijan,AZE,2000,2266.1487
Azerbaijan,AZE,2001,2354.6865
Azerbaijan,AZE,2002,2447.3618
Azerbaijan,AZE,2003,2544.7185
Azerbaijan,AZE,2004,2631.268
Azerbaijan,AZE,2005,2825.6985
Azerbaijan,AZE,2006,2989.9958
Azerbaijan,AZE,2007,2999.0588
Azerbaijan,AZE,2008,3004.1282
Azerbaijan,AZE,2009,2975.0244
Azerbaijan,AZE,2010,2956.7993
Azerbaijan,AZE,2011,2982.7383
Azerbaijan,AZE,2012,3007.0103
Azerbaijan,AZE,2013,3004.9978
Azerbaijan,AZE,2014,2984.5513
Azerbaijan,AZE,2015,3016.717
Azerbaijan,AZE,2016,3055.4287
Azerbaijan,AZE,2017,3111.73
Azerbaijan,AZE,2018,3166.1694
Azerbaijan,AZE,2019,3281.7993
Azerbaijan,AZE,2020,3339.0083
Azerbaijan,AZE,2021,3360.1392
Azerbaijan,AZE,2022,3312.598
Azerbaijan,AZE,2023,3339.1902
Bahamas,BHS,1961,2302.616
Bahamas,BHS,1962,2249.4417
Bahamas,BHS,1963,2235.4421
Bahamas,BHS,1964,2298.6902
Bahamas,BHS,1965,2315.2146
Bahamas,BHS,1966,2410.333
Bahamas,BHS,1967,2354.2234
Bahamas,BHS,1968,2384.5046
Bahamas,BHS,1969,2388.2288
Bahamas,BHS,1970,2388.9023
Bahamas,BHS,1971,2364.7424
Bahamas,BHS,1972,2285.1475
Bahamas,BHS,1973,2213.8247
Bahamas,BHS,1974,2160.2866
Bahamas,BHS,1975,2107.9338
Bahamas,BHS,1976,2123.2815
Bahamas,BHS,1977,1991.8511
Bahamas,BHS,1978,1965.2053
Bahamas,BHS,1979,2043.357
Bahamas,BHS,1980,2383.663
Bahamas,BHS,1981,2270.6084
Bahamas,BHS,1982,2513.3818
Bahamas,BHS,1983,2469.5771
Bahamas,BHS,1984,2453.602
Bahamas,BHS,1985,2508.0874
Bahamas,BHS,1986,2543.6096
Bahamas,BHS,1987,2539.0288
Bahamas,BHS,1988,2594.8801
Bahamas,BHS,1989,2580.522
Bahamas,BHS,1990,2517.753
Bahamas,BHS,1991,2423.6477
Bahamas,BHS,1992,2328.4697
Bahamas,BHS,1993,2250.9697
Bahamas,BHS,1994,2253.4678
Bahamas,BHS,1995,2354.4553
Bahamas,BHS,1996,2351.514
Bahamas,BHS,1997,2447.098
Bahamas,BHS,1998,2391.7166
Bahamas,BHS,1999,2477.8535
Bahamas,BHS,2000,2557.2092
Bahamas,BHS,2001,2555.445
Bahamas,BHS,2002,2539.088
Bahamas,BHS,2003,2528.9414
Bahamas,BHS,2004,2522.5989
Bahamas,BHS,2005,2533.2344
Bahamas,BHS,2006,2533.6035
Bahamas,BHS,2007,2521.3745
Bahamas,BHS,2008,2511.86
Bahamas,BHS,2009,2555.432
Bahamas,BHS,2010,2615.316
Bahamas,BHS,2011,2606.2842
Bahamas,BHS,2012,2707.9312
Bahamas,BHS,2013,2659.3909
Bahamas,BHS,2014,2604.6482
Bahamas,BHS,2015,2593.3264
Bahamas,BHS,2016,2602.25
Bahamas,BHS,2017,2623.5896
Bahamas,BHS,2018,2657.2834
Bahamas,BHS,2019,2615.4272
Bahamas,BHS,2020,2629.527
Bahamas,BHS,2021,2675.9458
Bahamas,BHS,2022,2657.2866
Bahamas,BHS,2023,2672.3496
Bahrain,BHR,2019,3489.0684
Bahrain,BHR,2020,3510.6077
Bahrain,BHR,2021,3441.4854
Bahrain,BHR,2022,3493.86
Bahrain,BHR,2023,3422.8416
Bangladesh,BGD,1961,2058.7922
Bangladesh,BGD,1962,2031.9103
Bangladesh,BGD,1963,2074.142
Bangladesh,BGD,1964,2058.763
Bangladesh,BGD,1965,2026.2653
Bangladesh,BGD,1966,2020.6375
Bangladesh,BGD,1967,1891.0916
Bangladesh,BGD,1968,1993.7898
Bangladesh,BGD,1969,2045.6382
Bangladesh,BGD,1970,2112.397
Bangladesh,BGD,1971,1957.3378
Bangladesh,BGD,1972,1800.7184
Bangladesh,BGD,1973,1870.5023
Bangladesh,BGD,1974,1919.7643
Bangladesh,BGD,1975,1806.292
Bangladesh,BGD,1976,1936.2391
Bangladesh,BGD,1977,1760.1189
Bangladesh,BGD,1978,1889.6296
Bangladesh,BGD,1979,1945.9381
Bangladesh,BGD,1980,1896.1624
Bangladesh,BGD,1981,1875.4446
Bangladesh,BGD,1982,1904.1617
Bangladesh,BGD,1983,1924.2512
Bangladesh,BGD,1984,1904.3131
Bangladesh,BGD,1985,1944.9391
Bangladesh,BGD,1986,1949.5798
Bangladesh,BGD,1987,2024.4313
Bangladesh,BGD,1988,2008.0616
Bangladesh,BGD,1989,1996.3138
Bangladesh,BGD,1990,2030.6753
Bangladesh,BGD,1991,2044.3656
Bangladesh,BGD,1992,2046.8938
Bangladesh,BGD,1993,1954.9679
Bangladesh,BGD,1994,1953.4976
Bangladesh,BGD,1995,1997.5013
Bangladesh,BGD,1996,2007.6315
Bangladesh,BGD,1997,2058.8733
Bangladesh,BGD,1998,2125.2673
Bangladesh,BGD,1999,2229.2751
Bangladesh,BGD,2000,2221.7278
Bangladesh,BGD,2001,2295.6309
Bangladesh,BGD,2002,2280.908
Bangladesh,BGD,2003,2320.2544
Bangladesh,BGD,2004,2354.199
Bangladesh,BGD,2005,2346.0896
Bangladesh,BGD,2006,2347.0986
Bangladesh,BGD,2007,2391.9744
Bangladesh,BGD,2008,2361.988
Bangladesh,BGD,2009,2402.9685
Bangladesh,BGD,2010,2328.05
Bangladesh,BGD,2011,2365.3
Bangladesh,BGD,2012,2383.3699
Bangladesh,BGD,2013,2384.59
Bangladesh,BGD,2014,2410.22
Bangladesh,BGD,2015,2481.0303
Bangladesh,BGD,2016,2425.98
Bangladesh,BGD,2017,2488.0503
Bangladesh,BGD,2018,2566.9497
Bangladesh,BGD,2019,2522.8896
Bangladesh,BGD,2020,2589.3298
Bangladesh,BGD,2021,2595.4397
Bangladesh,BGD,2022,2619.7302
Bangladesh,BGD,2023,2587.65
Barbados,BRB,1961,2499.5562
Barbados,BRB,1962,2550.5237
Barbados,BRB,1963,2608.252
Barbados,BRB,1964,2544.1035
Barbados,BRB,1965,2512.6536
Barbados,BRB,1966,2514.0198
Barbados,BRB,1967,2679.9624
Barbados,BRB,1968,2580.212
Barbados,BRB,1969,2576.0984
Barbados,BRB,1970,2696.6775
Barbados,BRB,1971,2905.8862
Barbados,BRB,1972,2805.1316
Barbados,BRB,1973,2878.181
Barbados,BRB,1974,2779.6926
Barbados,BRB,1975,2736.2932
Barbados,BRB,1976,2805.4116
Barbados,BRB,1977,2824.063
Barbados,BRB,1978,2933.8147
Barbados,BRB,1979,2843.4277
Barbados,BRB,1980,3019.2856
Barbados,BRB,1981,3013.5884
Barbados,BRB,1982,2909.6792
Barbados,BRB,1983,2957.6091
Barbados,BRB,1984,2904.8406
Barbados,BRB,1985,2896.1228
Barbados,BRB,1986,3047.5435
Barbados,BRB,1987,3108.5166
Barbados,BRB,1988,3075.8086
Barbados,BRB,1989,3131.6284
Barbados,BRB,1990,3111.0088
Barbados,BRB,1991,3013.162
Barbados,BRB,1992,2991.3438
Barbados,BRB,1993,2922.754
Barbados,BRB,1994,2909.1638
Barbados,BRB,1995,2877.4375
Barbados,BRB,1996,2923.9392
Barbados,BRB,1997,2999.371
Barbados,BRB,1998,2832.4265
Barbados,BRB,1999,2980.9883
Barbados,BRB,2000,2854.6997
Barbados,BRB,2001,2895.183
Barbados,BRB,2002,2868.0889
Barbados,BRB,2003,2893.641
Barbados,BRB,2004,2818.7373
Barbados,BRB,2005,2944.7783
Barbados,BRB,2006,2890.4377
Barbados,BRB,2007,2956.3652
Barbados,BRB,2008,2939.8464
Barbados,BRB,2009,2960.6038
Barbados,BRB,2010,3081.2566
Barbados,BRB,2011,3044.97
Barbados,BRB,2012,3069.78
Barbados,BRB,2013,3055.1611
Barbados,BRB,2014,3041.5054
Barbados,BRB,2015,3078.3506
Barbados,BRB,2016,3061.5364
Barbados,BRB,2017,3032.6543
Barbados,BRB,2018,3077.311
Barbados,BRB,2019,3124.7734
Barbados,BRB,2020,3189.5022
Barbados,BRB,2021,3179.121
Barbados,BRB,2022,3122.296
Barbados,BRB,2023,3117.8926
Belarus,BLR,1992,3113.3884
Belarus,BLR,1993,3195.4595
Belarus,BLR,1994,3121.8865
Belarus,BLR,1995,3192.3474
Belarus,BLR,1996,3281.4072
Belarus,BLR,1997,3281.5574
Belarus,BLR,1998,3219.1345
Belarus,BLR,1999,3115.6895
Belarus,BLR,2000,2989.9116
Belarus,BLR,2001,3040.4622
Belarus,BLR,2002,2974.8254
Belarus,BLR,2003,2815.4822
Belarus,BLR,2004,2896.5037
Belarus,BLR,2005,2986.1248
Belarus,BLR,2006,3087.8386
Belarus,BLR,2007,3193.2844
Belarus,BLR,2008,3208.9468
Belarus,BLR,2009,3132.1375
Belarus,BLR,2010,3177.3093
Belarus,BLR,2011,3230.5708
Belarus,BLR,2012,3303.4316
Belarus,BLR,2013,3315.8887
Belarus,BLR,2014,3338.3423
Belarus,BLR,2015,3303.2903
Belarus,BLR,2016,3295.9578
Belarus,BLR,2017,3314.589
Belarus,BLR,2018,3315.9097
Belarus,BLR,2019,3373.8218
Belarus,BLR,2020,3433.249
Belarus,BLR,2021,3415.407
Belarus,BLR,2022,3431.01
Belarus,BLR,2023,3396.2603
Belgium,BEL,1800,2840
Belgium,BEL,1850,2423
Belgium,BEL,1860,2426
Belgium,BEL,1870,2553
Belgium,BEL,1880,2663
Belgium,BEL,1890,2851
Belgium,BEL,1900,2987
Belgium,BEL,1910,3278
Belgium,BEL,1930,2940
Belgium,BEL,1947,2667
Belgium,BEL,1948,2760
Belgium,BEL,1960,3040
Belgium,BEL,2000,3714.8904
Belgium,BEL,2001,3752.0977
Belgium,BEL,2002,3751.186
Belgium,BEL,2003,3720.1301
Belgium,BEL,2004,3729.0366
Belgium,BEL,2005,3726.3254
Belgium,BEL,2006,3729.9343
Belgium,BEL,2007,3731.3499
Belgium,BEL,2008,3723.877
Belgium,BEL,2009,3713.7751
Belgium,BEL,2010,3706.5137
Belgium,BEL,2011,3704.622
Belgium,BEL,2012,3698.1292
Belgium,BEL,2013,3717.991
Belgium,BEL,2014,3795.3325
Belgium,BEL,2015,3807.8892
Belgium,BEL,2016,3775.5278
Belgium,BEL,2017,3795.169
Belgium,BEL,2018,3807.8074
Belgium,BEL,2019,3855.3591
Belgium,BEL,2020,3865.7727
Belgium,BEL,2021,3911.819
Belgium,BEL,2022,3918.0022
Belgium,BEL,2023,3921.3096
Belgium-Luxembourg (FAO),,1961,2923
Belgium-Luxembourg (FAO),,1962,2908
Belgium-Luxembourg (FAO),,1963,3007
Belgium-Luxembourg (FAO),,1964,3061
Belgium-Luxembourg (FAO),,1965,2966
Belgium-Luxembourg (FAO),,1966,3067
Belgium-Luxembourg (FAO),,1967,3088
Belgium-Luxembourg (FAO),,1968,3032
Belgium-Luxembourg (FAO),,1969,3156
Belgium-Luxembourg (FAO),,1970,3068
Belgium-Luxembourg (FAO),,1971,3193
Belgium-Luxembourg (FAO),,1972,3103
Belgium-Luxembourg (FAO),,1973,3233
Belgium-Luxembourg (FAO),,1974,3217
Belgium-Luxembourg (FAO),,1975,3165
Belgium-Luxembourg (FAO),,1976,3163
Belgium-Luxembourg (FAO),,1977,3159
Belgium-Luxembourg (FAO),,1978,3148
Belgium-Luxembourg (FAO),,1979,3139
Belgium-Luxembourg (FAO),,1980,3273
Belgium-Luxembourg (FAO),,1981,3270
Belgium-Luxembourg (FAO),,1982,3383
Belgium-Luxembourg (FAO),,1983,3371
Belgium-Luxembourg (FAO),,1984,3452
Belgium-Luxembourg (FAO),,1985,3403
Belgium-Luxembourg (FAO),,1986,3441
Belgium-Luxembourg (FAO),,1987,3413
Belgium-Luxembourg (FAO),,1988,3552
Belgium-Luxembourg (FAO),,1989,3473
Belgium-Luxembourg (FAO),,1990,3513
Belgium-Luxembourg (FAO),,1991,3560
Belgium-Luxembourg (FAO),,1992,3649
Belgium-Luxembourg (FAO),,1993,3598
Belgium-Luxembourg (FAO),,1994,3571
Belgium-Luxembourg (FAO),,1995,3554
Belgium-Luxembourg (FAO),,1996,3591
Belgium-Luxembourg (FAO),,1997,3665
Belgium-Luxembourg (FAO),,1998,3654
Belgium-Luxembourg (FAO),,1999,3670
Belize,BLZ,1961,2153.6958
Belize,BLZ,1962,2249.8022
Belize,BLZ,1963,2303.6013
Belize,BLZ,1964,2297.8086
Belize,BLZ,1965,2302.4768
Belize,BLZ,1966,2278.6611
Belize,BLZ,1967,2321.1042
Belize,BLZ,1968,2281.9639
Belize,BLZ,1969,2263.028
Belize,BLZ,1970,2302.6685
Belize,BLZ,1971,2345.9126
Belize,BLZ,1972,2360.981
Belize,BLZ,1973,2360.459
Belize,BLZ,1974,2431.9812
Belize,BLZ,1975,2461.0554
Belize,BLZ,1976,2427.8643
Belize,BLZ,1977,2456.6533
Belize,BLZ,1978,2524.0664
Belize,BLZ,1979,2538.5234
Belize,BLZ,1980,2632.4033
Belize,BLZ,1981,2650.6365
Belize,BLZ,1982,2602.1
Belize,BLZ,1983,2491.0498
Belize,BLZ,1984,2498.0632
Belize,BLZ,1985,2491.942
Belize,BLZ,1986,2483.529
Belize,BLZ,1987,2581.3281
Belize,BLZ,1988,2558.3835
Belize,BLZ,1989,2491.7766
Belize,BLZ,1990,2550.6145
Belize,BLZ,1991,2574.1543
Belize,BLZ,1992,2763.7634
Belize,BLZ,1993,2732.5618
Belize,BLZ,1994,2687.5706
Belize,BLZ,1995,2730.3945
Belize,BLZ,1996,2668.131
Belize,BLZ,1997,2666.6177
Belize,BLZ,1998,2648.8103
Belize,BLZ,1999,2627.925
Belize,BLZ,2000,2667.8074
Belize,BLZ,2001,2719.3398
Belize,BLZ,2002,2734.3909
Belize,BLZ,2003,2744.3687
Belize,BLZ,2004,2707.595
Belize,BLZ,2005,2739.9614
Belize,BLZ,2006,2713.546
Belize,BLZ,2007,2697.5757
Belize,BLZ,2008,2626.3367
Belize,BLZ,2009,2660.3086
Belize,BLZ,2010,2778.558
Belize,BLZ,2011,2742.0698
Belize,BLZ,2012,2768.429
Belize,BLZ,2013,2747.8298
Belize,BLZ,2014,2701.2915
Belize,BLZ,2015,2730.9055
Belize,BLZ,2016,2740.6824
Belize,BLZ,2017,2777.7485
Belize,BLZ,2018,2783.7754
Belize,BLZ,2019,2834.4077
Belize,BLZ,2020,2868.8137
Belize,BLZ,2021,2834.394
Belize,BLZ,2022,2837.3826
Belize,BLZ,2023,2831.7961
Benin,BEN,1961,1672.76
Benin,BEN,1962,1689.3806
Benin,BEN,1963,1632.4441
Benin,BEN,1964,1596.1635
Benin,BEN,1965,1729.2584
Benin,BEN,1966,1718.5403
Benin,BEN,1967,1743.6787
Benin,BEN,1968,1839.2075
Benin,BEN,1969,1776.6272
Benin,BEN,1970,1719.1488
Benin,BEN,1971,1791.8646
Benin,BEN,1972,1702.572
Benin,BEN,1973,1777.8195
Benin,BEN,1974,1657.5573
Benin,BEN,1975,1511.5049
Benin,BEN,1976,1798.8951
Benin,BEN,1977,1742.9012
Benin,BEN,1978,1781.2511
Benin,BEN,1979,1876.5359
Benin,BEN,1980,1775.9979
Benin,BEN,1981,1734.8171
Benin,BEN,1982,1759.997
Benin,BEN,1983,1650.5261
Benin,BEN,1984,1868.4546
Benin,BEN,1985,1857.2522
Benin,BEN,1986,1874.955
Benin,BEN,1987,1718.9653
Benin,BEN,1988,1817.4696
Benin,BEN,1989,1993.2596
Benin,BEN,1990,2020.6703
Benin,BEN,1991,2091.4944
Benin,BEN,1992,2050.55
Benin,BEN,1993,2048.3245
Benin,BEN,1994,2068.3757
Benin,BEN,1995,2117.8152
Benin,BEN,1996,2174.981
Benin,BEN,1997,2167.2354
Benin,BEN,1998,2155.8103
Benin,BEN,1999,2150.1572
Benin,BEN,2000,2160.2507
Benin,BEN,2001,2230.8647
Benin,BEN,2002,2319.5332
Benin,BEN,2003,2286.3125
Benin,BEN,2004,2389.7866
Benin,BEN,2005,2364.4465
Benin,BEN,2006,2379.7563
Benin,BEN,2007,2493.2786
Benin,BEN,2008,2451.2122
Benin,BEN,2009,2492.5955
Benin,BEN,2010,2507.65
Benin,BEN,2011,2529.6943
Benin,BEN,2012,2526.4663
Benin,BEN,2013,2529.775
Benin,BEN,2014,2556.327
Benin,BEN,2015,2537.119
Benin,BEN,2016,2543.4084
Benin,BEN,2017,2544.5386
Benin,BEN,2018,2539.0706
Benin,BEN,2019,2594.8896
Benin,BEN,2020,2635.7131
Benin,BEN,2021,2687.1914
Benin,BEN,2022,2703.3135
Bermuda,BMU,1961,2743.3882
Bermuda,BMU,1962,2719.7595
Bermuda,BMU,1963,2671.0903
Bermuda,BMU,1964,2731.3374
Bermuda,BMU,1965,2699.5198
Bermuda,BMU,1966,2720.57
Bermuda,BMU,1967,2676.895
Bermuda,BMU,1968,2788.4382
Bermuda,BMU,1969,2797.896
Bermuda,BMU,1970,2864.9011
Bermuda,BMU,1971,2796.2302
Bermuda,BMU,1972,2914.6238
Bermuda,BMU,1973,2817.9673
Bermuda,BMU,1974,2847.674
Bermuda,BMU,1975,2761.5715
Bermuda,BMU,1976,2889.897
Bermuda,BMU,1977,2778.5588
Bermuda,BMU,1978,2923.3315
Bermuda,BMU,1979,3020.8076
Bermuda,BMU,1980,3035.0325
Bermuda,BMU,1981,3076.7864
Bermuda,BMU,1982,3118.8818
Bermuda,BMU,1983,3155.6877
Bermuda,BMU,1984,3172.8062
Bermuda,BMU,1985,3242.923
Bermuda,BMU,1986,3189.0818
Bermuda,BMU,1987,3190.8323
Bermuda,BMU,1988,3006.4888
Bermuda,BMU,1989,3008.3816
Bermuda,BMU,1990,2901.8477
Bermuda,BMU,1991,2887.9272
Bermuda,BMU,1992,3103.2004
Bermuda,BMU,1993,3091.7837
Bermuda,BMU,1994,2901.9658
Bermuda,BMU,1995,2992.1746
Bermuda,BMU,1996,2971.7227
Bermuda,BMU,1997,2875.7683
Bermuda,BMU,1998,2833.2812
Bermuda,BMU,1999,2723.3162
Bermuda,BMU,2000,2712.6152
Bermuda,BMU,2001,2658.9753
Bermuda,BMU,2002,2617.779
Bermuda,BMU,2003,2553.6416
Bermuda,BMU,2004,2510.8667
Bermuda,BMU,2005,2572.0388
Bermuda,BMU,2006,2637.181
Bermuda,BMU,2007,2708.0754
Bermuda,BMU,2008,2772.7065
Bermuda,BMU,2009,2776.3538
Bhutan,BTN,2019,3234.7378
Bhutan,BTN,2020,3256.2773
Bhutan,BTN,2021,3237.6482
Bhutan,BTN,2022,3174.7751
Bhutan,BTN,2023,3106.6863
Bolivia,BOL,1961,1571.239
Bolivia,BOL,1962,1600.0812
Bolivia,BOL,1963,1647.3704
Bolivia,BOL,1964,1589.6678
Bolivia,BOL,1965,1671.1472
Bolivia,BOL,1966,1677.0182
Bolivia,BOL,1967,1728.5647
Bolivia,BOL,1968,1771.8636
Bolivia,BOL,1969,1752.9371
Bolivia,BOL,1970,1843.9008
Bolivia,BOL,1971,1892.4823
Bolivia,BOL,1972,1854.2632
Bolivia,BOL,1973,1778.0172
Bolivia,BOL,1974,1912.1614
Bolivia,BOL,1975,1977.7185
Bolivia,BOL,1976,1979.0594
Bolivia,BOL,1977,1932.2977
Bolivia,BOL,1978,1970.9553
Bolivia,BOL,1979,2000.4272
Bolivia,BOL,1980,1954.091
Bolivia,BOL,1981,1934.3688
Bolivia,BOL,1982,1875.0365
Bolivia,BOL,1983,1794.7677
Bolivia,BOL,1984,1873.7261
Bolivia,BOL,1985,1970.6099
Bolivia,BOL,1986,1859.2164
Bolivia,BOL,1987,1884.4943
Bolivia,BOL,1988,1856.4531
Bolivia,BOL,1989,1925.6627
Bolivia,BOL,1990,1846.635
Bolivia,BOL,1991,1930.2985
Bolivia,BOL,1992,1938.3651
Bolivia,BOL,1993,1931.2142
Bolivia,BOL,1994,1892.2441
Bolivia,BOL,1995,2041.9011
Bolivia,BOL,1996,1992.2018
Bolivia,BOL,1997,2007.4711
Bolivia,BOL,1998,1912.6531
Bolivia,BOL,1999,2003.8174
Bolivia,BOL,2000,2049.1453
Bolivia,BOL,2001,2063.0713
Bolivia,BOL,2002,2088.4539
Bolivia,BOL,2003,2109.1167
Bolivia,BOL,2004,2047.3685
Bolivia,BOL,2005,2104.7046
Bolivia,BOL,2006,2157.9377
Bolivia,BOL,2007,2162.7737
Bolivia,BOL,2008,2142.3274
Bolivia,BOL,2009,2128.0427
Bolivia,BOL,2010,2247.2087
Bolivia,BOL,2011,2266.2498
Bolivia,BOL,2012,2277.3591
Bolivia,BOL,2013,2287.5598
Bolivia,BOL,2014,2277.8503
Bolivia,BOL,2015,2338.5386
Bolivia,BOL,2016,2382.64
Bolivia,BOL,2017,2380.2498
Bolivia,BOL,2018,2413.26
Bolivia,BOL,2019,2441.0308
Bolivia,BOL,2020,2404.3699
Bolivia,BOL,2021,2387.6282
Bolivia,BOL,2022,2363.689
Bolivia,BOL,2023,2373.6697
Bosnia and Herzegovina,BIH,1992,2298.1772
Bosnia and Herzegovina,BIH,1993,2440.497
Bosnia and Herzegovina,BIH,1994,2596.866
Bosnia and Herzegovina,BIH,1995,2497.9663
Bosnia and Herzegovina,BIH,1996,2588.022
Bosnia and Herzegovina,BIH,1997,2719.1687
Bosnia and Herzegovina,BIH,1998,2691.5583
Bosnia and Herzegovina,BIH,1999,2667.0798
Bosnia and Herzegovina,BIH,2000,2583.4753
Bosnia and Herzegovina,BIH,2001,2694.3132
Bosnia and Herzegovina,BIH,2002,2700.115
Bosnia and Herzegovina,BIH,2003,2642.3845
Bosnia and Herzegovina,BIH,2004,2901.4116
Bosnia and Herzegovina,BIH,2005,2877.4465
Bosnia and Herzegovina,BIH,2006,2876.2556
Bosnia and Herzegovina,BIH,2007,2953.7441
Bosnia and Herzegovina,BIH,2008,3038.8828
Bosnia and Herzegovina,BIH,2009,3057.7332
Bosnia and Herzegovina,BIH,2010,3097.802
Bosnia and Herzegovina,BIH,2011,3111.371
Bosnia and Herzegovina,BIH,2012,3110.461
Bosnia and Herzegovina,BIH,2013,3157.0027
Bosnia and Herzegovina,BIH,2014,3221.8093
Bosnia and Herzegovina,BIH,2015,3293.019
Bosnia and Herzegovina,BIH,2016,3327.733
Bosnia and Herzegovina,BIH,2017,3304.246
Bosnia and Herzegovina,BIH,2018,3337.731
Bosnia and Herzegovina,BIH,2019,3356.3582
Bosnia and Herzegovina,BIH,2020,3385.908
Bosnia and Herzegovina,BIH,2021,3375.7578
Bosnia and Herzegovina,BIH,2022,3441.7078
Bosnia and Herzegovina,BIH,2023,3457.7778
Botswana,BWA,1961,2009.8645
Botswana,BWA,1962,1943.6715
Botswana,BWA,1963,2011.3097
Botswana,BWA,1964,2049.4736
Botswana,BWA,1965,2079.4194
Botswana,BWA,1966,2065.341
Botswana,BWA,1967,2183.2107
Botswana,BWA,1968,2287.5195
Botswana,BWA,1969,2300.7556
Botswana,BWA,1970,2388.894
Botswana,BWA,1971,2529.0032
Botswana,BWA,1972,2535.9565
Botswana,BWA,1973,2339.962
Botswana,BWA,1974,2164.552
Botswana,BWA,1975,2225.47
Botswana,BWA,1976,2173.2493
Botswana,BWA,1977,2215.8652
Botswana,BWA,1978,2038.9569
Botswana,BWA,1979,2147.3872
Botswana,BWA,1980,2091.8237
Botswana,BWA,1981,2118.0945
Botswana,BWA,1982,2136.1147
Botswana,BWA,1983,2210.3909
Botswana,BWA,1984,2331.837
Botswana,BWA,1985,2288.7703
Botswana,BWA,1986,2287.3774
Botswana,BWA,1987,2299.1787
Botswana,BWA,1988,2320.2168
Botswana,BWA,1989,2233.965
Botswana,BWA,1990,2348.8906
Botswana,BWA,1991,2361.96
Botswana,BWA,1992,2338.6277
Botswana,BWA,1993,2192.6633
Botswana,BWA,1994,2313.2195
Botswana,BWA,1995,2310.8533
Botswana,BWA,1996,2336.6458
Botswana,BWA,1997,2282.4998
Botswana,BWA,1998,2191.1997
Botswana,BWA,1999,2224.0022
Botswana,BWA,2000,2176.2458
Botswana,BWA,2001,2242.9846
Botswana,BWA,2002,2188.7183
Botswana,BWA,2003,2181.1304
Botswana,BWA,2004,2249.01
Botswana,BWA,2005,2241.1492
Botswana,BWA,2006,2174.6296
Botswana,BWA,2007,2170.3066
Botswana,BWA,2008,2166.11
Botswana,BWA,2009,2156.282
Botswana,BWA,2010,2457.22
Botswana,BWA,2011,2464.7104
Botswana,BWA,2012,2469.0737
Botswana,BWA,2013,2475.1519
Botswana,BWA,2014,2504.625
Botswana,BWA,2015,2532.1133
Botswana,BWA,2016,2545.1653
Botswana,BWA,2017,2572.0913
Botswana,BWA,2018,2534.46
Botswana,BWA,2019,2577.098
Botswana,BWA,2020,2642.0344
Botswana,BWA,2021,2695.741
Botswana,BWA,2022,2738.3245
Botswana,BWA,2023,2713.858
Brazil,BRA,1937,2150
Brazil,BRA,1947,2340
Brazil,BRA,1961,2220.3271
Brazil,BRA,1962,2283.4585
Brazil,BRA,1963,2256.565
Brazil,BRA,1964,2321.9595
Brazil,BRA,1965,2347.6199
Brazil,BRA,1966,2344.7532
Brazil,BRA,1967,2389.2556
Brazil,BRA,1968,2474.2144
Brazil,BRA,1969,2450.3687
Brazil,BRA,1970,2422.2566
Brazil,BRA,1971,2443.0947
Brazil,BRA,1972,2412.9456
Brazil,BRA,1973,2399.5989
Brazil,BRA,1974,2493.2322
Brazil,BRA,1975,2502.8867
Brazil,BRA,1976,2532.591
Brazil,BRA,1977,2567.117
Brazil,BRA,1978,2607.572
Brazil,BRA,1979,2715.4026
Brazil,BRA,1980,2709.8542
Brazil,BRA,1981,2612.4866
Brazil,BRA,1982,2655.5325
Brazil,BRA,1983,2610.3245
Brazil,BRA,1984,2610.8042
Brazil,BRA,1985,2642.7236
Brazil,BRA,1986,2697.322
Brazil,BRA,1987,2703.645
Brazil,BRA,1988,2699.7114
Brazil,BRA,1989,2746.7576
Brazil,BRA,1990,2728.2024
Brazil,BRA,1991,2784.8657
Brazil,BRA,1992,2776.8
Brazil,BRA,1993,2777.829
Brazil,BRA,1994,2820.9724
Brazil,BRA,1995,2814.711
Brazil,BRA,1996,2843.2766
Brazil,BRA,1997,2858.5095
Brazil,BRA,1998,2858.268
Brazil,BRA,1999,2871.0835
Brazil,BRA,2000,2888.0552
Brazil,BRA,2001,2902.938
Brazil,BRA,2002,2941.602
Brazil,BRA,2003,3086.1929
Brazil,BRA,2004,3104.521
Brazil,BRA,2005,3102.2305
Brazil,BRA,2006,3120.5635
Brazil,BRA,2007,3129.798
Brazil,BRA,2008,3201.35
Brazil,BRA,2009,3189.2578
Brazil,BRA,2010,3302.99
Brazil,BRA,2011,3348.85
Brazil,BRA,2012,3300.03
Brazil,BRA,2013,3311.13
Brazil,BRA,2014,3354.31
Brazil,BRA,2015,3299.99
Brazil,BRA,2016,3280.27
Brazil,BRA,2017,3296.8203
Brazil,BRA,2018,3339.51
Brazil,BRA,2019,3350.08
Brazil,BRA,2020,3322.75
Brazil,BRA,2021,3374.66
Brazil,BRA,2022,3419.51
Brazil,BRA,2023,3423.45
Brunei,BRN,1961,1790.0983
Brunei,BRN,1962,1830.9437
Brunei,BRN,1963,1845.2323
Brunei,BRN,1964,1845.5482
Brunei,BRN,1965,1880.5658
Brunei,BRN,1966,2046.9325
Brunei,BRN,1967,2136.0918
Brunei,BRN,1968,2010.6466
Brunei,BRN,1969,2122.383
Brunei,BRN,1970,2051.614
Brunei,BRN,1971,2246.1086
Brunei,BRN,1972,2181.973
Brunei,BRN,1973,2071.6646
Brunei,BRN,1974,2099.1426
Brunei,BRN,1975,2133.6846
Brunei,BRN,1976,2170.9255
Brunei,BRN,1977,2164.6316
Brunei,BRN,1978,2425.7012
Brunei,BRN,1979,2438.68
Brunei,BRN,1980,2651.5063
Brunei,BRN,1981,2538.4187
Brunei,BRN,1982,2605.726
Brunei,BRN,1983,2713.3193
Brunei,BRN,1984,2798.7036
Brunei,BRN,1985,2955.9763
Brunei,BRN,1986,2741.8127
Brunei,BRN,1987,2693.2393
Brunei,BRN,1988,2845.2607
Brunei,BRN,1989,2903.3325
Brunei,BRN,1990,2822.594
Brunei,BRN,1991,2718.3745
Brunei,BRN,1992,2853.577
Brunei,BRN,1993,2831.5605
Brunei,BRN,1994,2918.5105
Brunei,BRN,1995,2872.9392
Brunei,BRN,1996,2958.0498
Brunei,BRN,1997,2866.9395
Brunei,BRN,1998,2894.0134
Brunei,BRN,1999,2858.1426
Brunei,BRN,2000,2844.735
Brunei,BRN,2001,2923.7024
Brunei,BRN,2002,2977.707
Brunei,BRN,2003,3039.0999
Brunei,BRN,2004,3064.5837
Brunei,BRN,2005,3051.2021
Brunei,BRN,2006,3055.1594
Brunei,BRN,2007,2994.5159
Brunei,BRN,2008,2986.5115
Brunei,BRN,2009,2959.8743
Bulgaria,BGR,1961,3170.6782
Bulgaria,BGR,1962,3213.2625
Bulgaria,BGR,1963,3280.703
Bulgaria,BGR,1964,3327.3784
Bulgaria,BGR,1965,3411.9053
Bulgaria,BGR,1966,3492.3132
Bulgaria,BGR,1967,3457.4192
Bulgaria,BGR,1968,3452.3213
Bulgaria,BGR,1969,3475.358
Bulgaria,BGR,1970,3448.696
Bulgaria,BGR,1971,3527.3428
Bulgaria,BGR,1972,3473.905
Bulgaria,BGR,1973,3473.7163
Bulgaria,BGR,1974,3455.088
Bulgaria,BGR,1975,3501.5466
Bulgaria,BGR,1976,3590.6423
Bulgaria,BGR,1977,3495.159
Bulgaria,BGR,1978,3567.9138
Bulgaria,BGR,1979,3591.096
Bulgaria,BGR,1980,3590.2117
Bulgaria,BGR,1981,3658.3154
Bulgaria,BGR,1982,3640.7402
Bulgaria,BGR,1983,3614.2935
Bulgaria,BGR,1984,3608.964
Bulgaria,BGR,1985,3596.4595
Bulgaria,BGR,1986,3654.3591
Bulgaria,BGR,1987,3664.8037
Bulgaria,BGR,1988,3672.5266
Bulgaria,BGR,1989,3599.329
Bulgaria,BGR,1990,3128.5156
Bulgaria,BGR,1991,3058.2063
Bulgaria,BGR,1992,3055.51
Bulgaria,BGR,1993,2987.86
Bulgaria,BGR,1994,2884.9727
Bulgaria,BGR,1995,2896.147
Bulgaria,BGR,1996,2735.578
Bulgaria,BGR,1997,2670.431
Bulgaria,BGR,1998,2815.5093
Bulgaria,BGR,1999,2878.4775
Bulgaria,BGR,2000,2813.1692
Bulgaria,BGR,2001,2818.3247
Bulgaria,BGR,2002,2781.8457
Bulgaria,BGR,2003,2757.9167
Bulgaria,BGR,2004,2762.42
Bulgaria,BGR,2005,2718.737
Bulgaria,BGR,2006,2752.7556
Bulgaria,BGR,2007,2725.389
Bulgaria,BGR,2008,2770.338
Bulgaria,BGR,2009,2769.373
Bulgaria,BGR,2010,2775.0522
Bulgaria,BGR,2011,2786.9688
Bulgaria,BGR,2012,2794.0662
Bulgaria,BGR,2013,2856.8481
Bulgaria,BGR,2014,2878.14
Bulgaria,BGR,2015,2779.092
Bulgaria,BGR,2016,2845.9075
Bulgaria,BGR,2017,2855.2693
Bulgaria,BGR,2018,2909.192
Bulgaria,BGR,2019,2902.7517
Bulgaria,BGR,2020,2916.5073
Bulgaria,BGR,2021,2983.5435
Bulgaria,BGR,2022,3003.439
Bulgaria,BGR,2023,2999.598
Burkina Faso,BFA,1961,1338.794
Burkina Faso,BFA,1962,1318.7218
Burkina Faso,BFA,1963,1461.997
Burkina Faso,BFA,1964,1563.5737
Burkina Faso,BFA,1965,1577.7579
Burkina Faso,BFA,1966,1565.379
Burkina Faso,BFA,1967,1591.9612
Burkina Faso,BFA,1968,1606.5399
Burkina Faso,BFA,1969,1608.312
Burkina Faso,BFA,1970,1550.0488
Burkina Faso,BFA,1971,1527.0017
Burkina Faso,BFA,1972,1463.4625
Burkina Faso,BFA,1973,1438.384
Burkina Faso,BFA,1974,1465.663
Burkina Faso,BFA,1975,1508.8202
Burkina Faso,BFA,1976,1566.3428
Burkina Faso,BFA,1977,1393.5237
Burkina Faso,BFA,1978,1565.6199
Burkina Faso,BFA,1979,1653.228
Burkina Faso,BFA,1980,1535.8845
Burkina Faso,BFA,1981,1473.251
Burkina Faso,BFA,1982,1628.5471
Burkina Faso,BFA,1983,1544.7806
Burkina Faso,BFA,1984,1497.0414
Burkina Faso,BFA,1985,1669.2616
Burkina Faso,BFA,1986,1968.0889
Burkina Faso,BFA,1987,1949.0696
Burkina Faso,BFA,1988,1944.8572
Burkina Faso,BFA,1989,2006.2239
Burkina Faso,BFA,1990,2112.4795
Burkina Faso,BFA,1991,2151.085
Burkina Faso,BFA,1992,2212.9094
Burkina Faso,BFA,1993,2238.0889
Burkina Faso,BFA,1994,2272.9639
Burkina Faso,BFA,1995,2270.2378
Burkina Faso,BFA,1996,2275.92
Burkina Faso,BFA,1997,2254.0986
Burkina Faso,BFA,1998,2229.572
Burkina Faso,BFA,1999,2283.705
Burkina Faso,BFA,2000,2256.2773
Burkina Faso,BFA,2001,2265.8057
Burkina Faso,BFA,2002,2337.8188
Burkina Faso,BFA,2003,2411.3247
Burkina Faso,BFA,2004,2418.435
Burkina Faso,BFA,2005,2372.817
Burkina Faso,BFA,2006,2460.7766
Burkina Faso,BFA,2007,2446.1086
Burkina Faso,BFA,2008,2486.553
Burkina Faso,BFA,2009,2535.6802
Burkina Faso,BFA,2010,2595.2896
Burkina Faso,BFA,2011,2572.9204
Burkina Faso,BFA,2012,2632.5908
Burkina Faso,BFA,2013,2652.3098
Burkina Faso,BFA,2014,2639.1892
Burkina Faso,BFA,2015,2645.4502
Burkina Faso,BFA,2016,2636.4106
Burkina Faso,BFA,2017,2610.0095
Burkina Faso,BFA,2018,2648.69
Burkina Faso,BFA,2019,2628.0793
Burkina Faso,BFA,2020,2683.5798
Burkina Faso,BFA,2021,2664.249
Burkina Faso,BFA,2022,2758.8303
Burkina Faso,BFA,2023,2790.8801
Burundi,BDI,2010,1463.4097
Burundi,BDI,2011,1403.5532
Burundi,BDI,2012,1401.0671
Burundi,BDI,2013,1441.214
Burundi,BDI,2014,1549.6427
Burundi,BDI,2015,1647.2743
Burundi,BDI,2016,1695.8793
Burundi,BDI,2017,1683.0094
Burundi,BDI,2018,1731.8253
Burundi,BDI,2019,1724.6868
Burundi,BDI,2020,1714.5459
Burundi,BDI,2021,1715.1482
Burundi,BDI,2022,1697.9843
Cambodia,KHM,1947,1560
Cambodia,KHM,1961,2015.6093
Cambodia,KHM,1962,1990.8862
Cambodia,KHM,1963,2063.907
Cambodia,KHM,1964,2037.6431
Cambodia,KHM,1965,2052.6892
Cambodia,KHM,1966,2065.9941
Cambodia,KHM,1967,2085.173
Cambodia,KHM,1968,2118.8826
Cambodia,KHM,1969,2107.4768
Cambodia,KHM,1970,2208.3933
Cambodia,KHM,1971,2240.2854
Cambodia,KHM,1972,2215.4011
Cambodia,KHM,1973,2151.724
Cambodia,KHM,1974,2121.7605
Cambodia,KHM,1975,1832.3496
Cambodia,KHM,1976,1839.8875
Cambodia,KHM,1977,1956.0375
Cambodia,KHM,1978,2112.4656
Cambodia,KHM,1979,2151.7825
Cambodia,KHM,1980,2166.9214
Cambodia,KHM,1981,2272.5571
Cambodia,KHM,1982,2314.1477
Cambodia,KHM,1983,2405.563
Cambodia,KHM,1984,2379.8752
Cambodia,KHM,1985,2309.765
Cambodia,KHM,1986,2276.5105
Cambodia,KHM,1987,2401.35
Cambodia,KHM,1988,2426.3555
Cambodia,KHM,1989,2336.8389
Cambodia,KHM,1990,2380.0747
Cambodia,KHM,1991,2450.989
Cambodia,KHM,1992,2440.9597
Cambodia,KHM,1993,2369.44
Cambodia,KHM,1994,2300.679
Cambodia,KHM,1995,2190.6694
Cambodia,KHM,1996,1951.9922
Cambodia,KHM,1997,1866.3423
Cambodia,KHM,1998,1915.8152
Cambodia,KHM,1999,2000.8522
Cambodia,KHM,2000,2074.3809
Cambodia,KHM,2001,2140.1736
Cambodia,KHM,2002,2238.2434
Cambodia,KHM,2003,2240.7344
Cambodia,KHM,2004,2258.5557
Cambodia,KHM,2005,2312.5935
Cambodia,KHM,2006,2362.355
Cambodia,KHM,2007,2371.6497
Cambodia,KHM,2008,2383.7673
Cambodia,KHM,2009,2394.5144
Cambodia,KHM,2010,2520.72
Cambodia,KHM,2011,2610.4888
Cambodia,KHM,2012,2601.93
Cambodia,KHM,2013,2590.54
Cambodia,KHM,2014,2603.4897
Cambodia,KHM,2015,2641.8994
Cambodia,KHM,2016,2651.1594
Cambodia,KHM,2017,2673.8494
Cambodia,KHM,2018,2672.7695
Cambodia,KHM,2019,2716.5493
Cambodia,KHM,2020,2721.3079
Cambodia,KHM,2021,2694.3103
Cambodia,KHM,2022,2623.59
Cambodia,KHM,2023,2642.9094
Cameroon,CMR,1961,2103.5664
Cameroon,CMR,1962,2116.627
Cameroon,CMR,1963,2162.2007
Cameroon,CMR,1964,2168.7405
Cameroon,CMR,1965,2057.3396
Cameroon,CMR,1966,2135.289
Cameroon,CMR,1967,2141.5432
Cameroon,CMR,1968,2209.814
Cameroon,CMR,1969,2261.4575
Cameroon,CMR,1970,2273.8687
Cameroon,CMR,1971,2327.7273
Cameroon,CMR,1972,2367.5637
Cameroon,CMR,1973,2347.1265
Cameroon,CMR,1974,2465.1326
Cameroon,CMR,1975,2442.1863
Cameroon,CMR,1976,2392.831
Cameroon,CMR,1977,2382.9343
Cameroon,CMR,1978,2357.8743
Cameroon,CMR,1979,2392.8228
Cameroon,CMR,1980,2358.8608
Cameroon,CMR,1981,2274.061
Cameroon,CMR,1982,2278.7139
Cameroon,CMR,1983,2257.3594
Cameroon,CMR,1984,2185.3076
Cameroon,CMR,1985,2223.6504
Cameroon,CMR,1986,2297.552
Cameroon,CMR,1987,2155.1792
Cameroon,CMR,1988,2112.261
Cameroon,CMR,1989,2161.7788
Cameroon,CMR,1990,2166.498
Cameroon,CMR,1991,2146.743
Cameroon,CMR,1992,2252.1443
Cameroon,CMR,1993,2154.478
Cameroon,CMR,1994,2166.684
Cameroon,CMR,1995,2184.6768
Cameroon,CMR,1996,2169.734
Cameroon,CMR,1997,2239.15
Cameroon,CMR,1998,2242.992
Cameroon,CMR,1999,2264.3271
Cameroon,CMR,2000,2260.0737
Cameroon,CMR,2001,2308.9407
Cameroon,CMR,2002,2352.068
Cameroon,CMR,2003,2379.836
Cameroon,CMR,2004,2389.9392
Cameroon,CMR,2005,2454.9285
Cameroon,CMR,2006,2496.39
Cameroon,CMR,2007,2516.0833
Cameroon,CMR,2008,2580.4478
Cameroon,CMR,2009,2621.075
Cameroon,CMR,2010,2803.601
Cameroon,CMR,2011,2821.9185
Cameroon,CMR,2012,2855.07
Cameroon,CMR,2013,2865.8003
Cameroon,CMR,2014,2805.1794
Cameroon,CMR,2015,2806.529
Cameroon,CMR,2016,2803.3096
Cameroon,CMR,2017,2778.999
Cameroon,CMR,2018,2810.3804
Cameroon,CMR,2019,2865.1106
Cameroon,CMR,2020,2843.3894
Cameroon,CMR,2021,2867.0996
Cameroon,CMR,2022,2936.36
Cameroon,CMR,2023,2900.97
Canada,CAN,1947,3161
Canada,CAN,1948,3141
Canada,CAN,1961,2811.9062
Canada,CAN,1962,2849.782
Canada,CAN,1963,2905.0752
Canada,CAN,1964,2798.3748
Canada,CAN,1965,2924.5173
Canada,CAN,1966,2912.432
Canada,CAN,1967,2944.4211
Canada,CAN,1968,2931.9756
Canada,CAN,1969,2990.5786
Canada,CAN,1970,2957.1692
Canada,CAN,1971,2910.3462
Canada,CAN,1972,2922.6062
Canada,CAN,1973,2961.282
Canada,CAN,1974,2973.3374
Canada,CAN,1975,2878.385
Canada,CAN,1976,3028.3145
Canada,CAN,1977,3004.5635
Canada,CAN,1978,2935.3774
Canada,CAN,1979,2929.912
Canada,CAN,1980,2947.261
Canada,CAN,1981,2893.5383
Canada,CAN,1982,2946.0227
Canada,CAN,1983,2899.4072
Canada,CAN,1984,2978.0322
Canada,CAN,1985,3032.09
Canada,CAN,1986,3081.9927
Canada,CAN,1987,3138.537
Canada,CAN,1988,3013.4395
Canada,CAN,1989,3032.7717
Canada,CAN,1990,3008.702
Canada,CAN,1991,3025.994
Canada,CAN,1992,3075.6106
Canada,CAN,1993,3105.255
Canada,CAN,1994,3191.783
Canada,CAN,1995,3190.126
Canada,CAN,1996,3232.2031
Canada,CAN,1997,3365.356
Canada,CAN,1998,3437.4487
Canada,CAN,1999,3478.022
Canada,CAN,2000,3483.8916
Canada,CAN,2001,3475.5864
Canada,CAN,2002,3468.11
Canada,CAN,2003,3490.9841
Canada,CAN,2004,3501.0105
Canada,CAN,2005,3454.9502
Canada,CAN,2006,3454.3047
Canada,CAN,2007,3471.8254
Canada,CAN,2008,3456.8074
Canada,CAN,2009,3432.5386
Canada,CAN,2010,3537.7397
Canada,CAN,2011,3572.99
Canada,CAN,2012,3555.9807
Canada,CAN,2013,3531.251
Canada,CAN,2014,3500.2498
Canada,CAN,2015,3504.8894
Canada,CAN,2016,3573.2395
Canada,CAN,2017,3569.6802
Canada,CAN,2018,3575.5806
Canada,CAN,2019,3557.9595
Canada,CAN,2020,3616.9995
Canada,CAN,2021,3583.96
Canada,CAN,2022,3581.8604
Canada,CAN,2023,3590.0403
Cape Verde,CPV,1961,1661.5868
Cape Verde,CPV,1962,1549.4344
Cape Verde,CPV,1963,1460.5381
Cape Verde,CPV,1964,1582.4181
Cape Verde,CPV,1965,1618.8151
Cape Verde,CPV,1966,1566.487
Cape Verde,CPV,1967,1584.7733
Cape Verde,CPV,1968,1508.972
Cape Verde,CPV,1969,1597.9001
Cape Verde,CPV,1970,1587.558
Cape Verde,CPV,1971,1605.1854
Cape Verde,CPV,1972,1723.1932
Cape Verde,CPV,1973,1739.151
Cape Verde,CPV,1974,1718.7205
Cape Verde,CPV,1975,1755.5885
Cape Verde,CPV,1976,1695.1613
Cape Verde,CPV,1977,1672.66
Cape Verde,CPV,1978,2008.4893
Cape Verde,CPV,1979,2026.6616
Cape Verde,CPV,1980,1959.7167
Cape Verde,CPV,1981,2096.4622
Cape Verde,CPV,1982,1965.8641
Cape Verde,CPV,1983,2204.329
Cape Verde,CPV,1984,2257.3728
Cape Verde,CPV,1985,2121.0986
Cape Verde,CPV,1986,2271.6558
Cape Verde,CPV,1987,2459.1892
Cape Verde,CPV,1988,2506.912
Cape Verde,CPV,1989,2323.4734
Cape Verde,CPV,1990,2220.1755
Cape Verde,CPV,1991,2123.8523
Cape Verde,CPV,1992,2355.1035
Cape Verde,CPV,1993,2305.244
Cape Verde,CPV,1994,2314.921
Cape Verde,CPV,1995,2199.617
Cape Verde,CPV,1996,2219.943
Cape Verde,CPV,1997,2260.9316
Cape Verde,CPV,1998,2265.6638
Cape Verde,CPV,1999,2262.6846
Cape Verde,CPV,2000,2299.0415
Cape Verde,CPV,2001,2318.1968
Cape Verde,CPV,2002,2283.9146
Cape Verde,CPV,2003,2381.445
Cape Verde,CPV,2004,2494.7004
Cape Verde,CPV,2005,2485.206
Cape Verde,CPV,2006,2468.3042
Cape Verde,CPV,2007,2510.7336
Cape Verde,CPV,2008,2457.107
Cape Verde,CPV,2009,2456.1748
Cape Verde,CPV,2010,2613.1533
Cape Verde,CPV,2011,2521.0254
Cape Verde,CPV,2012,2554.8901
Cape Verde,CPV,2013,2601.2048
Cape Verde,CPV,2014,2554.8003
Cape Verde,CPV,2015,2598.884
Cape Verde,CPV,2016,2637.929
Cape Verde,CPV,2017,2710.0027
Cape Verde,CPV,2018,2746.477
Cape Verde,CPV,2019,2783.3833
Cape Verde,CPV,2020,2844.0535
Cape Verde,CPV,2021,2821.543
Cape Verde,CPV,2022,2773.0667
Cape Verde,CPV,2023,2793.5835
Caribbean (FAO),,1961,1992
Caribbean (FAO),,1962,2069
Caribbean (FAO),,1963,2150
Caribbean (FAO),,1964,2128
Caribbean (FAO),,1965,2137
Caribbean (FAO),,1966,2113
Caribbean (FAO),,1967,2142
Caribbean (FAO),,1968,2188
Caribbean (FAO),,1969,2229
Caribbean (FAO),,1970,2285
Caribbean (FAO),,1971,2368
Caribbean (FAO),,1972,2344
Caribbean (FAO),,1973,2339
Caribbean (FAO),,1974,2440
Caribbean (FAO),,1975,2369
Caribbean (FAO),,1976,2425
Caribbean (FAO),,1977,2412
Caribbean (FAO),,1978,2453
Caribbean (FAO),,1979,2416
Caribbean (FAO),,1980,2517
Caribbean (FAO),,1981,2523
Caribbean (FAO),,1982,2533
Caribbean (FAO),,1983,2554
Caribbean (FAO),,1984,2576
Caribbean (FAO),,1985,2584
Caribbean (FAO),,1986,2569
Caribbean (FAO),,1987,2533
Caribbean (FAO),,1988,2456
Caribbean (FAO),,1989,2460
Caribbean (FAO),,1990,2390
Caribbean (FAO),,1991,2336
Caribbean (FAO),,1992,2245
Caribbean (FAO),,1993,2201
Caribbean (FAO),,1994,2218
Caribbean (FAO),,1995,2220
Caribbean (FAO),,1996,2256
Caribbean (FAO),,1997,2295
Caribbean (FAO),,1998,2341
Caribbean (FAO),,1999,2437
Caribbean (FAO),,2000,2503
Caribbean (FAO),,2001,2515
Caribbean (FAO),,2002,2545
Caribbean (FAO),,2003,2526
Caribbean (FAO),,2004,2579
Caribbean (FAO),,2005,2575
Caribbean (FAO),,2006,2601
Caribbean (FAO),,2007,2614
Caribbean (FAO),,2008,2564
Caribbean (FAO),,2009,2620
Caribbean (FAO),,2010,2710.91
Caribbean (FAO),,2011,2743.35
Caribbean (FAO),,2012,2748.58
Caribbean (FAO),,2013,2762.54
Caribbean (FAO),,2014,2805.58
Caribbean (FAO),,2015,2815
Caribbean (FAO),,2016,2854.97
Caribbean (FAO),,2017,2870.64
Caribbean (FAO),,2018,2867.65
Caribbean (FAO),,2019,2863.23
Caribbean (FAO),,2020,2791.93
Caribbean (FAO),,2021,2757.53
Caribbean (FAO),,2022,2683.5
Caribbean (FAO),,2023,2639.72
Central African Republic,CAF,1961,1988.6185
Central African Republic,CAF,1962,1952.2777
Central African Republic,CAF,1963,1890.287
Central African Republic,CAF,1964,1858.2145
Central African Republic,CAF,1965,2015.3063
Central African Republic,CAF,1966,1825.0684
Central African Republic,CAF,1967,1943.9531
Central African Republic,CAF,1968,1938.7148
Central African Republic,CAF,1969,1979.3508
Central African Republic,CAF,1970,2040.4451
Central African Republic,CAF,1971,2041.3971
Central African Republic,CAF,1972,2053.537
Central African Republic,CAF,1973,2111.0276
Central African Republic,CAF,1974,2202.0908
Central African Republic,CAF,1975,2071.1094
Central African Republic,CAF,1976,2101.8894
Central African Republic,CAF,1977,2130.391
Central African Republic,CAF,1978,2114.0159
Central African Republic,CAF,1979,2159.3762
Central African Republic,CAF,1980,2143.5874
Central African Republic,CAF,1981,2189.4897
Central African Republic,CAF,1982,2151.018
Central African Republic,CAF,1983,2062.652
Central African Republic,CAF,1984,1912.5643
Central African Republic,CAF,1985,1856.6152
Central African Republic,CAF,1986,1938.9309
Central African Republic,CAF,1987,1918.2812
Central African Republic,CAF,1988,1922.7445
Central African Republic,CAF,1989,1941.302
Central African Republic,CAF,1990,1931.2382
Central African Republic,CAF,1991,1922.8434
Central African Republic,CAF,1992,1899.1218
Central African Republic,CAF,1993,1857.4789
Central African Republic,CAF,1994,1847.1335
Central African Republic,CAF,1995,1840.5143
Central African Republic,CAF,1996,1848.5593
Central African Republic,CAF,1997,1858.1136
Central African Republic,CAF,1998,1915.3612
Central African Republic,CAF,1999,1847.4833
Central African Republic,CAF,2000,1881.9102
Central African Republic,CAF,2001,1878.6978
Central African Republic,CAF,2002,1876.8806
Central African Republic,CAF,2003,1835.1477
Central African Republic,CAF,2004,1847.2416
Central African Republic,CAF,2005,1871.1434
Central African Republic,CAF,2006,1868.8235
Central African Republic,CAF,2007,1923.3832
Central African Republic,CAF,2008,1958.023
Central African Republic,CAF,2009,2014.7651
Central African Republic,CAF,2010,2371.8838
Central African Republic,CAF,2011,2350.6152
Central African Republic,CAF,2012,2351.5046
Central African Republic,CAF,2013,2230.061
Central African Republic,CAF,2014,2264.1138
Central African Republic,CAF,2015,2301.7598
Central African Republic,CAF,2016,2348.7126
Central African Republic,CAF,2017,2353.8564
Central African Republic,CAF,2018,2375.2043
Central African Republic,CAF,2019,2399.526
Central African Republic,CAF,2020,2409.3303
Central African Republic,CAF,2021,2398.098
Central African Republic,CAF,2022,2418.7656
Central America (FAO),,1961,2180
Central America (FAO),,1962,2174
Central America (FAO),,1963,2194
Central America (FAO),,1964,2241
Central America (FAO),,1965,2261
Central America (FAO),,1966,2297
Central America (FAO),,1967,2337
Central America (FAO),,1968,2370
Central America (FAO),,1969,2390
Central America (FAO),,1970,2409
Central America (FAO),,1971,2409
Central America (FAO),,1972,2433
Central America (FAO),,1973,2476
Central America (FAO),,1974,2496
Central America (FAO),,1975,2572
Central America (FAO),,1976,2546
Central America (FAO),,1977,2590
Central America (FAO),,1978,2644
Central America (FAO),,1979,2675
Central America (FAO),,1980,2798
Central America (FAO),,1981,2928
Central America (FAO),,1982,2903
Central America (FAO),,1983,2880
Central America (FAO),,1984,2831
Central America (FAO),,1985,2890
Central America (FAO),,1986,2868
Central America (FAO),,1987,2781
Central America (FAO),,1988,2833
Central America (FAO),,1989,2799
Central America (FAO),,1990,2796
Central America (FAO),,1991,2812
Central America (FAO),,1992,2821
Central America (FAO),,1993,2834
Central America (FAO),,1994,2837
Central America (FAO),,1995,2804
Central America (FAO),,1996,2820
Central America (FAO),,1997,2791
Central America (FAO),,1998,2806
Central America (FAO),,1999,2809
Central America (FAO),,2000,2856
Central America (FAO),,2001,2912
Central America (FAO),,2002,2938
Central America (FAO),,2003,2940
Central America (FAO),,2004,2932
Central America (FAO),,2005,2913
Central America (FAO),,2006,2930
Central America (FAO),,2007,2953
Central America (FAO),,2008,2933
Central America (FAO),,2009,2913
Central America (FAO),,2010,2994.27
Central America (FAO),,2011,2981.13
Central America (FAO),,2012,2986.42
Central America (FAO),,2013,2980.29
Central America (FAO),,2014,3003.88
Central America (FAO),,2015,3019.37
Central America (FAO),,2016,3052.55
Central America (FAO),,2017,3068.38
Central America (FAO),,2018,3076.75
Central America (FAO),,2019,3110.52
Central America (FAO),,2020,3114.31
Central America (FAO),,2021,3134.08
Central America (FAO),,2022,3136.28
Central America (FAO),,2023,3169.41
Central Asia (FAO),,1992,2701
Central Asia (FAO),,1993,2676
Central Asia (FAO),,1994,2663
Central Asia (FAO),,1995,2612
Central Asia (FAO),,1996,2582
Central Asia (FAO),,1997,2568
Central Asia (FAO),,1998,2504
Central Asia (FAO),,1999,2482
Central Asia (FAO),,2000,2461
Central Asia (FAO),,2001,2451
Central Asia (FAO),,2002,2468
Central Asia (FAO),,2003,2524
Central Asia (FAO),,2004,2559
Central Asia (FAO),,2005,2623
Central Asia (FAO),,2006,2664
Central Asia (FAO),,2007,2705
Central Asia (FAO),,2008,2717
Central Asia (FAO),,2009,2718
Central Asia (FAO),,2010,2779.69
Central Asia (FAO),,2011,2845.27
Central Asia (FAO),,2012,2884.24
Central Asia (FAO),,2013,2913.23
Central Asia (FAO),,2014,2956.25
Central Asia (FAO),,2015,2969.88
Central Asia (FAO),,2016,2984.45
Central Asia (FAO),,2017,2990.78
Central Asia (FAO),,2018,3034.16
Central Asia (FAO),,2019,3041.59
Central Asia (FAO),,2020,3044.21
Central Asia (FAO),,2021,3048.32
Central Asia (FAO),,2022,3088.59
Central Asia (FAO),,2023,3090.6
Chad,TCD,1961,2220.0432
Chad,TCD,1962,2332.9475
Chad,TCD,1963,2320.2703
Chad,TCD,1964,2285.1511
Chad,TCD,1965,2253.963
Chad,TCD,1966,2218.0164
Chad,TCD,1967,2210.353
Chad,TCD,1968,2177.9568
Chad,TCD,1969,2138.409
Chad,TCD,1970,2066.0483
Chad,TCD,1971,1980.3192
Chad,TCD,1972,1838.7749
Chad,TCD,1973,1731.9225
Chad,TCD,1974,1751.1401
Chad,TCD,1975,1689.6707
Chad,TCD,1976,1646.1135
Chad,TCD,1977,1653.2119
Chad,TCD,1978,1630.6553
Chad,TCD,1979,1634.7965
Chad,TCD,1980,1635.1084
Chad,TCD,1981,1647.1627
Chad,TCD,1982,1601.3646
Chad,TCD,1983,1538.4955
Chad,TCD,1984,1527.2136
Chad,TCD,1985,1763.5198
Chad,TCD,1986,1620.5045
Chad,TCD,1987,1562.9492
Chad,TCD,1988,1736.4366
Chad,TCD,1989,1652.3541
Chad,TCD,1990,1639.5055
Chad,TCD,1991,1781.8169
Chad,TCD,1992,1780.89
Chad,TCD,1993,1630.2827
Chad,TCD,1994,1970.99
Chad,TCD,1995,1770.3384
Chad,TCD,1996,1767.4563
Chad,TCD,1997,1845.714
Chad,TCD,1998,1981.8746
Chad,TCD,1999,1935.8541
Chad,TCD,2000,1898.7162
Chad,TCD,2001,1976.0265
Chad,TCD,2002,1934.2806
Chad,TCD,2003,1986.2776
Chad,TCD,2004,1973.9132
Chad,TCD,2005,1972.1428
Chad,TCD,2006,1956.0079
Chad,TCD,2007,1957.055
Chad,TCD,2008,1948.3491
Chad,TCD,2009,1932.1732
Chad,TCD,2010,2255.3809
Chad,TCD,2011,2249.7163
Chad,TCD,2012,2303.7322
Chad,TCD,2013,2295.9163
Chad,TCD,2014,2238.468
Chad,TCD,2015,2206.809
Chad,TCD,2016,2258.6145
Chad,TCD,2017,2259.1804
Chad,TCD,2018,2236.7578
Chad,TCD,2019,2218.1519
Chad,TCD,2020,2177.466
Chad,TCD,2021,2111.2505
Chad,TCD,2022,2097.067
Chile,CHL,1947,2352
Chile,CHL,1948,2356
Chile,CHL,1961,2353.3848
Chile,CHL,1962,2399.1316
Chile,CHL,1963,2506.0144
Chile,CHL,1964,2469.7966
Chile,CHL,1965,2461.8877
Chile,CHL,1966,2552.7166
Chile,CHL,1967,2533.266
Chile,CHL,1968,2568.887
Chile,CHL,1969,2568.6904
Chile,CHL,1970,2565.6611
Chile,CHL,1971,2639.0947
Chile,CHL,1972,2657.518
Chile,CHL,1973,2511.2358
Chile,CHL,1974,2657.9104
Chile,CHL,1975,2432.7017
Chile,CHL,1976,2539.9993
Chile,CHL,1977,2492.9868
Chile,CHL,1978,2545.0515
Chile,CHL,1979,2583.678
Chile,CHL,1980,2608.2292
Chile,CHL,1981,2625.0642
Chile,CHL,1982,2537.466
Chile,CHL,1983,2476.9004
Chile,CHL,1984,2514.8079
Chile,CHL,1985,2425.3457
Chile,CHL,1986,2435.2642
Chile,CHL,1987,2437.572
Chile,CHL,1988,2414.1235
Chile,CHL,1989,2455.7292
Chile,CHL,1990,2526.3308
Chile,CHL,1991,2561.691
Chile,CHL,1992,2673.1707
Chile,CHL,1993,2684.2544
Chile,CHL,1994,2723.6665
Chile,CHL,1995,2739.4226
Chile,CHL,1996,2765.411
Chile,CHL,1997,2777.7122
Chile,CHL,1998,2784.6907
Chile,CHL,1999,2790.256
Chile,CHL,2000,2823.9297
Chile,CHL,2001,2859.7983
Chile,CHL,2002,2893.0642
Chile,CHL,2003,2885.8123
Chile,CHL,2004,2913.5178
Chile,CHL,2005,2907.0818
Chile,CHL,2006,2956.2485
Chile,CHL,2007,2932.5476
Chile,CHL,2008,2941.604
Chile,CHL,2009,2888.9856
Chile,CHL,2010,2874.9597
Chile,CHL,2011,2902.8318
Chile,CHL,2012,2887.6904
Chile,CHL,2013,2939.3108
Chile,CHL,2014,2938.0796
Chile,CHL,2015,2925.5203
Chile,CHL,2016,2954.5093
Chile,CHL,2017,2956.5002
Chile,CHL,2018,2990.8208
Chile,CHL,2019,3022.5488
Chile,CHL,2020,3079.3796
Chile,CHL,2021,3136.641
Chile,CHL,2022,3110.531
Chile,CHL,2023,3057.4695
China,CHN,1934,2230
China,CHN,1949,2030
China,CHN,1961,1426.0812
China,CHN,1962,1540.6578
China,CHN,1963,1590.2612
China,CHN,1964,1645.5336
China,CHN,1965,1767.5175
China,CHN,1966,1832.2792
China,CHN,1967,1789.0726
China,CHN,1968,1734.8896
China,CHN,1969,1710.5784
China,CHN,1970,1820.0403
China,CHN,1971,1826.742
China,CHN,1972,1813.2631
China,CHN,1973,1884.927
China,CHN,1974,1883.9534
China,CHN,1975,1903.693
China,CHN,1976,1873.1554
China,CHN,1977,1914.5631
China,CHN,1978,2064.2698
China,CHN,1979,2079.4
China,CHN,1980,2147.8606
China,CHN,1981,2164.7676
China,CHN,1982,2325.5789
China,CHN,1983,2396.0232
China,CHN,1984,2434.0334
China,CHN,1985,2434.7097
China,CHN,1986,2434.7883
China,CHN,1987,2454.54
China,CHN,1988,2436.9785
China,CHN,1989,2429.4075
China,CHN,1990,2529.7139
China,CHN,1991,2456.3723
China,CHN,1992,2485.6501
China,CHN,1993,2571.4824
China,CHN,1994,2640.4407
China,CHN,1995,2729.3691
China,CHN,1996,2732.1147
China,CHN,1997,2759.8708
China,CHN,1998,2801.8354
China,CHN,1999,2790.9294
China,CHN,2000,2831.9927
China,CHN,2001,2836.1829
China,CHN,2002,2850.6072
China,CHN,2003,2851.1482
China,CHN,2004,2875.2415
China,CHN,2005,2896.9106
China,CHN,2006,2900.6997
China,CHN,2007,2937.7812
China,CHN,2008,2996.8909
China,CHN,2009,3013.4585
China,CHN,2010,3041.44
China,CHN,2011,3088.33
China,CHN,2012,3103.46
China,CHN,2013,3100.17
China,CHN,2014,3199.88
China,CHN,2015,3235.5
China,CHN,2016,3227.27
China,CHN,2017,3264.49
China,CHN,2018,3280.37
China,CHN,2019,3308.05
China,CHN,2020,3330.46
China,CHN,2021,3418.33
China,CHN,2022,3472.2903
China,CHN,2023,3526.8997
China (FAO),,1961,1439
China (FAO),,1962,1547
China (FAO),,1963,1614
China (FAO),,1964,1685
China (FAO),,1965,1813
China (FAO),,1966,1880
China (FAO),,1967,1833
China (FAO),,1968,1776
China (FAO),,1969,1751
China (FAO),,1970,1859
China (FAO),,1971,1863
China (FAO),,1972,1848
China (FAO),,1973,1917
China (FAO),,1974,1913
China (FAO),,1975,1929
China (FAO),,1976,1896
China (FAO),,1977,1934
China (FAO),,1978,2080
China (FAO),,1979,2095
China (FAO),,1980,2161
China (FAO),,1981,2178
China (FAO),,1982,2339
China (FAO),,1983,2407
China (FAO),,1984,2440
China (FAO),,1985,2437
China (FAO),,1986,2433
China (FAO),,1987,2448
China (FAO),,1988,2427
China (FAO),,1989,2417
China (FAO),,1990,2515
China (FAO),,1991,2444
China (FAO),,1992,2468
China (FAO),,1993,2550
China (FAO),,1994,2614
China (FAO),,1995,2701
China (FAO),,1996,2704
China (FAO),,1997,2734
China (FAO),,1998,2776
China (FAO),,1999,2770
China (FAO),,2000,2814
China (FAO),,2001,2821
China (FAO),,2002,2836
China (FAO),,2003,2838
China (FAO),,2004,2861
China (FAO),,2005,2883
China (FAO),,2006,2886
China (FAO),,2007,2921
China (FAO),,2008,2977
China (FAO),,2009,2995
China (FAO),,2010,3040.17
China (FAO),,2011,3085.76
China (FAO),,2012,3100.18
China (FAO),,2013,3097.2
China (FAO),,2014,3195.07
China (FAO),,2015,3229.71
China (FAO),,2016,3221.75
China (FAO),,2017,3258.41
China (FAO),,2018,3274.57
China (FAO),,2019,3301.99
China (FAO),,2020,3323.27
China (FAO),,2021,3408.66
China (FAO),,2022,3461.13
China (FAO),,2023,3513.91
Colombia,COL,1947,1950
Colombia,COL,1961,2244.606
Colombia,COL,1962,2256.4045
Colombia,COL,1963,2141.0066
Colombia,COL,1964,2187.6846
Colombia,COL,1965,2143.0276
Colombia,COL,1966,2079.2095
Colombia,COL,1967,2064.5928
Colombia,COL,1968,2070.917
Colombia,COL,1969,2072.128
Colombia,COL,1970,2098.4197
Colombia,COL,1971,2180.9082
Colombia,COL,1972,2204.5066
Colombia,COL,1973,2228.283
Colombia,COL,1974,2312.075
Colombia,COL,1975,2355.9502
Colombia,COL,1976,2489.8892
Colombia,COL,1977,2465.7412
Colombia,COL,1978,2548.7507
Colombia,COL,1979,2529.8752
Colombia,COL,1980,2601.2039
Colombia,COL,1981,2593.7766
Colombia,COL,1982,2589.7244
Colombia,COL,1983,2625.2676
Colombia,COL,1984,2596.1384
Colombia,COL,1985,2561.8682
Colombia,COL,1986,2552.7126
Colombia,COL,1987,2649.878
Colombia,COL,1988,2602.422
Colombia,COL,1989,2639.1753
Colombia,COL,1990,2631.4941
Colombia,COL,1991,2633.5923
Colombia,COL,1992,2703.1917
Colombia,COL,1993,2747.7869
Colombia,COL,1994,2773.8281
Colombia,COL,1995,2831.5615
Colombia,COL,1996,2816.4885
Colombia,COL,1997,2826.1504
Colombia,COL,1998,2784.0027
Colombia,COL,1999,2818.9814
Colombia,COL,2000,2836.447
Colombia,COL,2001,2875.238
Colombia,COL,2002,2843.492
Colombia,COL,2003,2861.8765
Colombia,COL,2004,2843.8552
Colombia,COL,2005,2801.4417
Colombia,COL,2006,2844.6123
Colombia,COL,2007,2885.8867
Colombia,COL,2008,2896.4336
Colombia,COL,2009,2801.676
Colombia,COL,2010,2801.4397
Colombia,COL,2011,2803.9597
Colombia,COL,2012,2897.59
Colombia,COL,2013,2974.2998
Colombia,COL,2014,3009.4202
Colombia,COL,2015,3075.3203
Colombia,COL,2016,3090.76
Colombia,COL,2017,3052.0203
Colombia,COL,2018,3088.0303
Colombia,COL,2019,3063.84
Colombia,COL,2020,3105.9102
Colombia,COL,2021,3113.6199
Colombia,COL,2022,3127.4597
Colombia,COL,2023,3126.3198
Comoros,COM,2010,2404.418
Comoros,COM,2011,2387.0056
Comoros,COM,2012,2394.0254
Comoros,COM,2013,2446.2344
Comoros,COM,2014,2444.2388
Comoros,COM,2015,2443.363
Comoros,COM,2016,2506.6033
Comoros,COM,2017,2495.2935
Comoros,COM,2018,2485.9875
Comoros,COM,2019,2499.5437
Comoros,COM,2020,2492.0627
Comoros,COM,2021,2443.886
Comoros,COM,2022,2416.8672
Comoros,COM,2023,2390.16
Congo,COG,1961,2005.4003
Congo,COG,1962,2009.012
Congo,COG,1963,2006.4639
Congo,COG,1964,2043.295
Congo,COG,1965,1996.9716
Congo,COG,1966,1931.7063
Congo,COG,1967,1927.85
Congo,COG,1968,1925.9991
Congo,COG,1969,1850.0798
Congo,COG,1970,1806.2484
Congo,COG,1971,1845.7468
Congo,COG,1972,1907.3016
Congo,COG,1973,1859.1738
Congo,COG,1974,1806.9651
Congo,COG,1975,1913.091
Congo,COG,1976,1887.6786
Congo,COG,1977,1930.9839
Congo,COG,1978,1949.9164
Congo,COG,1979,1965.9658
Congo,COG,1980,2028.7339
Congo,COG,1981,2007.5529
Congo,COG,1982,2121.9526
Congo,COG,1983,2120.6157
Congo,COG,1984,2155.8435
Congo,COG,1985,2149.349
Congo,COG,1986,2137.391
Congo,COG,1987,2173.3591
Congo,COG,1988,2151.8086
Congo,COG,1989,2107.8494
Congo,COG,1990,2003.0493
Congo,COG,1991,1999.1741
Congo,COG,1992,2006.037
Congo,COG,1993,1981.8336
Congo,COG,1994,1961.3737
Congo,COG,1995,1957.5226
Congo,COG,1996,1949.939
Congo,COG,1997,1986.194
Congo,COG,1998,2051.1917
Congo,COG,1999,2106.6987
Congo,COG,2000,2159.4885
Congo,COG,2001,2186.6157
Congo,COG,2002,2213.9854
Congo,COG,2003,2182.297
Congo,COG,2004,2189.0183
Congo,COG,2005,1958.2163
Congo,COG,2006,2036.665
Congo,COG,2007,2016.2307
Congo,COG,2008,1988.1687
Congo,COG,2009,1998.798
Congo,COG,2010,1974.3038
Congo,COG,2011,1940.4366
Congo,COG,2012,1994.3472
Congo,COG,2013,2072.4583
Congo,COG,2014,2118.417
Congo,COG,2015,2120.4688
Congo,COG,2016,2099.188
Congo,COG,2017,2124.6987
Congo,COG,2018,2110.247
Congo,COG,2019,2124.8716
Congo,COG,2020,2159.6792
Congo,COG,2021,2174.0276
Congo,COG,2022,2152.2786
Congo,COG,2023,2187.12
Costa Rica,CRI,1961,1978.8448
Costa Rica,CRI,1962,2019.1942
Costa Rica,CRI,1963,2026.5402
Costa Rica,CRI,1964,2105.673
Costa Rica,CRI,1965,2169.595
Costa Rica,CRI,1966,2139.294
Costa Rica,CRI,1967,2089.3926
Costa Rica,CRI,1968,2153.63
Costa Rica,CRI,1969,2178.7075
Costa Rica,CRI,1970,2229.266
Costa Rica,CRI,1971,2285.6206
Costa Rica,CRI,1972,2308.0747
Costa Rica,CRI,1973,2332.4268
Costa Rica,CRI,1974,2339.9949
Costa Rica,CRI,1975,2377.819
Costa Rica,CRI,1976,2412.9702
Costa Rica,CRI,1977,2431.5986
Costa Rica,CRI,1978,2407.9265
Costa Rica,CRI,1979,2441.5786
Costa Rica,CRI,1980,2519.249
Costa Rica,CRI,1981,2449.7576
Costa Rica,CRI,1982,2376.9744
Costa Rica,CRI,1983,2474.132
Costa Rica,CRI,1984,2519.0964
Costa Rica,CRI,1985,2594.7542
Costa Rica,CRI,1986,2593.641
Costa Rica,CRI,1987,2629.7278
Costa Rica,CRI,1988,2657.9114
Costa Rica,CRI,1989,2674.8286
Costa Rica,CRI,1990,2704.4875
Costa Rica,CRI,1991,2687.6711
Costa Rica,CRI,1992,2668.5273
Costa Rica,CRI,1993,2703.7449
Costa Rica,CRI,1994,2698.582
Costa Rica,CRI,1995,2726.1812
Costa Rica,CRI,1996,2674.009
Costa Rica,CRI,1997,2685.9036
Costa Rica,CRI,1998,2735.7776
Costa Rica,CRI,1999,2788.41
Costa Rica,CRI,2000,2794.4985
Costa Rica,CRI,2001,2803.829
Costa Rica,CRI,2002,2777.4082
Costa Rica,CRI,2003,2770.3933
Costa Rica,CRI,2004,2791.187
Costa Rica,CRI,2005,2851.7896
Costa Rica,CRI,2006,2919.9797
Costa Rica,CRI,2007,2911.9922
Costa Rica,CRI,2008,2903.5322
Costa Rica,CRI,2009,2906.9465
Costa Rica,CRI,2010,2879.7168
Costa Rica,CRI,2011,2881.8975
Costa Rica,CRI,2012,2878.9
Costa Rica,CRI,2013,2889.1082
Costa Rica,CRI,2014,2919.4463
Costa Rica,CRI,2015,2931.287
Costa Rica,CRI,2016,3020.158
Costa Rica,CRI,2017,3056.042
Costa Rica,CRI,2018,3053.2441
Costa Rica,CRI,2019,3071.5706
Costa Rica,CRI,2020,3078.388
Costa Rica,CRI,2021,3041.6895
Costa Rica,CRI,2022,3012.9875
Costa Rica,CRI,2023,3061.132
Cote d'Ivoire,CIV,1961,2199.874
Cote d'Ivoire,CIV,1962,2289.8196
Cote d'Ivoire,CIV,1963,2361.2048
Cote d'Ivoire,CIV,1964,2426.8037
Cote d'Ivoire,CIV,1965,2472.6948
Cote d'Ivoire,CIV,1966,2461.32
Cote d'Ivoire,CIV,1967,2455.36
Cote d'Ivoire,CIV,1968,2565.1145
Cote d'Ivoire,CIV,1969,2539.169
Cote d'Ivoire,CIV,1970,2576.6482
Cote d'Ivoire,CIV,1971,2521.1755
Cote d'Ivoire,CIV,1972,2492.8628
Cote d'Ivoire,CIV,1973,2466.8293
Cote d'Ivoire,CIV,1974,2463.156
Cote d'Ivoire,CIV,1975,2630.1936
Cote d'Ivoire,CIV,1976,2646.6724
Cote d'Ivoire,CIV,1977,2685.4753
Cote d'Ivoire,CIV,1978,2751.591
Cote d'Ivoire,CIV,1979,2911.582
Cote d'Ivoire,CIV,1980,2934.0735
Cote d'Ivoire,CIV,1981,3002.537
Cote d'Ivoire,CIV,1982,2954.8481
Cote d'Ivoire,CIV,1983,2856.468
Cote d'Ivoire,CIV,1984,2894.988
Cote d'Ivoire,CIV,1985,2820.6309
Cote d'Ivoire,CIV,1986,2795.3267
Cote d'Ivoire,CIV,1987,2682.0234
Cote d'Ivoire,CIV,1988,2677.6558
Cote d'Ivoire,CIV,1989,2610.0444
Cote d'Ivoire,CIV,1990,2550.469
Cote d'Ivoire,CIV,1991,2551.6643
Cote d'Ivoire,CIV,1992,2540.1018
Cote d'Ivoire,CIV,1993,2450.858
Cote d'Ivoire,CIV,1994,2452.2393
Cote d'Ivoire,CIV,1995,2462.3997
Cote d'Ivoire,CIV,1996,2472.095
Cote d'Ivoire,CIV,1997,2504.629
Cote d'Ivoire,CIV,1998,2445.4612
Cote d'Ivoire,CIV,1999,2427.7673
Cote d'Ivoire,CIV,2000,2380.5952
Cote d'Ivoire,CIV,2001,2371.0154
Cote d'Ivoire,CIV,2002,2383.066
Cote d'Ivoire,CIV,2003,2376.616
Cote d'Ivoire,CIV,2004,2395.5232
Cote d'Ivoire,CIV,2005,2415.5845
Cote d'Ivoire,CIV,2006,2392.262
Cote d'Ivoire,CIV,2007,2382.8948
Cote d'Ivoire,CIV,2008,2324.677
Cote d'Ivoire,CIV,2009,2305.8948
Cote d'Ivoire,CIV,2010,2601.249
Cote d'Ivoire,CIV,2011,2679.0999
Cote d'Ivoire,CIV,2012,2691.4497
Cote d'Ivoire,CIV,2013,2669.5906
Cote d'Ivoire,CIV,2014,2612.0208
Cote d'Ivoire,CIV,2015,2748.8394
Cote d'Ivoire,CIV,2016,2753.3296
Cote d'Ivoire,CIV,2017,2805.0393
Cote d'Ivoire,CIV,2018,2825.2495
Cote d'Ivoire,CIV,2019,2848.7896
Cote d'Ivoire,CIV,2020,2863.8098
Cote d'Ivoire,CIV,2021,2923.4802
Cote d'Ivoire,CIV,2022,2946.3794
Cote d'Ivoire,CIV,2023,2937.7498
Croatia,HRV,1992,2314.787
Croatia,HRV,1993,2255.2812
Croatia,HRV,1994,2395.0874
Croatia,HRV,1995,2584.9326
Croatia,HRV,1996,2599.9434
Croatia,HRV,1997,2583.6675
Croatia,HRV,1998,2578.9
Croatia,HRV,1999,2616.1604
Croatia,HRV,2000,2643.972
Croatia,HRV,2001,2830.891
Croatia,HRV,2002,2898.7341
Croatia,HRV,2003,2937.469
Croatia,HRV,2004,3004.42
Croatia,HRV,2005,3031.846
Croatia,HRV,2006,3114.9553
Croatia,HRV,2007,3114.8147
Croatia,HRV,2008,3141.6887
Croatia,HRV,2009,3085.996
Croatia,HRV,2010,2996.99
Croatia,HRV,2011,3029.9048
Croatia,HRV,2012,3031.8552
Croatia,HRV,2013,3105.4277
Croatia,HRV,2014,3019.4963
Croatia,HRV,2015,3095.2585
Croatia,HRV,2016,3211.4214
Croatia,HRV,2017,3174.8516
Croatia,HRV,2018,3250.3816
Croatia,HRV,2019,3297.8435
Croatia,HRV,2020,3334.8235
Croatia,HRV,2021,3382.8528
Croatia,HRV,2022,3416.4893
Croatia,HRV,2023,3447.5674
Cuba,CUB,1947,2682
Cuba,CUB,1948,2814
Cuba,CUB,1961,2093.1147
Cuba,CUB,1962,2165.5188
Cuba,CUB,1963,2361.0693
Cuba,CUB,1964,2305.6047
Cuba,CUB,1965,2319.018
Cuba,CUB,1966,2210.256
Cuba,CUB,1967,2279.553
Cuba,CUB,1968,2386.6184
Cuba,CUB,1969,2439.475
Cuba,CUB,1970,2549.0054
Cuba,CUB,1971,2714.614
Cuba,CUB,1972,2623.2546
Cuba,CUB,1973,2590.6028
Cuba,CUB,1974,2808.158
Cuba,CUB,1975,2663.2249
Cuba,CUB,1976,2757.1309
Cuba,CUB,1977,2719.9224
Cuba,CUB,1978,2804.4268
Cuba,CUB,1979,2719.5168
Cuba,CUB,1980,2901.9114
Cuba,CUB,1981,2941.9138
Cuba,CUB,1982,3013.5588
Cuba,CUB,1983,3065.0752
Cuba,CUB,1984,3110.2595
Cuba,CUB,1985,3110.446
Cuba,CUB,1986,3058.903
Cuba,CUB,1987,3063.307
Cuba,CUB,1988,2979.5132
Cuba,CUB,1989,2999.6472
Cuba,CUB,1990,2911.542
Cuba,CUB,1991,2727.6677
Cuba,CUB,1992,2496.5469
Cuba,CUB,1993,2316.9236
Cuba,CUB,1994,2359.477
Cuba,CUB,1995,2326.4126
Cuba,CUB,1996,2451.2393
Cuba,CUB,1997,2569.0747
Cuba,CUB,1998,2658.0352
Cuba,CUB,1999,2905.792
Cuba,CUB,2000,3038.8818
Cuba,CUB,2001,3084.5195
Cuba,CUB,2002,3163.757
Cuba,CUB,2003,3256.6047
Cuba,CUB,2004,3356.195
Cuba,CUB,2005,3262.5078
Cuba,CUB,2006,3266.489
Cuba,CUB,2007,3255.2415
Cuba,CUB,2008,3121.1704
Cuba,CUB,2009,3231.363
Cuba,CUB,2010,3250.9087
Cuba,CUB,2011,3307.608
Cuba,CUB,2012,3313.2021
Cuba,CUB,2013,3275.252
Cuba,CUB,2014,3316.15
Cuba,CUB,2015,3360.6072
Cuba,CUB,2016,3475.6484
Cuba,CUB,2017,3459.982
Cuba,CUB,2018,3433.9712
Cuba,CUB,2019,3385.1208
Cyprus,CYP,1961,2396.7678
Cyprus,CYP,1962,2329.4092
Cyprus,CYP,1963,2258.6826
Cyprus,CYP,1964,2455.781
Cyprus,CYP,1965,2540.346
Cyprus,CYP,1966,2596.5842
Cyprus,CYP,1967,2738.7244
Cyprus,CYP,1968,2818.8184
Cyprus,CYP,1969,2995.0498
Cyprus,CYP,1970,2898.1455
Cyprus,CYP,1971,2914.8333
Cyprus,CYP,1972,2679.8918
Cyprus,CYP,1973,2728.0515
Cyprus,CYP,1974,2343.3801
Cyprus,CYP,1975,2342.1008
Cyprus,CYP,1976,2294.8923
Cyprus,CYP,1977,2321.1523
Cyprus,CYP,1978,2405.6487
Cyprus,CYP,1979,2536.1301
Cyprus,CYP,1980,2461.8933
Cyprus,CYP,1981,2479.378
Cyprus,CYP,1982,2659.6929
Cyprus,CYP,1983,2616.15
Cyprus,CYP,1984,2701.3909
Cyprus,CYP,1985,2744.6074
Cyprus,CYP,1986,2622.3955
Cyprus,CYP,1987,2604.4614
Cyprus,CYP,1988,2529.094
Cyprus,CYP,1989,2593.7224
Cyprus,CYP,1990,2616.1602
Cyprus,CYP,1991,2690.1997
Cyprus,CYP,1992,2754.8633
Cyprus,CYP,1993,2775.1387
Cyprus,CYP,1994,2786.469
Cyprus,CYP,1995,2797.8098
Cyprus,CYP,1996,2701.4263
Cyprus,CYP,1997,2701.0708
Cyprus,CYP,1998,2707.4634
Cyprus,CYP,1999,2690.862
Cyprus,CYP,2000,2662.8215
Cyprus,CYP,2001,2639.4062
Cyprus,CYP,2002,2634.1213
Cyprus,CYP,2003,2606.8208
Cyprus,CYP,2004,2596.2087
Cyprus,CYP,2005,2557.1873
Cyprus,CYP,2006,2543.4094
Cyprus,CYP,2007,2615.0708
Cyprus,CYP,2008,2622.835
Cyprus,CYP,2009,2586.4336
Cyprus,CYP,2010,3011.1238
Cyprus,CYP,2011,2990.132
Cyprus,CYP,2012,2957.3425
Cyprus,CYP,2013,2909.5781
Cyprus,CYP,2014,2872.786
Cyprus,CYP,2015,2910.2405
Cyprus,CYP,2016,2869.7808
Cyprus,CYP,2017,2863.4036
Cyprus,CYP,2018,2857.903
Cyprus,CYP,2019,2906.5725
Cyprus,CYP,2020,2877.71
Cyprus,CYP,2021,2867.388
Cyprus,CYP,2022,2867.157
Cyprus,CYP,2023,2876.4578
Czechia,CZE,1993,3043.355
Czechia,CZE,1994,2984.2512
Czechia,CZE,1995,3217.3894
Czechia,CZE,1996,3329.2703
Czechia,CZE,1997,3245.743
Czechia,CZE,1998,3277.1428
Czechia,CZE,1999,3123.6619
Czechia,CZE,2000,3082.9675
Czechia,CZE,2001,3169.7083
Czechia,CZE,2002,3234.932
Czechia,CZE,2003,3304.4573
Czechia,CZE,2004,3304.6953
Czechia,CZE,2005,3302.1348
Czechia,CZE,2006,3269.5835
Czechia,CZE,2007,3261.1455
Czechia,CZE,2008,3278.6123
Czechia,CZE,2009,3296.4385
Czechia,CZE,2010,3286.3914
Czechia,CZE,2011,3274.5005
Czechia,CZE,2012,3272.8374
Czechia,CZE,2013,3301.4688
Czechia,CZE,2014,3205.0322
Czechia,CZE,2015,3133.5505
Czechia,CZE,2016,3258.3313
Czechia,CZE,2017,3298.719
Czechia,CZE,2018,3300.272
Czechia,CZE,2019,3338.9824
Czechia,CZE,2020,3352.2402
Czechia,CZE,2021,3380.829
Czechia,CZE,2022,3393.448
Czechia,CZE,2023,3384.2693
Czechoslovakia,OWID_CZS,1947,2402
Czechoslovakia,OWID_CZS,1948,2656
Czechoslovakia,OWID_CZS,1961,3303.635
Czechoslovakia,OWID_CZS,1962,3351.6233
Czechoslovakia,OWID_CZS,1963,3397
Czechoslovakia,OWID_CZS,1964,3369.3086
Czechoslovakia,OWID_CZS,1965,3366.781
Czechoslovakia,OWID_CZS,1966,3395.854
Czechoslovakia,OWID_CZS,1967,3382.387
Czechoslovakia,OWID_CZS,1968,3433.5554
Czechoslovakia,OWID_CZS,1969,3394.2869
Czechoslovakia,OWID_CZS,1970,3360.282
Czechoslovakia,OWID_CZS,1971,3359.1995
Czechoslovakia,OWID_CZS,1972,3351.0845
Czechoslovakia,OWID_CZS,1973,3369.5369
Czechoslovakia,OWID_CZS,1974,3369.4749
Czechoslovakia,OWID_CZS,1975,3360.5603
Czechoslovakia,OWID_CZS,1976,3350.9678
Czechoslovakia,OWID_CZS,1977,3303.2693
Czechoslovakia,OWID_CZS,1978,3357.5442
Czechoslovakia,OWID_CZS,1979,3342.6782
Czechoslovakia,OWID_CZS,1980,3344.1914
Czechoslovakia,OWID_CZS,1981,3394.1008
Czechoslovakia,OWID_CZS,1982,3445.0352
Czechoslovakia,OWID_CZS,1983,3407.7705
Czechoslovakia,OWID_CZS,1984,3450.4475
Czechoslovakia,OWID_CZS,1985,3436.8875
Czechoslovakia,OWID_CZS,1986,3475.5286
Czechoslovakia,OWID_CZS,1987,3489.7197
Czechoslovakia,OWID_CZS,1988,3586.7573
Czechoslovakia,OWID_CZS,1989,3601.6682
Czechoslovakia,OWID_CZS,1990,3648.1245
Czechoslovakia,OWID_CZS,1991,3301.2117
Czechoslovakia,OWID_CZS,1992,3161.6072
Democratic Republic of Congo,COD,2010,2163.74
Democratic Republic of Congo,COD,2011,2185.62
Democratic Republic of Congo,COD,2012,2144.5498
Democratic Republic of Congo,COD,2013,2115.32
Democratic Republic of Congo,COD,2014,2167.8499
Democratic Republic of Congo,COD,2015,2133.42
Democratic Republic of Congo,COD,2016,2085.9697
Democratic Republic of Congo,COD,2017,2121.05
Democratic Republic of Congo,COD,2018,2100.9497
Democratic Republic of Congo,COD,2019,2090.9998
Democratic Republic of Congo,COD,2020,2026.11
Democratic Republic of Congo,COD,2021,2047.24
Democratic Republic of Congo,COD,2022,2033.0999
Democratic Republic of Congo,COD,2023,2014.8198
Denmark,DNK,1947,3125
Denmark,DNK,1948,3206
Denmark,DNK,1961,3188.826
Denmark,DNK,1962,3103.024
Denmark,DNK,1963,3099.1455
Denmark,DNK,1964,3112.7322
Denmark,DNK,1965,3106.759
Denmark,DNK,1966,3117.2207
Denmark,DNK,1967,3078.309
Denmark,DNK,1968,3093.1265
Denmark,DNK,1969,3083.905
Denmark,DNK,1970,3157.8494
Denmark,DNK,1971,3186.0317
Denmark,DNK,1972,3098.4045
Denmark,DNK,1973,3033.5134
Denmark,DNK,1974,3032.607
Denmark,DNK,1975,2989.3525
Denmark,DNK,1976,2989.2349
Denmark,DNK,1977,3014.3945
Denmark,DNK,1978,3031.7646
Denmark,DNK,1979,3057.68
Denmark,DNK,1980,3128.9517
Denmark,DNK,1981,3136.0635
Denmark,DNK,1982,3095.083
Denmark,DNK,1983,3036.6885
Denmark,DNK,1984,3020.8716
Denmark,DNK,1985,3166.4563
Denmark,DNK,1986,3134.8984
Denmark,DNK,1987,3209.016
Denmark,DNK,1988,3244.1548
Denmark,DNK,1989,3180.6948
Denmark,DNK,1990,3160.3704
Denmark,DNK,1991,3226.7834
Denmark,DNK,1992,3337.7598
Denmark,DNK,1993,3340.52
Denmark,DNK,1994,3318.064
Denmark,DNK,1995,3394.764
Denmark,DNK,1996,3288.3228
Denmark,DNK,1997,3359.8804
Denmark,DNK,1998,3391.6313
Denmark,DNK,1999,3330.238
Denmark,DNK,2000,3311.9707
Denmark,DNK,2001,3332.6196
Denmark,DNK,2002,3368.6287
Denmark,DNK,2003,3338.274
Denmark,DNK,2004,3378.4995
Denmark,DNK,2005,3413.0237
Denmark,DNK,2006,3409.24
Denmark,DNK,2007,3449.0344
Denmark,DNK,2008,3327.355
Denmark,DNK,2009,3340.5024
Denmark,DNK,2010,3510.9668
Denmark,DNK,2011,3494.5513
Denmark,DNK,2012,3478.5857
Denmark,DNK,2013,3551.228
Denmark,DNK,2014,3654.8967
Denmark,DNK,2015,3700.4814
Denmark,DNK,2016,3670.1626
Denmark,DNK,2017,3656.4236
Denmark,DNK,2018,3816.4172
Denmark,DNK,2019,3763.7915
Denmark,DNK,2020,3815.3105
Denmark,DNK,2021,3802.2837
Denmark,DNK,2022,3785.3892
Denmark,DNK,2023,3733.874
Djibouti,DJI,1961,1587.6162
Djibouti,DJI,1962,1657.253
Djibouti,DJI,1963,1645.7241
Djibouti,DJI,1964,1637.5686
Djibouti,DJI,1965,1671.6465
Djibouti,DJI,1966,1719.8917
Djibouti,DJI,1967,1814.3746
Djibouti,DJI,1968,1861.0054
Djibouti,DJI,1969,1741.4946
Djibouti,DJI,1970,1881.1472
Djibouti,DJI,1971,1880.0531
Djibouti,DJI,1972,1814.0292
Djibouti,DJI,1973,1899.7255
Djibouti,DJI,1974,1798.6003
Djibouti,DJI,1975,1772.3916
Djibouti,DJI,1976,1744.9111
Djibouti,DJI,1977,1707.551
Djibouti,DJI,1978,1581.5627
Djibouti,DJI,1979,1507.1866
Djibouti,DJI,1980,1581.124
Djibouti,DJI,1981,1589.3906
Djibouti,DJI,1982,1621.3955
Djibouti,DJI,1983,1632.3689
Djibouti,DJI,1984,1607.0425
Djibouti,DJI,1985,1644.6556
Djibouti,DJI,1986,1698.3992
Djibouti,DJI,1987,1674.0293
Djibouti,DJI,1988,1722.7628
Djibouti,DJI,1989,1633.8977
Djibouti,DJI,1990,1642.1013
Djibouti,DJI,1991,1463.7885
Djibouti,DJI,1992,1513.1786
Djibouti,DJI,1993,1645.1167
Djibouti,DJI,1994,1662.9324
Djibouti,DJI,1995,1790.385
Djibouti,DJI,1996,1763.1047
Djibouti,DJI,1997,1799.2992
Djibouti,DJI,1998,1856.7108
Djibouti,DJI,1999,1868.9032
Djibouti,DJI,2000,1928.1265
Djibouti,DJI,2001,1886.1238
Djibouti,DJI,2002,1920.8423
Djibouti,DJI,2003,1943.3505
Djibouti,DJI,2004,1980.5237
Djibouti,DJI,2005,2097.1873
Djibouti,DJI,2006,2130.7576
Djibouti,DJI,2007,2205.5115
Djibouti,DJI,2008,2220.2122
Djibouti,DJI,2009,2223.8054
Djibouti,DJI,2010,2423.075
Djibouti,DJI,2011,2477.4368
Djibouti,DJI,2012,2518.0796
Djibouti,DJI,2013,2559.7563
Djibouti,DJI,2014,2640.02
Djibouti,DJI,2015,2699.974
Djibouti,DJI,2016,2677.7644
Djibouti,DJI,2017,2703.3599
Djibouti,DJI,2018,2738.1245
Djibouti,DJI,2019,2751.36
Djibouti,DJI,2020,2764.1724
Djibouti,DJI,2021,2763.3975
Djibouti,DJI,2022,2695.0576
Djibouti,DJI,2023,2720.9438
Dominica,DMA,1961,1756.168
Dominica,DMA,1962,1829.4215
Dominica,DMA,1963,1876.9734
Dominica,DMA,1964,1883.1348
Dominica,DMA,1965,1927.836
Dominica,DMA,1966,1945.569
Dominica,DMA,1967,1955.0596
Dominica,DMA,1968,2053.9468
Dominica,DMA,1969,2049.8557
Dominica,DMA,1970,2061.1807
Dominica,DMA,1971,2036.349
Dominica,DMA,1972,2041.6714
Dominica,DMA,1973,1940.654
Dominica,DMA,1974,1967.429
Dominica,DMA,1975,2001.4248
Dominica,DMA,1976,2069.3264
Dominica,DMA,1977,2152.988
Dominica,DMA,1978,2242.1467
Dominica,DMA,1979,2112.9656
Dominica,DMA,1980,2288.925
Dominica,DMA,1981,2314.599
Dominica,DMA,1982,2353.0342
Dominica,DMA,1983,2332.3203
Dominica,DMA,1984,2488.741
Dominica,DMA,1985,2566.4084
Dominica,DMA,1986,2771.7637
Dominica,DMA,1987,2886.324
Dominica,DMA,1988,2984.8784
Dominica,DMA,1989,3029.371
Dominica,DMA,1990,3020.691
Dominica,DMA,1991,2974.3367
Dominica,DMA,1992,2940.5862
Dominica,DMA,1993,2919.6147
Dominica,DMA,1994,2934.2812
Dominica,DMA,1995,3006.9507
Dominica,DMA,1996,2962.8503
Dominica,DMA,1997,3001.2263
Dominica,DMA,1998,2949.0627
Dominica,DMA,1999,2975.4802
Dominica,DMA,2000,3128.8398
Dominica,DMA,2001,3115.712
Dominica,DMA,2002,3054.471
Dominica,DMA,2003,3069.4946
Dominica,DMA,2004,3014.5344
Dominica,DMA,2005,3019.6946
Dominica,DMA,2006,3009.2703
Dominica,DMA,2007,3136.4468
Dominica,DMA,2008,3114.6138
Dominica,DMA,2009,3130.5188
Dominica,DMA,2010,2979.2332
Dominica,DMA,2011,2959.0652
Dominica,DMA,2012,2978.7666
Dominica,DMA,2013,2958.6196
Dominica,DMA,2014,2969.7224
Dominica,DMA,2015,3014.807
Dominica,DMA,2016,3006.8464
Dominica,DMA,2017,3037.2573
Dominica,DMA,2018,3042.264
Dominica,DMA,2019,3137.4666
Dominica,DMA,2020,3146.5112
Dominica,DMA,2021,3255.3909
Dominica,DMA,2022,3278.3
Dominican Republic,DOM,1961,1739.2864
Dominican Republic,DOM,1962,1877.86
Dominican Republic,DOM,1963,1890.0162
Dominican Republic,DOM,1964,1899.9487
Dominican Republic,DOM,1965,1835.853
Dominican Republic,DOM,1966,1958.775
Dominican Republic,DOM,1967,1920.5983
Dominican Republic,DOM,1968,1980.7817
Dominican Republic,DOM,1969,2034.5063
Dominican Republic,DOM,1970,2016.5881
Dominican Republic,DOM,1971,2047.2247
Dominican Republic,DOM,1972,2071.5183
Dominican Republic,DOM,1973,2134.1091
Dominican Republic,DOM,1974,2173.8398
Dominican Republic,DOM,1975,2133.4436
Dominican Republic,DOM,1976,2145.007
Dominican Republic,DOM,1977,2219.4219
Dominican Republic,DOM,1978,2185.1018
Dominican Republic,DOM,1979,2214.808
Dominican Republic,DOM,1980,2299.2646
Dominican Republic,DOM,1981,2261.4817
Dominican Republic,DOM,1982,2240.1104
Dominican Republic,DOM,1983,2255.5278
Dominican Republic,DOM,1984,2305.58
Dominican Republic,DOM,1985,2404.4958
Dominican Republic,DOM,1986,2407.2295
Dominican Republic,DOM,1987,2332.3867
Dominican Republic,DOM,1988,2262.9768
Dominican Republic,DOM,1989,2300.3342
Dominican Republic,DOM,1990,2096.1487
Dominican Republic,DOM,1991,2169.04
Dominican Republic,DOM,1992,2167.5989
Dominican Republic,DOM,1993,2247.3118
Dominican Republic,DOM,1994,2278.851
Dominican Republic,DOM,1995,2281.7056
Dominican Republic,DOM,1996,2198.314
Dominican Republic,DOM,1997,2174.577
Dominican Republic,DOM,1998,2162.2883
Dominican Republic,DOM,1999,2169.8108
Dominican Republic,DOM,2000,2244.4165
Dominican Republic,DOM,2001,2278.3816
Dominican Republic,DOM,2002,2306.365
Dominican Republic,DOM,2003,2164.5654
Dominican Republic,DOM,2004,2240.8523
Dominican Republic,DOM,2005,2357.7693
Dominican Republic,DOM,2006,2401.921
Dominican Republic,DOM,2007,2443.493
Dominican Republic,DOM,2008,2395.4536
Dominican Republic,DOM,2009,2438.5632
Dominican Republic,DOM,2010,2590.8772
Dominican Republic,DOM,2011,2647.1992
Dominican Republic,DOM,2012,2682.5203
Dominican Republic,DOM,2013,2741.9878
Dominican Republic,DOM,2014,2812.962
Dominican Republic,DOM,2015,2795.611
Dominican Republic,DOM,2016,2890.5
Dominican Republic,DOM,2017,2939.8684
Dominican Republic,DOM,2018,3001.2705
Dominican Republic,DOM,2019,3055.3792
Dominican Republic,DOM,2020,3111.2705
Dominican Republic,DOM,2021,3163.4302
Dominican Republic,DOM,2022,3269.259
Dominican Republic,DOM,2023,3313.4402
East Timor,TLS,1961,1864.4414
East Timor,TLS,1962,1879.8049
East Timor,TLS,1963,1818.7157
East Timor,TLS,1964,1789.7703
East Timor,TLS,1965,1831.9229
East Timor,TLS,1966,1913.0266
East Timor,TLS,1967,1867.5272
East Timor,TLS,1968,1890.3068
East Timor,TLS,1969,1951.292
East Timor,TLS,1970,1869.6208
East Timor,TLS,1971,1874.4027
East Timor,TLS,1972,1875.1115
East Timor,TLS,1973,1922.4928
East Timor,TLS,1974,1926.7286
East Timor,TLS,1975,1933.0222
East Timor,TLS,1976,1913.1909
East Timor,TLS,1977,1947.1503
East Timor,TLS,1978,1949.6755
East Timor,TLS,1979,1960.1237
East Timor,TLS,1980,1856.8699
East Timor,TLS,1981,1886.8287
East Timor,TLS,1982,1916.3783
East Timor,TLS,1983,1936.4781
East Timor,TLS,1984,2009.709
East Timor,TLS,1985,2006.5138
East Timor,TLS,1986,2020.0286
East Timor,TLS,1987,2019.7443
East Timor,TLS,1988,2038.3138
East Timor,TLS,1989,2034.5837
East Timor,TLS,1990,1794.6611
East Timor,TLS,1991,1929.806
East Timor,TLS,1992,2000.1051
East Timor,TLS,1993,2058.1099
East Timor,TLS,1994,2028.5636
East Timor,TLS,1995,2030.3022
East Timor,TLS,1996,1838.7227
East Timor,TLS,1997,1809.3861
East Timor,TLS,1998,1627.1976
East Timor,TLS,1999,1858.1453
East Timor,TLS,2000,2145.6162
East Timor,TLS,2001,2080.3125
East Timor,TLS,2002,2109.5317
East Timor,TLS,2003,2094.1917
East Timor,TLS,2004,2123.2595
East Timor,TLS,2005,2133.138
East Timor,TLS,2006,2124.373
East Timor,TLS,2007,2109.3245
East Timor,TLS,2008,2096.0723
East Timor,TLS,2009,2050.0518
East Timor,TLS,2010,2259.1733
East Timor,TLS,2011,2289.796
East Timor,TLS,2012,2280.168
East Timor,TLS,2013,2288.5662
East Timor,TLS,2014,2338.5344
East Timor,TLS,2015,2298.8843
East Timor,TLS,2016,2285.3428
East Timor,TLS,2017,2307.6096
East Timor,TLS,2018,2248.2664
East Timor,TLS,2019,2256.4995
East Timor,TLS,2020,2221.4282
East Timor,TLS,2021,2240.847
East Timor,TLS,2022,2301.7517
East Timor,TLS,2023,2276.5469
Eastern Africa (FAO),,1961,1989
Eastern Africa (FAO),,1962,1993
Eastern Africa (FAO),,1963,1981
Eastern Africa (FAO),,1964,1981
Eastern Africa (FAO),,1965,1997
Eastern Africa (FAO),,1966,1982
Eastern Africa (FAO),,1967,2002
Eastern Africa (FAO),,1968,1979
Eastern Africa (FAO),,1969,2003
Eastern Africa (FAO),,1970,2005
Eastern Africa (FAO),,1971,2003
Eastern Africa (FAO),,1972,1974
Eastern Africa (FAO),,1973,1972
Eastern Africa (FAO),,1974,1983
Eastern Africa (FAO),,1975,2016
Eastern Africa (FAO),,1976,2043
Eastern Africa (FAO),,1977,2047
Eastern Africa (FAO),,1978,2037
Eastern Africa (FAO),,1979,2080
Eastern Africa (FAO),,1980,2095
Eastern Africa (FAO),,1981,2061
Eastern Africa (FAO),,1982,2060
Eastern Africa (FAO),,1983,2061
Eastern Africa (FAO),,1984,1962
Eastern Africa (FAO),,1985,1971
Eastern Africa (FAO),,1986,1980
Eastern Africa (FAO),,1987,1951
Eastern Africa (FAO),,1988,1958
Eastern Africa (FAO),,1989,1952
Eastern Africa (FAO),,1990,1925
Eastern Africa (FAO),,1991,1918
Eastern Africa (FAO),,1992,1869
Eastern Africa (FAO),,1993,1860
Eastern Africa (FAO),,1994,1885
Eastern Africa (FAO),,1995,1903
Eastern Africa (FAO),,1996,1924
Eastern Africa (FAO),,1997,1926
Eastern Africa (FAO),,1998,1955
Eastern Africa (FAO),,1999,1970
Eastern Africa (FAO),,2000,1977
Eastern Africa (FAO),,2001,2000
Eastern Africa (FAO),,2002,2020
Eastern Africa (FAO),,2003,2021
Eastern Africa (FAO),,2004,2033
Eastern Africa (FAO),,2005,2089
Eastern Africa (FAO),,2006,2095
Eastern Africa (FAO),,2007,2088
Eastern Africa (FAO),,2008,2095
Eastern Africa (FAO),,2009,2124
Eastern Africa (FAO),,2010,2185.5
Eastern Africa (FAO),,2011,2201.14
Eastern Africa (FAO),,2012,2215.18
Eastern Africa (FAO),,2013,2230.41
Eastern Africa (FAO),,2014,2246.59
Eastern Africa (FAO),,2015,2256.16
Eastern Africa (FAO),,2016,2223.39
Eastern Africa (FAO),,2017,2263.82
Eastern Africa (FAO),,2018,2291.28
Eastern Africa (FAO),,2019,2265.23
Eastern Africa (FAO),,2020,2321.59
Eastern Africa (FAO),,2021,2320.09
Eastern Africa (FAO),,2022,2356.47
Eastern Africa (FAO),,2023,2347
Eastern Asia (FAO),,1961,1594
Eastern Asia (FAO),,1962,1691
Eastern Asia (FAO),,1963,1753
Eastern Asia (FAO),,1964,1818
Eastern Asia (FAO),,1965,1924
Eastern Asia (FAO),,1966,1985
Eastern Asia (FAO),,1967,1950
Eastern Asia (FAO),,1968,1905
Eastern Asia (FAO),,1969,1888
Eastern Asia (FAO),,1970,1985
Eastern Asia (FAO),,1971,1990
Eastern Asia (FAO),,1972,1984
Eastern Asia (FAO),,1973,2044
Eastern Asia (FAO),,1974,2035
Eastern Asia (FAO),,1975,2049
Eastern Asia (FAO),,1976,2028
Eastern Asia (FAO),,1977,2060
Eastern Asia (FAO),,1978,2187
Eastern Asia (FAO),,1979,2203
Eastern Asia (FAO),,1980,2252
Eastern Asia (FAO),,1981,2261
Eastern Asia (FAO),,1982,2399
Eastern Asia (FAO),,1983,2459
Eastern Asia (FAO),,1984,2489
Eastern Asia (FAO),,1985,2488
Eastern Asia (FAO),,1986,2488
Eastern Asia (FAO),,1987,2505
Eastern Asia (FAO),,1988,2490
Eastern Asia (FAO),,1989,2484
Eastern Asia (FAO),,1990,2564
Eastern Asia (FAO),,1991,2502
Eastern Asia (FAO),,1992,2521
Eastern Asia (FAO),,1993,2590
Eastern Asia (FAO),,1994,2646
Eastern Asia (FAO),,1995,2719
Eastern Asia (FAO),,1996,2726
Eastern Asia (FAO),,1997,2751
Eastern Asia (FAO),,1998,2781
Eastern Asia (FAO),,1999,2780
Eastern Asia (FAO),,2000,2818
Eastern Asia (FAO),,2001,2822
Eastern Asia (FAO),,2002,2834
Eastern Asia (FAO),,2003,2834
Eastern Asia (FAO),,2004,2855
Eastern Asia (FAO),,2005,2873
Eastern Asia (FAO),,2006,2871
Eastern Asia (FAO),,2007,2906
Eastern Asia (FAO),,2008,2949
Eastern Asia (FAO),,2009,2960
Eastern Asia (FAO),,2010,3001.26
Eastern Asia (FAO),,2011,3042.31
Eastern Asia (FAO),,2012,3057.92
Eastern Asia (FAO),,2013,3055.7
Eastern Asia (FAO),,2014,3141.78
Eastern Asia (FAO),,2015,3170.58
Eastern Asia (FAO),,2016,3163.33
Eastern Asia (FAO),,2017,3198.39
Eastern Asia (FAO),,2018,3209.85
Eastern Asia (FAO),,2019,3239.04
Eastern Asia (FAO),,2020,3252.46
Eastern Asia (FAO),,2021,3327.75
Eastern Asia (FAO),,2022,3374.54
Eastern Asia (FAO),,2023,3417.94
Eastern Europe (FAO),,1961,3100
Eastern Europe (FAO),,1962,3159
Eastern Europe (FAO),,1963,3202
Eastern Europe (FAO),,1964,3204
Eastern Europe (FAO),,1965,3222
Eastern Europe (FAO),,1966,3233
Eastern Europe (FAO),,1967,3247
Eastern Europe (FAO),,1968,3297
Eastern Europe (FAO),,1969,3300
Eastern Europe (FAO),,1970,3330
Eastern Europe (FAO),,1971,3322
Eastern Europe (FAO),,1972,3292
Eastern Europe (FAO),,1973,3330
Eastern Europe (FAO),,1974,3363
Eastern Europe (FAO),,1975,3349
Eastern Europe (FAO),,1976,3411
Eastern Europe (FAO),,1977,3377
Eastern Europe (FAO),,1978,3400
Eastern Europe (FAO),,1979,3392
Eastern Europe (FAO),,1980,3388
Eastern Europe (FAO),,1981,3352
Eastern Europe (FAO),,1982,3352
Eastern Europe (FAO),,1983,3366
Eastern Europe (FAO),,1984,3372
Eastern Europe (FAO),,1985,3365
Eastern Europe (FAO),,1986,3358
Eastern Europe (FAO),,1987,3394
Eastern Europe (FAO),,1988,3393
Eastern Europe (FAO),,1989,3356
Eastern Europe (FAO),,1990,3360
Eastern Europe (FAO),,1991,3067
Eastern Europe (FAO),,1992,3071
Eastern Europe (FAO),,1993,3078
Eastern Europe (FAO),,1994,2982
Eastern Europe (FAO),,1995,2970
Eastern Europe (FAO),,1996,2913
Eastern Europe (FAO),,1997,2950
Eastern Europe (FAO),,1998,2962
Eastern Europe (FAO),,1999,2961
Eastern Europe (FAO),,2000,2980
Eastern Europe (FAO),,2001,3042
Eastern Europe (FAO),,2002,3093
Eastern Europe (FAO),,2003,3111
Eastern Europe (FAO),,2004,3160
Eastern Europe (FAO),,2005,3213
Eastern Europe (FAO),,2006,3244
Eastern Europe (FAO),,2007,3271
Eastern Europe (FAO),,2008,3282
Eastern Europe (FAO),,2009,3249
Eastern Europe (FAO),,2010,3272.55
Eastern Europe (FAO),,2011,3306.64
Eastern Europe (FAO),,2012,3314.48
Eastern Europe (FAO),,2013,3305.82
Eastern Europe (FAO),,2014,3318.13
Eastern Europe (FAO),,2015,3298.97
Eastern Europe (FAO),,2016,3308.44
Eastern Europe (FAO),,2017,3331.9
Eastern Europe (FAO),,2018,3314.71
Eastern Europe (FAO),,2019,3331.86
Eastern Europe (FAO),,2020,3348.08
Eastern Europe (FAO),,2021,3370.92
Eastern Europe (FAO),,2022,3405.91
Eastern Europe (FAO),,2023,3428.74
Ecuador,ECU,1961,1970.1984
Ecuador,ECU,1962,1997.8672
Ecuador,ECU,1963,2033.7983
Ecuador,ECU,1964,2026.6128
Ecuador,ECU,1965,2168.1682
Ecuador,ECU,1966,2159.079
Ecuador,ECU,1967,2119.0884
Ecuador,ECU,1968,2103.6943
Ecuador,ECU,1969,2116.1748
Ecuador,ECU,1970,2145.566
Ecuador,ECU,1971,2077.7222
Ecuador,ECU,1972,2143.5493
Ecuador,ECU,1973,2063.0735
Ecuador,ECU,1974,2079.229
Ecuador,ECU,1975,2166.816
Ecuador,ECU,1976,2224.8962
Ecuador,ECU,1977,2220.0864
Ecuador,ECU,1978,2214.988
Ecuador,ECU,1979,2219.6375
Ecuador,ECU,1980,2309.0042
Ecuador,ECU,1981,2250.034
Ecuador,ECU,1982,2256.7085
Ecuador,ECU,1983,2131.1829
Ecuador,ECU,1984,2179.299
Ecuador,ECU,1985,2143.4915
Ecuador,ECU,1986,2219.2776
Ecuador,ECU,1987,2194.5706
Ecuador,ECU,1988,2253.0046
Ecuador,ECU,1989,2213.5522
Ecuador,ECU,1990,2180.6812
Ecuador,ECU,1991,2124.0173
Ecuador,ECU,1992,2250.473
Ecuador,ECU,1993,2254.7712
Ecuador,ECU,1994,2345.07
Ecuador,ECU,1995,2255.288
Ecuador,ECU,1996,2249.5679
Ecuador,ECU,1997,2286.0256
Ecuador,ECU,1998,2211.5815
Ecuador,ECU,1999,2295.6594
Ecuador,ECU,2000,2256.8696
Ecuador,ECU,2001,2194.7222
Ecuador,ECU,2002,2219.5227
Ecuador,ECU,2003,2186.8005
Ecuador,ECU,2004,2212.9634
Ecuador,ECU,2005,2236.7712
Ecuador,ECU,2006,2219.1672
Ecuador,ECU,2007,2203.6123
Ecuador,ECU,2008,2287.0398
Ecuador,ECU,2009,2279.194
Ecuador,ECU,2010,2595.9487
Ecuador,ECU,2011,2601.4998
Ecuador,ECU,2012,2594.6792
Ecuador,ECU,2013,2553.0098
Ecuador,ECU,2014,2601.2888
Ecuador,ECU,2015,2603.8503
Ecuador,ECU,2016,2537.4097
Ecuador,ECU,2017,2549.7808
Ecuador,ECU,2018,2541.5513
Ecuador,ECU,2019,2508.7205
Ecuador,ECU,2020,2545.8606
Ecuador,ECU,2021,2578.4792
Ecuador,ECU,2022,2570.31
Ecuador,ECU,2023,2620.9102
Egypt,EGY,1947,2364
Egypt,EGY,1948,2458
Egypt,EGY,1961,2165.137
Egypt,EGY,1962,2248.2756
Egypt,EGY,1963,2264.14
Egypt,EGY,1964,2302.951
Egypt,EGY,1965,2334.873
Egypt,EGY,1966,2396.349
Egypt,EGY,1967,2338.9028
Egypt,EGY,1968,2382.2085
Egypt,EGY,1969,2381.9902
Egypt,EGY,1970,2384.7346
Egypt,EGY,1971,2371.714
Egypt,EGY,1972,2411.178
Egypt,EGY,1973,2450.2341
Egypt,EGY,1974,2490.5493
Egypt,EGY,1975,2522.7407
Egypt,EGY,1976,2603.544
Egypt,EGY,1977,2642.4397
Egypt,EGY,1978,2732.064
Egypt,EGY,1979,2849.413
Egypt,EGY,1980,2920.808
Egypt,EGY,1981,3055.1133
Egypt,EGY,1982,3102.5173
Egypt,EGY,1983,3070.2405
Egypt,EGY,1984,3053.441
Egypt,EGY,1985,3045.5312
Egypt,EGY,1986,3022.2263
Egypt,EGY,1987,3083.5662
Egypt,EGY,1988,3061.3066
Egypt,EGY,1989,3023.6467
Egypt,EGY,1990,3068.8074
Egypt,EGY,1991,3031.4905
Egypt,EGY,1992,3014.41
Egypt,EGY,1993,3013.6792
Egypt,EGY,1994,3053.5002
Egypt,EGY,1995,3088.5579
Egypt,EGY,1996,3088.2173
Egypt,EGY,1997,3098.8389
Egypt,EGY,1998,3059.285
Egypt,EGY,1999,3054.6138
Egypt,EGY,2000,3047.8845
Egypt,EGY,2001,3068.884
Egypt,EGY,2002,3076.5366
Egypt,EGY,2003,3013.488
Egypt,EGY,2004,2939.0178
Egypt,EGY,2005,2979.9446
Egypt,EGY,2006,2991.116
Egypt,EGY,2007,3034.3357
Egypt,EGY,2008,3068.3948
Egypt,EGY,2009,3019.1753
Egypt,EGY,2010,3294.79
Egypt,EGY,2011,3247.6897
Egypt,EGY,2012,3237.3
Egypt,EGY,2013,3158.6997
Egypt,EGY,2014,3151.5798
Egypt,EGY,2015,3143.8103
Egypt,EGY,2016,3138.9602
Egypt,EGY,2017,3149.9202
Egypt,EGY,2018,3166.2
Egypt,EGY,2019,3162.49
Egypt,EGY,2020,3111.73
Egypt,EGY,2021,3081.45
Egypt,EGY,2022,3107.94
Egypt,EGY,2023,3094.01
El Salvador,SLV,1947,1557
El Salvador,SLV,1961,1568.9514
El Salvador,SLV,1962,1611.9773
El Salvador,SLV,1963,1659.9817
El Salvador,SLV,1964,1642.2882
El Salvador,SLV,1965,1720.6166
El Salvador,SLV,1966,1730.4265
El Salvador,SLV,1967,1750.8962
El Salvador,SLV,1968,1780.3
El Salvador,SLV,1969,1772.0032
El Salvador,SLV,1970,1775.9447
El Salvador,SLV,1971,1832.4852
El Salvador,SLV,1972,1832.4207
El Salvador,SLV,1973,1890.7908
El Salvador,SLV,1974,1942.3909
El Salvador,SLV,1975,2088.0374
El Salvador,SLV,1976,2120.223
El Salvador,SLV,1977,2164.2793
El Salvador,SLV,1978,2198.7307
El Salvador,SLV,1979,2261.1433
El Salvador,SLV,1980,2305.669
El Salvador,SLV,1981,2363.581
El Salvador,SLV,1982,2330.527
El Salvador,SLV,1983,2306.9553
El Salvador,SLV,1984,2324.9136
El Salvador,SLV,1985,2290.0183
El Salvador,SLV,1986,2213.2834
El Salvador,SLV,1987,2186.7002
El Salvador,SLV,1988,2227.7874
El Salvador,SLV,1989,2243.2375
El Salvador,SLV,1990,2284.1802
El Salvador,SLV,1991,2375.3152
El Salvador,SLV,1992,2377.8079
El Salvador,SLV,1993,2357.4814
El Salvador,SLV,1994,2363.9543
El Salvador,SLV,1995,2386.1323
El Salvador,SLV,1996,2404.7097
El Salvador,SLV,1997,2432.3296
El Salvador,SLV,1998,2437.8782
El Salvador,SLV,1999,2417.1528
El Salvador,SLV,2000,2547.6853
El Salvador,SLV,2001,2635.4602
El Salvador,SLV,2002,2652.435
El Salvador,SLV,2003,2610.1626
El Salvador,SLV,2004,2586.3772
El Salvador,SLV,2005,2599.8613
El Salvador,SLV,2006,2617.649
El Salvador,SLV,2007,2614.3242
El Salvador,SLV,2008,2626.3816
El Salvador,SLV,2009,2631.3318
El Salvador,SLV,2010,2627.8188
El Salvador,SLV,2011,2630.3308
El Salvador,SLV,2012,2650.8313
El Salvador,SLV,2013,2640.2778
El Salvador,SLV,2014,2644.1992
El Salvador,SLV,2015,2649.6123
El Salvador,SLV,2016,2697.3862
El Salvador,SLV,2017,2750.7563
El Salvador,SLV,2018,2785.5833
El Salvador,SLV,2019,2848.1716
El Salvador,SLV,2020,2798.5059
El Salvador,SLV,2021,2828.69
El Salvador,SLV,2022,2891.7017
El Salvador,SLV,2023,2896.326
Estonia,EST,1992,2487.8804
Estonia,EST,1993,2553.1501
Estonia,EST,1994,2665.3096
Estonia,EST,1995,2883.2144
Estonia,EST,1996,3014.7966
Estonia,EST,1997,2961.0825
Estonia,EST,1998,2909.0947
Estonia,EST,1999,3048.8936
Estonia,EST,2000,2982.3171
Estonia,EST,2001,2977.5964
Estonia,EST,2002,2973.6487
Estonia,EST,2003,3002.5815
Estonia,EST,2004,3010.6511
Estonia,EST,2005,3097.2317
Estonia,EST,2006,3136.6873
Estonia,EST,2007,3155.4097
Estonia,EST,2008,3240.9507
Estonia,EST,2009,3268.904
Estonia,EST,2010,3233.75
Estonia,EST,2011,3220.5254
Estonia,EST,2012,3151.772
Estonia,EST,2013,3175.34
Estonia,EST,2014,3177.723
Estonia,EST,2015,3130.34
Estonia,EST,2016,3104.23
Estonia,EST,2017,3101.9265
Estonia,EST,2018,3197.541
Estonia,EST,2019,3250.525
Estonia,EST,2020,3243.838
Estonia,EST,2021,3241.57
Estonia,EST,2022,3303.8726
Estonia,EST,2023,3286.532
Eswatini,SWZ,1961,2252.7961
Eswatini,SWZ,1962,2213.971
Eswatini,SWZ,1963,2156.401
Eswatini,SWZ,1964,2134.1836
Eswatini,SWZ,1965,2185.3933
Eswatini,SWZ,1966,2171.0571
Eswatini,SWZ,1967,2105.018
Eswatini,SWZ,1968,2254.2024
Eswatini,SWZ,1969,2255.39
Eswatini,SWZ,1970,2318.8364
Eswatini,SWZ,1971,2297.0662
Eswatini,SWZ,1972,2302.286
Eswatini,SWZ,1973,2404.2832
Eswatini,SWZ,1974,2422.4104
Eswatini,SWZ,1975,2472.5977
Eswatini,SWZ,1976,2535.966
Eswatini,SWZ,1977,2399.0798
Eswatini,SWZ,1978,2435.974
Eswatini,SWZ,1979,2407.0613
Eswatini,SWZ,1980,2396.2058
Eswatini,SWZ,1981,2399.1643
Eswatini,SWZ,1982,2449.1514
Eswatini,SWZ,1983,2399.5066
Eswatini,SWZ,1984,2450.1536
Eswatini,SWZ,1985,2381.9321
Eswatini,SWZ,1986,2429.8728
Eswatini,SWZ,1987,2428.0923
Eswatini,SWZ,1988,2419.6067
Eswatini,SWZ,1989,2441.8447
Eswatini,SWZ,1990,2306.7778
Eswatini,SWZ,1991,2231.6787
Eswatini,SWZ,1992,2234.808
Eswatini,SWZ,1993,2175.5105
Eswatini,SWZ,1994,2238.4524
Eswatini,SWZ,1995,2196.0361
Eswatini,SWZ,1996,2206.144
Eswatini,SWZ,1997,2156.756
Eswatini,SWZ,1998,2195.9385
Eswatini,SWZ,1999,2302.8274
Eswatini,SWZ,2000,2401.9558
Eswatini,SWZ,2001,2366.6924
Eswatini,SWZ,2002,2438.814
Eswatini,SWZ,2003,2484.6284
Eswatini,SWZ,2004,2519.2234
Eswatini,SWZ,2005,2429.1072
Eswatini,SWZ,2006,2396.947
Eswatini,SWZ,2007,2403.7947
Eswatini,SWZ,2008,2371.8994
Eswatini,SWZ,2009,2389.0938
Eswatini,SWZ,2010,2141.468
Eswatini,SWZ,2011,2198.4504
Eswatini,SWZ,2012,2270.6497
Eswatini,SWZ,2013,2366.969
Eswatini,SWZ,2014,2403.8994
Eswatini,SWZ,2015,2387.125
Eswatini,SWZ,2016,2387.1174
Eswatini,SWZ,2017,2412.5632
Eswatini,SWZ,2018,2475.1235
Eswatini,SWZ,2019,2461.1487
Eswatini,SWZ,2020,2506.7715
Eswatini,SWZ,2021,2514.0532
Eswatini,SWZ,2022,2554.048
Eswatini,SWZ,2023,2573.7764
Ethiopia,ETH,1947,1770
Ethiopia,ETH,1993,1498.148
Ethiopia,ETH,1994,1533.5673
Ethiopia,ETH,1995,1556.9838
Ethiopia,ETH,1996,1636.8369
Ethiopia,ETH,1997,1661.497
Ethiopia,ETH,1998,1657.17
Ethiopia,ETH,1999,1694.8885
Ethiopia,ETH,2000,1749.2396
Ethiopia,ETH,2001,1788.7084
Ethiopia,ETH,2002,1800.5608
Ethiopia,ETH,2003,1836.9805
Ethiopia,ETH,2004,1832.2466
Ethiopia,ETH,2005,1922.4598
Ethiopia,ETH,2006,1908.1998
Ethiopia,ETH,2007,1894.3074
Ethiopia,ETH,2008,1949.0533
Ethiopia,ETH,2009,1978.0962
Ethiopia,ETH,2010,2188.2998
Ethiopia,ETH,2011,2203.3198
Ethiopia,ETH,2012,2254.1
Ethiopia,ETH,2013,2310.39
Ethiopia,ETH,2014,2385.8896
Ethiopia,ETH,2015,2483.1797
Ethiopia,ETH,2016,2471.9097
Ethiopia,ETH,2017,2523.1296
Ethiopia,ETH,2018,2506.1997
Ethiopia,ETH,2019,2469.31
Ethiopia,ETH,2020,2543.33
Ethiopia,ETH,2021,2556.18
Ethiopia,ETH,2022,2563.25
Ethiopia,ETH,2023,2558.4197
Ethiopia (former),OWID_ERE,1961,1748.0126
Ethiopia (former),OWID_ERE,1962,1744.7651
Ethiopia (former),OWID_ERE,1963,1744.5421
Ethiopia (former),OWID_ERE,1964,1745.206
Ethiopia (former),OWID_ERE,1965,1731.0385
Ethiopia (former),OWID_ERE,1966,1688.3276
Ethiopia (former),OWID_ERE,1967,1704.1077
Ethiopia (former),OWID_ERE,1968,1640.2559
Ethiopia (former),OWID_ERE,1969,1689.1663
Ethiopia (former),OWID_ERE,1970,1697.5642
Ethiopia (former),OWID_ERE,1971,1679.3654
Ethiopia (former),OWID_ERE,1972,1594.6062
Ethiopia (former),OWID_ERE,1973,1552.2192
Ethiopia (former),OWID_ERE,1974,1546.7808
Ethiopia (former),OWID_ERE,1975,1537.2445
Ethiopia (former),OWID_ERE,1976,1525.4844
Ethiopia (former),OWID_ERE,1977,1552.6212
Ethiopia (former),OWID_ERE,1978,1573.0121
Ethiopia (former),OWID_ERE,1979,1783.2711
Ethiopia (former),OWID_ERE,1980,1889.5513
Ethiopia (former),OWID_ERE,1981,1801.5835
Ethiopia (former),OWID_ERE,1982,1821.6852
Ethiopia (former),OWID_ERE,1983,1842.5952
Ethiopia (former),OWID_ERE,1984,1643.2422
Ethiopia (former),OWID_ERE,1985,1661.9711
Ethiopia (former),OWID_ERE,1986,1755.1134
Ethiopia (former),OWID_ERE,1987,1698.467
Ethiopia (former),OWID_ERE,1988,1763.1713
Ethiopia (former),OWID_ERE,1989,1672.8555
Ethiopia (former),OWID_ERE,1990,1650.7223
Ethiopia (former),OWID_ERE,1991,1659.9358
Ethiopia (former),OWID_ERE,1992,1616.6896
Europe,OWID_EUR,1961,3046.791
Europe,OWID_EUR,1962,3098.799
Europe,OWID_EUR,1963,3121.98
Europe,OWID_EUR,1964,3130.367
Europe,OWID_EUR,1965,3157.294
Europe,OWID_EUR,1966,3170.7107
Europe,OWID_EUR,1967,3188.483
Europe,OWID_EUR,1968,3223.7935
Europe,OWID_EUR,1969,3223.0562
Europe,OWID_EUR,1970,3267.2092
Europe,OWID_EUR,1971,3263.7134
Europe,OWID_EUR,1972,3247.7168
Europe,OWID_EUR,1973,3288.006
Europe,OWID_EUR,1974,3295.8125
Europe,OWID_EUR,1975,3276.9316
Europe,OWID_EUR,1976,3325.6045
Europe,OWID_EUR,1977,3300.6892
Europe,OWID_EUR,1978,3331.1008
Europe,OWID_EUR,1979,3344.129
Europe,OWID_EUR,1980,3342.106
Europe,OWID_EUR,1981,3311.0486
Europe,OWID_EUR,1982,3316.7024
Europe,OWID_EUR,1983,3325.885
Europe,OWID_EUR,1984,3335.0176
Europe,OWID_EUR,1985,3348.044
Europe,OWID_EUR,1986,3351.411
Europe,OWID_EUR,1987,3378.9192
Europe,OWID_EUR,1988,3390.0273
Europe,OWID_EUR,1989,3372.4912
Europe,OWID_EUR,1990,3362.1765
Europe,OWID_EUR,1991,3226.7861
Europe,OWID_EUR,1992,3231.0461
Europe,OWID_EUR,1993,3199.3474
Europe,OWID_EUR,1994,3159.5654
Europe,OWID_EUR,1995,3156.984
Europe,OWID_EUR,1996,3164.2703
Europe,OWID_EUR,1997,3169.3665
Europe,OWID_EUR,1998,3207.6296
Europe,OWID_EUR,1999,3215.7656
Europe,OWID_EUR,2000,3230.9814
Europe,OWID_EUR,2001,3269.357
Europe,OWID_EUR,2002,3302.3176
Europe,OWID_EUR,2003,3287.981
Europe,OWID_EUR,2004,3316.5645
Europe,OWID_EUR,2005,3336.4597
Europe,OWID_EUR,2006,3365.5027
Europe,OWID_EUR,2007,3381.8271
Europe,OWID_EUR,2008,3390.3772
Europe,OWID_EUR,2009,3374.3298
Europe,OWID_EUR,2010,3376.391
Europe,OWID_EUR,2011,3397.5808
Europe,OWID_EUR,2012,3389.489
Europe,OWID_EUR,2013,3391.6235
Europe,OWID_EUR,2014,3380.323
Europe,OWID_EUR,2015,3378.9478
Europe,OWID_EUR,2016,3384.763
Europe,OWID_EUR,2017,3399.9683
Europe,OWID_EUR,2018,3398.4978
Europe,OWID_EUR,2019,3429.4548
Europe,OWID_EUR,2020,3443.546
Europe,OWID_EUR,2021,3453.0896
Europe,OWID_EUR,2022,3475.076
Europe,OWID_EUR,2023,3486.833
Europe (FAO),,1961,3041
Europe (FAO),,1962,3091
Europe (FAO),,1963,3113
Europe (FAO),,1964,3120
Europe (FAO),,1965,3144
Europe (FAO),,1966,3159
Europe (FAO),,1967,3177
Europe (FAO),,1968,3212
Europe (FAO),,1969,3214
Europe (FAO),,1970,3255
Europe (FAO),,1971,3252
Europe (FAO),,1972,3237
Europe (FAO),,1973,3279
Europe (FAO),,1974,3286
Europe (FAO),,1975,3266
Europe (FAO),,1976,3314
Europe (FAO),,1977,3291
Europe (FAO),,1978,3322
Europe (FAO),,1979,3336
Europe (FAO),,1980,3338
Europe (FAO),,1981,3309
Europe (FAO),,1982,3316
Europe (FAO),,1983,3325
Europe (FAO),,1984,3335
Europe (FAO),,1985,3347
Europe (FAO),,1986,3351
Europe (FAO),,1987,3379
Europe (FAO),,1988,3393
Europe (FAO),,1989,3376
Europe (FAO),,1990,3367
Europe (FAO),,1991,3237
Europe (FAO),,1992,3239
Europe (FAO),,1993,3203
Europe (FAO),,1994,3163
Europe (FAO),,1995,3161
Europe (FAO),,1996,3167
Europe (FAO),,1997,3174
Europe (FAO),,1998,3211
Europe (FAO),,1999,3218
Europe (FAO),,2000,3226
Europe (FAO),,2001,3264
Europe (FAO),,2002,3298
Europe (FAO),,2003,3286
Europe (FAO),,2004,3314
Europe (FAO),,2005,3331
Europe (FAO),,2006,3350
Europe (FAO),,2007,3364
Europe (FAO),,2008,3373
Europe (FAO),,2009,3357
Europe (FAO),,2010,3379.25
Europe (FAO),,2011,3400.52
Europe (FAO),,2012,3392.47
Europe (FAO),,2013,3394.69
Europe (FAO),,2014,3383.43
Europe (FAO),,2015,3382
Europe (FAO),,2016,3387.9
Europe (FAO),,2017,3403.16
Europe (FAO),,2018,3401.7
Europe (FAO),,2019,3432.65
Europe (FAO),,2020,3446.84
Europe (FAO),,2021,3456.44
Europe (FAO),,2022,3478.5
Europe (FAO),,2023,3490.29
European Union (27),OWID_EU27,1961,2750.634
European Union (27),OWID_EU27,1962,2800.7478
European Union (27),OWID_EU27,1963,2809.9211
European Union (27),OWID_EU27,1964,2821.2275
European Union (27),OWID_EU27,1965,2855.882
European Union (27),OWID_EU27,1966,2877.7744
European Union (27),OWID_EU27,1967,2897.2688
European Union (27),OWID_EU27,1968,2920.7373
European Union (27),OWID_EU27,1969,2922.0984
European Union (27),OWID_EU27,1970,2958.3274
European Union (27),OWID_EU27,1971,2972.6824
European Union (27),OWID_EU27,1972,2983.3877
European Union (27),OWID_EU27,1973,3020.0774
European Union (27),OWID_EU27,1974,3024.4219
European Union (27),OWID_EU27,1975,3001.9678
European Union (27),OWID_EU27,1976,3036.2734
European Union (27),OWID_EU27,1977,3017.6025
European Union (27),OWID_EU27,1978,3072.2915
European Union (27),OWID_EU27,1979,3090.3667
European Union (27),OWID_EU27,1980,3094.4722
European Union (27),OWID_EU27,1981,3051.8289
European Union (27),OWID_EU27,1982,3048.2808
European Union (27),OWID_EU27,1983,3059.9978
European Union (27),OWID_EU27,1984,3077.9692
European Union (27),OWID_EU27,1985,3100.3928
European Union (27),OWID_EU27,1986,3108.1128
European Union (27),OWID_EU27,1987,3132.2495
European Union (27),OWID_EU27,1988,3159.2695
European Union (27),OWID_EU27,1989,3160.9792
European Union (27),OWID_EU27,1990,3121.5063
European Union (27),OWID_EU27,1991,3141.9785
European Union (27),OWID_EU27,1992,3245.9287
European Union (27),OWID_EU27,1993,3305.9685
European Union (27),OWID_EU27,1994,3287.131
European Union (27),OWID_EU27,1995,3307.7283
European Union (27),OWID_EU27,1996,3344.514
European Union (27),OWID_EU27,1997,3315.2742
European Union (27),OWID_EU27,1998,3379.3083
European Union (27),OWID_EU27,1999,3386.278
European Union (27),OWID_EU27,2000,3403.627
European Union (27),OWID_EU27,2001,3424.4326
European Union (27),OWID_EU27,2002,3448.065
European Union (27),OWID_EU27,2003,3419.2239
European Union (27),OWID_EU27,2004,3422.743
European Union (27),OWID_EU27,2005,3421.3909
European Union (27),OWID_EU27,2006,3432.1958
European Union (27),OWID_EU27,2007,3435.8787
European Union (27),OWID_EU27,2008,3440.8435
European Union (27),OWID_EU27,2009,3442.045
European Union (27),OWID_EU27,2010,3440.4897
European Union (27),OWID_EU27,2011,3452.32
European Union (27),OWID_EU27,2012,3431.0298
European Union (27),OWID_EU27,2013,3436.8098
European Union (27),OWID_EU27,2014,3409.0798
European Union (27),OWID_EU27,2015,3413.79
European Union (27),OWID_EU27,2016,3435.23
European Union (27),OWID_EU27,2017,3447.7097
European Union (27),OWID_EU27,2018,3468.07
European Union (27),OWID_EU27,2019,3508.47
European Union (27),OWID_EU27,2020,3524.74
European Union (27),OWID_EU27,2021,3539.04
European Union (27),OWID_EU27,2022,3554.9497
European Union (27),OWID_EU27,2023,3545.8896
Fiji,FJI,1961,2520.4832
Fiji,FJI,1962,2582.6733
Fiji,FJI,1963,2664.3528
Fiji,FJI,1964,2621.4565
Fiji,FJI,1965,2749.1467
Fiji,FJI,1966,2551.749
Fiji,FJI,1967,2482.644
Fiji,FJI,1968,2478.328
Fiji,FJI,1969,2507.8677
Fiji,FJI,1970,2248.9788
Fiji,FJI,1971,2533.5112
Fiji,FJI,1972,2475.7678
Fiji,FJI,1973,2409.247
Fiji,FJI,1974,2304.8098
Fiji,FJI,1975,2339.3828
Fiji,FJI,1976,2285.5464
Fiji,FJI,1977,2390.7556
Fiji,FJI,1978,2385.8513
Fiji,FJI,1979,2458.7256
Fiji,FJI,1980,2481.7012
Fiji,FJI,1981,2185.2715
Fiji,FJI,1982,2458.0486
Fiji,FJI,1983,2473.505
Fiji,FJI,1984,2523.7646
Fiji,FJI,1985,2558.713
Fiji,FJI,1986,2443.4453
Fiji,FJI,1987,2398.1663
Fiji,FJI,1988,2444.2834
Fiji,FJI,1989,2435.595
Fiji,FJI,1990,2525.7478
Fiji,FJI,1991,2566.0603
Fiji,FJI,1992,2594.7903
Fiji,FJI,1993,2726.2456
Fiji,FJI,1994,2694.7566
Fiji,FJI,1995,2663.9023
Fiji,FJI,1996,2757.991
Fiji,FJI,1997,2777.9338
Fiji,FJI,1998,2756.832
Fiji,FJI,1999,2750.3591
Fiji,FJI,2000,2732.6965
Fiji,FJI,2001,2758.8552
Fiji,FJI,2002,2759.7607
Fiji,FJI,2003,2727.4294
Fiji,FJI,2004,2717.2957
Fiji,FJI,2005,2739.7393
Fiji,FJI,2006,2742.4238
Fiji,FJI,2007,2719.3396
Fiji,FJI,2008,2754.155
Fiji,FJI,2009,2738.4265
Fiji,FJI,2010,2675.3396
Fiji,FJI,2011,2721.6172
Fiji,FJI,2012,2683.21
Fiji,FJI,2013,2684.9136
Fiji,FJI,2014,2752.0933
Fiji,FJI,2015,2731.0652
Fiji,FJI,2016,2676.6887
Fiji,FJI,2017,2726.674
Fiji,FJI,2018,2792.3948
Fiji,FJI,2019,2841.1213
Fiji,FJI,2020,2883.6052
Fiji,FJI,2021,2925.3047
Fiji,FJI,2022,2898.1045
Fiji,FJI,2023,2938.04
Finland,FIN,1860,1900
Finland,FIN,1910,3000
Finland,FIN,1930,2950
Finland,FIN,1947,2617
Finland,FIN,1948,2851
Finland,FIN,1960,3110
Finland,FIN,1961,3266.4653
Finland,FIN,1962,3153.2876
Finland,FIN,1963,3072.3906
Finland,FIN,1964,3089.8984
Finland,FIN,1965,3123.5815
Finland,FIN,1966,3136.953
Finland,FIN,1967,3051.9255
Finland,FIN,1968,3043.5637
Finland,FIN,1969,3161.6812
Finland,FIN,1970,3128.47
Finland,FIN,1971,3145.3923
Finland,FIN,1972,3159.7087
Finland,FIN,1973,3200.1187
Finland,FIN,1974,3154.0984
Finland,FIN,1975,3204.883
Finland,FIN,1976,3147.1052
Finland,FIN,1977,3045.2693
Finland,FIN,1978,3039.5647
Finland,FIN,1979,3007.0928
Finland,FIN,1980,3093.7683
Finland,FIN,1981,3025.7253
Finland,FIN,1982,3108.4307
Finland,FIN,1983,2987.282
Finland,FIN,1984,3000.2615
Finland,FIN,1985,2962.8416
Finland,FIN,1986,2965.6536
Finland,FIN,1987,2944.829
Finland,FIN,1988,3101.3638
Finland,FIN,1989,3230.2595
Finland,FIN,1990,3145.2673
Finland,FIN,1991,3103.9705
Finland,FIN,1992,3185.4795
Finland,FIN,1993,3034.6458
Finland,FIN,1994,2987.5586
Finland,FIN,1995,3031.048
Finland,FIN,1996,3017.7566
Finland,FIN,1997,3150.6575
Finland,FIN,1998,3176.664
Finland,FIN,1999,3172.683
Finland,FIN,2000,3150.8801
Finland,FIN,2001,3171.0183
Finland,FIN,2002,3151.668
Finland,FIN,2003,3154.0254
Finland,FIN,2004,3187.9104
Finland,FIN,2005,3200.9524
Finland,FIN,2006,3238.077
Finland,FIN,2007,3283.0378
Finland,FIN,2008,3238.8142
Finland,FIN,2009,3236.1162
Finland,FIN,2010,3166.0317
Finland,FIN,2011,3193.7925
Finland,FIN,2012,3267.8054
Finland,FIN,2013,3248.1455
Finland,FIN,2014,3243.4666
Finland,FIN,2015,3240.3208
Finland,FIN,2016,3269.8013
Finland,FIN,2017,3269.7913
Finland,FIN,2018,3318.5261
Finland,FIN,2019,3341.7334
Finland,FIN,2020,3360.1562
Finland,FIN,2021,3335.9104
Finland,FIN,2022,3372.04
Finland,FIN,2023,3345.603
France,FRA,1705,1657
France,FRA,1785,1848
France,FRA,1800,1846
France,FRA,1820,1984
France,FRA,1830,2118
France,FRA,1840,2377
France,FRA,1850,2480
France,FRA,1860,2854
France,FRA,1870,2875
France,FRA,1880,3085
France,FRA,1890,3220
France,FRA,1900,3192
France,FRA,1910,3323
France,FRA,1920,3133
France,FRA,1930,3127
France,FRA,1947,2357
France,FRA,1948,2667
France,FRA,1960,3050
France,FRA,1961,3154.915
France,FRA,1962,3233.188
France,FRA,1963,3223.2761
France,FRA,1964,3219.661
France,FRA,1965,3239.7065
France,FRA,1966,3228.709
France,FRA,1967,3286.602
France,FRA,1968,3284.104
France,FRA,1969,3283.3936
France,FRA,1970,3298.9036
France,FRA,1971,3276.458
France,FRA,1972,3243.3071
France,FRA,1973,3259.5237
France,FRA,1974,3267.4043
France,FRA,1975,3244.7458
France,FRA,1976,3283.4775
France,FRA,1977,3344.2056
France,FRA,1978,3387.2114
France,FRA,1979,3382.2808
France,FRA,1980,3374.996
France,FRA,1981,3413.7249
France,FRA,1982,3413.2744
France,FRA,1983,3450.2446
France,FRA,1984,3439.779
France,FRA,1985,3482.6594
France,FRA,1986,3459.5886
France,FRA,1987,3528.646
France,FRA,1988,3556.1567
France,FRA,1989,3549.408
France,FRA,1990,3497.1265
France,FRA,1991,3530.2688
France,FRA,1992,3535.689
France,FRA,1993,3528.8245
France,FRA,1994,3499.413
France,FRA,1995,3522.8738
France,FRA,1996,3509.0762
France,FRA,1997,3537.8757
France,FRA,1998,3584.27
France,FRA,1999,3592.4587
France,FRA,2000,3588.5933
France,FRA,2001,3621.5203
France,FRA,2002,3639.077
France,FRA,2003,3574.4146
France,FRA,2004,3544.9907
France,FRA,2005,3527.664
France,FRA,2006,3501.4033
France,FRA,2007,3453.7065
France,FRA,2008,3538.1497
France,FRA,2009,3517.78
France,FRA,2010,3503.6897
France,FRA,2011,3490.5503
France,FRA,2012,3453.9602
France,FRA,2013,3459.4397
France,FRA,2014,3420.7598
France,FRA,2015,3407.9702
France,FRA,2016,3450.0503
France,FRA,2017,3452.0303
France,FRA,2018,3437.36
France,FRA,2019,3459.25
France,FRA,2020,3485.4504
France,FRA,2021,3489.97
France,FRA,2022,3532.2798
France,FRA,2023,3489.5496
French Polynesia,PYF,1961,2465.4895
French Polynesia,PYF,1962,2466.7385
French Polynesia,PYF,1963,2450.595
French Polynesia,PYF,1964,2509.964
French Polynesia,PYF,1965,2599.2314
French Polynesia,PYF,1966,2750.7551
French Polynesia,PYF,1967,2753.7488
French Polynesia,PYF,1968,2722.9363
French Polynesia,PYF,1969,2726.5232
French Polynesia,PYF,1970,2798.5476
French Polynesia,PYF,1971,2691.5283
French Polynesia,PYF,1972,2734.6187
French Polynesia,PYF,1973,2733.3535
French Polynesia,PYF,1974,2756.0742
French Polynesia,PYF,1975,2776.256
French Polynesia,PYF,1976,2795.0918
French Polynesia,PYF,1977,2741.4998
French Polynesia,PYF,1978,2734.6614
French Polynesia,PYF,1979,2735.7273
French Polynesia,PYF,1980,2639.1284
French Polynesia,PYF,1981,2621.2644
French Polynesia,PYF,1982,2650.969
French Polynesia,PYF,1983,2655.8762
French Polynesia,PYF,1984,2676.9604
French Polynesia,PYF,1985,2677.1655
French Polynesia,PYF,1986,2701.672
French Polynesia,PYF,1987,2654.624
French Polynesia,PYF,1988,2685.392
French Polynesia,PYF,1989,2684.8083
French Polynesia,PYF,1990,2689.4888
French Polynesia,PYF,1991,2694.2407
French Polynesia,PYF,1992,2742.1184
French Polynesia,PYF,1993,2725.2832
French Polynesia,PYF,1994,2752.4036
French Polynesia,PYF,1995,2759.5125
French Polynesia,PYF,1996,2772.705
French Polynesia,PYF,1997,2746.0852
French Polynesia,PYF,1998,2736.2192
French Polynesia,PYF,1999,2734.677
French Polynesia,PYF,2000,2765.95
French Polynesia,PYF,2001,2803.8523
French Polynesia,PYF,2002,2836.7537
French Polynesia,PYF,2003,2838.788
French Polynesia,PYF,2004,2869.2927
French Polynesia,PYF,2005,2859.3503
French Polynesia,PYF,2006,2845.2783
French Polynesia,PYF,2007,2850.3123
French Polynesia,PYF,2008,2858.4187
French Polynesia,PYF,2009,2869.3403
French Polynesia,PYF,2010,3007.3186
French Polynesia,PYF,2011,3007.076
French Polynesia,PYF,2012,2996.9783
French Polynesia,PYF,2013,2998.3845
French Polynesia,PYF,2014,2967.9395
French Polynesia,PYF,2015,2967.7554
French Polynesia,PYF,2016,2932.28
French Polynesia,PYF,2017,2923.8572
French Polynesia,PYF,2018,2939.3884
French Polynesia,PYF,2019,3029.2615
French Polynesia,PYF,2020,3097.2112
French Polynesia,PYF,2021,3139.188
French Polynesia,PYF,2022,3098.0415
French Polynesia,PYF,2023,3044.7659
Gabon,GAB,1961,1856.4198
Gabon,GAB,1962,1868.5272
Gabon,GAB,1963,1823.373
Gabon,GAB,1964,1816.5891
Gabon,GAB,1965,1829.7482
Gabon,GAB,1966,1864.1083
Gabon,GAB,1967,1913.0123
Gabon,GAB,1968,1964.7297
Gabon,GAB,1969,1919.0995
Gabon,GAB,1970,1927.563
Gabon,GAB,1971,1957.0498
Gabon,GAB,1972,1922.8237
Gabon,GAB,1973,1909.2797
Gabon,GAB,1974,2066.67
Gabon,GAB,1975,2152.8076
Gabon,GAB,1976,2171.7217
Gabon,GAB,1977,2229.0466
Gabon,GAB,1978,2284.8296
Gabon,GAB,1979,2208.5168
Gabon,GAB,1980,2204.9827
Gabon,GAB,1981,2203.7979
Gabon,GAB,1982,2277.6035
Gabon,GAB,1983,2333.6123
Gabon,GAB,1984,2396.081
Gabon,GAB,1985,2373.6714
Gabon,GAB,1986,2383.9705
Gabon,GAB,1987,2339.1855
Gabon,GAB,1988,2396.3318
Gabon,GAB,1989,2379.6062
Gabon,GAB,1990,2267.047
Gabon,GAB,1991,2462.2896
Gabon,GAB,1992,2404.213
Gabon,GAB,1993,2439.9158
Gabon,GAB,1994,2369.126
Gabon,GAB,1995,2449.0122
Gabon,GAB,1996,2535.6426
Gabon,GAB,1997,2527.212
Gabon,GAB,1998,2560.8157
Gabon,GAB,1999,2608.444
Gabon,GAB,2000,2610.437
Gabon,GAB,2001,2582.6516
Gabon,GAB,2002,2525.7854
Gabon,GAB,2003,2533.27
Gabon,GAB,2004,2535.5383
Gabon,GAB,2005,2558.2354
Gabon,GAB,2006,2544.3289
Gabon,GAB,2007,2520.6985
Gabon,GAB,2008,2448.011
Gabon,GAB,2009,2467.4185
Gabon,GAB,2010,2690.9253
Gabon,GAB,2011,2737.3792
Gabon,GAB,2012,2756.2756
Gabon,GAB,2013,2739.5786
Gabon,GAB,2014,2736.73
Gabon,GAB,2015,2733.24
Gabon,GAB,2016,2658.37
Gabon,GAB,2017,2610.0776
Gabon,GAB,2018,2628.82
Gabon,GAB,2019,2646.5588
Gabon,GAB,2020,2657.2725
Gabon,GAB,2021,2632.33
Gabon,GAB,2022,2636.74
Gabon,GAB,2023,2686.47
Gambia,GMB,1961,1907.416
Gambia,GMB,1962,1900.9403
Gambia,GMB,1963,1906.4122
Gambia,GMB,1964,1893.5728
Gambia,GMB,1965,2015.7295
Gambia,GMB,1966,1936.7034
Gambia,GMB,1967,1972.0348
Gambia,GMB,1968,1986.024
Gambia,GMB,1969,1982.1177
Gambia,GMB,1970,1907.8618
Gambia,GMB,1971,1938.4346
Gambia,GMB,1972,1776.3964
Gambia,GMB,1973,1768.95
Gambia,GMB,1974,1677.5247
Gambia,GMB,1975,1553.1377
Gambia,GMB,1976,1579.7007
Gambia,GMB,1977,1561.6812
Gambia,GMB,1978,1613.4742
Gambia,GMB,1979,1607.1359
Gambia,GMB,1980,1657.3767
Gambia,GMB,1981,1721.614
Gambia,GMB,1982,1755.9049
Gambia,GMB,1983,1821.1442
Gambia,GMB,1984,1852.6151
Gambia,GMB,1985,2021.5933
Gambia,GMB,1986,2193.7107
Gambia,GMB,1987,2157.0054
Gambia,GMB,1988,2134.9539
Gambia,GMB,1989,2099.3467
Gambia,GMB,1990,2192.7253
Gambia,GMB,1991,2196.5835
Gambia,GMB,1992,2136.9382
Gambia,GMB,1993,2092.557
Gambia,GMB,1994,2011.0769
Gambia,GMB,1995,2017.6364
Gambia,GMB,1996,2013.596
Gambia,GMB,1997,2084.1409
Gambia,GMB,1998,1983.8597
Gambia,GMB,1999,2116.7153
Gambia,GMB,2000,2187.5615
Gambia,GMB,2001,2136.4937
Gambia,GMB,2002,2089.3958
Gambia,GMB,2003,2099.2363
Gambia,GMB,2004,2116.364
Gambia,GMB,2005,2105.027
Gambia,GMB,2006,2070.9993
Gambia,GMB,2007,2195.075
Gambia,GMB,2008,2247.392
Gambia,GMB,2009,2280.0706
Gambia,GMB,2010,2676.1243
Gambia,GMB,2011,2653.5835
Gambia,GMB,2012,2640.801
Gambia,GMB,2013,2607.764
Gambia,GMB,2014,2560.5242
Gambia,GMB,2015,2517.52
Gambia,GMB,2016,2554.7244
Gambia,GMB,2017,2498.5688
Gambia,GMB,2018,2404.6367
Gambia,GMB,2019,2446.163
Gambia,GMB,2020,2405.7166
Gambia,GMB,2021,2380.5154
Gambia,GMB,2022,2437.758
Gambia,GMB,2023,2402.3237
Georgia,GEO,1992,1946.8693
Georgia,GEO,1993,1941.4291
Georgia,GEO,1994,1999.5557
Georgia,GEO,1995,2456.482
Georgia,GEO,1996,2637.6804
Georgia,GEO,1997,2775.8167
Georgia,GEO,1998,2768.6045
Georgia,GEO,1999,2810.2778
Georgia,GEO,2000,2812.405
Georgia,GEO,2001,2934.007
Georgia,GEO,2002,3079.203
Georgia,GEO,2003,3200.1458
Georgia,GEO,2004,3230.3462
Georgia,GEO,2005,3315.568
Georgia,GEO,2006,3186.057
Georgia,GEO,2007,3235.0605
Georgia,GEO,2008,3331.1433
Georgia,GEO,2009,3309.508
Georgia,GEO,2010,2771.8914
Georgia,GEO,2011,2794.237
Georgia,GEO,2012,2815.8914
Georgia,GEO,2013,2834.4314
Georgia,GEO,2014,2831.8594
Georgia,GEO,2015,2877.4
Georgia,GEO,2016,2814.5693
Georgia,GEO,2017,2891.54
Georgia,GEO,2018,2966.339
Georgia,GEO,2019,3020.8184
Georgia,GEO,2020,3028.94
Georgia,GEO,2021,3010.86
Georgia,GEO,2022,2998.6685
Georgia,GEO,2023,2999.827
Germany,DEU,1800,2210
Germany,DEU,1860,2120
Germany,DEU,1960,2960
Germany,DEU,1961,2875.384
Germany,DEU,1962,2936.8633
Germany,DEU,1963,2920.6943
Germany,DEU,1964,3009.043
Germany,DEU,1965,3039.2795
Germany,DEU,1966,3039.1267
Germany,DEU,1967,3040.655
Germany,DEU,1968,3107.0151
Germany,DEU,1969,3081.2202
Germany,DEU,1970,3143.8994
Germany,DEU,1971,3156.5054
Germany,DEU,1972,3181.8513
Germany,DEU,1973,3196.6643
Germany,DEU,1974,3139.9717
Germany,DEU,1975,3158.2969
Germany,DEU,1976,3242.2476
Germany,DEU,1977,3198.867
Germany,DEU,1978,3312.8723
Germany,DEU,1979,3328.3977
Germany,DEU,1980,3313.7297
Germany,DEU,1981,3297.6558
Germany,DEU,1982,3359.4895
Germany,DEU,1983,3404.6384
Germany,DEU,1984,3426.989
Germany,DEU,1985,3468.3938
Germany,DEU,1986,3455.4875
Germany,DEU,1987,3435.5784
Germany,DEU,1988,3457.675
Germany,DEU,1989,3446.7156
Germany,DEU,1990,3292.8718
Germany,DEU,1991,3352.9104
Germany,DEU,1992,3420.922
Germany,DEU,1993,3231.0085
Germany,DEU,1994,3251.3635
Germany,DEU,1995,3293.687
Germany,DEU,1996,3342.1208
Germany,DEU,1997,3218.456
Germany,DEU,1998,3344.6448
Germany,DEU,1999,3351.7722
Germany,DEU,2000,3405.9338
Germany,DEU,2001,3430.6885
Germany,DEU,2002,3494.5088
Germany,DEU,2003,3459.2097
Germany,DEU,2004,3483.975
Germany,DEU,2005,3525.2373
Germany,DEU,2006,3552.4583
Germany,DEU,2007,3625.9336
Germany,DEU,2008,3615.3943
Germany,DEU,2009,3612.6182
Germany,DEU,2010,3618.3103
Germany,DEU,2011,3651.8894
Germany,DEU,2012,3605.58
Germany,DEU,2013,3594.0398
Germany,DEU,2014,3577.47
Germany,DEU,2015,3590.45
Germany,DEU,2016,3564.59
Germany,DEU,2017,3554.88
Germany,DEU,2018,3586.32
Germany,DEU,2019,3616.8403
Germany,DEU,2020,3629.4
Germany,DEU,2021,3607.75
Germany,DEU,2022,3600.29
Germany,DEU,2023,3534.5398
Ghana,GHA,1961,1932.7804
Ghana,GHA,1962,1873.5358
Ghana,GHA,1963,1796.18
Ghana,GHA,1964,1826.8141
Ghana,GHA,1965,1831.2455
Ghana,GHA,1966,1942.814
Ghana,GHA,1967,2042.7686
Ghana,GHA,1968,1973.8391
Ghana,GHA,1969,1976.1969
Ghana,GHA,1970,2067.908
Ghana,GHA,1971,2060.472
Ghana,GHA,1972,1987.5063
Ghana,GHA,1973,2024.0688
Ghana,GHA,1974,2057.068
Ghana,GHA,1975,1928.3278
Ghana,GHA,1976,1796.6704
Ghana,GHA,1977,1593.1405
Ghana,GHA,1978,1541.0359
Ghana,GHA,1979,1479.3097
Ghana,GHA,1980,1438.2825
Ghana,GHA,1981,1432.1018
Ghana,GHA,1982,1353.0026
Ghana,GHA,1983,1394.1223
Ghana,GHA,1984,1627.1012
Ghana,GHA,1985,1662.5553
Ghana,GHA,1986,1722.9072
Ghana,GHA,1987,1831.2281
Ghana,GHA,1988,1809.64
Ghana,GHA,1989,1826.6874
Ghana,GHA,1990,1643.0085
Ghana,GHA,1991,1991.4413
Ghana,GHA,1992,2024.7126
Ghana,GHA,1993,2185.238
Ghana,GHA,1994,2222.9944
Ghana,GHA,1995,2264.7888
Ghana,GHA,1996,2291.4258
Ghana,GHA,1997,2306.8945
Ghana,GHA,1998,2333.6187
Ghana,GHA,1999,2366.4155
Ghana,GHA,2000,2406.1997
Ghana,GHA,2001,2452.872
Ghana,GHA,2002,2534.1714
Ghana,GHA,2003,2544.3384
Ghana,GHA,2004,2555.3955
Ghana,GHA,2005,2620.4382
Ghana,GHA,2006,2690.072
Ghana,GHA,2007,2670.6548
Ghana,GHA,2008,2811.326
Ghana,GHA,2009,2889.2373
Ghana,GHA,2010,2942.2688
Ghana,GHA,2011,2915.4897
Ghana,GHA,2012,2907.7095
Ghana,GHA,2013,2885.6594
Ghana,GHA,2014,2877.8098
Ghana,GHA,2015,2814.22
Ghana,GHA,2016,2793.7805
Ghana,GHA,2017,2888.4785
Ghana,GHA,2018,2972.7788
Ghana,GHA,2019,3036.3198
Ghana,GHA,2020,3070.1506
Ghana,GHA,2021,3143.6907
Ghana,GHA,2022,3137.6396
Ghana,GHA,2023,3124.9895
Greece,GRC,1947,2266
Greece,GRC,1948,2358
Greece,GRC,1961,2803.6038
Greece,GRC,1962,2766.0977
Greece,GRC,1963,2788.2822
Greece,GRC,1964,2879.0298
Greece,GRC,1965,2934.168
Greece,GRC,1966,2952.842
Greece,GRC,1967,3001.8223
Greece,GRC,1968,3035.6992
Greece,GRC,1969,3040.976
Greece,GRC,1970,3162.2634
Greece,GRC,1971,3187.95
Greece,GRC,1972,3141.657
Greece,GRC,1973,3427.1511
Greece,GRC,1974,3370.9922
Greece,GRC,1975,3353.1306
Greece,GRC,1976,3320.2947
Greece,GRC,1977,3337.1123
Greece,GRC,1978,3347.4165
Greece,GRC,1979,3341.151
Greece,GRC,1980,3191.5515
Greece,GRC,1981,3358.8853
Greece,GRC,1982,3391.2957
Greece,GRC,1983,3411.0083
Greece,GRC,1984,3519.4836
Greece,GRC,1985,3474.9568
Greece,GRC,1986,3299.6973
Greece,GRC,1987,3417.4468
Greece,GRC,1988,3498.0305
Greece,GRC,1989,3585.9338
Greece,GRC,1990,3506.3567
Greece,GRC,1991,3517.5254
Greece,GRC,1992,3601.557
Greece,GRC,1993,3562.771
Greece,GRC,1994,3616.1665
Greece,GRC,1995,3566.047
Greece,GRC,1996,3572.4014
Greece,GRC,1997,3585.044
Greece,GRC,1998,3608.3757
Greece,GRC,1999,3699.3545
Greece,GRC,2000,3670.2683
Greece,GRC,2001,3670.6052
Greece,GRC,2002,3684.3486
Greece,GRC,2003,3688.964
Greece,GRC,2004,3748.7698
Greece,GRC,2005,3612.8474
Greece,GRC,2006,3496.6714
Greece,GRC,2007,3517.7585
Greece,GRC,2008,3520.946
Greece,GRC,2009,3501.8235
Greece,GRC,2010,3502.5012
Greece,GRC,2011,3499.1604
Greece,GRC,2012,3490.9126
Greece,GRC,2013,3506.8818
Greece,GRC,2014,3435.6301
Greece,GRC,2015,3402.7495
Greece,GRC,2016,3344.938
Greece,GRC,2017,3371.8296
Greece,GRC,2018,3362.528
Greece,GRC,2019,3374.6997
Greece,GRC,2020,3311.69
Greece,GRC,2021,3350.1196
Greece,GRC,2022,3344.9397
Greece,GRC,2023,3381.65
Grenada,GRD,1961,1653.0358
Grenada,GRD,1962,1730.3746
Grenada,GRD,1963,1775.5833
Grenada,GRD,1964,1857.4644
Grenada,GRD,1965,1922.6455
Grenada,GRD,1966,1991.247
Grenada,GRD,1967,2005.0164
Grenada,GRD,1968,2038.5435
Grenada,GRD,1969,2084.3516
Grenada,GRD,1970,2140.1184
Grenada,GRD,1971,2095.156
Grenada,GRD,1972,2065.6726
Grenada,GRD,1973,2045.2377
Grenada,GRD,1974,1944.9548
Grenada,GRD,1975,1921.6661
Grenada,GRD,1976,1958.7528
Grenada,GRD,1977,2062.846
Grenada,GRD,1978,2103.9119
Grenada,GRD,1979,2133.9797
Grenada,GRD,1980,2125.3674
Grenada,GRD,1981,2155.3804
Grenada,GRD,1982,2157.544
Grenada,GRD,1983,2128.9976
Grenada,GRD,1984,2156.6196
Grenada,GRD,1985,2190.9202
Grenada,GRD,1986,2201.287
Grenada,GRD,1987,2393.3687
Grenada,GRD,1988,2393.1125
Grenada,GRD,1989,2401.1985
Grenada,GRD,1990,2395.847
Grenada,GRD,1991,2343.67
Grenada,GRD,1992,2344.3877
Grenada,GRD,1993,2370.6128
Grenada,GRD,1994,2341.8323
Grenada,GRD,1995,2310.1357
Grenada,GRD,1996,2297.1443
Grenada,GRD,1997,2298.9204
Grenada,GRD,1998,2213.897
Grenada,GRD,1999,2129.8716
Grenada,GRD,2000,2107.085
Grenada,GRD,2001,2163.7622
Grenada,GRD,2002,2170.513
Grenada,GRD,2003,2166.5457
Grenada,GRD,2004,2240.1543
Grenada,GRD,2005,2224.3584
Grenada,GRD,2006,2244.233
Grenada,GRD,2007,2253.465
Grenada,GRD,2008,2274.833
Grenada,GRD,2009,2275.0525
Grenada,GRD,2010,2415.2935
Grenada,GRD,2011,2430.958
Grenada,GRD,2012,2431.1855
Grenada,GRD,2013,2420.3982
Grenada,GRD,2014,2461.5818
Grenada,GRD,2015,2511.289
Grenada,GRD,2016,2595.7168
Grenada,GRD,2017,2601.8499
Grenada,GRD,2018,2660.9111
Grenada,GRD,2019,2630.1099
Grenada,GRD,2020,2687.1296
Grenada,GRD,2021,2765.5378
Grenada,GRD,2022,2771.1035
Grenada,GRD,2023,2826.5122
Guatemala,GTM,1961,1843.9601
Guatemala,GTM,1962,1871.3937
Guatemala,GTM,1963,1912.3373
Guatemala,GTM,1964,1969.6178
Guatemala,GTM,1965,1972.9253
Guatemala,GTM,1966,1975.3569
Guatemala,GTM,1967,1980.7928
Guatemala,GTM,1968,1991.3862
Guatemala,GTM,1969,2022.3376
Guatemala,GTM,1970,2036.1536
Guatemala,GTM,1971,2009.6205
Guatemala,GTM,1972,2020.779
Guatemala,GTM,1973,2078.0388
Guatemala,GTM,1974,2060.7085
Guatemala,GTM,1975,2145.6086
Guatemala,GTM,1976,2100.628
Guatemala,GTM,1977,2144.7405
Guatemala,GTM,1978,2160.818
Guatemala,GTM,1979,2166.0364
Guatemala,GTM,1980,2192.5637
Guatemala,GTM,1981,2424.2346
Guatemala,GTM,1982,2298.7878
Guatemala,GTM,1983,2153.2136
Guatemala,GTM,1984,2041.4905
Guatemala,GTM,1985,2216.6782
Guatemala,GTM,1986,2361.1174
Guatemala,GTM,1987,2333.7063
Guatemala,GTM,1988,2337.9587
Guatemala,GTM,1989,2196.8623
Guatemala,GTM,1990,2319.8306
Guatemala,GTM,1991,2276.5674
Guatemala,GTM,1992,2230.8718
Guatemala,GTM,1993,2276.084
Guatemala,GTM,1994,2293.3667
Guatemala,GTM,1995,2203.3923
Guatemala,GTM,1996,2165.8618
Guatemala,GTM,1997,2050.9722
Guatemala,GTM,1998,2068.3005
Guatemala,GTM,1999,2050.8508
Guatemala,GTM,2000,2068.8564
Guatemala,GTM,2001,2127.1218
Guatemala,GTM,2002,2266.3647
Guatemala,GTM,2003,2258.3499
Guatemala,GTM,2004,2244.2659
Guatemala,GTM,2005,2308.5952
Guatemala,GTM,2006,2347.7112
Guatemala,GTM,2007,2387.1262
Guatemala,GTM,2008,2328.9949
Guatemala,GTM,2009,2419.8005
Guatemala,GTM,2010,2481.369
Guatemala,GTM,2011,2490.7412
Guatemala,GTM,2012,2489.992
Guatemala,GTM,2013,2484.1702
Guatemala,GTM,2014,2487.961
Guatemala,GTM,2015,2526.2593
Guatemala,GTM,2016,2564.3098
Guatemala,GTM,2017,2606.1895
Guatemala,GTM,2018,2587.7302
Guatemala,GTM,2019,2636.1797
Guatemala,GTM,2020,2713.4497
Guatemala,GTM,2021,2746.3298
Guatemala,GTM,2022,2781.2505
Guatemala,GTM,2023,2823.1697
Guinea,GIN,1961,1964.2699
Guinea,GIN,1962,1945.0161
Guinea,GIN,1963,1939.4678
Guinea,GIN,1964,2049.7659
Guinea,GIN,1965,2011.8363
Guinea,GIN,1966,2004.2662
Guinea,GIN,1967,1999.9718
Guinea,GIN,1968,1986.1344
Guinea,GIN,1969,1947.7017
Guinea,GIN,1970,1987.633
Guinea,GIN,1971,1998.4924
Guinea,GIN,1972,1959.5717
Guinea,GIN,1973,2054.8953
Guinea,GIN,1974,2015.3839
Guinea,GIN,1975,2028.3088
Guinea,GIN,1976,2029.667
Guinea,GIN,1977,2053.1353
Guinea,GIN,1978,2092.3928
Guinea,GIN,1979,2143.807
Guinea,GIN,1980,2096.3628
Guinea,GIN,1981,2168.5603
Guinea,GIN,1982,2090.4275
Guinea,GIN,1983,2091.6443
Guinea,GIN,1984,2180.7048
Guinea,GIN,1985,2173.8801
Guinea,GIN,1986,2222.3196
Guinea,GIN,1987,2217.8438
Guinea,GIN,1988,2297.0024
Guinea,GIN,1989,2309.35
Guinea,GIN,1990,2273.5046
Guinea,GIN,1991,2296.2234
Guinea,GIN,1992,2385.1147
Guinea,GIN,1993,2434.6702
Guinea,GIN,1994,2467.4617
Guinea,GIN,1995,2466.2952
Guinea,GIN,1996,2450.3674
Guinea,GIN,1997,2398.416
Guinea,GIN,1998,2368.004
Guinea,GIN,1999,2417.4023
Guinea,GIN,2000,2447.7651
Guinea,GIN,2001,2426.8665
Guinea,GIN,2002,2458.0637
Guinea,GIN,2003,2490.421
Guinea,GIN,2004,2510.9316
Guinea,GIN,2005,2530.236
Guinea,GIN,2006,2597.8652
Guinea,GIN,2007,2604.7415
Guinea,GIN,2008,2640.5247
Guinea,GIN,2009,2658.8132
Guinea,GIN,2010,2422.92
Guinea,GIN,2011,2495.9595
Guinea,GIN,2012,2535.33
Guinea,GIN,2013,2584.449
Guinea,GIN,2014,2627.6199
Guinea,GIN,2015,2609.8687
Guinea,GIN,2016,2629.7598
Guinea,GIN,2017,2664.4382
Guinea,GIN,2018,2721.8086
Guinea,GIN,2019,2779.1702
Guinea,GIN,2020,2824.0588
Guinea,GIN,2021,2867.209
Guinea,GIN,2022,2901.2908
Guinea,GIN,2023,2947.5503
Guinea-Bissau,GNB,1961,1779.8251
Guinea-Bissau,GNB,1962,1726.9623
Guinea-Bissau,GNB,1963,1750.5829
Guinea-Bissau,GNB,1964,1806.7726
Guinea-Bissau,GNB,1965,1907.049
Guinea-Bissau,GNB,1966,1951.2661
Guinea-Bissau,GNB,1967,1912.593
Guinea-Bissau,GNB,1968,1778.882
Guinea-Bissau,GNB,1969,1877.978
Guinea-Bissau,GNB,1970,1792.789
Guinea-Bissau,GNB,1971,1948.3241
Guinea-Bissau,GNB,1972,1930.3839
Guinea-Bissau,GNB,1973,1959.9504
Guinea-Bissau,GNB,1974,1993.9968
Guinea-Bissau,GNB,1975,2007.8282
Guinea-Bissau,GNB,1976,1992.407
Guinea-Bissau,GNB,1977,1969.4108
Guinea-Bissau,GNB,1978,1977.413
Guinea-Bissau,GNB,1979,1909.9232
Guinea-Bissau,GNB,1980,1992.4419
Guinea-Bissau,GNB,1981,2117.4404
Guinea-Bissau,GNB,1982,2126.7183
Guinea-Bissau,GNB,1983,2139.5327
Guinea-Bissau,GNB,1984,2149.6318
Guinea-Bissau,GNB,1985,2379.1394
Guinea-Bissau,GNB,1986,2295.5295
Guinea-Bissau,GNB,1987,2319.2156
Guinea-Bissau,GNB,1988,2285.6692
Guinea-Bissau,GNB,1989,2275.0764
Guinea-Bissau,GNB,1990,2349.0652
Guinea-Bissau,GNB,1991,2427.0881
Guinea-Bissau,GNB,1992,2467.1333
Guinea-Bissau,GNB,1993,2372.903
Guinea-Bissau,GNB,1994,2387.062
Guinea-Bissau,GNB,1995,2377.8206
Guinea-Bissau,GNB,1996,2293.2349
Guinea-Bissau,GNB,1997,2234.5845
Guinea-Bissau,GNB,1998,2207.3132
Guinea-Bissau,GNB,1999,2223.8767
Guinea-Bissau,GNB,2000,2319.706
Guinea-Bissau,GNB,2001,2348.4458
Guinea-Bissau,GNB,2002,2345.4526
Guinea-Bissau,GNB,2003,2298.2456
Guinea-Bissau,GNB,2004,2326.2886
Guinea-Bissau,GNB,2005,2339.4827
Guinea-Bissau,GNB,2006,2312.9897
Guinea-Bissau,GNB,2007,2345.1672
Guinea-Bissau,GNB,2008,2348.81
Guinea-Bissau,GNB,2009,2314.7373
Guinea-Bissau,GNB,2010,2267.437
Guinea-Bissau,GNB,2011,2235.1543
Guinea-Bissau,GNB,2012,2224.0234
Guinea-Bissau,GNB,2013,2193.8572
Guinea-Bissau,GNB,2014,2042.2129
Guinea-Bissau,GNB,2015,2169.8188
Guinea-Bissau,GNB,2016,2325.8896
Guinea-Bissau,GNB,2017,2603.1045
Guinea-Bissau,GNB,2018,2668.3342
Guinea-Bissau,GNB,2019,2513.9348
Guinea-Bissau,GNB,2020,2694.4814
Guinea-Bissau,GNB,2021,2520.6487
Guinea-Bissau,GNB,2022,2439.9941
Guinea-Bissau,GNB,2023,2559.6167
Guyana,GUY,1961,2281.9282
Guyana,GUY,1962,2298.535
Guyana,GUY,1963,2256.988
Guyana,GUY,1964,2329.3093
Guyana,GUY,1965,2263.7124
Guyana,GUY,1966,2304.7356
Guyana,GUY,1967,2294.4456
Guyana,GUY,1968,2290.6262
Guyana,GUY,1969,2308.9553
Guyana,GUY,1970,2293.1592
Guyana,GUY,1971,2288.3179
Guyana,GUY,1972,2286.6455
Guyana,GUY,1973,2383.7327
Guyana,GUY,1974,2417.2896
Guyana,GUY,1975,2426.6409
Guyana,GUY,1976,2484.0215
Guyana,GUY,1977,2489.1619
Guyana,GUY,1978,2484.4426
Guyana,GUY,1979,2405.3103
Guyana,GUY,1980,2446.274
Guyana,GUY,1981,2507.5103
Guyana,GUY,1982,2448.039
Guyana,GUY,1983,2499.703
Guyana,GUY,1984,2431.5642
Guyana,GUY,1985,2407.6196
Guyana,GUY,1986,2418.0125
Guyana,GUY,1987,2440.042
Guyana,GUY,1988,2357.2202
Guyana,GUY,1989,2328.0632
Guyana,GUY,1990,2279.7312
Guyana,GUY,1991,2288.2866
Guyana,GUY,1992,2327.3474
Guyana,GUY,1993,2367.2793
Guyana,GUY,1994,2434.0208
Guyana,GUY,1995,2479.4783
Guyana,GUY,1996,2489.4187
Guyana,GUY,1997,2575.8608
Guyana,GUY,1998,2586.2996
Guyana,GUY,1999,2594.7456
Guyana,GUY,2000,2658.5464
Guyana,GUY,2001,2698.5312
Guyana,GUY,2002,2684.7524
Guyana,GUY,2003,2678.6467
Guyana,GUY,2004,2666.8914
Guyana,GUY,2005,2687.2754
Guyana,GUY,2006,2681.1125
Guyana,GUY,2007,2706.1309
Guyana,GUY,2008,2672.6565
Guyana,GUY,2009,2723.8015
Guyana,GUY,2010,2603.2034
Guyana,GUY,2011,2632.5813
Guyana,GUY,2012,2730.258
Guyana,GUY,2013,2719.96
Guyana,GUY,2014,2813.5862
Guyana,GUY,2015,2996.3584
Guyana,GUY,2016,2998.2983
Guyana,GUY,2017,3048.1082
Guyana,GUY,2018,3099.7883
Guyana,GUY,2019,3068.3096
Guyana,GUY,2020,3109.3967
Guyana,GUY,2021,3153.6443
Guyana,GUY,2022,3238.888
Guyana,GUY,2023,3318.0317
Haiti,HTI,1961,1919.7373
Haiti,HTI,1962,1954.8583
Haiti,HTI,1963,1956.1617
Haiti,HTI,1964,1894.7867
Haiti,HTI,1965,1969.5787
Haiti,HTI,1966,1938.3751
Haiti,HTI,1967,1929.0427
Haiti,HTI,1968,1900.8529
Haiti,HTI,1969,1911.0757
Haiti,HTI,1970,1905.4847
Haiti,HTI,1971,1906.705
Haiti,HTI,1972,1928.5253
Haiti,HTI,1973,1952.9135
Haiti,HTI,1974,1949.369
Haiti,HTI,1975,1946.9965
Haiti,HTI,1976,1983.5151
Haiti,HTI,1977,1947.5864
Haiti,HTI,1978,1977.6451
Haiti,HTI,1979,1988.9321
Haiti,HTI,1980,1980.9742
Haiti,HTI,1981,2025.1843
Haiti,HTI,1982,2000.309
Haiti,HTI,1983,1992.9663
Haiti,HTI,1984,1936.5017
Haiti,HTI,1985,1962.8715
Haiti,HTI,1986,1940.7133
Haiti,HTI,1987,1861.6503
Haiti,HTI,1988,1803.1998
Haiti,HTI,1989,1759.2124
Haiti,HTI,1990,1812.1339
Haiti,HTI,1991,1819.0768
Haiti,HTI,1992,1787.6357
Haiti,HTI,1993,1777.8718
Haiti,HTI,1994,1765.2518
Haiti,HTI,1995,1825.1405
Haiti,HTI,1996,1874.5858
Haiti,HTI,1997,1904.956
Haiti,HTI,1998,1988.1072
Haiti,HTI,1999,2023.5969
Haiti,HTI,2000,2022.8132
Haiti,HTI,2001,1956.2444
Haiti,HTI,2002,1957.7612
Haiti,HTI,2003,1922.452
Haiti,HTI,2004,1935.584
Haiti,HTI,2005,1925.5266
Haiti,HTI,2006,1978.3325
Haiti,HTI,2007,1999.5712
Haiti,HTI,2008,2036.6569
Haiti,HTI,2009,2076.0332
Haiti,HTI,2010,2160.5881
Haiti,HTI,2011,2153.8992
Haiti,HTI,2012,2134.07
Haiti,HTI,2013,2163.979
Haiti,HTI,2014,2222.8098
Haiti,HTI,2015,2224.198
Haiti,HTI,2016,2174.4194
Haiti,HTI,2017,2183.0283
Haiti,HTI,2018,2138.5676
Haiti,HTI,2019,2123.909
Haiti,HTI,2020,2109.8308
Haiti,HTI,2021,2089.5396
Haiti,HTI,2022,1912.4712
Haiti,HTI,2023,1958.8098
High-income countries,OWID_HIC,1961,2862.9048
High-income countries,OWID_HIC,1962,2885.607
High-income countries,OWID_HIC,1963,2897.9392
High-income countries,OWID_HIC,1964,2918.0247
High-income countries,OWID_HIC,1965,2936.7874
High-income countries,OWID_HIC,1966,2961.166
High-income countries,OWID_HIC,1967,2982.1045
High-income countries,OWID_HIC,1968,3007.0554
High-income countries,OWID_HIC,1969,3019.932
High-income countries,OWID_HIC,1970,3045.1436
High-income countries,OWID_HIC,1971,3052.8616
High-income countries,OWID_HIC,1972,3064.4365
High-income countries,OWID_HIC,1973,3077.285
High-income countries,OWID_HIC,1974,3064.3367
High-income countries,OWID_HIC,1975,3052.3677
High-income countries,OWID_HIC,1976,3118.055
High-income countries,OWID_HIC,1977,3104.5005
High-income countries,OWID_HIC,1978,3133.9766
High-income countries,OWID_HIC,1979,3166.0898
High-income countries,OWID_HIC,1980,3153.6074
High-income countries,OWID_HIC,1981,3134.8838
High-income countries,OWID_HIC,1982,3135.3093
High-income countries,OWID_HIC,1983,3149.4216
High-income countries,OWID_HIC,1984,3172.5842
High-income countries,OWID_HIC,1985,3218.476
High-income countries,OWID_HIC,1986,3221.1125
High-income countries,OWID_HIC,1987,3267.2134
High-income countries,OWID_HIC,1988,3286.2175
High-income countries,OWID_HIC,1989,3284.3398
High-income countries,OWID_HIC,1990,3277.1008
High-income countries,OWID_HIC,1991,3286.6436
High-income countries,OWID_HIC,1992,3249.3074
High-income countries,OWID_HIC,1993,3240.2668
High-income countries,OWID_HIC,1994,3245.387
High-income countries,OWID_HIC,1995,3232.5007
High-income countries,OWID_HIC,1996,3248.0417
High-income countries,OWID_HIC,1997,3266.16
High-income countries,OWID_HIC,1998,3287.7654
High-income countries,OWID_HIC,1999,3307.8982
High-income countries,OWID_HIC,2000,3335.468
High-income countries,OWID_HIC,2001,3341.178
High-income countries,OWID_HIC,2002,3371.6873
High-income countries,OWID_HIC,2003,3361.3406
High-income countries,OWID_HIC,2004,3379.0723
High-income countries,OWID_HIC,2005,3393.653
High-income countries,OWID_HIC,2006,3390.7852
High-income countries,OWID_HIC,2007,3397.9924
High-income countries,OWID_HIC,2008,3378.526
High-income countries,OWID_HIC,2009,3354.832
High-income countries,OWID_HIC,2010,3391.7954
High-income countries,OWID_HIC,2011,3401.155
High-income countries,OWID_HIC,2012,3410.3103
High-income countries,OWID_HIC,2013,3407.7974
High-income countries,OWID_HIC,2014,3399.76
High-income countries,OWID_HIC,2015,3400.1428
High-income countries,OWID_HIC,2016,3410.1912
High-income countries,OWID_HIC,2017,3426.2056
High-income countries,OWID_HIC,2018,3434.5076
High-income countries,OWID_HIC,2019,3468.158
High-income countries,OWID_HIC,2020,3478.4238
High-income countries,OWID_HIC,2021,3489.753
High-income countries,OWID_HIC,2022,3520.8748
High-income countries,OWID_HIC,2023,3607.5854
Honduras,HND,1961,1836.6228
Honduras,HND,1962,1816.4302
Honduras,HND,1963,1836.85
Honduras,HND,1964,1841.3354
Honduras,HND,1965,1899.494
Honduras,HND,1966,1955.3842
Honduras,HND,1967,2002.6975
Honduras,HND,1968,2011.6365
Honduras,HND,1969,2049.6606
Honduras,HND,1970,2029.9496
Honduras,HND,1971,1982.8069
Honduras,HND,1972,1952.1145
Honduras,HND,1973,1982.4836
Honduras,HND,1974,1956.6068
Honduras,HND,1975,2021.5574
Honduras,HND,1976,2048.8123
Honduras,HND,1977,2034.6074
Honduras,HND,1978,2000.794
Honduras,HND,1979,1989.063
Honduras,HND,1980,2019.3611
Honduras,HND,1981,2073.81
Honduras,HND,1982,1984.4491
Honduras,HND,1983,2051.609
Honduras,HND,1984,2053.6133
Honduras,HND,1985,2097.7588
Honduras,HND,1986,2117.786
Honduras,HND,1987,2147.3281
Honduras,HND,1988,2205.9565
Honduras,HND,1989,2251.6487
Honduras,HND,1990,2275.5063
Honduras,HND,1991,2240.6497
Honduras,HND,1992,2281.181
Honduras,HND,1993,2284.6582
Honduras,HND,1994,2303.3997
Honduras,HND,1995,2327.5498
Honduras,HND,1996,2335.5698
Honduras,HND,1997,2317.5012
Honduras,HND,1998,2311.6445
Honduras,HND,1999,2286.1401
Honduras,HND,2000,2245.907
Honduras,HND,2001,2309.411
Honduras,HND,2002,2316.0996
Honduras,HND,2003,2310.7463
Honduras,HND,2004,2297.5413
Honduras,HND,2005,2297.0952
Honduras,HND,2006,2325.1926
Honduras,HND,2007,2353.636
Honduras,HND,2008,2378.6523
Honduras,HND,2009,2367.8079
Honduras,HND,2010,2600.3699
Honduras,HND,2011,2624.5579
Honduras,HND,2012,2616.9497
Honduras,HND,2013,2610.7412
Honduras,HND,2014,2559.678
Honduras,HND,2015,2578.471
Honduras,HND,2016,2615.33
Honduras,HND,2017,2613.7988
Honduras,HND,2018,2633.0203
Honduras,HND,2019,2637.188
Honduras,HND,2020,2618.1704
Honduras,HND,2021,2661.3499
Honduras,HND,2022,2631.6375
Honduras,HND,2023,2628.1292
Hong Kong,HKG,1961,2718.6572
Hong Kong,HKG,1962,3056.1086
Hong Kong,HKG,1963,3485.125
Hong Kong,HKG,1964,3059.8818
Hong Kong,HKG,1965,2566.93
Hong Kong,HKG,1966,2545.0764
Hong Kong,HKG,1967,3019.0486
Hong Kong,HKG,1968,3539.0854
Hong Kong,HKG,1969,3231.8096
Hong Kong,HKG,1970,3048.9985
Hong Kong,HKG,1971,2938.2996
Hong Kong,HKG,1972,2923.6936
Hong Kong,HKG,1973,2913.153
Hong Kong,HKG,1974,2877.2039
Hong Kong,HKG,1975,2856.3123
Hong Kong,HKG,1976,2891.8796
Hong Kong,HKG,1977,2914.0012
Hong Kong,HKG,1978,2919.081
Hong Kong,HKG,1979,2985.8071
Hong Kong,HKG,1980,2972.8286
Hong Kong,HKG,1981,3023.4263
Hong Kong,HKG,1982,3047.9927
Hong Kong,HKG,1983,3084.58
Hong Kong,HKG,1984,3073.5442
Hong Kong,HKG,1985,3083.458
Hong Kong,HKG,1986,3126.2622
Hong Kong,HKG,1987,3214.4143
Hong Kong,HKG,1988,3280.6057
Hong Kong,HKG,1989,3345.6443
Hong Kong,HKG,1990,3313.4775
Hong Kong,HKG,1991,3316.0574
Hong Kong,HKG,1992,3174.3274
Hong Kong,HKG,1993,3193.5762
Hong Kong,HKG,1994,3208.9243
Hong Kong,HKG,1995,3234.5715
Hong Kong,HKG,1996,3148.2185
Hong Kong,HKG,1997,3133.9814
Hong Kong,HKG,1998,3069.9106
Hong Kong,HKG,1999,3106.7444
Hong Kong,HKG,2000,3108.271
Hong Kong,HKG,2001,3136.0295
Hong Kong,HKG,2002,3166.4998
Hong Kong,HKG,2003,3201.2908
Hong Kong,HKG,2004,3212.1152
Hong Kong,HKG,2005,3218.641
Hong Kong,HKG,2006,3236.5918
Hong Kong,HKG,2007,3229.0774
Hong Kong,HKG,2008,3216.677
Hong Kong,HKG,2009,3228.523
Hong Kong,HKG,2010,3126.6128
Hong Kong,HKG,2011,3144.4004
Hong Kong,HKG,2012,3098.5105
Hong Kong,HKG,2013,3090.0442
Hong Kong,HKG,2014,3121.3093
Hong Kong,HKG,2015,3068.1296
Hong Kong,HKG,2016,3105.7114
Hong Kong,HKG,2017,3155.4604
Hong Kong,HKG,2018,3180.43
Hong Kong,HKG,2019,3194.037
Hong Kong,HKG,2020,3103.3
Hong Kong,HKG,2021,3045.7983
Hong Kong,HKG,2022,2909.8289
Hong Kong,HKG,2023,2827.727
Hungary,HUN,1947,2432
Hungary,HUN,1961,2871.2837
Hungary,HUN,1962,3054.1038
Hungary,HUN,1963,3080.9285
Hungary,HUN,1964,3058.5254
Hungary,HUN,1965,3100.8062
Hungary,HUN,1966,3295.1694
Hungary,HUN,1967,3135.8582
Hungary,HUN,1968,3168.0818
Hungary,HUN,1969,3241.6174
Hungary,HUN,1970,3259.7224
Hungary,HUN,1971,3281.018
Hungary,HUN,1972,3217.1865
Hungary,HUN,1973,3272.8882
Hungary,HUN,1974,3388.2632
Hungary,HUN,1975,3388.147
Hungary,HUN,1976,3296.2944
Hungary,HUN,1977,3287.598
Hungary,HUN,1978,3330.6318
Hungary,HUN,1979,3286.7476
Hungary,HUN,1980,3397.09
Hungary,HUN,1981,3416.46
Hungary,HUN,1982,3431.4514
Hungary,HUN,1983,3438.4324
Hungary,HUN,1984,3405.3967
Hungary,HUN,1985,3430.3518
Hungary,HUN,1986,3445.2039
Hungary,HUN,1987,3602.3704
Hungary,HUN,1988,3531.834
Hungary,HUN,1989,3498.211
Hungary,HUN,1990,3381.2112
Hungary,HUN,1991,3202.4756
Hungary,HUN,1992,3279.9504
Hungary,HUN,1993,3107.138
Hungary,HUN,1994,3032.1643
Hungary,HUN,1995,2957.344
Hungary,HUN,1996,2937.3113
Hungary,HUN,1997,3017.4817
Hungary,HUN,1998,3017.179
Hungary,HUN,1999,3008.7434
Hungary,HUN,2000,3182.397
Hungary,HUN,2001,3102.919
Hungary,HUN,2002,3084.2625
Hungary,HUN,2003,3071.0015
Hungary,HUN,2004,3202.1946
Hungary,HUN,2005,3279.8425
Hungary,HUN,2006,3286.8242
Hungary,HUN,2007,3172.4873
Hungary,HUN,2008,3158.226
Hungary,HUN,2009,3149.299
Hungary,HUN,2010,3046.0305
Hungary,HUN,2011,3059.3616
Hungary,HUN,2012,3004.3896
Hungary,HUN,2013,3027.5017
Hungary,HUN,2014,3071.629
Hungary,HUN,2015,3176.9998
Hungary,HUN,2016,3201.0806
Hungary,HUN,2017,3236.4973
Hungary,HUN,2018,3294.7083
Hungary,HUN,2019,3309.8213
Hungary,HUN,2020,3369.2202
Hungary,HUN,2021,3420.1206
Hungary,HUN,2022,3482.0605
Hungary,HUN,2023,3549.1082
Iceland,ISL,1770,3048
Iceland,ISL,1784,2322
Iceland,ISL,1795,2724
Iceland,ISL,1819,2887
Iceland,ISL,1840,3080
Iceland,ISL,1849,3381
Iceland,ISL,1855,2917
Iceland,ISL,1863,2885
Iceland,ISL,1870,2573
Iceland,ISL,1880,3002
Iceland,ISL,1890,3106
Iceland,ISL,1900,3316
Iceland,ISL,1910,3499
Iceland,ISL,1920,3610
Iceland,ISL,1930,4207
Iceland,ISL,1938,4066
Iceland,ISL,1947,3268
Iceland,ISL,1961,3255.7454
Iceland,ISL,1962,3334.662
Iceland,ISL,1963,3109.7178
Iceland,ISL,1964,3141.2854
Iceland,ISL,1965,3150.3557
Iceland,ISL,1966,3075.4739
Iceland,ISL,1967,2952.0867
Iceland,ISL,1968,2898.9822
Iceland,ISL,1969,2872.3345
Iceland,ISL,1970,3008.7878
Iceland,ISL,1971,2962.8657
Iceland,ISL,1972,3079.5999
Iceland,ISL,1973,2953.5278
Iceland,ISL,1974,2944.2615
Iceland,ISL,1975,2974.6042
Iceland,ISL,1976,3035.296
Iceland,ISL,1977,3049.1702
Iceland,ISL,1978,3113.8384
Iceland,ISL,1979,3206.334
Iceland,ISL,1980,3164.9595
Iceland,ISL,1981,3303.518
Iceland,ISL,1982,3179.374
Iceland,ISL,1983,3173.9812
Iceland,ISL,1984,3197.1375
Iceland,ISL,1985,3157.5757
Iceland,ISL,1986,3304.9036
Iceland,ISL,1987,3222.8223
Iceland,ISL,1988,3116.3157
Iceland,ISL,1989,3137.281
Iceland,ISL,1990,3058.8953
Iceland,ISL,1991,3107.1226
Iceland,ISL,1992,3093.0686
Iceland,ISL,1993,3065.408
Iceland,ISL,1994,3111.5188
Iceland,ISL,1995,3104.9993
Iceland,ISL,1996,3043.6448
Iceland,ISL,1997,3128.6975
Iceland,ISL,1998,3138.366
Iceland,ISL,1999,3166.2642
Iceland,ISL,2000,3148.7168
Iceland,ISL,2001,3136.3162
Iceland,ISL,2002,3207.1946
Iceland,ISL,2003,3240.2905
Iceland,ISL,2004,3299.3237
Iceland,ISL,2005,3324.6567
Iceland,ISL,2006,3368.7341
Iceland,ISL,2007,3384.0828
Iceland,ISL,2008,3336.027
Iceland,ISL,2009,3344.7974
Iceland,ISL,2010,3311.2288
Iceland,ISL,2011,3302.2905
Iceland,ISL,2012,3353.405
Iceland,ISL,2013,3362.4597
Iceland,ISL,2014,3398.9976
Iceland,ISL,2015,3471.7742
Iceland,ISL,2016,3578.8894
Iceland,ISL,2017,3633.706
Iceland,ISL,2018,3647.7766
Iceland,ISL,2019,3683.2183
Iceland,ISL,2020,3660.7002
Iceland,ISL,2021,3643.2117
Iceland,ISL,2022,3701.112
Iceland,ISL,2023,3681.0696
India,IND,1948,1570
India,IND,1949,1700
India,IND,1961,2064.2925
India,IND,1962,2099.9202
India,IND,1963,2012.9432
India,IND,1964,2029.8745
India,IND,1965,1961.7762
India,IND,1966,1969.6519
India,IND,1967,2022.5833
India,IND,1968,2042.4701
India,IND,1969,2070.7168
India,IND,1970,2147.1038
India,IND,1971,2024.6179
India,IND,1972,2020.8977
India,IND,1973,2083.617
India,IND,1974,1973.5814
India,IND,1975,2096.8066
India,IND,1976,1956.8661
India,IND,1977,2142.5916
India,IND,1978,2186.034
India,IND,1979,2060.836
India,IND,1980,2027.686
India,IND,1981,2089.333
India,IND,1982,2060.3528
India,IND,1983,2239.7808
India,IND,1984,2243.9714
India,IND,1985,2183.386
India,IND,1986,2182.5427
India,IND,1987,2192.8723
India,IND,1988,2293.8567
India,IND,1989,2381.9272
India,IND,1990,2214.9897
India,IND,1991,2303.2922
India,IND,1992,2335.0488
India,IND,1993,2266.514
India,IND,1994,2285.3984
India,IND,1995,2313.1167
India,IND,1996,2328.375
India,IND,1997,2348.434
India,IND,1998,2335.6948
India,IND,1999,2367.4868
India,IND,2000,2344.768
India,IND,2001,2293.1804
India,IND,2002,2241.5017
India,IND,2003,2234.9707
India,IND,2004,2205.626
India,IND,2005,2215.8738
India,IND,2006,2275.117
India,IND,2007,2336.3433
India,IND,2008,2360.1553
India,IND,2009,2345.2673
India,IND,2010,2357.5298
India,IND,2011,2391.21
India,IND,2012,2385.44
India,IND,2013,2420.02
India,IND,2014,2449.4802
India,IND,2015,2422.59
India,IND,2016,2472.94
India,IND,2017,2513.81
India,IND,2018,2525.8198
India,IND,2019,2527.73
India,IND,2020,2540.72
India,IND,2021,2550.03
India,IND,2022,2594.89
India,IND,2023,2668.5
Indonesia,IDN,1961,1825.3811
Indonesia,IDN,1962,1822.6194
Indonesia,IDN,1963,1803.0874
Indonesia,IDN,1964,1842.0808
Indonesia,IDN,1965,1831.108
Indonesia,IDN,1966,1818.6669
Indonesia,IDN,1967,1824.1022
Indonesia,IDN,1968,1841.5443
Indonesia,IDN,1969,1871.6183
Indonesia,IDN,1970,1902.4728
Indonesia,IDN,1971,1933.6278
Indonesia,IDN,1972,1960.2463
Indonesia,IDN,1973,2039.0947
Indonesia,IDN,1974,2053.701
Indonesia,IDN,1975,2038.4478
Indonesia,IDN,1976,2011.6256
Indonesia,IDN,1977,2056.5251
Indonesia,IDN,1978,2092.361
Indonesia,IDN,1979,2148.446
Indonesia,IDN,1980,2184.1116
Indonesia,IDN,1981,2260.1475
Indonesia,IDN,1982,2261.0073
Indonesia,IDN,1983,2319.1145
Indonesia,IDN,1984,2341.8674
Indonesia,IDN,1985,2356.3816
Indonesia,IDN,1986,2382.713
Indonesia,IDN,1987,2428.7441
Indonesia,IDN,1988,2520.8315
Indonesia,IDN,1989,2535.4956
Indonesia,IDN,1990,2275.9753
Indonesia,IDN,1991,2293.0286
Indonesia,IDN,1992,2350.8245
Indonesia,IDN,1993,2364.5212
Indonesia,IDN,1994,2401.7961
Indonesia,IDN,1995,2478.269
Indonesia,IDN,1996,2471.432
Indonesia,IDN,1997,2419.5525
Indonesia,IDN,1998,2405.0105
Indonesia,IDN,1999,2385.2588
Indonesia,IDN,2000,2355.5193
Indonesia,IDN,2001,2345.1401
Indonesia,IDN,2002,2373.1897
Indonesia,IDN,2003,2392.3088
Indonesia,IDN,2004,2399.094
Indonesia,IDN,2005,2399.6846
Indonesia,IDN,2006,2416.7554
Indonesia,IDN,2007,2457.2183
Indonesia,IDN,2008,2481.3433
Indonesia,IDN,2009,2541.6438
Indonesia,IDN,2010,2608.1897
Indonesia,IDN,2011,2672.15
Indonesia,IDN,2012,2709.96
Indonesia,IDN,2013,2743.55
Indonesia,IDN,2014,2818.1104
Indonesia,IDN,2015,2812.49
Indonesia,IDN,2016,2887.2097
Indonesia,IDN,2017,2950.85
Indonesia,IDN,2018,2907.28
Indonesia,IDN,2019,2898.94
Indonesia,IDN,2020,2880.2102
Indonesia,IDN,2021,2868.96
Indonesia,IDN,2022,2906.76
Indonesia,IDN,2023,2900.3
Iran,IRN,1961,1781.4312
Iran,IRN,1962,1771.671
Iran,IRN,1963,1808.9906
Iran,IRN,1964,1872.4613
Iran,IRN,1965,1876.0267
Iran,IRN,1966,2014.6299
Iran,IRN,1967,2026.0051
Iran,IRN,1968,2147.3088
Iran,IRN,1969,2015.4271
Iran,IRN,1970,2065.1543
Iran,IRN,1971,1994.085
Iran,IRN,1972,2123.1467
Iran,IRN,1973,2268.4226
Iran,IRN,1974,2339.609
Iran,IRN,1975,2364.479
Iran,IRN,1976,2389.0198
Iran,IRN,1977,2416.9902
Iran,IRN,1978,2447.4158
Iran,IRN,1979,2515.612
Iran,IRN,1980,2592.5154
Iran,IRN,1981,2617.7117
Iran,IRN,1982,2569.431
Iran,IRN,1983,2639.0186
Iran,IRN,1984,2616.436
Iran,IRN,1985,2599.8555
Iran,IRN,1986,2609.1863
Iran,IRN,1987,2684.3538
Iran,IRN,1988,2623.2102
Iran,IRN,1989,2766.0386
Iran,IRN,1990,2783.3398
Iran,IRN,1991,2817.6997
Iran,IRN,1992,2882.712
Iran,IRN,1993,2989.2732
Iran,IRN,1994,2974.3928
Iran,IRN,1995,2961.889
Iran,IRN,1996,2982.0938
Iran,IRN,1997,3037.7358
Iran,IRN,1998,3061.2324
Iran,IRN,1999,3058.3496
Iran,IRN,2000,3026.6877
Iran,IRN,2001,3009.264
Iran,IRN,2002,3013.3499
Iran,IRN,2003,3026.0076
Iran,IRN,2004,3047.8127
Iran,IRN,2005,3002.2537
Iran,IRN,2006,2901.254
Iran,IRN,2007,2914.6104
Iran,IRN,2008,2898.1958
Iran,IRN,2009,2941.4187
Iran,IRN,2010,2865.7397
Iran,IRN,2011,2778.66
Iran,IRN,2012,2873.3499
Iran,IRN,2013,2909.91
Iran,IRN,2014,2934.64
Iran,IRN,2015,2913.0098
Iran,IRN,2016,2925.94
Iran,IRN,2017,2858.7295
Iran,IRN,2018,2828.57
Iran,IRN,2019,2901.18
Iran,IRN,2020,2904.6997
Iran,IRN,2021,2865.77
Iran,IRN,2022,2882.49
Iran,IRN,2023,2875.16
Iraq,IRQ,1961,1802.6292
Iraq,IRQ,1962,1929.4005
Iraq,IRQ,1963,2033.9973
Iraq,IRQ,1964,2078.238
Iraq,IRQ,1965,2097.537
Iraq,IRQ,1966,2096.198
Iraq,IRQ,1967,2124.9297
Iraq,IRQ,1968,2134.5625
Iraq,IRQ,1969,2158.1191
Iraq,IRQ,1970,2184.1663
Iraq,IRQ,1971,2202.2607
Iraq,IRQ,1972,2124.0308
Iraq,IRQ,1973,2142.3477
Iraq,IRQ,1974,2178.7798
Iraq,IRQ,1975,2226.94
Iraq,IRQ,1976,2252.1924
Iraq,IRQ,1977,2321.2065
Iraq,IRQ,1978,2480.5708
Iraq,IRQ,1979,2603.2058
Iraq,IRQ,1980,2688.0105
Iraq,IRQ,1981,2839.8088
Iraq,IRQ,1982,2967.1492
Iraq,IRQ,1983,3043.395
Iraq,IRQ,1984,3182.449
Iraq,IRQ,1985,3298.2512
Iraq,IRQ,1986,3393.6548
Iraq,IRQ,1987,3405.2434
Iraq,IRQ,1988,3395.9675
Iraq,IRQ,1989,3386.373
Iraq,IRQ,1990,3237.319
Iraq,IRQ,1991,2388.1885
Iraq,IRQ,1992,2279.2495
Iraq,IRQ,1993,2252.906
Iraq,IRQ,1994,2182.8845
Iraq,IRQ,1995,2154.0378
Iraq,IRQ,1996,2126.0078
Iraq,IRQ,1997,2052.3438
Iraq,IRQ,1998,2071.9644
Iraq,IRQ,1999,2100.3782
Iraq,IRQ,2000,2121.4646
Iraq,IRQ,2001,2193.0972
Iraq,IRQ,2002,2204.8567
Iraq,IRQ,2003,2181.1985
Iraq,IRQ,2004,2289.4207
Iraq,IRQ,2005,2265.72
Iraq,IRQ,2006,2328.1636
Iraq,IRQ,2007,2408.2766
Iraq,IRQ,2008,2395.3552
Iraq,IRQ,2009,2449.5103
Iraq,IRQ,2010,2242.7224
Iraq,IRQ,2011,2245.6382
Iraq,IRQ,2012,2210.7544
Iraq,IRQ,2013,2226.477
Iraq,IRQ,2014,2222.8748
Iraq,IRQ,2015,2214.537
Iraq,IRQ,2016,2233.1755
Iraq,IRQ,2017,2250.7932
Iraq,IRQ,2018,2279.2004
Iraq,IRQ,2019,2303.0112
Iraq,IRQ,2020,2318.3901
Iraq,IRQ,2021,2313.3213
Iraq,IRQ,2022,2318.9045
Iraq,IRQ,2023,2370.582
Ireland,IRL,1947,3260
Ireland,IRL,1948,3276
Ireland,IRL,1961,3367.9348
Ireland,IRL,1962,3373.1692
Ireland,IRL,1963,3394.7278
Ireland,IRL,1964,3398.5508
Ireland,IRL,1965,3400.1797
Ireland,IRL,1966,3387.7893
Ireland,IRL,1967,3412.6218
Ireland,IRL,1968,3404.9019
Ireland,IRL,1969,3419.4573
Ireland,IRL,1970,3436.8535
Ireland,IRL,1971,3483.6716
Ireland,IRL,1972,3443.0925
Ireland,IRL,1973,3483.637
Ireland,IRL,1974,3522.0488
Ireland,IRL,1975,3470.23
Ireland,IRL,1976,3429.9468
Ireland,IRL,1977,3514.6826
Ireland,IRL,1978,3591.1104
Ireland,IRL,1979,3550.306
Ireland,IRL,1980,3577.8892
Ireland,IRL,1981,3545.2866
Ireland,IRL,1982,3614.7146
Ireland,IRL,1983,3553.4995
Ireland,IRL,1984,3546.0933
Ireland,IRL,1985,3579.7603
Ireland,IRL,1986,3610.0461
Ireland,IRL,1987,3583.5735
Ireland,IRL,1988,3595.0469
Ireland,IRL,1989,3606.3394
Ireland,IRL,1990,3641.5166
Ireland,IRL,1991,3580.7874
Ireland,IRL,1992,3611.4175
Ireland,IRL,1993,3520.0125
Ireland,IRL,1994,3571.8513
Ireland,IRL,1995,3510.2964
Ireland,IRL,1996,3606.4973
Ireland,IRL,1997,3679.707
Ireland,IRL,1998,3673.9614
Ireland,IRL,1999,3702.0872
Ireland,IRL,2000,3728.383
Ireland,IRL,2001,3724.909
Ireland,IRL,2002,3589.8943
Ireland,IRL,2003,3608.251
Ireland,IRL,2004,3590.5168
Ireland,IRL,2005,3487.2788
Ireland,IRL,2006,3467.8984
Ireland,IRL,2007,3449.5845
Ireland,IRL,2008,3475.0093
Ireland,IRL,2009,3473.5286
Ireland,IRL,2010,3604.5068
Ireland,IRL,2011,3656.1978
Ireland,IRL,2012,3659.1758
Ireland,IRL,2013,3677.8232
Ireland,IRL,2014,3686.9534
Ireland,IRL,2015,3762.4246
Ireland,IRL,2016,3814.625
Ireland,IRL,2017,3947.6216
Ireland,IRL,2018,3931.0208
Ireland,IRL,2019,3966.5679
Ireland,IRL,2020,3918.3562
Ireland,IRL,2021,3886.1018
Ireland,IRL,2022,3947.2139
Ireland,IRL,2023,3920.9207
Israel,ISR,1961,3116.1985
Israel,ISR,1962,3132.6013
Israel,ISR,1963,3035.6943
Israel,ISR,1964,3103.2056
Israel,ISR,1965,3044.1138
Israel,ISR,1966,3104.4326
Israel,ISR,1967,3139.3013
Israel,ISR,1968,3164.4893
Israel,ISR,1969,3159.7305
Israel,ISR,1970,3113.8594
Israel,ISR,1971,3237.5725
Israel,ISR,1972,3199.125
Israel,ISR,1973,3286.715
Israel,ISR,1974,3218.013
Israel,ISR,1975,3212.2058
Israel,ISR,1976,3253.218
Israel,ISR,1977,3248.7861
Israel,ISR,1978,3166.6008
Israel,ISR,1979,3148.8384
Israel,ISR,1980,3118.43
Israel,ISR,1981,3157.567
Israel,ISR,1982,3291.3052
Israel,ISR,1983,3271.0244
Israel,ISR,1984,3248.6536
Israel,ISR,1985,3303.905
Israel,ISR,1986,3343.9082
Israel,ISR,1987,3426.0364
Israel,ISR,1988,3346.27
Israel,ISR,1989,3342.1345
Israel,ISR,1990,3366.582
Israel,ISR,1991,3324.2522
Israel,ISR,1992,3342.531
Israel,ISR,1993,3328.2212
Israel,ISR,1994,3316.1597
Israel,ISR,1995,3450.289
Israel,ISR,1996,3494.366
Israel,ISR,1997,3497.764
Israel,ISR,1998,3483.2017
Israel,ISR,1999,3449.7458
Israel,ISR,2000,3496.4922
Israel,ISR,2001,3528.1902
Israel,ISR,2002,3611.906
Israel,ISR,2003,3491.4114
Israel,ISR,2004,3540.4883
Israel,ISR,2005,3565.93
Israel,ISR,2006,3578.976
Israel,ISR,2007,3508.5679
Israel,ISR,2008,3535.1265
Israel,ISR,2009,3547.1128
Israel,ISR,2010,3603.4475
Israel,ISR,2011,3605.0886
Israel,ISR,2012,3605.1196
Israel,ISR,2013,3611.655
Israel,ISR,2014,3669.0234
Israel,ISR,2015,3660.7073
Israel,ISR,2016,3704.8618
Israel,ISR,2017,3738.6616
Israel,ISR,2018,3678.0015
Israel,ISR,2019,3754.5017
Israel,ISR,2020,3789.31
Israel,ISR,2021,3842.1677
Israel,ISR,2022,3916.8132
Israel,ISR,2023,3753.8994
Italy,ITA,1870,2647
Italy,ITA,1880,2197
Italy,ITA,1890,2119
Italy,ITA,1910,2617
Italy,ITA,1930,2627
Italy,ITA,1947,2249
Italy,ITA,1948,2398
Italy,ITA,1960,2730
Italy,ITA,1961,2961.0132
Italy,ITA,1962,3025.5408
Italy,ITA,1963,3096.7092
Italy,ITA,1964,3088.1426
Italy,ITA,1965,3129.3132
Italy,ITA,1966,3152.1313
Italy,ITA,1967,3226.3792
Italy,ITA,1968,3289.9817
Italy,ITA,1969,3333.2559
Italy,ITA,1970,3458.704
Italy,ITA,1971,3444.5
Italy,ITA,1972,3487.4153
Italy,ITA,1973,3571.1753
Italy,ITA,1974,3479.4521
Italy,ITA,1975,3388.6304
Italy,ITA,1976,3382.9653
Italy,ITA,1977,3320.7734
Italy,ITA,1978,3498.3643
Italy,ITA,1979,3604.4446
Italy,ITA,1980,3590.7954
Italy,ITA,1981,3495.2139
Italy,ITA,1982,3380.4868
Italy,ITA,1983,3350.4724
Italy,ITA,1984,3400.9216
Italy,ITA,1985,3408.986
Italy,ITA,1986,3490.884
Italy,ITA,1987,3519.731
Italy,ITA,1988,3530.492
Italy,ITA,1989,3545.4692
Italy,ITA,1990,3574.455
Italy,ITA,1991,3633.9133
Italy,ITA,1992,3528.6733
Italy,ITA,1993,3458.7996
Italy,ITA,1994,3461.284
Italy,ITA,1995,3481.3345
Italy,ITA,1996,3552.9536
Italy,ITA,1997,3563.0674
Italy,ITA,1998,3650.5498
Italy,ITA,1999,3671.258
Italy,ITA,2000,3649.6704
Italy,ITA,2001,3664.225
Italy,ITA,2002,3666.1238
Italy,ITA,2003,3629.0461
Italy,ITA,2004,3631.626
Italy,ITA,2005,3576.2834
Italy,ITA,2006,3644.9631
Italy,ITA,2007,3641.0928
Italy,ITA,2008,3613.8503
Italy,ITA,2009,3617.9841
Italy,ITA,2010,3656.08
Italy,ITA,2011,3648.8499
Italy,ITA,2012,3641.4292
Italy,ITA,2013,3639.7705
Italy,ITA,2014,3514.6104
Italy,ITA,2015,3521.3306
Italy,ITA,2016,3522.0305
Italy,ITA,2017,3530.8604
Italy,ITA,2018,3527.7903
Italy,ITA,2019,3623.8103
Italy,ITA,2020,3662.3406
Italy,ITA,2021,3689.83
Italy,ITA,2022,3709.2603
Italy,ITA,2023,3752.6597
Jamaica,JAM,1961,1890.6606
Jamaica,JAM,1962,1998.6505
Jamaica,JAM,1963,2012.3717
Jamaica,JAM,1964,2156.855
Jamaica,JAM,1965,2163.6824
Jamaica,JAM,1966,2191.5806
Jamaica,JAM,1967,2319.595
Jamaica,JAM,1968,2329.5234
Jamaica,JAM,1969,2332.1926
Jamaica,JAM,1970,2480.8003
Jamaica,JAM,1971,2551.5918
Jamaica,JAM,1972,2647.9873
Jamaica,JAM,1973,2527.9507
Jamaica,JAM,1974,2611.911
Jamaica,JAM,1975,2637.8423
Jamaica,JAM,1976,2673.7407
Jamaica,JAM,1977,2624.1436
Jamaica,JAM,1978,2689.1055
Jamaica,JAM,1979,2564.3457
Jamaica,JAM,1980,2635.1152
Jamaica,JAM,1981,2573.5122
Jamaica,JAM,1982,2511.5535
Jamaica,JAM,1983,2529.4492
Jamaica,JAM,1984,2612.2568
Jamaica,JAM,1985,2539.0112
Jamaica,JAM,1986,2570.4092
Jamaica,JAM,1987,2621.455
Jamaica,JAM,1988,2537.8972
Jamaica,JAM,1989,2591.1738
Jamaica,JAM,1990,2624.4873
Jamaica,JAM,1991,2556.661
Jamaica,JAM,1992,2598.1685
Jamaica,JAM,1993,2671.8557
Jamaica,JAM,1994,2678.3342
Jamaica,JAM,1995,2643.0425
Jamaica,JAM,1996,2674.5198
Jamaica,JAM,1997,2655.8726
Jamaica,JAM,1998,2672.3093
Jamaica,JAM,1999,2692.5962
Jamaica,JAM,2000,2701.973
Jamaica,JAM,2001,2777.3062
Jamaica,JAM,2002,2780.6238
Jamaica,JAM,2003,2799.8152
Jamaica,JAM,2004,2785.494
Jamaica,JAM,2005,2789.7263
Jamaica,JAM,2006,2786.8594
Jamaica,JAM,2007,2785.0269
Jamaica,JAM,2008,2740.315
Jamaica,JAM,2009,2741.9683
Jamaica,JAM,2010,2746.8572
Jamaica,JAM,2011,2764.787
Jamaica,JAM,2012,2761.048
Jamaica,JAM,2013,2804.661
Jamaica,JAM,2014,2791.344
Jamaica,JAM,2015,2822.514
Jamaica,JAM,2016,2772.481
Jamaica,JAM,2017,2850.565
Jamaica,JAM,2018,2880.897
Jamaica,JAM,2019,2906.285
Jamaica,JAM,2020,2829.785
Jamaica,JAM,2021,2862.18
Jamaica,JAM,2022,2915.2395
Jamaica,JAM,2023,2892.0652
Japan,JPN,1947,1670
Japan,JPN,1948,1795
Japan,JPN,1961,2424.73
Japan,JPN,1962,2472.0217
Japan,JPN,1963,2509.6914
Japan,JPN,1964,2535.2007
Japan,JPN,1965,2527.2107
Japan,JPN,1966,2553.0554
Japan,JPN,1967,2604.006
Japan,JPN,1968,2614.888
Japan,JPN,1969,2617.3948
Japan,JPN,1970,2659.9429
Japan,JPN,1971,2657.0144
Japan,JPN,1972,2714.2502
Japan,JPN,1973,2708.63
Japan,JPN,1974,2680.4404
Japan,JPN,1975,2655.6936
Japan,JPN,1976,2690.7007
Japan,JPN,1977,2713.8447
Japan,JPN,1978,2729.643
Japan,JPN,1979,2746.6055
Japan,JPN,1980,2740.1587
Japan,JPN,1981,2699.803
Japan,JPN,1982,2771.1702
Japan,JPN,1983,2796.053
Japan,JPN,1984,2801.9812
Japan,JPN,1985,2841.0361
Japan,JPN,1986,2854.683
Japan,JPN,1987,2873.121
Japan,JPN,1988,2915.932
Japan,JPN,1989,2942.0403
Japan,JPN,1990,2920.5083
Japan,JPN,1991,2905.892
Japan,JPN,1992,2914.5195
Japan,JPN,1993,2898.3208
Japan,JPN,1994,2904.2715
Japan,JPN,1995,2892.3584
Japan,JPN,1996,2935.2388
Japan,JPN,1997,2909.684
Japan,JPN,1998,2865.6682
Japan,JPN,1999,2866.8293
Japan,JPN,2000,2869.0398
Japan,JPN,2001,2859.8025
Japan,JPN,2002,2825.3484
Japan,JPN,2003,2816.4617
Japan,JPN,2004,2818.814
Japan,JPN,2005,2808.336
Japan,JPN,2006,2759.3079
Japan,JPN,2007,2798.5552
Japan,JPN,2008,2716.144
Japan,JPN,2009,2657.4827
Japan,JPN,2010,2653.3862
Japan,JPN,2011,2661.396
Japan,JPN,2012,2710.7686
Japan,JPN,2013,2714.4194
Japan,JPN,2014,2700.4211
Japan,JPN,2015,2683.214
Japan,JPN,2016,2678.9563
Japan,JPN,2017,2692.5398
Japan,JPN,2018,2657.927
Japan,JPN,2019,2712.4763
Japan,JPN,2020,2651.514
Japan,JPN,2021,2652.0754
Japan,JPN,2022,2670.09
Jordan,JOR,1961,4063.7212
Jordan,JOR,1962,4055.201
Jordan,JOR,1963,4041.8748
Jordan,JOR,1964,3824.6116
Jordan,JOR,1965,3851.0269
Jordan,JOR,1966,3741.7417
Jordan,JOR,1967,3376.7742
Jordan,JOR,1968,2284.6296
Jordan,JOR,1969,2331.3677
Jordan,JOR,1970,2287.1384
Jordan,JOR,1971,2320.4963
Jordan,JOR,1972,2316.5706
Jordan,JOR,1973,2260.6934
Jordan,JOR,1974,2277.1426
Jordan,JOR,1975,2234.7542
Jordan,JOR,1976,2367.8535
Jordan,JOR,1977,2430.8135
Jordan,JOR,1978,2512.179
Jordan,JOR,1979,2558.8364
Jordan,JOR,1980,2595.2568
Jordan,JOR,1981,2635.0747
Jordan,JOR,1982,2629.5051
Jordan,JOR,1983,2603.1138
Jordan,JOR,1984,2624.8765
Jordan,JOR,1985,2654.9888
Jordan,JOR,1986,2587.764
Jordan,JOR,1987,2600.757
Jordan,JOR,1988,2584.227
Jordan,JOR,1989,2529.157
Jordan,JOR,1990,2569.088
Jordan,JOR,1991,2550.1528
Jordan,JOR,1992,2483.7268
Jordan,JOR,1993,2481.1333
Jordan,JOR,1994,2395.0977
Jordan,JOR,1995,2442.6775
Jordan,JOR,1996,2409.194
Jordan,JOR,1997,2478.8315
Jordan,JOR,1998,2445.3965
Jordan,JOR,1999,2366.2202
Jordan,JOR,2000,2413.169
Jordan,JOR,2001,2496.2383
Jordan,JOR,2002,2564.9602
Jordan,JOR,2003,2670.014
Jordan,JOR,2004,2702.66
Jordan,JOR,2005,2710.0386
Jordan,JOR,2006,2663.2383
Jordan,JOR,2007,2587.239
Jordan,JOR,2008,2597.8425
Jordan,JOR,2009,2682.0996
Jordan,JOR,2010,2701.9177
Jordan,JOR,2011,2662.0562
Jordan,JOR,2012,2690.6387
Jordan,JOR,2013,2709.9292
Jordan,JOR,2014,2786.7583
Jordan,JOR,2015,2791.6702
Jordan,JOR,2016,2754.3003
Jordan,JOR,2017,2719.211
Jordan,JOR,2018,2641.07
Jordan,JOR,2019,2593.9292
Jordan,JOR,2020,2596.3198
Jordan,JOR,2021,2552.681
Jordan,JOR,2022,2609.3777
Jordan,JOR,2023,2555.9778
Kazakhstan,KAZ,1992,2730.4666
Kazakhstan,KAZ,1993,2716.7104
Kazakhstan,KAZ,1994,2721.6208
Kazakhstan,KAZ,1995,2668.4165
Kazakhstan,KAZ,1996,2672.8948
Kazakhstan,KAZ,1997,2684.6511
Kazakhstan,KAZ,1998,2588.411
Kazakhstan,KAZ,1999,2605.3027
Kazakhstan,KAZ,2000,2639.4778
Kazakhstan,KAZ,2001,2701.382
Kazakhstan,KAZ,2002,2741.2263
Kazakhstan,KAZ,2003,2784.3242
Kazakhstan,KAZ,2004,2800.795
Kazakhstan,KAZ,2005,2861.271
Kazakhstan,KAZ,2006,2905.7
Kazakhstan,KAZ,2007,2993.5488
Kazakhstan,KAZ,2008,3019.4849
Kazakhstan,KAZ,2009,2986.8398
Kazakhstan,KAZ,2010,2768.2004
Kazakhstan,KAZ,2011,2870.9307
Kazakhstan,KAZ,2012,2864.899
Kazakhstan,KAZ,2013,2883.0698
Kazakhstan,KAZ,2014,2884.829
Kazakhstan,KAZ,2015,2875.5894
Kazakhstan,KAZ,2016,2900.37
Kazakhstan,KAZ,2017,2986.2798
Kazakhstan,KAZ,2018,3080.3809
Kazakhstan,KAZ,2019,3059.1306
Kazakhstan,KAZ,2020,3078.0105
Kazakhstan,KAZ,2021,3103.0789
Kazakhstan,KAZ,2022,3161.8894
Kazakhstan,KAZ,2023,3135.9185
Kenya,KEN,1961,2354.0854
Kenya,KEN,1962,2341.4604
Kenya,KEN,1963,2213.5852
Kenya,KEN,1964,2247.3184
Kenya,KEN,1965,2348.237
Kenya,KEN,1966,2320.8494
Kenya,KEN,1967,2292.6953
Kenya,KEN,1968,2303.3093
Kenya,KEN,1969,2344.533
Kenya,KEN,1970,2276.3691
Kenya,KEN,1971,2276.243
Kenya,KEN,1972,2326.3071
Kenya,KEN,1973,2284.8818
Kenya,KEN,1974,2303.0508
Kenya,KEN,1975,2307.6072
Kenya,KEN,1976,2350.4453
Kenya,KEN,1977,2374.0442
Kenya,KEN,1978,2387.4075
Kenya,KEN,1979,2344.9966
Kenya,KEN,1980,2328.7202
Kenya,KEN,1981,2308.9146
Kenya,KEN,1982,2305.4534
Kenya,KEN,1983,2256.8242
Kenya,KEN,1984,2086.0347
Kenya,KEN,1985,2236.1187
Kenya,KEN,1986,2280.8464
Kenya,KEN,1987,2192.1248
Kenya,KEN,1988,2124.4668
Kenya,KEN,1989,2161.3057
Kenya,KEN,1990,2092.3818
Kenya,KEN,1991,2075.5671
Kenya,KEN,1992,1978.7292
Kenya,KEN,1993,1940.1991
Kenya,KEN,1994,2118.881
Kenya,KEN,1995,2118.0554
Kenya,KEN,1996,2114.14
Kenya,KEN,1997,2077.4514
Kenya,KEN,1998,2106.7317
Kenya,KEN,1999,2129.0823
Kenya,KEN,2000,2091.9358
Kenya,KEN,2001,2099.1162
Kenya,KEN,2002,2046.0133
Kenya,KEN,2003,2019.0524
Kenya,KEN,2004,2029.08
Kenya,KEN,2005,2160.367
Kenya,KEN,2006,2152.3916
Kenya,KEN,2007,2094.226
Kenya,KEN,2008,2082.7224
Kenya,KEN,2009,2133.7168
Kenya,KEN,2010,2178.21
Kenya,KEN,2011,2185.3699
Kenya,KEN,2012,2208.0598
Kenya,KEN,2013,2233.4397
Kenya,KEN,2014,2230.33
Kenya,KEN,2015,2236.1602
Kenya,KEN,2016,2174.6904
Kenya,KEN,2017,2192.9504
Kenya,KEN,2018,2226.6
Kenya,KEN,2019,2289.89
Kenya,KEN,2020,2256.39
Kenya,KEN,2021,2162.7402
Kenya,KEN,2022,2137.61
Kenya,KEN,2023,2146.0098
Kiribati,KIR,1961,1704.6766
Kiribati,KIR,1962,1771.8212
Kiribati,KIR,1963,1784.6965
Kiribati,KIR,1964,1810.0219
Kiribati,KIR,1965,1803.5995
Kiribati,KIR,1966,1864.4419
Kiribati,KIR,1967,1956.5217
Kiribati,KIR,1968,1985.6333
Kiribati,KIR,1969,1992.8876
Kiribati,KIR,1970,2056.5967
Kiribati,KIR,1971,2103.8145
Kiribati,KIR,1972,2142.451
Kiribati,KIR,1973,2215.6182
Kiribati,KIR,1974,2218.1758
Kiribati,KIR,1975,2292.5703
Kiribati,KIR,1976,2309.3782
Kiribati,KIR,1977,2349.2908
Kiribati,KIR,1978,2478.5063
Kiribati,KIR,1979,2591.3577
Kiribati,KIR,1980,2602.0925
Kiribati,KIR,1981,2528.8635
Kiribati,KIR,1982,2540.1133
Kiribati,KIR,1983,2477.3694
Kiribati,KIR,1984,2468.235
Kiribati,KIR,1985,2498.271
Kiribati,KIR,1986,2450.7998
Kiribati,KIR,1987,2453.6265
Kiribati,KIR,1988,2459.4023
Kiribati,KIR,1989,2396.3835
Kiribati,KIR,1990,2486.4036
Kiribati,KIR,1991,2560.0837
Kiribati,KIR,1992,2561.651
Kiribati,KIR,1993,2602.336
Kiribati,KIR,1994,2503.03
Kiribati,KIR,1995,2622.7861
Kiribati,KIR,1996,2609.848
Kiribati,KIR,1997,2598.258
Kiribati,KIR,1998,2649.1736
Kiribati,KIR,1999,2657.5815
Kiribati,KIR,2000,2661.409
Kiribati,KIR,2001,2681.3062
Kiribati,KIR,2002,2660.6777
Kiribati,KIR,2003,2652.794
Kiribati,KIR,2004,2630.2864
Kiribati,KIR,2005,2694.1711
Kiribati,KIR,2006,2670.0125
Kiribati,KIR,2007,2636.5532
Kiribati,KIR,2008,2625.7495
Kiribati,KIR,2009,2651.5652
Kiribati,KIR,2010,2938.0706
Kiribati,KIR,2011,2988.16
Kiribati,KIR,2012,3020.7502
Kiribati,KIR,2013,3018.3943
Kiribati,KIR,2014,3066.5208
Kiribati,KIR,2015,3108.5042
Kiribati,KIR,2016,3096.721
Kiribati,KIR,2017,3066.531
Kiribati,KIR,2018,3095.249
Kiribati,KIR,2019,3131.588
Kiribati,KIR,2020,3091.2148
Kiribati,KIR,2021,3120.78
Kiribati,KIR,2022,3076.2937
Kiribati,KIR,2023,3125.454
Kuwait,KWT,1961,2137.7615
Kuwait,KWT,1962,2222.2827
Kuwait,KWT,1963,2179.2744
Kuwait,KWT,1964,2331.1726
Kuwait,KWT,1965,2363.8513
Kuwait,KWT,1966,2459.248
Kuwait,KWT,1967,2432.2437
Kuwait,KWT,1968,2439.0164
Kuwait,KWT,1969,2375.1902
Kuwait,KWT,1970,2379.4429
Kuwait,KWT,1971,2336.9148
Kuwait,KWT,1972,2406.8733
Kuwait,KWT,1973,2370.4438
Kuwait,KWT,1974,2374.9587
Kuwait,KWT,1975,2411.9602
Kuwait,KWT,1976,2512.2705
Kuwait,KWT,1977,2554.492
Kuwait,KWT,1978,2600.0972
Kuwait,KWT,1979,2667.5002
Kuwait,KWT,1980,2681.3413
Kuwait,KWT,1981,2660.961
Kuwait,KWT,1982,2738.4524
Kuwait,KWT,1983,2723.189
Kuwait,KWT,1984,2727.809
Kuwait,KWT,1985,2668.627
Kuwait,KWT,1986,2738.7454
Kuwait,KWT,1987,2812.1873
Kuwait,KWT,1988,2849.6716
Kuwait,KWT,1989,2853.3901
Kuwait,KWT,1990,2826.8203
Kuwait,KWT,1991,2811.8926
Kuwait,KWT,1992,2565.1328
Kuwait,KWT,1993,2617.212
Kuwait,KWT,1994,2898.2095
Kuwait,KWT,1995,3029.5435
Kuwait,KWT,1996,2991.819
Kuwait,KWT,1997,3054.7588
Kuwait,KWT,1998,3134.3755
Kuwait,KWT,1999,3249.376
Kuwait,KWT,2000,3349.397
Kuwait,KWT,2001,3434.9631
Kuwait,KWT,2002,3424.9602
Kuwait,KWT,2003,3511.1453
Kuwait,KWT,2004,3569.8645
Kuwait,KWT,2005,3670.6487
Kuwait,KWT,2006,3666.27
Kuwait,KWT,2007,3638.0803
Kuwait,KWT,2008,3578.9792
Kuwait,KWT,2009,3539.7026
Kuwait,KWT,2010,3548.1155
Kuwait,KWT,2011,3584.6743
Kuwait,KWT,2012,3551.6453
Kuwait,KWT,2013,3589.565
Kuwait,KWT,2014,3545.541
Kuwait,KWT,2015,3542.3162
Kuwait,KWT,2016,3447.775
Kuwait,KWT,2017,3413.705
Kuwait,KWT,2018,3417.351
Kuwait,KWT,2019,3460.6313
Kuwait,KWT,2020,3444.9353
Kuwait,KWT,2021,3409.344
Kuwait,KWT,2022,3199.947
Kuwait,KWT,2023,3135.5793
Kyrgyzstan,KGZ,1992,2598.8252
Kyrgyzstan,KGZ,1993,2345.646
Kyrgyzstan,KGZ,1994,2361.7944
Kyrgyzstan,KGZ,1995,2322.478
Kyrgyzstan,KGZ,1996,2415.7637
Kyrgyzstan,KGZ,1997,2580.6445
Kyrgyzstan,KGZ,1998,2454.3682
Kyrgyzstan,KGZ,1999,2486.6753
Kyrgyzstan,KGZ,2000,2362.5522
Kyrgyzstan,KGZ,2001,2416.3274
Kyrgyzstan,KGZ,2002,2433.904
Kyrgyzstan,KGZ,2003,2547.4978
Kyrgyzstan,KGZ,2004,2642.113
Kyrgyzstan,KGZ,2005,2645.7747
Kyrgyzstan,KGZ,2006,2559.062
Kyrgyzstan,KGZ,2007,2591.4575
Kyrgyzstan,KGZ,2008,2606.0244
Kyrgyzstan,KGZ,2009,2669.5574
Kyrgyzstan,KGZ,2010,2670.9185
Kyrgyzstan,KGZ,2011,2693.5767
Kyrgyzstan,KGZ,2012,2706.0996
Kyrgyzstan,KGZ,2013,2696.508
Kyrgyzstan,KGZ,2014,2679.019
Kyrgyzstan,KGZ,2015,2683.5317
Kyrgyzstan,KGZ,2016,2638.87
Kyrgyzstan,KGZ,2017,2685.9207
Kyrgyzstan,KGZ,2018,2714.0588
Kyrgyzstan,KGZ,2019,2690.3574
Kyrgyzstan,KGZ,2020,2635.0688
Kyrgyzstan,KGZ,2021,2595.6487
Kyrgyzstan,KGZ,2022,2720.6094
Kyrgyzstan,KGZ,2023,2763.2288
Land Locked Developing Countries (FAO),,1961,2047
Land Locked Developing Countries (FAO),,1962,2051
Land Locked Developing Countries (FAO),,1963,2044
Land Locked Developing Countries (FAO),,1964,2088
Land Locked Developing Countries (FAO),,1965,2115
Land Locked Developing Countries (FAO),,1966,2074
Land Locked Developing Countries (FAO),,1967,2153
Land Locked Developing Countries (FAO),,1968,2176
Land Locked Developing Countries (FAO),,1969,2163
Land Locked Developing Countries (FAO),,1970,2145
Land Locked Developing Countries (FAO),,1971,2127
Land Locked Developing Countries (FAO),,1972,2120
Land Locked Developing Countries (FAO),,1973,2120
Land Locked Developing Countries (FAO),,1974,2142
Land Locked Developing Countries (FAO),,1975,2144
Land Locked Developing Countries (FAO),,1976,2182
Land Locked Developing Countries (FAO),,1977,2131
Land Locked Developing Countries (FAO),,1978,2139
Land Locked Developing Countries (FAO),,1979,2123
Land Locked Developing Countries (FAO),,1980,2079
Land Locked Developing Countries (FAO),,1981,2075
Land Locked Developing Countries (FAO),,1982,2098
Land Locked Developing Countries (FAO),,1983,2109
Land Locked Developing Countries (FAO),,1984,2067
Land Locked Developing Countries (FAO),,1985,2083
Land Locked Developing Countries (FAO),,1986,2078
Land Locked Developing Countries (FAO),,1987,2122
Land Locked Developing Countries (FAO),,1988,2148
Land Locked Developing Countries (FAO),,1989,2173
Land Locked Developing Countries (FAO),,1990,2141
Land Locked Developing Countries (FAO),,1991,2112
Land Locked Developing Countries (FAO),,1992,2248
Land Locked Developing Countries (FAO),,1993,2090
Land Locked Developing Countries (FAO),,1994,2101
Land Locked Developing Countries (FAO),,1995,2100
Land Locked Developing Countries (FAO),,1996,2106
Land Locked Developing Countries (FAO),,1997,2114
Land Locked Developing Countries (FAO),,1998,2116
Land Locked Developing Countries (FAO),,1999,2128
Land Locked Developing Countries (FAO),,2000,2135
Land Locked Developing Countries (FAO),,2001,2151
Land Locked Developing Countries (FAO),,2002,2174
Land Locked Developing Countries (FAO),,2003,2215
Land Locked Developing Countries (FAO),,2004,2229
Land Locked Developing Countries (FAO),,2005,2267
Land Locked Developing Countries (FAO),,2006,2283
Land Locked Developing Countries (FAO),,2007,2294
Land Locked Developing Countries (FAO),,2008,2317
Land Locked Developing Countries (FAO),,2009,2340
Land Locked Developing Countries (FAO),,2010,2418.48
Land Locked Developing Countries (FAO),,2011,2429.25
Land Locked Developing Countries (FAO),,2012,2451.86
Land Locked Developing Countries (FAO),,2013,2472.49
Land Locked Developing Countries (FAO),,2014,2500.28
Land Locked Developing Countries (FAO),,2015,2523.21
Land Locked Developing Countries (FAO),,2016,2518.73
Land Locked Developing Countries (FAO),,2017,2551.9
Land Locked Developing Countries (FAO),,2018,2576.46
Land Locked Developing Countries (FAO),,2019,2540.09
Land Locked Developing Countries (FAO),,2020,2593.35
Land Locked Developing Countries (FAO),,2021,2590.22
Land Locked Developing Countries (FAO),,2022,2621.33
Land Locked Developing Countries (FAO),,2023,2610.66
Laos,LAO,1961,1952.2799
Laos,LAO,1962,1924.071
Laos,LAO,1963,1946.7986
Laos,LAO,1964,1995.8645
Laos,LAO,1965,2019.0703
Laos,LAO,1966,2040.9512
Laos,LAO,1967,2037.1304
Laos,LAO,1968,2044.0979
Laos,LAO,1969,1992.6409
Laos,LAO,1970,2030.5686
Laos,LAO,1971,2035.9784
Laos,LAO,1972,2029.2805
Laos,LAO,1973,2021.8105
Laos,LAO,1974,1983.7197
Laos,LAO,1975,1959.6753
Laos,LAO,1976,1965.4976
Laos,LAO,1977,2036.2041
Laos,LAO,1978,1958.58
Laos,LAO,1979,1920.6805
Laos,LAO,1980,1929.327
Laos,LAO,1981,1922.6398
Laos,LAO,1982,1933.506
Laos,LAO,1983,1900.7908
Laos,LAO,1984,1873.1378
Laos,LAO,1985,1877.361
Laos,LAO,1986,1900.4778
Laos,LAO,1987,1927.9878
Laos,LAO,1988,1871.4089
Laos,LAO,1989,1903.6168
Laos,LAO,1990,1983.7092
Laos,LAO,1991,1960.7808
Laos,LAO,1992,1932.5128
Laos,LAO,1993,1932.3284
Laos,LAO,1994,1959.9806
Laos,LAO,1995,1952.5858
Laos,LAO,1996,2005.4009
Laos,LAO,1997,2014.2589
Laos,LAO,1998,2031.5349
Laos,LAO,1999,2022.666
Laos,LAO,2000,2099.1643
Laos,LAO,2001,2072.4946
Laos,LAO,2002,2111.9055
Laos,LAO,2003,2149.7964
Laos,LAO,2004,2177.4304
Laos,LAO,2005,2238.642
Laos,LAO,2006,2217.7236
Laos,LAO,2007,2261.7368
Laos,LAO,2008,2242.357
Laos,LAO,2009,2321.7607
Laos,LAO,2010,2887.0564
Laos,LAO,2011,2971.809
Laos,LAO,2012,2997.9795
Laos,LAO,2013,3067.7976
Laos,LAO,2014,3115.84
Laos,LAO,2015,3176.4714
Laos,LAO,2016,3148.77
Laos,LAO,2017,3118.33
Laos,LAO,2018,3142.9128
Laos,LAO,2019,3168.0522
Laos,LAO,2020,3155.6582
Laos,LAO,2021,3123.629
Laos,LAO,2022,3166.9707
Laos,LAO,2023,3188.0957
Latvia,LVA,1992,3258.2168
Latvia,LVA,1993,3272.5986
Latvia,LVA,1994,3178.736
Latvia,LVA,1995,3075.5366
Latvia,LVA,1996,2999.1135
Latvia,LVA,1997,2921.1245
Latvia,LVA,1998,2852.65
Latvia,LVA,1999,2843.9612
Latvia,LVA,2000,2788.1516
Latvia,LVA,2001,2905.302
Latvia,LVA,2002,3012.3352
Latvia,LVA,2003,3045.6914
Latvia,LVA,2004,3068.6028
Latvia,LVA,2005,3124.4702
Latvia,LVA,2006,3181.089
Latvia,LVA,2007,3112.49
Latvia,LVA,2008,3099.4329
Latvia,LVA,2009,3129.482
Latvia,LVA,2010,3148.374
Latvia,LVA,2011,3191.05
Latvia,LVA,2012,3170.3162
Latvia,LVA,2013,3256.7598
Latvia,LVA,2014,3232.7852
Latvia,LVA,2015,3212.0735
Latvia,LVA,2016,3222.0352
Latvia,LVA,2017,3227.615
Latvia,LVA,2018,3261.6665
Latvia,LVA,2019,3269.628
Latvia,LVA,2020,3235.1018
Latvia,LVA,2021,3253.595
Latvia,LVA,2022,3282.472
Latvia,LVA,2023,3342.1917
Least Developed Countries (FAO),,1961,1935
Least Developed Countries (FAO),,1962,1948
Least Developed Countries (FAO),,1963,1961
Least Developed Countries (FAO),,1964,1974
Least Developed Countries (FAO),,1965,1965
Least Developed Countries (FAO),,1966,1938
Least Developed Countries (FAO),,1967,1931
Least Developed Countries (FAO),,1968,1951
Least Developed Countries (FAO),,1969,1969
Least Developed Countries (FAO),,1970,1983
Least Developed Countries (FAO),,1971,1941
Least Developed Countries (FAO),,1972,1880
Least Developed Countries (FAO),,1973,1914
Least Developed Countries (FAO),,1974,1940
Least Developed Countries (FAO),,1975,1908
Least Developed Countries (FAO),,1976,1964
Least Developed Countries (FAO),,1977,1914
Least Developed Countries (FAO),,1978,1967
Least Developed Countries (FAO),,1979,2001
Least Developed Countries (FAO),,1980,1980
Least Developed Countries (FAO),,1981,1974
Least Developed Countries (FAO),,1982,1982
Least Developed Countries (FAO),,1983,1993
Least Developed Countries (FAO),,1984,1947
Least Developed Countries (FAO),,1985,1972
Least Developed Countries (FAO),,1986,1975
Least Developed Countries (FAO),,1987,1990
Least Developed Countries (FAO),,1988,2000
Least Developed Countries (FAO),,1989,1976
Least Developed Countries (FAO),,1990,1991
Least Developed Countries (FAO),,1991,1992
Least Developed Countries (FAO),,1992,1973
Least Developed Countries (FAO),,1993,1955
Least Developed Countries (FAO),,1994,1959
Least Developed Countries (FAO),,1995,1982
Least Developed Countries (FAO),,1996,1991
Least Developed Countries (FAO),,1997,2015
Least Developed Countries (FAO),,1998,2045
Least Developed Countries (FAO),,1999,2080
Least Developed Countries (FAO),,2000,2091
Least Developed Countries (FAO),,2001,2122
Least Developed Countries (FAO),,2002,2143
Least Developed Countries (FAO),,2003,2168
Least Developed Countries (FAO),,2004,2190
Least Developed Countries (FAO),,2005,2212
Least Developed Countries (FAO),,2006,2228
Least Developed Countries (FAO),,2007,2256
Least Developed Countries (FAO),,2008,2269
Least Developed Countries (FAO),,2009,2297
Least Developed Countries (FAO),,2010,2313.74
Least Developed Countries (FAO),,2011,2329.25
Least Developed Countries (FAO),,2012,2344.29
Least Developed Countries (FAO),,2013,2353.17
Least Developed Countries (FAO),,2014,2377.02
Least Developed Countries (FAO),,2015,2382.86
Least Developed Countries (FAO),,2016,2357.2
Least Developed Countries (FAO),,2017,2389.6
Least Developed Countries (FAO),,2018,2409.62
Least Developed Countries (FAO),,2019,2387.45
Least Developed Countries (FAO),,2020,2428.99
Least Developed Countries (FAO),,2021,2430.26
Least Developed Countries (FAO),,2022,2444.81
Least Developed Countries (FAO),,2023,2419.09
Lebanon,LBN,1961,2438.4949
Lebanon,LBN,1962,2484.9011
Lebanon,LBN,1963,2446.0913
Lebanon,LBN,1964,2471.6587
Lebanon,LBN,1965,2475.742
Lebanon,LBN,1966,2451.0908
Lebanon,LBN,1967,2474.8882
Lebanon,LBN,1968,2502.3274
Lebanon,LBN,1969,2432.6125
Lebanon,LBN,1970,2412.4036
Lebanon,LBN,1971,2414.3154
Lebanon,LBN,1972,2413.4077
Lebanon,LBN,1973,2412.594
Lebanon,LBN,1974,2407.828
Lebanon,LBN,1975,2330.9517
Lebanon,LBN,1976,2351.7056
Lebanon,LBN,1977,2473.7622
Lebanon,LBN,1978,2458.5562
Lebanon,LBN,1979,2474.2017
Lebanon,LBN,1980,2500.8228
Lebanon,LBN,1981,2429.0928
Lebanon,LBN,1982,2475.2551
Lebanon,LBN,1983,2505.387
Lebanon,LBN,1984,2492.9565
Lebanon,LBN,1985,2440.3857
Lebanon,LBN,1986,2391.183
Lebanon,LBN,1987,2370.8618
Lebanon,LBN,1988,2415.8657
Lebanon,LBN,1989,2455.0452
Lebanon,LBN,1990,2430.702
Lebanon,LBN,1991,2461.0298
Lebanon,LBN,1992,2450.4587
Lebanon,LBN,1993,2469.2256
Lebanon,LBN,1994,2511.6702
Lebanon,LBN,1995,2519.3694
Lebanon,LBN,1996,2504.1228
Lebanon,LBN,1997,2540.103
Lebanon,LBN,1998,2507.5625
Lebanon,LBN,1999,2509.113
Lebanon,LBN,2000,2456.8796
Lebanon,LBN,2001,2529.6055
Lebanon,LBN,2002,2575.85
Lebanon,LBN,2003,2607.5762
Lebanon,LBN,2004,2660.5115
Lebanon,LBN,2005,2664.7686
Lebanon,LBN,2006,2686.1394
Lebanon,LBN,2007,2720.3337
Lebanon,LBN,2008,2657.5977
Lebanon,LBN,2009,2674.6353
Lebanon,LBN,2010,3062.14
Lebanon,LBN,2011,3014.5413
Lebanon,LBN,2012,3016.379
Lebanon,LBN,2013,2967.5596
Lebanon,LBN,2014,2932.5188
Lebanon,LBN,2015,2890.69
Lebanon,LBN,2016,2899.1196
Lebanon,LBN,2017,2901.6504
Lebanon,LBN,2018,2908.08
Lebanon,LBN,2019,2882.3145
Lebanon,LBN,2020,2870.19
Lebanon,LBN,2021,2843.1255
Lebanon,LBN,2022,2831.8591
Lebanon,LBN,2023,2827.668
Lesotho,LSO,1961,2297.288
Lesotho,LSO,1962,2260.7893
Lesotho,LSO,1963,2319.2207
Lesotho,LSO,1964,2237.1907
Lesotho,LSO,1965,2263.423
Lesotho,LSO,1966,2156.8674
Lesotho,LSO,1967,2133.258
Lesotho,LSO,1968,2094.6602
Lesotho,LSO,1969,2039.0693
Lesotho,LSO,1970,2040.16
Lesotho,LSO,1971,2077.5688
Lesotho,LSO,1972,1996.5834
Lesotho,LSO,1973,1915.4556
Lesotho,LSO,1974,2010.6464
Lesotho,LSO,1975,1971.0938
Lesotho,LSO,1976,2051.9783
Lesotho,LSO,1977,2138.768
Lesotho,LSO,1978,2203.8428
Lesotho,LSO,1979,2133.6362
Lesotho,LSO,1980,2099.1467
Lesotho,LSO,1981,2146.603
Lesotho,LSO,1982,2091.3257
Lesotho,LSO,1983,2142.9412
Lesotho,LSO,1984,2095.538
Lesotho,LSO,1985,2083.9937
Lesotho,LSO,1986,2075.4167
Lesotho,LSO,1987,2035.4175
Lesotho,LSO,1988,2039.757
Lesotho,LSO,1989,2058.6255
Lesotho,LSO,1990,2059.2034
Lesotho,LSO,1991,2106.5935
Lesotho,LSO,1992,2110.799
Lesotho,LSO,1993,2116.0286
Lesotho,LSO,1994,2152.1023
Lesotho,LSO,1995,2063.6975
Lesotho,LSO,1996,2128.5686
Lesotho,LSO,1997,2173.4868
Lesotho,LSO,1998,2213.157
Lesotho,LSO,1999,2255.8677
Lesotho,LSO,2000,2280.2678
Lesotho,LSO,2001,2324.9614
Lesotho,LSO,2002,2377.6475
Lesotho,LSO,2003,2408.835
Lesotho,LSO,2004,2464.7751
Lesotho,LSO,2005,2531.4077
Lesotho,LSO,2006,2588.2412
Lesotho,LSO,2007,2563.574
Lesotho,LSO,2008,2565.093
Lesotho,LSO,2009,2580.8225
Lesotho,LSO,2010,2530.7625
Lesotho,LSO,2011,2541.1138
Lesotho,LSO,2012,2493.444
Lesotho,LSO,2013,2336.9497
Lesotho,LSO,2014,2208.219
Lesotho,LSO,2015,2085.246
Lesotho,LSO,2016,2096.0261
Lesotho,LSO,2017,2167.4731
Lesotho,LSO,2018,2192.569
Lesotho,LSO,2019,1993.7563
Lesotho,LSO,2020,1810.4524
Lesotho,LSO,2021,1812.3628
Lesotho,LSO,2022,1814.4485
Lesotho,LSO,2023,1872.6951
Liberia,LBR,1961,1982.6569
Liberia,LBR,1962,2016.3954
Liberia,LBR,1963,2092.8193
Liberia,LBR,1964,2109.1226
Liberia,LBR,1965,2093.2583
Liberia,LBR,1966,2221.3389
Liberia,LBR,1967,2126.746
Liberia,LBR,1968,2176.484
Liberia,LBR,1969,2056.6826
Liberia,LBR,1970,2311.0337
Liberia,LBR,1971,2397.2324
Liberia,LBR,1972,2288.1865
Liberia,LBR,1973,2321.7317
Liberia,LBR,1974,2331.143
Liberia,LBR,1975,2214.0332
Liberia,LBR,1976,2339.6655
Liberia,LBR,1977,2476.6243
Liberia,LBR,1978,2460.051
Liberia,LBR,1979,2510.7988
Liberia,LBR,1980,2436.3325
Liberia,LBR,1981,2484.5144
Liberia,LBR,1982,2544.6565
Liberia,LBR,1983,2439.0251
Liberia,LBR,1984,2397.6802
Liberia,LBR,1985,2388.652
Liberia,LBR,1986,2393.8877
Liberia,LBR,1987,2311.2551
Liberia,LBR,1988,2300.414
Liberia,LBR,1989,2210.9553
Liberia,LBR,1990,2045.6251
Liberia,LBR,1991,2482.5498
Liberia,LBR,1992,2244.9087
Liberia,LBR,1993,1974.2272
Liberia,LBR,1994,1942.0604
Liberia,LBR,1995,1906.2802
Liberia,LBR,1996,1958.4507
Liberia,LBR,1997,2126.8381
Liberia,LBR,1998,2053.966
Liberia,LBR,1999,2033.8904
Liberia,LBR,2000,2095.8262
Liberia,LBR,2001,2026.9541
Liberia,LBR,2002,2050.1165
Liberia,LBR,2003,2053.9363
Liberia,LBR,2004,2110.626
Liberia,LBR,2005,2139.7048
Liberia,LBR,2006,2051.8726
Liberia,LBR,2007,2059.0317
Liberia,LBR,2008,2140.7375
Liberia,LBR,2009,2161.9517
Liberia,LBR,2010,2112.6262
Liberia,LBR,2011,2095.7314
Liberia,LBR,2012,2101.717
Liberia,LBR,2013,2074.2874
Liberia,LBR,2014,2110.346
Liberia,LBR,2015,2097.5674
Liberia,LBR,2016,2133.0413
Liberia,LBR,2017,2153.4868
Liberia,LBR,2018,2118.2808
Liberia,LBR,2019,2105.4404
Liberia,LBR,2020,2084.1958
Liberia,LBR,2021,2074.3572
Liberia,LBR,2022,2105.6973
Liberia,LBR,2023,2135.148
Libya,LBY,2010,3084.0115
Libya,LBY,2011,2990.9954
Libya,LBY,2012,2958.0815
Libya,LBY,2013,2981.037
Libya,LBY,2014,2934.6353
Libya,LBY,2015,2960.9475
Libya,LBY,2016,2962.62
Libya,LBY,2017,2957.4595
Libya,LBY,2018,2966.1763
Libya,LBY,2019,2997.8557
Libya,LBY,2020,2951.8289
Libya,LBY,2021,2998.8206
Libya,LBY,2022,2936.2583
Libya,LBY,2023,2867.1804
Lithuania,LTU,1992,2977.0984
Lithuania,LTU,1993,2808.727
Lithuania,LTU,1994,2777.2769
Lithuania,LTU,1995,2824.749
Lithuania,LTU,1996,3012.245
Lithuania,LTU,1997,3191.5352
Lithuania,LTU,1998,3204.112
Lithuania,LTU,1999,3139.1968
Lithuania,LTU,2000,3157.8245
Lithuania,LTU,2001,3258.6387
Lithuania,LTU,2002,3254.0737
Lithuania,LTU,2003,3252.113
Lithuania,LTU,2004,3317.5002
Lithuania,LTU,2005,3426.2422
Lithuania,LTU,2006,3433.3425
Lithuania,LTU,2007,3517.3755
Lithuania,LTU,2008,3460.9062
Lithuania,LTU,2009,3402.805
Lithuania,LTU,2010,3229.929
Lithuania,LTU,2011,3344.3276
Lithuania,LTU,2012,3326.1455
Lithuania,LTU,2013,3385.7112
Lithuania,LTU,2014,3401.1287
Lithuania,LTU,2015,3381.4172
Lithuania,LTU,2016,3395.9211
Lithuania,LTU,2017,3411.8018
Lithuania,LTU,2018,3364.324
Lithuania,LTU,2019,3359.3037
Lithuania,LTU,2020,3363.7827
Lithuania,LTU,2021,3366.19
Lithuania,LTU,2022,3359.8564
Lithuania,LTU,2023,3347.4954
Low Income Food Deficit Countries (FAO),,1961,1997
Low Income Food Deficit Countries (FAO),,1962,2033
Low Income Food Deficit Countries (FAO),,1963,1988
Low Income Food Deficit Countries (FAO),,1964,2013
Low Income Food Deficit Countries (FAO),,1965,1974
Low Income Food Deficit Countries (FAO),,1966,1961
Low Income Food Deficit Countries (FAO),,1967,1994
Low Income Food Deficit Countries (FAO),,1968,2009
Low Income Food Deficit Countries (FAO),,1969,2059
Low Income Food Deficit Countries (FAO),,1970,2108
Low Income Food Deficit Countries (FAO),,1971,2013
Low Income Food Deficit Countries (FAO),,1972,1986
Low Income Food Deficit Countries (FAO),,1973,2037
Low Income Food Deficit Countries (FAO),,1974,1988
Low Income Food Deficit Countries (FAO),,1975,2045
Low Income Food Deficit Countries (FAO),,1976,1980
Low Income Food Deficit Countries (FAO),,1977,2069
Low Income Food Deficit Countries (FAO),,1978,2111
Low Income Food Deficit Countries (FAO),,1979,2045
Low Income Food Deficit Countries (FAO),,1980,2021
Low Income Food Deficit Countries (FAO),,1981,2055
Low Income Food Deficit Countries (FAO),,1982,2040
Low Income Food Deficit Countries (FAO),,1983,2133
Low Income Food Deficit Countries (FAO),,1984,2126
Low Income Food Deficit Countries (FAO),,1985,2107
Low Income Food Deficit Countries (FAO),,1986,2121
Low Income Food Deficit Countries (FAO),,1987,2131
Low Income Food Deficit Countries (FAO),,1988,2190
Low Income Food Deficit Countries (FAO),,1989,2257
Low Income Food Deficit Countries (FAO),,1990,2165
Low Income Food Deficit Countries (FAO),,1991,2219
Low Income Food Deficit Countries (FAO),,1992,2250
Low Income Food Deficit Countries (FAO),,1993,2217
Low Income Food Deficit Countries (FAO),,1994,2234
Low Income Food Deficit Countries (FAO),,1995,2257
Low Income Food Deficit Countries (FAO),,1996,2271
Low Income Food Deficit Countries (FAO),,1997,2294
Low Income Food Deficit Countries (FAO),,1998,2297
Low Income Food Deficit Countries (FAO),,1999,2330
Low Income Food Deficit Countries (FAO),,2000,2317
Low Income Food Deficit Countries (FAO),,2001,2294
Low Income Food Deficit Countries (FAO),,2002,2270
Low Income Food Deficit Countries (FAO),,2003,2280
Low Income Food Deficit Countries (FAO),,2004,2279
Low Income Food Deficit Countries (FAO),,2005,2301
Low Income Food Deficit Countries (FAO),,2006,2342
Low Income Food Deficit Countries (FAO),,2007,2385
Low Income Food Deficit Countries (FAO),,2008,2402
Low Income Food Deficit Countries (FAO),,2009,2403
Low Income Food Deficit Countries (FAO),,2010,2323.78
Low Income Food Deficit Countries (FAO),,2011,2332.91
Low Income Food Deficit Countries (FAO),,2012,2349.46
Low Income Food Deficit Countries (FAO),,2013,2355.63
Low Income Food Deficit Countries (FAO),,2014,2370.33
Low Income Food Deficit Countries (FAO),,2015,2362.77
Low Income Food Deficit Countries (FAO),,2016,2340.12
Low Income Food Deficit Countries (FAO),,2017,2361.89
Low Income Food Deficit Countries (FAO),,2018,2371.55
Low Income Food Deficit Countries (FAO),,2019,2363.07
Low Income Food Deficit Countries (FAO),,2020,2394.15
Low Income Food Deficit Countries (FAO),,2021,2391.55
Low Income Food Deficit Countries (FAO),,2022,2410.1
Low Income Food Deficit Countries (FAO),,2023,2387.74
Low-income countries,OWID_LIC,1961,1988.114
Low-income countries,OWID_LIC,1962,1992.3569
Low-income countries,OWID_LIC,1963,2001.6119
Low-income countries,OWID_LIC,1964,2056.6057
Low-income countries,OWID_LIC,1965,2057.3254
Low-income countries,OWID_LIC,1966,2025.2646
Low-income countries,OWID_LIC,1967,2072.5386
Low-income countries,OWID_LIC,1968,2076.1614
Low-income countries,OWID_LIC,1969,2100.1511
Low-income countries,OWID_LIC,1970,2065.9336
Low-income countries,OWID_LIC,1971,2063.838
Low-income countries,OWID_LIC,1972,2050.3083
Low-income countries,OWID_LIC,1973,2068.6328
Low-income countries,OWID_LIC,1974,2064.1064
Low-income countries,OWID_LIC,1975,2079.5378
Low-income countries,OWID_LIC,1976,2127.5042
Low-income countries,OWID_LIC,1977,2056.9258
Low-income countries,OWID_LIC,1978,2064.9902
Low-income countries,OWID_LIC,1979,2076.0876
Low-income countries,OWID_LIC,1980,2023.4662
Low-income countries,OWID_LIC,1981,2053.5906
Low-income countries,OWID_LIC,1982,2037.3265
Low-income countries,OWID_LIC,1983,2029.0806
Low-income countries,OWID_LIC,1984,1994.09
Low-income countries,OWID_LIC,1985,2006.4257
Low-income countries,OWID_LIC,1986,2020.6267
Low-income countries,OWID_LIC,1987,2043.8787
Low-income countries,OWID_LIC,1988,2039.2821
Low-income countries,OWID_LIC,1989,2047.5214
Low-income countries,OWID_LIC,1990,2055.2175
Low-income countries,OWID_LIC,1991,2025.5583
Low-income countries,OWID_LIC,1992,1979.4926
Low-income countries,OWID_LIC,1993,1857.1313
Low-income countries,OWID_LIC,1994,1862.701
Low-income countries,OWID_LIC,1995,1877.7471
Low-income countries,OWID_LIC,1996,1889.9238
Low-income countries,OWID_LIC,1997,1911.3075
Low-income countries,OWID_LIC,1998,1932.4492
Low-income countries,OWID_LIC,1999,1944.4681
Low-income countries,OWID_LIC,2000,1972.4241
Low-income countries,OWID_LIC,2001,1986.9325
Low-income countries,OWID_LIC,2002,2015.0015
Low-income countries,OWID_LIC,2003,2042.8082
Low-income countries,OWID_LIC,2004,2048.4429
Low-income countries,OWID_LIC,2005,2075.0776
Low-income countries,OWID_LIC,2006,2081.804
Low-income countries,OWID_LIC,2007,2086.2712
Low-income countries,OWID_LIC,2008,2109.0227
Low-income countries,OWID_LIC,2009,2129.286
Low-income countries,OWID_LIC,2010,2267.1772
Low-income countries,OWID_LIC,2011,2266.3606
Low-income countries,OWID_LIC,2012,2280.4236
Low-income countries,OWID_LIC,2013,2279.6487
Low-income countries,OWID_LIC,2014,2297.5515
Low-income countries,OWID_LIC,2015,2283.8887
Low-income countries,OWID_LIC,2016,2244.3147
Low-income countries,OWID_LIC,2017,2274.529
Low-income countries,OWID_LIC,2018,2283.2495
Low-income countries,OWID_LIC,2019,2266.1833
Low-income countries,OWID_LIC,2020,2309.3818
Low-income countries,OWID_LIC,2021,2305.761
Low-income countries,OWID_LIC,2022,2326.7932
Low-income countries,OWID_LIC,2023,2305.753
Lower-middle-income countries,OWID_LMC,1961,2018.0538
Lower-middle-income countries,OWID_LMC,1962,2051.967
Lower-middle-income countries,OWID_LMC,1963,2005.0035
Lower-middle-income countries,OWID_LMC,1964,2026.3425
Lower-middle-income countries,OWID_LMC,1965,1989.8276
Lower-middle-income countries,OWID_LMC,1966,1979.1343
Lower-middle-income countries,OWID_LMC,1967,2007.0723
Lower-middle-income countries,OWID_LMC,1968,2027.293
Lower-middle-income countries,OWID_LMC,1969,2075.5762
Lower-middle-income countries,OWID_LMC,1970,2128.7883
Lower-middle-income countries,OWID_LMC,1971,2036.657
Lower-middle-income countries,OWID_LMC,1972,2013.1952
Lower-middle-income countries,OWID_LMC,1973,2064.1663
Lower-middle-income countries,OWID_LMC,1974,2016.917
Lower-middle-income countries,OWID_LMC,1975,2075.1853
Lower-middle-income countries,OWID_LMC,1976,2006.0217
Lower-middle-income countries,OWID_LMC,1977,2107.4224
Lower-middle-income countries,OWID_LMC,1978,2153.4478
Lower-middle-income countries,OWID_LMC,1979,2087.3416
Lower-middle-income countries,OWID_LMC,1980,2067.1108
Lower-middle-income countries,OWID_LMC,1981,2107.7874
Lower-middle-income countries,OWID_LMC,1982,2095.5671
Lower-middle-income countries,OWID_LMC,1983,2188.0593
Lower-middle-income countries,OWID_LMC,1984,2197.0415
Lower-middle-income countries,OWID_LMC,1985,2168.8474
Lower-middle-income countries,OWID_LMC,1986,2173.9097
Lower-middle-income countries,OWID_LMC,1987,2189.1292
Lower-middle-income countries,OWID_LMC,1988,2246.321
Lower-middle-income countries,OWID_LMC,1989,2305.0366
Lower-middle-income countries,OWID_LMC,1990,2220.8257
Lower-middle-income countries,OWID_LMC,1991,2273.924
Lower-middle-income countries,OWID_LMC,1992,2310.2573
Lower-middle-income countries,OWID_LMC,1993,2270.4504
Lower-middle-income countries,OWID_LMC,1994,2287.2837
Lower-middle-income countries,OWID_LMC,1995,2311.1726
Lower-middle-income countries,OWID_LMC,1996,2322.442
Lower-middle-income countries,OWID_LMC,1997,2339.0474
Lower-middle-income countries,OWID_LMC,1998,2336.451
Lower-middle-income countries,OWID_LMC,1999,2364.9392
Lower-middle-income countries,OWID_LMC,2000,2346.3176
Lower-middle-income countries,OWID_LMC,2001,2321.1572
Lower-middle-income countries,OWID_LMC,2002,2287.9563
Lower-middle-income countries,OWID_LMC,2003,2293.2131
Lower-middle-income countries,OWID_LMC,2004,2287.6157
Lower-middle-income countries,OWID_LMC,2005,2303.4966
Lower-middle-income countries,OWID_LMC,2006,2341.1343
Lower-middle-income countries,OWID_LMC,2007,2383.9932
Lower-middle-income countries,OWID_LMC,2008,2401.1602
Lower-middle-income countries,OWID_LMC,2009,2396.7778
Lower-middle-income countries,OWID_LMC,2010,2453.541
Lower-middle-income countries,OWID_LMC,2011,2475.5332
Lower-middle-income countries,OWID_LMC,2012,2475.8572
Lower-middle-income countries,OWID_LMC,2013,2494.4702
Lower-middle-income countries,OWID_LMC,2014,2518.146
Lower-middle-income countries,OWID_LMC,2015,2509.034
Lower-middle-income countries,OWID_LMC,2016,2534.3674
Lower-middle-income countries,OWID_LMC,2017,2570.155
Lower-middle-income countries,OWID_LMC,2018,2568.645
Lower-middle-income countries,OWID_LMC,2019,2586.5615
Lower-middle-income countries,OWID_LMC,2020,2594.4702
Lower-middle-income countries,OWID_LMC,2021,2612.9333
Lower-middle-income countries,OWID_LMC,2022,2626.9841
Lower-middle-income countries,OWID_LMC,2023,2663.5225
Luxembourg,LUX,1947,2693
Luxembourg,LUX,1948,2878
Luxembourg,LUX,2000,3477.8672
Luxembourg,LUX,2001,3470.1667
Luxembourg,LUX,2002,3465.3308
Luxembourg,LUX,2003,3451.5884
Luxembourg,LUX,2004,3441.001
Luxembourg,LUX,2005,3446.5466
Luxembourg,LUX,2006,3454.0857
Luxembourg,LUX,2007,3469.8225
Luxembourg,LUX,2008,3496.6758
Luxembourg,LUX,2009,3509.6187
Luxembourg,LUX,2010,3454.8755
Luxembourg,LUX,2011,3443.6902
Luxembourg,LUX,2012,3417.2437
Luxembourg,LUX,2013,3416.8894
Luxembourg,LUX,2014,3414.1995
Luxembourg,LUX,2015,3377.2698
Luxembourg,LUX,2016,3355.5044
Luxembourg,LUX,2017,3367.0261
Luxembourg,LUX,2018,3398.3794
Luxembourg,LUX,2019,3505.4502
Luxembourg,LUX,2020,3469.0864
Luxembourg,LUX,2021,3458.1577
Luxembourg,LUX,2022,3498.903
Luxembourg,LUX,2023,3521.8447
Macao,MAC,1961,2695.6472
Macao,MAC,1962,2680.0112
Macao,MAC,1963,2716.5579
Macao,MAC,1964,2297.8572
Macao,MAC,1965,1830.4792
Macao,MAC,1966,1801.5182
Macao,MAC,1967,1751.987
Macao,MAC,1968,1767.779
Macao,MAC,1969,1773.3319
Macao,MAC,1970,1820.5435
Macao,MAC,1971,1784.4689
Macao,MAC,1972,1849.3182
Macao,MAC,1973,2099.0945
Macao,MAC,1974,2391.016
Macao,MAC,1975,2352.086
Macao,MAC,1976,2422.2332
Macao,MAC,1977,2491.151
Macao,MAC,1978,2513.043
Macao,MAC,1979,2663.1655
Macao,MAC,1980,2774.7817
Macao,MAC,1981,2876.1108
Macao,MAC,1982,2968.3857
Macao,MAC,1983,3011.3967
Macao,MAC,1984,2826.2332
Macao,MAC,1985,2774.1616
Macao,MAC,1986,2767.606
Macao,MAC,1987,2679.433
Macao,MAC,1988,2702.085
Macao,MAC,1989,2838.593
Macao,MAC,1990,2906.6738
Macao,MAC,1991,2844.8472
Macao,MAC,1992,2766.032
Macao,MAC,1993,2770.4016
Macao,MAC,1994,2650.6719
Macao,MAC,1995,2723.19
Macao,MAC,1996,2660.6443
Macao,MAC,1997,2569.8262
Macao,MAC,1998,2483.3828
Macao,MAC,1999,2445.7703
Macao,MAC,2000,2443.926
Macao,MAC,2001,2477.7173
Macao,MAC,2002,2508.0676
Macao,MAC,2003,2545.073
Macao,MAC,2004,2627.1597
Macao,MAC,2005,2679.0576
Macao,MAC,2006,2668.1763
Macao,MAC,2007,2707.2092
Macao,MAC,2008,2694.8118
Macao,MAC,2009,2696.9602
Macao,MAC,2010,2926.2952
Macao,MAC,2011,3044.826
Macao,MAC,2012,3033.35
Macao,MAC,2013,3073.6882
Macao,MAC,2014,3181.3582
Macao,MAC,2015,3162.2646
Macao,MAC,2016,3143.0354
Macao,MAC,2017,3156.261
Macao,MAC,2018,3168.2163
Macao,MAC,2019,3151.1035
Macao,MAC,2020,2890.0542
Macao,MAC,2021,2908.5435
Macao,MAC,2022,2898.88
Macao,MAC,2023,2928.5254
Madagascar,MDG,1947,2074
Madagascar,MDG,1961,2420.73
Madagascar,MDG,1962,2388.101
Madagascar,MDG,1963,2442.004
Madagascar,MDG,1964,2495.0981
Madagascar,MDG,1965,2468.555
Madagascar,MDG,1966,2422.9573
Madagascar,MDG,1967,2450.9666
Madagascar,MDG,1968,2505.455
Madagascar,MDG,1969,2510.7646
Madagascar,MDG,1970,2468.9553
Madagascar,MDG,1971,2535.1694
Madagascar,MDG,1972,2488.19
Madagascar,MDG,1973,2453.33
Madagascar,MDG,1974,2506.017
Madagascar,MDG,1975,2489.3293
Madagascar,MDG,1976,2533.5603
Madagascar,MDG,1977,2411.874
Madagascar,MDG,1978,2396.0588
Madagascar,MDG,1979,2349.5972
Madagascar,MDG,1980,2356.2214
Madagascar,MDG,1981,2359.2554
Madagascar,MDG,1982,2177.4949
Madagascar,MDG,1983,2320.5488
Madagascar,MDG,1984,2291.7795
Madagascar,MDG,1985,2278.7708
Madagascar,MDG,1986,2273.2705
Madagascar,MDG,1987,2188.6536
Madagascar,MDG,1988,2090.5508
Madagascar,MDG,1989,2097.5942
Madagascar,MDG,1990,2098.3762
Madagascar,MDG,1991,2008.6367
Madagascar,MDG,1992,2010.9677
Madagascar,MDG,1993,2008.1166
Madagascar,MDG,1994,1947.3038
Madagascar,MDG,1995,1940.6938
Madagascar,MDG,1996,1931.661
Madagascar,MDG,1997,1930.8206
Madagascar,MDG,1998,1922.1106
Madagascar,MDG,1999,1913.5381
Madagascar,MDG,2000,1912.317
Madagascar,MDG,2001,1899.752
Madagascar,MDG,2002,1856.7037
Madagascar,MDG,2003,1886.5443
Madagascar,MDG,2004,1890.2286
Madagascar,MDG,2005,1966.4911
Madagascar,MDG,2006,1987.4677
Madagascar,MDG,2007,1998.2496
Madagascar,MDG,2008,1962.811
Madagascar,MDG,2009,1964.25
Madagascar,MDG,2010,2093.5999
Madagascar,MDG,2011,2107.7595
Madagascar,MDG,2012,2097.7695
Madagascar,MDG,2013,2049.18
Madagascar,MDG,2014,2045.7896
Madagascar,MDG,2015,2012.1798
Madagascar,MDG,2016,2001.15
Madagascar,MDG,2017,1981.2893
Madagascar,MDG,2018,1972.93
Madagascar,MDG,2019,1945.9294
Madagascar,MDG,2020,1932.13
Madagascar,MDG,2021,1926.2595
Madagascar,MDG,2022,2013.9899
Madagascar,MDG,2023,1977.9595
Malawi,MWI,1961,1953.223
Malawi,MWI,1962,1953.6039
Malawi,MWI,1963,2045.0315
Malawi,MWI,1964,2154.1536
Malawi,MWI,1965,2186.7798
Malawi,MWI,1966,2168.049
Malawi,MWI,1967,2127.8052
Malawi,MWI,1968,2197.8716
Malawi,MWI,1969,2181.4463
Malawi,MWI,1970,2294.352
Malawi,MWI,1971,2358.807
Malawi,MWI,1972,2334.6865
Malawi,MWI,1973,2406.108
Malawi,MWI,1974,2404.6833
Malawi,MWI,1975,2383.68
Malawi,MWI,1976,2386.5107
Malawi,MWI,1977,2367.1375
Malawi,MWI,1978,2337.683
Malawi,MWI,1979,2273.1067
Malawi,MWI,1980,2211.8826
Malawi,MWI,1981,2221.98
Malawi,MWI,1982,2188.6282
Malawi,MWI,1983,2058.9011
Malawi,MWI,1984,1965.1425
Malawi,MWI,1985,1983.918
Malawi,MWI,1986,1959.0703
Malawi,MWI,1987,1961.5411
Malawi,MWI,1988,1981.5029
Malawi,MWI,1989,1929.9036
Malawi,MWI,1990,1893.1884
Malawi,MWI,1991,1876.8109
Malawi,MWI,1992,1733.2075
Malawi,MWI,1993,1790.7458
Malawi,MWI,1994,1842.4828
Malawi,MWI,1995,1967.2528
Malawi,MWI,1996,1978.1831
Malawi,MWI,1997,2026.222
Malawi,MWI,1998,2097.791
Malawi,MWI,1999,2172.1338
Malawi,MWI,2000,2204.9841
Malawi,MWI,2001,2240.7727
Malawi,MWI,2002,2181.5156
Malawi,MWI,2003,2178.2202
Malawi,MWI,2004,2177.8281
Malawi,MWI,2005,2205.4985
Malawi,MWI,2006,2287.79
Malawi,MWI,2007,2316.2498
Malawi,MWI,2008,2344.799
Malawi,MWI,2009,2339.4485
Malawi,MWI,2010,2555.989
Malawi,MWI,2011,2562.319
Malawi,MWI,2012,2590.1904
Malawi,MWI,2013,2585.9607
Malawi,MWI,2014,2557.3906
Malawi,MWI,2015,2602.7605
Malawi,MWI,2016,2573.69
Malawi,MWI,2017,2582.531
Malawi,MWI,2018,2591.1194
Malawi,MWI,2019,2574.6902
Malawi,MWI,2020,2621.0508
Malawi,MWI,2021,2642.2795
Malawi,MWI,2022,2614.3
Malawi,MWI,2023,2618.32
Malaysia,MYS,1961,2496.3503
Malaysia,MYS,1962,2531.127
Malaysia,MYS,1963,2566.1614
Malaysia,MYS,1964,2552.0164
Malaysia,MYS,1965,2558.2937
Malaysia,MYS,1966,2562.5994
Malaysia,MYS,1967,2584.6096
Malaysia,MYS,1968,2649.1372
Malaysia,MYS,1969,2731.7693
Malaysia,MYS,1970,2771.5122
Malaysia,MYS,1971,2710.8943
Malaysia,MYS,1972,2740.266
Malaysia,MYS,1973,2796.0154
Malaysia,MYS,1974,2832.3242
Malaysia,MYS,1975,2786.1045
Malaysia,MYS,1976,2806.2927
Malaysia,MYS,1977,2827.8235
Malaysia,MYS,1978,2859.2288
Malaysia,MYS,1979,2921.5488
Malaysia,MYS,1980,2944.0244
Malaysia,MYS,1981,2906.014
Malaysia,MYS,1982,2879.824
Malaysia,MYS,1983,2890.1252
Malaysia,MYS,1984,2883.9604
Malaysia,MYS,1985,2759.5828
Malaysia,MYS,1986,2732.7568
Malaysia,MYS,1987,2676.4602
Malaysia,MYS,1988,2690.4028
Malaysia,MYS,1989,2690.5637
Malaysia,MYS,1990,2704.1016
Malaysia,MYS,1991,2702.0776
Malaysia,MYS,1992,2821.4202
Malaysia,MYS,1993,2851.7646
Malaysia,MYS,1994,2891.3098
Malaysia,MYS,1995,2972.568
Malaysia,MYS,1996,2981.486
Malaysia,MYS,1997,2966.605
Malaysia,MYS,1998,2947.0984
Malaysia,MYS,1999,2969.725
Malaysia,MYS,2000,2897.0564
Malaysia,MYS,2001,2866.8647
Malaysia,MYS,2002,2809.8538
Malaysia,MYS,2003,2817.9324
Malaysia,MYS,2004,2840.1182
Malaysia,MYS,2005,2792.7483
Malaysia,MYS,2006,2799.3337
Malaysia,MYS,2007,2818.6182
Malaysia,MYS,2008,2759.903
Malaysia,MYS,2009,2805.2063
Malaysia,MYS,2010,2833.5007
Malaysia,MYS,2011,2865.8506
Malaysia,MYS,2012,2888.1394
Malaysia,MYS,2013,2845.659
Malaysia,MYS,2014,2833.8308
Malaysia,MYS,2015,2877.2405
Malaysia,MYS,2016,2864.1997
Malaysia,MYS,2017,2894.4197
Malaysia,MYS,2018,2893.7705
Malaysia,MYS,2019,2892.361
Malaysia,MYS,2020,2933.2004
Malaysia,MYS,2021,2919.1394
Malaysia,MYS,2022,2990.5295
Malaysia,MYS,2023,2926.5105
Maldives,MDV,1961,1516.9263
Maldives,MDV,1962,1543.1708
Maldives,MDV,1963,1533.2872
Maldives,MDV,1964,1534.0757
Maldives,MDV,1965,1604.4988
Maldives,MDV,1966,1617.5734
Maldives,MDV,1967,1615.2937
Maldives,MDV,1968,1584.2952
Maldives,MDV,1969,1582.6511
Maldives,MDV,1970,1642.8433
Maldives,MDV,1971,1630.8912
Maldives,MDV,1972,1575.0769
Maldives,MDV,1973,1708.367
Maldives,MDV,1974,1696.62
Maldives,MDV,1975,1668.811
Maldives,MDV,1976,1789.3168
Maldives,MDV,1977,1808.3755
Maldives,MDV,1978,1898.7507
Maldives,MDV,1979,1999.7256
Maldives,MDV,1980,2114.132
Maldives,MDV,1981,2146.6462
Maldives,MDV,1982,2203.2683
Maldives,MDV,1983,2198.341
Maldives,MDV,1984,2211.8755
Maldives,MDV,1985,2232.9768
Maldives,MDV,1986,2263.2256
Maldives,MDV,1987,2188.6636
Maldives,MDV,1988,2210.0059
Maldives,MDV,1989,2334.8442
Maldives,MDV,1990,2200.63
Maldives,MDV,1991,2267.7883
Maldives,MDV,1992,2260.3213
Maldives,MDV,1993,2307.5793
Maldives,MDV,1994,2396.3745
Maldives,MDV,1995,2311.0146
Maldives,MDV,1996,2318.139
Maldives,MDV,1997,2294.056
Maldives,MDV,1998,2332.4412
Maldives,MDV,1999,2390.674
Maldives,MDV,2000,2357.0784
Maldives,MDV,2001,2399.2427
Maldives,MDV,2002,2426.011
Maldives,MDV,2003,2330.2495
Maldives,MDV,2004,2371.8713
Maldives,MDV,2005,2391.3599
Maldives,MDV,2006,2305.3276
Maldives,MDV,2007,2367.2666
Maldives,MDV,2008,2385.51
Maldives,MDV,2009,2390.7063
Maldives,MDV,2010,2593.0737
Maldives,MDV,2011,2598.8997
Maldives,MDV,2012,2608.4033
Maldives,MDV,2013,2638.244
Maldives,MDV,2014,2680.5605
Maldives,MDV,2015,2735.454
Maldives,MDV,2016,2773.1123
Maldives,MDV,2017,2679.9792
Maldives,MDV,2018,2641.0166
Maldives,MDV,2019,2657.0918
Maldives,MDV,2020,2603.3936
Maldives,MDV,2021,2634.3738
Maldives,MDV,2022,2671.8992
Maldives,MDV,2023,2671.2935
Mali,MLI,1961,1544.955
Mali,MLI,1962,1590.3353
Mali,MLI,1963,1645.0873
Mali,MLI,1964,1592.9083
Mali,MLI,1965,1569.0962
Mali,MLI,1966,1569.1143
Mali,MLI,1967,1601.7196
Mali,MLI,1968,1703.7505
Mali,MLI,1969,1585.2517
Mali,MLI,1970,1790.4403
Mali,MLI,1971,1554.4049
Mali,MLI,1972,1522.3915
Mali,MLI,1973,1499.9711
Mali,MLI,1974,1619.6627
Mali,MLI,1975,1687.8129
Mali,MLI,1976,1659.8165
Mali,MLI,1977,1582.993
Mali,MLI,1978,1494.952
Mali,MLI,1979,1580.3661
Mali,MLI,1980,1500.7366
Mali,MLI,1981,1430.7211
Mali,MLI,1982,1599.4741
Mali,MLI,1983,1543.1532
Mali,MLI,1984,1629.4128
Mali,MLI,1985,1854.1986
Mali,MLI,1986,1949.3805
Mali,MLI,1987,1932.1875
Mali,MLI,1988,2064.8906
Mali,MLI,1989,2056.5137
Mali,MLI,1990,2082.358
Mali,MLI,1991,2059.66
Mali,MLI,1992,2051.665
Mali,MLI,1993,2052.6448
Mali,MLI,1994,2048.4756
Mali,MLI,1995,2065.1448
Mali,MLI,1996,2102.7415
Mali,MLI,1997,2097.433
Mali,MLI,1998,2158.6023
Mali,MLI,1999,2178.0273
Mali,MLI,2000,2175.7139
Mali,MLI,2001,2218.6255
Mali,MLI,2002,2212.3716
Mali,MLI,2003,2229.8564
Mali,MLI,2004,2243.5117
Mali,MLI,2005,2278.1892
Mali,MLI,2006,2338.3037
Mali,MLI,2007,2395.9543
Mali,MLI,2008,2441.9214
Mali,MLI,2009,2486.8284
Mali,MLI,2010,2679.5654
Mali,MLI,2011,2686.064
Mali,MLI,2012,2699.484
Mali,MLI,2013,2697.5544
Mali,MLI,2014,2660.3262
Mali,MLI,2015,2659.9536
Mali,MLI,2016,2676.7703
Mali,MLI,2017,2691.9685
Mali,MLI,2018,2683.0618
Mali,MLI,2019,2723.3345
Mali,MLI,2020,2748.609
Mali,MLI,2021,2715.522
Mali,MLI,2022,2734.4417
Malta,MLT,1961,2682.9517
Malta,MLT,1962,2692.3652
Malta,MLT,1963,2750.2085
Malta,MLT,1964,2784.041
Malta,MLT,1965,2878.6494
Malta,MLT,1966,2801.8313
Malta,MLT,1967,2833.0183
Malta,MLT,1968,2942.3828
Malta,MLT,1969,2951.746
Malta,MLT,1970,2931.9636
Malta,MLT,1971,2933.5166
Malta,MLT,1972,2912.4788
Malta,MLT,1973,2858.171
Malta,MLT,1974,2831.3345
Malta,MLT,1975,2975.0913
Malta,MLT,1976,3051.6477
Malta,MLT,1977,3050.325
Malta,MLT,1978,3060.616
Malta,MLT,1979,3056.758
Malta,MLT,1980,3133.6729
Malta,MLT,1981,3096.8313
Malta,MLT,1982,3025.7925
Malta,MLT,1983,3073.942
Malta,MLT,1984,2991.2568
Malta,MLT,1985,3086.4941
Malta,MLT,1986,2977.4954
Malta,MLT,1987,3079.6646
Malta,MLT,1988,3192.2231
Malta,MLT,1989,3224.2285
Malta,MLT,1990,3078.1733
Malta,MLT,1991,3233.7378
Malta,MLT,1992,3205.763
Malta,MLT,1993,3205.7893
Malta,MLT,1994,3250.3362
Malta,MLT,1995,3373.464
Malta,MLT,1996,3389.617
Malta,MLT,1997,3389.163
Malta,MLT,1998,3436.927
Malta,MLT,1999,3451.384
Malta,MLT,2000,3398.4272
Malta,MLT,2001,3393.542
Malta,MLT,2002,3379.5068
Malta,MLT,2003,3400.0627
Malta,MLT,2004,3390.0583
Malta,MLT,2005,3382.6611
Malta,MLT,2006,3380.46
Malta,MLT,2007,3384.5317
Malta,MLT,2008,3387.3413
Malta,MLT,2009,3396.6658
Malta,MLT,2010,3439.1772
Malta,MLT,2011,3439.1895
Malta,MLT,2012,3487.191
Malta,MLT,2013,3534.3623
Malta,MLT,2014,3478.918
Malta,MLT,2015,3499.1858
Malta,MLT,2016,3460.4243
Malta,MLT,2017,3521.6848
Malta,MLT,2018,3444.57
Malta,MLT,2019,3322.9897
Malta,MLT,2020,3281.4575
Malta,MLT,2021,3341.3809
Malta,MLT,2022,3379.8145
Malta,MLT,2023,3406.5947
Marshall Islands,MHL,2019,2961.7837
Marshall Islands,MHL,2020,3061.9695
Marshall Islands,MHL,2021,3213.0596
Marshall Islands,MHL,2022,3250.6548
Marshall Islands,MHL,2023,3320.8052
Mauritania,MRT,1961,2343.7473
Mauritania,MRT,1962,2314.3528
Mauritania,MRT,1963,2289.1233
Mauritania,MRT,1964,2279.5103
Mauritania,MRT,1965,2254.9102
Mauritania,MRT,1966,2278.667
Mauritania,MRT,1967,2267.7788
Mauritania,MRT,1968,2209.3843
Mauritania,MRT,1969,2188.5574
Mauritania,MRT,1970,2078.995
Mauritania,MRT,1971,2046.2615
Mauritania,MRT,1972,1970.3019
Mauritania,MRT,1973,2081.25
Mauritania,MRT,1974,2060.0737
Mauritania,MRT,1975,2040.3175
Mauritania,MRT,1976,2072.7888
Mauritania,MRT,1977,2117.5576
Mauritania,MRT,1978,2198.3928
Mauritania,MRT,1979,2136.449
Mauritania,MRT,1980,2219.7556
Mauritania,MRT,1981,2252.6167
Mauritania,MRT,1982,2280.199
Mauritania,MRT,1983,2558.3726
Mauritania,MRT,1984,2519.7231
Mauritania,MRT,1985,2555.8594
Mauritania,MRT,1986,2558.3845
Mauritania,MRT,1987,2596.6458
Mauritania,MRT,1988,2603.0168
Mauritania,MRT,1989,2634.219
Mauritania,MRT,1990,2589.2603
Mauritania,MRT,1991,2607.2827
Mauritania,MRT,1992,2603.2695
Mauritania,MRT,1993,2636.3054
Mauritania,MRT,1994,2549.7253
Mauritania,MRT,1995,2599.4722
Mauritania,MRT,1996,2653.5623
Mauritania,MRT,1997,2692.3357
Mauritania,MRT,1998,2735.8416
Mauritania,MRT,1999,2726.536
Mauritania,MRT,2000,2727.2212
Mauritania,MRT,2001,2734.9814
Mauritania,MRT,2002,2771.2563
Mauritania,MRT,2003,2870.6812
Mauritania,MRT,2004,2767.813
Mauritania,MRT,2005,2814.1086
Mauritania,MRT,2006,2796.771
Mauritania,MRT,2007,2934.8171
Mauritania,MRT,2008,2980.752
Mauritania,MRT,2009,2956.7144
Mauritania,MRT,2010,2853.5833
Mauritania,MRT,2011,2889.9775
Mauritania,MRT,2012,2944.9558
Mauritania,MRT,2013,2917.7869
Mauritania,MRT,2014,2914.0693
Mauritania,MRT,2015,2892.4907
Mauritania,MRT,2016,2862.2434
Mauritania,MRT,2017,2870.0981
Mauritania,MRT,2018,2895.0635
Mauritania,MRT,2019,2894.0273
Mauritania,MRT,2020,2895.3062
Mauritania,MRT,2021,2887.7075
Mauritania,MRT,2022,2954.9575
Mauritania,MRT,2023,2909.3787
Mauritius,MUS,1961,2325.648
Mauritius,MUS,1962,2385.1135
Mauritius,MUS,1963,2353.9788
Mauritius,MUS,1964,2384.2312
Mauritius,MUS,1965,2300.0142
Mauritius,MUS,1966,2335.088
Mauritius,MUS,1967,2288.157
Mauritius,MUS,1968,2278.1787
Mauritius,MUS,1969,2214.984
Mauritius,MUS,1970,2345.1733
Mauritius,MUS,1971,2367.8542
Mauritius,MUS,1972,2372.5166
Mauritius,MUS,1973,2381.5789
Mauritius,MUS,1974,2427.2214
Mauritius,MUS,1975,2487.0664
Mauritius,MUS,1976,2504.723
Mauritius,MUS,1977,2569.4417
Mauritius,MUS,1978,2636.7366
Mauritius,MUS,1979,2699.5386
Mauritius,MUS,1980,2654.3662
Mauritius,MUS,1981,2708.3083
Mauritius,MUS,1982,2649.442
Mauritius,MUS,1983,2612.2493
Mauritius,MUS,1984,2639.4976
Mauritius,MUS,1985,2663.2354
Mauritius,MUS,1986,2715.2632
Mauritius,MUS,1987,2703.5767
Mauritius,MUS,1988,2678.3093
Mauritius,MUS,1989,2682.1135
Mauritius,MUS,1990,2700.5242
Mauritius,MUS,1991,2700.378
Mauritius,MUS,1992,2726.6953
Mauritius,MUS,1993,2705.2527
Mauritius,MUS,1994,2753.5225
Mauritius,MUS,1995,2818.0613
Mauritius,MUS,1996,2796.5796
Mauritius,MUS,1997,2758.025
Mauritius,MUS,1998,2791.3105
Mauritius,MUS,1999,2791.0305
Mauritius,MUS,2000,2828.497
Mauritius,MUS,2001,2874.9404
Mauritius,MUS,2002,2869.0347
Mauritius,MUS,2003,2867.2805
Mauritius,MUS,2004,2924.316
Mauritius,MUS,2005,2903.1765
Mauritius,MUS,2006,2910.1262
Mauritius,MUS,2007,2956.0103
Mauritius,MUS,2008,2879.4307
Mauritius,MUS,2009,2997.0444
Mauritius,MUS,2010,3026.99
Mauritius,MUS,2011,2987.85
Mauritius,MUS,2012,2971.061
Mauritius,MUS,2013,2963.8218
Mauritius,MUS,2014,2968.9863
Mauritius,MUS,2015,2969.7732
Mauritius,MUS,2016,2953.424
Mauritius,MUS,2017,2988.6707
Mauritius,MUS,2018,3001.2458
Mauritius,MUS,2019,3048.2925
Mauritius,MUS,2020,3098.4734
Mauritius,MUS,2021,3110.1804
Mauritius,MUS,2022,3207.71
Mauritius,MUS,2023,3255.5374
Melanesia (FAO),,1961,2534
Melanesia (FAO),,1962,2568
Melanesia (FAO),,1963,2618
Melanesia (FAO),,1964,2608
Melanesia (FAO),,1965,2689
Melanesia (FAO),,1966,2577
Melanesia (FAO),,1967,2557
Melanesia (FAO),,1968,2540
Melanesia (FAO),,1969,2570
Melanesia (FAO),,1970,2420
Melanesia (FAO),,1971,2606
Melanesia (FAO),,1972,2550
Melanesia (FAO),,1973,2500
Melanesia (FAO),,1974,2433
Melanesia (FAO),,1975,2410
Melanesia (FAO),,1976,2361
Melanesia (FAO),,1977,2439
Melanesia (FAO),,1978,2447
Melanesia (FAO),,1979,2500
Melanesia (FAO),,1980,2508
Melanesia (FAO),,1981,2309
Melanesia (FAO),,1982,2490
Melanesia (FAO),,1983,2495
Melanesia (FAO),,1984,2534
Melanesia (FAO),,1985,2567
Melanesia (FAO),,1986,2512
Melanesia (FAO),,1987,2502
Melanesia (FAO),,1988,2506
Melanesia (FAO),,1989,2504
Melanesia (FAO),,1990,2547
Melanesia (FAO),,1991,2593
Melanesia (FAO),,1992,2583
Melanesia (FAO),,1993,2633
Melanesia (FAO),,1994,2634
Melanesia (FAO),,1995,2620
Melanesia (FAO),,1996,2657
Melanesia (FAO),,1997,2706
Melanesia (FAO),,1998,2694
Melanesia (FAO),,1999,2677
Melanesia (FAO),,2000,2686
Melanesia (FAO),,2001,2696
Melanesia (FAO),,2002,2728
Melanesia (FAO),,2003,2731
Melanesia (FAO),,2004,2729
Melanesia (FAO),,2005,2757
Melanesia (FAO),,2006,2773
Melanesia (FAO),,2007,2757
Melanesia (FAO),,2008,2785
Melanesia (FAO),,2009,2765
Melanesia (FAO),,2010,2219.58
Melanesia (FAO),,2011,2242.16
Melanesia (FAO),,2012,2260.24
Melanesia (FAO),,2013,2273.2
Melanesia (FAO),,2014,2299.97
Melanesia (FAO),,2015,2262.18
Melanesia (FAO),,2016,2269.38
Melanesia (FAO),,2017,2283.13
Melanesia (FAO),,2018,2270.04
Melanesia (FAO),,2019,2277.78
Melanesia (FAO),,2020,2305.13
Melanesia (FAO),,2021,2273.26
Melanesia (FAO),,2022,2289.11
Melanesia (FAO),,2023,2269.2
Mexico,MEX,1936,1800
Mexico,MEX,1947,2050
Mexico,MEX,1948,2101
Mexico,MEX,1961,2424.3704
Mexico,MEX,1962,2408.966
Mexico,MEX,1963,2421.7554
Mexico,MEX,1964,2474.6125
Mexico,MEX,1965,2487.7683
Mexico,MEX,1966,2527.414
Mexico,MEX,1967,2570.6843
Mexico,MEX,1968,2602.813
Mexico,MEX,1969,2619.523
Mexico,MEX,1970,2647.5774
Mexico,MEX,1971,2644.1355
Mexico,MEX,1972,2686.7083
Mexico,MEX,1973,2730.8638
Mexico,MEX,1974,2758.157
Mexico,MEX,1975,2840.4612
Mexico,MEX,1976,2813.8994
Mexico,MEX,1977,2857.2668
Mexico,MEX,1978,2942.2053
Mexico,MEX,1979,2981.0159
Mexico,MEX,1980,3135.031
Mexico,MEX,1981,3275.7368
Mexico,MEX,1982,3264.6355
Mexico,MEX,1983,3233.6118
Mexico,MEX,1984,3164.8955
Mexico,MEX,1985,3215.2727
Mexico,MEX,1986,3167.6638
Mexico,MEX,1987,3057.0295
Mexico,MEX,1988,3123.094
Mexico,MEX,1989,3090.8867
Mexico,MEX,1990,3085.7534
Mexico,MEX,1991,3111.4705
Mexico,MEX,1992,3129.4626
Mexico,MEX,1993,3145.2734
Mexico,MEX,1994,3149.1846
Mexico,MEX,1995,3114.9395
Mexico,MEX,1996,3144.6477
Mexico,MEX,1997,3123.1362
Mexico,MEX,1998,3129.6526
Mexico,MEX,1999,3141.709
Mexico,MEX,2000,3198.6167
Mexico,MEX,2001,3246.5217
Mexico,MEX,2002,3261.1428
Mexico,MEX,2003,3262.293
Mexico,MEX,2004,3253.3545
Mexico,MEX,2005,3207.53
Mexico,MEX,2006,3218.6147
Mexico,MEX,2007,3236.5767
Mexico,MEX,2008,3207.1462
Mexico,MEX,2009,3163.1792
Mexico,MEX,2010,3146.44
Mexico,MEX,2011,3121.91
Mexico,MEX,2012,3127.41
Mexico,MEX,2013,3121.47
Mexico,MEX,2014,3157.6797
Mexico,MEX,2015,3172.1
Mexico,MEX,2016,3199.7903
Mexico,MEX,2017,3209.9602
Mexico,MEX,2018,3217.6
Mexico,MEX,2019,3252.08
Mexico,MEX,2020,3251.0398
Mexico,MEX,2021,3267.92
Mexico,MEX,2022,3263.41
Mexico,MEX,2023,3304.56
Micronesia (FAO),,1961,2424
Micronesia (FAO),,1962,2509
Micronesia (FAO),,1963,2519
Micronesia (FAO),,1964,2549
Micronesia (FAO),,1965,2537
Micronesia (FAO),,1966,2603
Micronesia (FAO),,1967,2691
Micronesia (FAO),,1968,2626
Micronesia (FAO),,1969,2613
Micronesia (FAO),,1970,2689
Micronesia (FAO),,1971,2743
Micronesia (FAO),,1972,2785
Micronesia (FAO),,1973,2868
Micronesia (FAO),,1974,2890
Micronesia (FAO),,1975,2914
Micronesia (FAO),,1976,2860
Micronesia (FAO),,1977,2777
Micronesia (FAO),,1978,2854
Micronesia (FAO),,1979,2943
Micronesia (FAO),,1980,2894
Micronesia (FAO),,1981,2806
Micronesia (FAO),,1982,2814
Micronesia (FAO),,1983,2695
Micronesia (FAO),,1984,2684
Micronesia (FAO),,1985,2680
Micronesia (FAO),,1986,2607
Micronesia (FAO),,1987,2593
Micronesia (FAO),,1988,2584
Micronesia (FAO),,1989,2541
Micronesia (FAO),,1990,2622
Micronesia (FAO),,1991,2716
Micronesia (FAO),,1992,2725
Micronesia (FAO),,1993,2773
Micronesia (FAO),,1994,2671
Micronesia (FAO),,1995,2804
Micronesia (FAO),,1996,2765
Micronesia (FAO),,1997,2768
Micronesia (FAO),,1998,2837
Micronesia (FAO),,1999,2859
Micronesia (FAO),,2000,2842
Micronesia (FAO),,2001,2884
Micronesia (FAO),,2002,2855
Micronesia (FAO),,2003,2872
Micronesia (FAO),,2004,2840
Micronesia (FAO),,2005,2935
Micronesia (FAO),,2006,2903
Micronesia (FAO),,2007,2894
Micronesia (FAO),,2008,2881
Micronesia (FAO),,2009,2941
Micronesia (FAO),,2010,2938.53
Micronesia (FAO),,2011,2988.43
Micronesia (FAO),,2012,3021.1
Micronesia (FAO),,2013,3018.58
Micronesia (FAO),,2014,3066.76
Micronesia (FAO),,2015,3108.93
Micronesia (FAO),,2016,3096.93
Micronesia (FAO),,2017,3066.99
Micronesia (FAO),,2018,3095.68
Micronesia (FAO),,2019,2920.88
Micronesia (FAO),,2020,2917.67
Micronesia (FAO),,2021,2960.71
Micronesia (FAO),,2022,2921.48
Micronesia (FAO),,2023,2912.39
Micronesia (country),FSM,2019,2790.6108
Micronesia (country),FSM,2020,2780.6292
Micronesia (country),FSM,2021,2804.4634
Micronesia (country),FSM,2022,2735.8672
Micronesia (country),FSM,2023,2632.826
Middle Africa (FAO),,1961,2018
Middle Africa (FAO),,1962,2044
Middle Africa (FAO),,1963,2059
Middle Africa (FAO),,1964,2056
Middle Africa (FAO),,1965,2034
Middle Africa (FAO),,1966,2032
Middle Africa (FAO),,1967,2056
Middle Africa (FAO),,1968,2053
Middle Africa (FAO),,1969,2088
Middle Africa (FAO),,1970,2088
Middle Africa (FAO),,1971,2105
Middle Africa (FAO),,1972,2084
Middle Africa (FAO),,1973,2048
Middle Africa (FAO),,1974,2088
Middle Africa (FAO),,1975,2061
Middle Africa (FAO),,1976,2045
Middle Africa (FAO),,1977,2065
Middle Africa (FAO),,1978,2062
Middle Africa (FAO),,1979,2066
Middle Africa (FAO),,1980,2052
Middle Africa (FAO),,1981,1999
Middle Africa (FAO),,1982,1959
Middle Africa (FAO),,1983,1921
Middle Africa (FAO),,1984,1862
Middle Africa (FAO),,1985,1905
Middle Africa (FAO),,1986,1897
Middle Africa (FAO),,1987,1837
Middle Africa (FAO),,1988,1846
Middle Africa (FAO),,1989,1842
Middle Africa (FAO),,1990,1847
Middle Africa (FAO),,1991,1863
Middle Africa (FAO),,1992,1903
Middle Africa (FAO),,1993,1821
Middle Africa (FAO),,1994,1903
Middle Africa (FAO),,1995,1891
Middle Africa (FAO),,1996,1905
Middle Africa (FAO),,1997,1945
Middle Africa (FAO),,1998,1987
Middle Africa (FAO),,1999,2002
Middle Africa (FAO),,2000,1998
Middle Africa (FAO),,2001,2043
Middle Africa (FAO),,2002,2073
Middle Africa (FAO),,2003,2110
Middle Africa (FAO),,2004,2133
Middle Africa (FAO),,2005,2159
Middle Africa (FAO),,2006,2191
Middle Africa (FAO),,2007,2221
Middle Africa (FAO),,2008,2265
Middle Africa (FAO),,2009,2301
Middle Africa (FAO),,2010,2316.28
Middle Africa (FAO),,2011,2338.88
Middle Africa (FAO),,2012,2320.09
Middle Africa (FAO),,2013,2317.65
Middle Africa (FAO),,2014,2338.73
Middle Africa (FAO),,2015,2305.36
Middle Africa (FAO),,2016,2278.01
Middle Africa (FAO),,2017,2296.41
Middle Africa (FAO),,2018,2288.35
Middle Africa (FAO),,2019,2286.63
Middle Africa (FAO),,2020,2239.15
Middle Africa (FAO),,2021,2249.34
Middle Africa (FAO),,2022,2252.53
Middle Africa (FAO),,2023,2229.87
Moldova,MDA,1992,2432.388
Moldova,MDA,1993,2439.1665
Moldova,MDA,1994,2402.5315
Moldova,MDA,1995,2449.5376
Moldova,MDA,1996,2404.541
Moldova,MDA,1997,2407.2036
Moldova,MDA,1998,2406.8662
Moldova,MDA,1999,2417.0818
Moldova,MDA,2000,2424.457
Moldova,MDA,2001,2435.343
Moldova,MDA,2002,2461.143
Moldova,MDA,2003,2430.5896
Moldova,MDA,2004,2442.475
Moldova,MDA,2005,2479.1172
Moldova,MDA,2006,2552.9424
Moldova,MDA,2007,2626.4346
Moldova,MDA,2008,2682.8809
Moldova,MDA,2009,2620.6758
Moldova,MDA,2010,2327.9236
Moldova,MDA,2011,2357.257
Moldova,MDA,2012,2338.278
Moldova,MDA,2013,2361.6343
Moldova,MDA,2014,2344.2917
Moldova,MDA,2015,2375.6548
Moldova,MDA,2016,2419.121
Moldova,MDA,2017,2469.8557
Moldova,MDA,2018,2527.5186
Moldova,MDA,2019,2527.4648
Moldova,MDA,2020,2499.1035
Moldova,MDA,2021,2504.9421
Moldova,MDA,2022,2466.4321
Moldova,MDA,2023,2503.609
Mongolia,MNG,1961,1964.4048
Mongolia,MNG,1962,1892.0222
Mongolia,MNG,1963,1980.1935
Mongolia,MNG,1964,2139.7644
Mongolia,MNG,1965,2211.6807
Mongolia,MNG,1966,2233.4443
Mongolia,MNG,1967,2207.8325
Mongolia,MNG,1968,2118.7473
Mongolia,MNG,1969,2142.9893
Mongolia,MNG,1970,2185.1938
Mongolia,MNG,1971,2138.765
Mongolia,MNG,1972,2133.5464
Mongolia,MNG,1973,2171.7751
Mongolia,MNG,1974,2159.8997
Mongolia,MNG,1975,2175.7964
Mongolia,MNG,1976,2272.6343
Mongolia,MNG,1977,2210.8335
Mongolia,MNG,1978,2292.8733
Mongolia,MNG,1979,2321.324
Mongolia,MNG,1980,2329.3684
Mongolia,MNG,1981,2317.818
Mongolia,MNG,1982,2322.3813
Mongolia,MNG,1983,2369.0818
Mongolia,MNG,1984,2329.8223
Mongolia,MNG,1985,2234.5593
Mongolia,MNG,1986,2311.8884
Mongolia,MNG,1987,2254.3071
Mongolia,MNG,1988,2297.0286
Mongolia,MNG,1989,2270.8293
Mongolia,MNG,1990,2278.2603
Mongolia,MNG,1991,2203.126
Mongolia,MNG,1992,1855.0259
Mongolia,MNG,1993,1843.4344
Mongolia,MNG,1994,1832.1261
Mongolia,MNG,1995,2000.1713
Mongolia,MNG,1996,1998.9105
Mongolia,MNG,1997,1986.8094
Mongolia,MNG,1998,2049.5933
Mongolia,MNG,1999,2084.0898
Mongolia,MNG,2000,2125.4102
Mongolia,MNG,2001,2166.3442
Mongolia,MNG,2002,2177.1372
Mongolia,MNG,2003,2174.4902
Mongolia,MNG,2004,2188.9563
Mongolia,MNG,2005,2220.9504
Mongolia,MNG,2006,2265.1968
Mongolia,MNG,2007,2330.3474
Mongolia,MNG,2008,2373.71
Mongolia,MNG,2009,2457.1309
Mongolia,MNG,2010,2438.702
Mongolia,MNG,2011,2532.387
Mongolia,MNG,2012,2585.707
Mongolia,MNG,2013,2561.1736
Mongolia,MNG,2014,2596.599
Mongolia,MNG,2015,2688.932
Mongolia,MNG,2016,2720.5957
Mongolia,MNG,2017,2651.0808
Mongolia,MNG,2018,2846.5364
Mongolia,MNG,2019,2856.1228
Mongolia,MNG,2020,2950.5637
Mongolia,MNG,2021,3043.4944
Mongolia,MNG,2022,3093.5955
Mongolia,MNG,2023,3031.063
Montenegro,MNE,2006,3188.7815
Montenegro,MNE,2007,3328.1306
Montenegro,MNE,2008,3405.769
Montenegro,MNE,2009,3412.8706
Montenegro,MNE,2010,3361.9407
Montenegro,MNE,2011,3406.8354
Montenegro,MNE,2012,3282.0789
Montenegro,MNE,2013,3325.4553
Montenegro,MNE,2014,3319.0159
Montenegro,MNE,2015,3394.0032
Montenegro,MNE,2016,3466.0723
Montenegro,MNE,2017,3516.3486
Montenegro,MNE,2018,3543.1438
Montenegro,MNE,2019,3567.9841
Montenegro,MNE,2020,3587.4963
Montenegro,MNE,2021,3683.8354
Montenegro,MNE,2022,3686.716
Montenegro,MNE,2023,3669.4126
Morocco,MAR,1947,1837
Morocco,MAR,1948,1825
Morocco,MAR,1961,2176.6892
Morocco,MAR,1962,2201.704
Morocco,MAR,1963,2205.3562
Morocco,MAR,1964,2276.9187
Morocco,MAR,1965,2312.978
Morocco,MAR,1966,2227.1887
Morocco,MAR,1967,2279.2988
Morocco,MAR,1968,2366.4875
Morocco,MAR,1969,2476.102
Morocco,MAR,1970,2461.6514
Morocco,MAR,1971,2546.8215
Morocco,MAR,1972,2518.1875
Morocco,MAR,1973,2536.49
Morocco,MAR,1974,2590.8118
Morocco,MAR,1975,2698.514
Morocco,MAR,1976,2623.5508
Morocco,MAR,1977,2673.1565
Morocco,MAR,1978,2696.4336
Morocco,MAR,1979,2763.0603
Morocco,MAR,1980,2702.2766
Morocco,MAR,1981,2745.2104
Morocco,MAR,1982,2810.5178
Morocco,MAR,1983,2790.59
Morocco,MAR,1984,2854.89
Morocco,MAR,1985,2885.2458
Morocco,MAR,1986,3006.6033
Morocco,MAR,1987,2996.4878
Morocco,MAR,1988,3080.0696
Morocco,MAR,1989,3028.091
Morocco,MAR,1990,3130.996
Morocco,MAR,1991,3112.7532
Morocco,MAR,1992,2943.1523
Morocco,MAR,1993,2921.3042
Morocco,MAR,1994,3048.4802
Morocco,MAR,1995,3000.482
Morocco,MAR,1996,3138.4194
Morocco,MAR,1997,3144.6453
Morocco,MAR,1998,3196.7737
Morocco,MAR,1999,3115.0752
Morocco,MAR,2000,3093.8806
Morocco,MAR,2001,3139.3223
Morocco,MAR,2002,3166.1907
Morocco,MAR,2003,3204.688
Morocco,MAR,2004,3252.431
Morocco,MAR,2005,3181.3784
Morocco,MAR,2006,3231.012
Morocco,MAR,2007,3196.8486
Morocco,MAR,2008,3203.548
Morocco,MAR,2009,3215.5059
Morocco,MAR,2010,3267.011
Morocco,MAR,2011,3315.3706
Morocco,MAR,2012,3331.5593
Morocco,MAR,2013,3338.4297
Morocco,MAR,2014,3387.3997
Morocco,MAR,2015,3380.86
Morocco,MAR,2016,3414.4102
Morocco,MAR,2017,3367.7695
Morocco,MAR,2018,3420.5603
Morocco,MAR,2019,3394.4292
Morocco,MAR,2020,3355.2603
Morocco,MAR,2021,3380.2598
Morocco,MAR,2022,3322.4192
Morocco,MAR,2023,3353.8586
Mozambique,MOZ,1961,2092.9524
Mozambique,MOZ,1962,2125.524
Mozambique,MOZ,1963,2065.0115
Mozambique,MOZ,1964,2117.975
Mozambique,MOZ,1965,2134.9702
Mozambique,MOZ,1966,2110.74
Mozambique,MOZ,1967,2116.5303
Mozambique,MOZ,1968,2025.6954
Mozambique,MOZ,1969,2108.7024
Mozambique,MOZ,1970,2061.201
Mozambique,MOZ,1971,2137.5032
Mozambique,MOZ,1972,2065.7488
Mozambique,MOZ,1973,2190.4016
Mozambique,MOZ,1974,2097.4597
Mozambique,MOZ,1975,2040.3336
Mozambique,MOZ,1976,2080.5137
Mozambique,MOZ,1977,2003.5406
Mozambique,MOZ,1978,1974.6775
Mozambique,MOZ,1979,1974.2621
Mozambique,MOZ,1980,1996.4934
Mozambique,MOZ,1981,1936.5837
Mozambique,MOZ,1982,1872.043
Mozambique,MOZ,1983,1829.4203
Mozambique,MOZ,1984,1888.6206
Mozambique,MOZ,1985,1932.4565
Mozambique,MOZ,1986,1767.909
Mozambique,MOZ,1987,1826.4373
Mozambique,MOZ,1988,1893.8071
Mozambique,MOZ,1989,1803.734
Mozambique,MOZ,1990,1873.3727
Mozambique,MOZ,1991,1781.4834
Mozambique,MOZ,1992,1784.617
Mozambique,MOZ,1993,1797.6061
Mozambique,MOZ,1994,1730.9504
Mozambique,MOZ,1995,1850.486
Mozambique,MOZ,1996,1936.5319
Mozambique,MOZ,1997,1967.9294
Mozambique,MOZ,1998,1988.2074
Mozambique,MOZ,1999,2007.1613
Mozambique,MOZ,2000,2006.0638
Mozambique,MOZ,2001,2010.5706
Mozambique,MOZ,2002,2079.9355
Mozambique,MOZ,2003,2143.8374
Mozambique,MOZ,2004,2121.131
Mozambique,MOZ,2005,2108.8044
Mozambique,MOZ,2006,2192.234
Mozambique,MOZ,2007,2169.4373
Mozambique,MOZ,2008,2257.6218
Mozambique,MOZ,2009,2258.714
Mozambique,MOZ,2010,2364.3608
Mozambique,MOZ,2011,2381.9294
Mozambique,MOZ,2012,2291.44
Mozambique,MOZ,2013,2200.9497
Mozambique,MOZ,2014,2039.8099
Mozambique,MOZ,2015,1922.6896
Mozambique,MOZ,2016,1834.0895
Mozambique,MOZ,2017,1949.2395
Mozambique,MOZ,2018,2082.2195
Mozambique,MOZ,2019,2108.4202
Mozambique,MOZ,2020,2169.9202
Mozambique,MOZ,2021,2193.5703
Mozambique,MOZ,2022,2245.9304
Mozambique,MOZ,2023,2186.1296
Myanmar,MMR,1947,1986
Myanmar,MMR,1948,1877
Myanmar,MMR,1961,1432.7828
Myanmar,MMR,1962,1488.9054
Myanmar,MMR,1963,1515.4067
Myanmar,MMR,1964,1558.3184
Myanmar,MMR,1965,1529.735
Myanmar,MMR,1966,1435.611
Myanmar,MMR,1967,1443.2161
Myanmar,MMR,1968,1451.3278
Myanmar,MMR,1969,1435.6066
Myanmar,MMR,1970,1453.5546
Myanmar,MMR,1971,1480.5842
Myanmar,MMR,1972,1443.4884
Myanmar,MMR,1973,1469.2354
Myanmar,MMR,1974,1515.1475
Myanmar,MMR,1975,1501.7628
Myanmar,MMR,1976,1521.0626
Myanmar,MMR,1977,1553.4713
Myanmar,MMR,1978,1597.8335
Myanmar,MMR,1979,1625.1388
Myanmar,MMR,1980,1609.2454
Myanmar,MMR,1981,1686.3452
Myanmar,MMR,1982,1753.2281
Myanmar,MMR,1983,1767.1117
Myanmar,MMR,1984,1796.3365
Myanmar,MMR,1985,1752.4338
Myanmar,MMR,1986,1723.3845
Myanmar,MMR,1987,1719.9302
Myanmar,MMR,1988,1663.8649
Myanmar,MMR,1989,1554.6648
Myanmar,MMR,1990,1794.2124
Myanmar,MMR,1991,1792.02
Myanmar,MMR,1992,1795.1852
Myanmar,MMR,1993,1843.7493
Myanmar,MMR,1994,1822.2855
Myanmar,MMR,1995,1883.1934
Myanmar,MMR,1996,1905.549
Myanmar,MMR,1997,1964.4043
Myanmar,MMR,1998,1964.1439
Myanmar,MMR,1999,1964.6484
Myanmar,MMR,2000,2043.3538
Myanmar,MMR,2001,2090.5217
Myanmar,MMR,2002,2133.1355
Myanmar,MMR,2003,2185.2588
Myanmar,MMR,2004,2217.7837
Myanmar,MMR,2005,2260.55
Myanmar,MMR,2006,2332.3882
Myanmar,MMR,2007,2410.2163
Myanmar,MMR,2008,2508.4263
Myanmar,MMR,2009,2547.3188
Myanmar,MMR,2010,2688.4702
Myanmar,MMR,2011,2678.0999
Myanmar,MMR,2012,2688.9
Myanmar,MMR,2013,2704.65
Myanmar,MMR,2014,2748.7498
Myanmar,MMR,2015,2775.75
Myanmar,MMR,2016,2794.16
Myanmar,MMR,2017,2808.3103
Myanmar,MMR,2018,2798.85
Myanmar,MMR,2019,2795.3196
Myanmar,MMR,2020,2845.7598
Myanmar,MMR,2021,2837.22
Myanmar,MMR,2022,2805.81
Myanmar,MMR,2023,2809.02
Namibia,NAM,1961,2258.9866
Namibia,NAM,1962,2311.9673
Namibia,NAM,1963,2314.205
Namibia,NAM,1964,2319.363
Namibia,NAM,1965,2326.407
Namibia,NAM,1966,2317.9663
Namibia,NAM,1967,2309.7217
Namibia,NAM,1968,2295.8364
Namibia,NAM,1969,2290.0894
Namibia,NAM,1970,2260.106
Namibia,NAM,1971,2274.224
Namibia,NAM,1972,2254.5066
Namibia,NAM,1973,2247.0552
Namibia,NAM,1974,2231.0034
Namibia,NAM,1975,2202.6807
Namibia,NAM,1976,2210.026
Namibia,NAM,1977,2233.3904
Namibia,NAM,1978,2265.346
Namibia,NAM,1979,2300.4001
Namibia,NAM,1980,2326.4814
Namibia,NAM,1981,2330.5183
Namibia,NAM,1982,2315.259
Namibia,NAM,1983,2276.5906
Namibia,NAM,1984,2266.7778
Namibia,NAM,1985,2209.1802
Namibia,NAM,1986,2211.2744
Namibia,NAM,1987,2288.146
Namibia,NAM,1988,2280.949
Namibia,NAM,1989,2149.7988
Namibia,NAM,1990,2129.7712
Namibia,NAM,1991,2141.493
Namibia,NAM,1992,2107.319
Namibia,NAM,1993,2067.716
Namibia,NAM,1994,2060.7537
Namibia,NAM,1995,2098.753
Namibia,NAM,1996,2109.878
Namibia,NAM,1997,2166.7036
Namibia,NAM,1998,2157.0662
Namibia,NAM,1999,2263.2688
Namibia,NAM,2000,2343.9958
Namibia,NAM,2001,2363.5022
Namibia,NAM,2002,2294.7222
Namibia,NAM,2003,2321.4492
Namibia,NAM,2004,2339.1353
Namibia,NAM,2005,2311.9114
Namibia,NAM,2006,2298.415
Namibia,NAM,2007,2286.556
Namibia,NAM,2008,2186.2192
Namibia,NAM,2009,2127.1138
Namibia,NAM,2010,2260.7947
Namibia,NAM,2011,2292.9583
Namibia,NAM,2012,2401.5535
Namibia,NAM,2013,2442.6453
Namibia,NAM,2014,2427.4668
Namibia,NAM,2015,2465.4448
Namibia,NAM,2016,2442.361
Namibia,NAM,2017,2450.726
Namibia,NAM,2018,2427.623
Namibia,NAM,2019,2477.6118
Namibia,NAM,2020,2449.99
Namibia,NAM,2021,2485.2083
Namibia,NAM,2022,2545.593
Namibia,NAM,2023,2581.1494
Nauru,NRU,2019,2980.8633
Nauru,NRU,2020,3010.2349
Nauru,NRU,2021,2996.6797
Nauru,NRU,2022,3079.0396
Nauru,NRU,2023,3082.1514
Nepal,NPL,1961,1653.4028
Nepal,NPL,1962,1655.9038
Nepal,NPL,1963,1652.1699
Nepal,NPL,1964,1665.4983
Nepal,NPL,1965,1648.8444
Nepal,NPL,1966,1624.1322
Nepal,NPL,1967,1608.2429
Nepal,NPL,1968,1651.1482
Nepal,NPL,1969,1662.5945
Nepal,NPL,1970,1648.8704
Nepal,NPL,1971,1630.1666
Nepal,NPL,1972,1603.6017
Nepal,NPL,1973,1643.037
Nepal,NPL,1974,1634.4016
Nepal,NPL,1975,1565.4141
Nepal,NPL,1976,1626.6777
Nepal,NPL,1977,1646.5592
Nepal,NPL,1978,1679.186
Nepal,NPL,1979,1614.5426
Nepal,NPL,1980,1628.7412
Nepal,NPL,1981,1666.6155
Nepal,NPL,1982,1623.8617
Nepal,NPL,1983,1764.4111
Nepal,NPL,1984,1779.5594
Nepal,NPL,1985,1795.6566
Nepal,NPL,1986,1748.5098
Nepal,NPL,1987,1903.4324
Nepal,NPL,1988,2084.3357
Nepal,NPL,1989,2153.2
Nepal,NPL,1990,2026.806
Nepal,NPL,1991,2057.4036
Nepal,NPL,1992,2059.4968
Nepal,NPL,1993,2017.035
Nepal,NPL,1994,2081.5693
Nepal,NPL,1995,2073.0034
Nepal,NPL,1996,2057.4758
Nepal,NPL,1997,2119.0688
Nepal,NPL,1998,2101.349
Nepal,NPL,1999,2169.7573
Nepal,NPL,2000,2131.7202
Nepal,NPL,2001,2158.1477
Nepal,NPL,2002,2168.6904
Nepal,NPL,2003,2233.129
Nepal,NPL,2004,2274.1138
Nepal,NPL,2005,2312.9531
Nepal,NPL,2006,2294.6233
Nepal,NPL,2007,2352.9707
Nepal,NPL,2008,2421.6348
Nepal,NPL,2009,2474.4563
Nepal,NPL,2010,2512.9995
Nepal,NPL,2011,2547.6592
Nepal,NPL,2012,2598.8904
Nepal,NPL,2013,2626.9001
Nepal,NPL,2014,2657.9495
Nepal,NPL,2015,2690.62
Nepal,NPL,2016,2794.549
Nepal,NPL,2017,2846.6104
Nepal,NPL,2018,2854.6702
Nepal,NPL,2019,2887.2395
Nepal,NPL,2020,2938.409
Nepal,NPL,2021,2994.0093
Nepal,NPL,2022,2972.1604
Nepal,NPL,2023,2919.7695
Net Food Importing Developing Countries (FAO),,1961,1972
Net Food Importing Developing Countries (FAO),,1962,1999
Net Food Importing Developing Countries (FAO),,1963,2010
Net Food Importing Developing Countries (FAO),,1964,2053
Net Food Importing Developing Countries (FAO),,1965,2066
Net Food Importing Developing Countries (FAO),,1966,2039
Net Food Importing Developing Countries (FAO),,1967,2036
Net Food Importing Developing Countries (FAO),,1968,2052
Net Food Importing Developing Countries (FAO),,1969,2112
Net Food Importing Developing Countries (FAO),,1970,2119
Net Food Importing Developing Countries (FAO),,1971,2091
Net Food Importing Developing Countries (FAO),,1972,2062
Net Food Importing Developing Countries (FAO),,1973,2081
Net Food Importing Developing Countries (FAO),,1974,2109
Net Food Importing Developing Countries (FAO),,1975,2090
Net Food Importing Developing Countries (FAO),,1976,2133
Net Food Importing Developing Countries (FAO),,1977,2115
Net Food Importing Developing Countries (FAO),,1978,2164
Net Food Importing Developing Countries (FAO),,1979,2195
Net Food Importing Developing Countries (FAO),,1980,2182
Net Food Importing Developing Countries (FAO),,1981,2192
Net Food Importing Developing Countries (FAO),,1982,2206
Net Food Importing Developing Countries (FAO),,1983,2213
Net Food Importing Developing Countries (FAO),,1984,2186
Net Food Importing Developing Countries (FAO),,1985,2196
Net Food Importing Developing Countries (FAO),,1986,2199
Net Food Importing Developing Countries (FAO),,1987,2218
Net Food Importing Developing Countries (FAO),,1988,2221
Net Food Importing Developing Countries (FAO),,1989,2215
Net Food Importing Developing Countries (FAO),,1990,2219
Net Food Importing Developing Countries (FAO),,1991,2206
Net Food Importing Developing Countries (FAO),,1992,2197
Net Food Importing Developing Countries (FAO),,1993,2183
Net Food Importing Developing Countries (FAO),,1994,2209
Net Food Importing Developing Countries (FAO),,1995,2224
Net Food Importing Developing Countries (FAO),,1996,2239
Net Food Importing Developing Countries (FAO),,1997,2254
Net Food Importing Developing Countries (FAO),,1998,2269
Net Food Importing Developing Countries (FAO),,1999,2301
Net Food Importing Developing Countries (FAO),,2000,2308
Net Food Importing Developing Countries (FAO),,2001,2321
Net Food Importing Developing Countries (FAO),,2002,2320
Net Food Importing Developing Countries (FAO),,2003,2343
Net Food Importing Developing Countries (FAO),,2004,2362
Net Food Importing Developing Countries (FAO),,2005,2387
Net Food Importing Developing Countries (FAO),,2006,2405
Net Food Importing Developing Countries (FAO),,2007,2431
Net Food Importing Developing Countries (FAO),,2008,2446
Net Food Importing Developing Countries (FAO),,2009,2467
Net Food Importing Developing Countries (FAO),,2010,2455.85
Net Food Importing Developing Countries (FAO),,2011,2465.96
Net Food Importing Developing Countries (FAO),,2012,2474.45
Net Food Importing Developing Countries (FAO),,2013,2476.61
Net Food Importing Developing Countries (FAO),,2014,2492.14
Net Food Importing Developing Countries (FAO),,2015,2503.11
Net Food Importing Developing Countries (FAO),,2016,2483.28
Net Food Importing Developing Countries (FAO),,2017,2515.79
Net Food Importing Developing Countries (FAO),,2018,2511.33
Net Food Importing Developing Countries (FAO),,2019,2521.46
Net Food Importing Developing Countries (FAO),,2020,2545.37
Net Food Importing Developing Countries (FAO),,2021,2554.74
Net Food Importing Developing Countries (FAO),,2022,2543.78
Net Food Importing Developing Countries (FAO),,2023,2532.87
Netherlands,NLD,1860,2227
Netherlands,NLD,1880,2493
Netherlands,NLD,1900,2721
Netherlands,NLD,1947,2856
Netherlands,NLD,1961,3020.4646
Netherlands,NLD,1962,3016.351
Netherlands,NLD,1963,3035.333
Netherlands,NLD,1964,2979
Netherlands,NLD,1965,2949.7131
Netherlands,NLD,1966,3008.822
Netherlands,NLD,1967,3052.8281
Netherlands,NLD,1968,3019.117
Netherlands,NLD,1969,3025.3801
Netherlands,NLD,1970,3003.1953
Netherlands,NLD,1971,2991.3367
Netherlands,NLD,1972,3029.1775
Netherlands,NLD,1973,3087.106
Netherlands,NLD,1974,3125.991
Netherlands,NLD,1975,2956.3835
Netherlands,NLD,1976,3046.7446
Netherlands,NLD,1977,3083.587
Netherlands,NLD,1978,3068.5322
Netherlands,NLD,1979,3099.3362
Netherlands,NLD,1980,3086.4175
Netherlands,NLD,1981,3003.2874
Netherlands,NLD,1982,3068.1174
Netherlands,NLD,1983,3061.7615
Netherlands,NLD,1984,3094.7456
Netherlands,NLD,1985,3105.3152
Netherlands,NLD,1986,3112.3323
Netherlands,NLD,1987,3130.0215
Netherlands,NLD,1988,3187.912
Netherlands,NLD,1989,3124.9382
Netherlands,NLD,1990,3249.2563
Netherlands,NLD,1991,3308.234
Netherlands,NLD,1992,3276.855
Netherlands,NLD,1993,3284.4106
Netherlands,NLD,1994,3201.0073
Netherlands,NLD,1995,3332.6545
Netherlands,NLD,1996,3347.027
Netherlands,NLD,1997,3245.907
Netherlands,NLD,1998,3331.4592
Netherlands,NLD,1999,3248.5674
Netherlands,NLD,2000,3224.5896
Netherlands,NLD,2001,3207.208
Netherlands,NLD,2002,3199.9182
Netherlands,NLD,2003,3096.301
Netherlands,NLD,2004,3157.185
Netherlands,NLD,2005,3198.8765
Netherlands,NLD,2006,3190.0427
Netherlands,NLD,2007,3219.6982
Netherlands,NLD,2008,3209.862
Netherlands,NLD,2009,3189.2844
Netherlands,NLD,2010,3193.4014
Netherlands,NLD,2011,3196.59
Netherlands,NLD,2012,3211.8499
Netherlands,NLD,2013,3215.289
Netherlands,NLD,2014,3229.531
Netherlands,NLD,2015,3261.0503
Netherlands,NLD,2016,3241.8193
Netherlands,NLD,2017,3252.4487
Netherlands,NLD,2018,3292.209
Netherlands,NLD,2019,3433.581
Netherlands,NLD,2020,3435.5898
Netherlands,NLD,2021,3462.129
Netherlands,NLD,2022,3471.6396
Netherlands,NLD,2023,3466.9788
Netherlands Antilles,ANT,1961,3053.6633
Netherlands Antilles,ANT,1962,3143.0537
Netherlands Antilles,ANT,1963,3206.8752
Netherlands Antilles,ANT,1964,3205.6902
Netherlands Antilles,ANT,1965,3168.5073
Netherlands Antilles,ANT,1966,3108.8347
Netherlands Antilles,ANT,1967,3184.5598
Netherlands Antilles,ANT,1968,3238.8577
Netherlands Antilles,ANT,1969,3215.1133
Netherlands Antilles,ANT,1970,3348.0957
Netherlands Antilles,ANT,1971,3376.0193
Netherlands Antilles,ANT,1972,3299.626
Netherlands Antilles,ANT,1973,3306.849
Netherlands Antilles,ANT,1974,3361.8977
Netherlands Antilles,ANT,1975,3283.367
Netherlands Antilles,ANT,1976,3505.438
Netherlands Antilles,ANT,1977,3563.6072
Netherlands Antilles,ANT,1978,3515.6494
Netherlands Antilles,ANT,1979,3588.4412
Netherlands Antilles,ANT,1980,3590.4243
Netherlands Antilles,ANT,1981,3768.2297
Netherlands Antilles,ANT,1982,3761.714
Netherlands Antilles,ANT,1983,3837.2185
Netherlands Antilles,ANT,1984,3929.7017
Netherlands Antilles,ANT,1985,2734.8706
Netherlands Antilles,ANT,1986,2824.984
Netherlands Antilles,ANT,1987,2829.0542
Netherlands Antilles,ANT,1988,2671.325
Netherlands Antilles,ANT,1989,2663.2188
Netherlands Antilles,ANT,1990,2626.3435
Netherlands Antilles,ANT,1991,2637.5342
Netherlands Antilles,ANT,1992,2792.1968
Netherlands Antilles,ANT,1993,2946.4937
Netherlands Antilles,ANT,1994,2915.3252
Netherlands Antilles,ANT,1995,2962.3833
Netherlands Antilles,ANT,1996,2998.8567
Netherlands Antilles,ANT,1997,2995.5974
Netherlands Antilles,ANT,1998,2997.6309
Netherlands Antilles,ANT,1999,3046.0684
Netherlands Antilles,ANT,2000,3107.7495
Netherlands Antilles,ANT,2001,3086.3213
Netherlands Antilles,ANT,2002,3099.5889
Netherlands Antilles,ANT,2003,3100.9905
Netherlands Antilles,ANT,2004,3123.124
Netherlands Antilles,ANT,2005,3121.793
Netherlands Antilles,ANT,2006,3125.6667
Netherlands Antilles,ANT,2007,3106.2026
Netherlands Antilles,ANT,2008,3119.2305
Netherlands Antilles,ANT,2009,3142.375
New Caledonia,NCL,1961,2789.144
New Caledonia,NCL,1962,2748.1897
New Caledonia,NCL,1963,2743.1018
New Caledonia,NCL,1964,2805.0056
New Caledonia,NCL,1965,2847.9924
New Caledonia,NCL,1966,2887.63
New Caledonia,NCL,1967,2897.5842
New Caledonia,NCL,1968,2903.9583
New Caledonia,NCL,1969,2954.016
New Caledonia,NCL,1970,3010.3157
New Caledonia,NCL,1971,3129.46
New Caledonia,NCL,1972,3061.3276
New Caledonia,NCL,1973,3050.8691
New Caledonia,NCL,1974,2932.5728
New Caledonia,NCL,1975,2814.732
New Caledonia,NCL,1976,2774.5962
New Caledonia,NCL,1977,2777.24
New Caledonia,NCL,1978,2748.3845
New Caledonia,NCL,1979,2715.0977
New Caledonia,NCL,1980,2777.9023
New Caledonia,NCL,1981,2699.2039
New Caledonia,NCL,1982,2791.802
New Caledonia,NCL,1983,2747.9922
New Caledonia,NCL,1984,2698.054
New Caledonia,NCL,1985,2665.7764
New Caledonia,NCL,1986,2734.0466
New Caledonia,NCL,1987,2779.5894
New Caledonia,NCL,1988,2596.4836
New Caledonia,NCL,1989,2632.6267
New Caledonia,NCL,1990,2629.7913
New Caledonia,NCL,1991,2708.3328
New Caledonia,NCL,1992,2563.1436
New Caledonia,NCL,1993,2557.6973
New Caledonia,NCL,1994,2562.7983
New Caledonia,NCL,1995,2489.9197
New Caledonia,NCL,1996,2509.354
New Caledonia,NCL,1997,2599.1467
New Caledonia,NCL,1998,2569.564
New Caledonia,NCL,1999,2580.0432
New Caledonia,NCL,2000,2606.293
New Caledonia,NCL,2001,2616.3345
New Caledonia,NCL,2002,2604.8596
New Caledonia,NCL,2003,2579.9082
New Caledonia,NCL,2004,2571.6687
New Caledonia,NCL,2005,2574.9395
New Caledonia,NCL,2006,2596.8645
New Caledonia,NCL,2007,2609.1492
New Caledonia,NCL,2008,2612.8606
New Caledonia,NCL,2009,2649.5078
New Caledonia,NCL,2010,2774.0198
New Caledonia,NCL,2011,2745.327
New Caledonia,NCL,2012,2730.4795
New Caledonia,NCL,2013,2755.7705
New Caledonia,NCL,2014,2770.8918
New Caledonia,NCL,2015,2779.762
New Caledonia,NCL,2016,2801.3516
New Caledonia,NCL,2017,2812.0403
New Caledonia,NCL,2018,2834.53
New Caledonia,NCL,2019,2914.0083
New Caledonia,NCL,2020,2930.7478
New Caledonia,NCL,2021,2977.3325
New Caledonia,NCL,2022,3000.6055
New Caledonia,NCL,2023,3016.3262
New Zealand,NZL,1947,3286
New Zealand,NZL,1948,3259
New Zealand,NZL,1961,2919.0828
New Zealand,NZL,1962,2954.171
New Zealand,NZL,1963,2943.7224
New Zealand,NZL,1964,2948.2695
New Zealand,NZL,1965,2956.4456
New Zealand,NZL,1966,3070.3674
New Zealand,NZL,1967,2977.6182
New Zealand,NZL,1968,2953.1794
New Zealand,NZL,1969,2953.0652
New Zealand,NZL,1970,2955.711
New Zealand,NZL,1971,3029.0962
New Zealand,NZL,1972,3062.2627
New Zealand,NZL,1973,3097.4065
New Zealand,NZL,1974,3094.8074
New Zealand,NZL,1975,3122.8184
New Zealand,NZL,1976,3216.7498
New Zealand,NZL,1977,3097.0134
New Zealand,NZL,1978,3110.8318
New Zealand,NZL,1979,3045.5654
New Zealand,NZL,1980,3063.6572
New Zealand,NZL,1981,3067.998
New Zealand,NZL,1982,3081.7407
New Zealand,NZL,1983,2966.9731
New Zealand,NZL,1984,3062.498
New Zealand,NZL,1985,3021.8967
New Zealand,NZL,1986,3161.1155
New Zealand,NZL,1987,3173.0757
New Zealand,NZL,1988,3139.991
New Zealand,NZL,1989,3101.0762
New Zealand,NZL,1990,3257.977
New Zealand,NZL,1991,3163.9265
New Zealand,NZL,1992,3161.6042
New Zealand,NZL,1993,3221.2212
New Zealand,NZL,1994,3169.7236
New Zealand,NZL,1995,3208.4941
New Zealand,NZL,1996,3188.3782
New Zealand,NZL,1997,3201.7092
New Zealand,NZL,1998,3185.1086
New Zealand,NZL,1999,3171.5774
New Zealand,NZL,2000,3173.3489
New Zealand,NZL,2001,3129.2036
New Zealand,NZL,2002,3129.5974
New Zealand,NZL,2003,3118.7708
New Zealand,NZL,2004,3153.203
New Zealand,NZL,2005,3182.2288
New Zealand,NZL,2006,3153.3035
New Zealand,NZL,2007,3191.3357
New Zealand,NZL,2008,3217.1685
New Zealand,NZL,2009,3157.6562
New Zealand,NZL,2010,3142.463
New Zealand,NZL,2011,3258.1309
New Zealand,NZL,2012,3229.8987
New Zealand,NZL,2013,3297.1748
New Zealand,NZL,2014,3233.6729
New Zealand,NZL,2015,3194.4763
New Zealand,NZL,2016,3154.1313
New Zealand,NZL,2017,3126.8008
New Zealand,NZL,2018,3153.9365
New Zealand,NZL,2019,3115.5037
New Zealand,NZL,2020,3148.113
New Zealand,NZL,2021,3151.234
New Zealand,NZL,2022,3133.8992
New Zealand,NZL,2023,3121.5017
Nicaragua,NIC,1961,1903.2854
Nicaragua,NIC,1962,1938.5295
Nicaragua,NIC,1963,1951.8132
Nicaragua,NIC,1964,2004.8055
Nicaragua,NIC,1965,2004.5873
Nicaragua,NIC,1966,2033.6923
Nicaragua,NIC,1967,2068.2454
Nicaragua,NIC,1968,2115.2903
Nicaragua,NIC,1969,2061.9307
Nicaragua,NIC,1970,2049.3054
Nicaragua,NIC,1971,2024.8601
Nicaragua,NIC,1972,1979.4764
Nicaragua,NIC,1973,2034.8596
Nicaragua,NIC,1974,1997.954
Nicaragua,NIC,1975,2021.3124
Nicaragua,NIC,1976,2034.7057
Nicaragua,NIC,1977,2084.7146
Nicaragua,NIC,1978,2013.5934
Nicaragua,NIC,1979,1954.9613
Nicaragua,NIC,1980,2026.501
Nicaragua,NIC,1981,2133.9285
Nicaragua,NIC,1982,2010.9778
Nicaragua,NIC,1983,2062.8328
Nicaragua,NIC,1984,2143.1191
Nicaragua,NIC,1985,2166.0552
Nicaragua,NIC,1986,2195.4854
Nicaragua,NIC,1987,2129.1619
Nicaragua,NIC,1988,2106.4482
Nicaragua,NIC,1989,2073.503
Nicaragua,NIC,1990,1723.7666
Nicaragua,NIC,1991,1791.4293
Nicaragua,NIC,1992,1778.842
Nicaragua,NIC,1993,1847.4502
Nicaragua,NIC,1994,1930.2544
Nicaragua,NIC,1995,1971.7999
Nicaragua,NIC,1996,1987.2883
Nicaragua,NIC,1997,1972.034
Nicaragua,NIC,1998,2090.5874
Nicaragua,NIC,1999,2107.1084
Nicaragua,NIC,2000,2166.2795
Nicaragua,NIC,2001,2341.329
Nicaragua,NIC,2002,2335.0796
Nicaragua,NIC,2003,2366.6309
Nicaragua,NIC,2004,2410.6162
Nicaragua,NIC,2005,2450.718
Nicaragua,NIC,2006,2459.2456
Nicaragua,NIC,2007,2515.3892
Nicaragua,NIC,2008,2507.4353
Nicaragua,NIC,2009,2510.7722
Nicaragua,NIC,2010,2538.6897
Nicaragua,NIC,2011,2570.8894
Nicaragua,NIC,2012,2581.66
Nicaragua,NIC,2013,2570.6748
Nicaragua,NIC,2014,2552.5388
Nicaragua,NIC,2015,2557.631
Nicaragua,NIC,2016,2638.1824
Nicaragua,NIC,2017,2668.108
Nicaragua,NIC,2018,2644.5725
Nicaragua,NIC,2019,2680.61
Nicaragua,NIC,2020,2700.4612
Nicaragua,NIC,2021,2751.128
Nicaragua,NIC,2022,2798.4448
Nicaragua,NIC,2023,2760.1863
Niger,NER,1961,1530.0518
Niger,NER,1962,1537.781
Niger,NER,1963,1557.0294
Niger,NER,1964,1594.9886
Niger,NER,1965,1742.9044
Niger,NER,1966,1743.0203
Niger,NER,1967,1818.8839
Niger,NER,1968,1940.7363
Niger,NER,1969,1884.8936
Niger,NER,1970,1859.0454
Niger,NER,1971,1976.7689
Niger,NER,1972,1839.4274
Niger,NER,1973,1901.124
Niger,NER,1974,1905.7167
Niger,NER,1975,1916.996
Niger,NER,1976,1991.5424
Niger,NER,1977,2014.9402
Niger,NER,1978,2025.37
Niger,NER,1979,2026.4432
Niger,NER,1980,2064.1592
Niger,NER,1981,2061.9749
Niger,NER,1982,2104.3848
Niger,NER,1983,2108.1243
Niger,NER,1984,2055.3967
Niger,NER,1985,1998.7491
Niger,NER,1986,1963.7554
Niger,NER,1987,1996.2434
Niger,NER,1988,2017.5392
Niger,NER,1989,2020.6746
Niger,NER,1990,2131.7249
Niger,NER,1991,1957.2429
Niger,NER,1992,1937.6879
Niger,NER,1993,1914.3901
Niger,NER,1994,1874.333
Niger,NER,1995,1942.9493
Niger,NER,1996,1985.147
Niger,NER,1997,2061.2576
Niger,NER,1998,2079.0718
Niger,NER,1999,2113.0212
Niger,NER,2000,2222.896
Niger,NER,2001,2237.9685
Niger,NER,2002,2209.5005
Niger,NER,2003,2299.125
Niger,NER,2004,2350.0337
Niger,NER,2005,2342.3413
Niger,NER,2006,2341.2668
Niger,NER,2007,2360.1562
Niger,NER,2008,2417.651
Niger,NER,2009,2421.617
Niger,NER,2010,2556.0596
Niger,NER,2011,2470.6091
Niger,NER,2012,2513.42
Niger,NER,2013,2520.8203
Niger,NER,2014,2520.829
Niger,NER,2015,2586.6704
Niger,NER,2016,2620.819
Niger,NER,2017,2601.04
Niger,NER,2018,2687.2495
Niger,NER,2019,2651.6494
Niger,NER,2020,2712.9893
Niger,NER,2021,2583.4495
Niger,NER,2022,2694.9492
Niger,NER,2023,2654.0208
Nigeria,NGA,1961,1953.5488
Nigeria,NGA,1962,2032.5873
Nigeria,NGA,1963,1990.3864
Nigeria,NGA,1964,1957.2886
Nigeria,NGA,1965,1884.7112
Nigeria,NGA,1966,1740.0083
Nigeria,NGA,1967,1838.1636
Nigeria,NGA,1968,1832.1116
Nigeria,NGA,1969,1956.097
Nigeria,NGA,1970,2001.4922
Nigeria,NGA,1971,1873.8049
Nigeria,NGA,1972,1661.4178
Nigeria,NGA,1973,1773.9695
Nigeria,NGA,1974,1884.418
Nigeria,NGA,1975,1840.493
Nigeria,NGA,1976,1758.5424
Nigeria,NGA,1977,1784.0382
Nigeria,NGA,1978,1790.7781
Nigeria,NGA,1979,1738.932
Nigeria,NGA,1980,1857.3206
Nigeria,NGA,1981,1872.6392
Nigeria,NGA,1982,1860.4734
Nigeria,NGA,1983,1710.7811
Nigeria,NGA,1984,1737.0381
Nigeria,NGA,1985,1841.1444
Nigeria,NGA,1986,1982.2668
Nigeria,NGA,1987,1946.0553
Nigeria,NGA,1988,1990.6733
Nigeria,NGA,1989,2072.9443
Nigeria,NGA,1990,2158.0566
Nigeria,NGA,1991,2300.6462
Nigeria,NGA,1992,2391.6604
Nigeria,NGA,1993,2476.53
Nigeria,NGA,1994,2449.444
Nigeria,NGA,1995,2505.6655
Nigeria,NGA,1996,2497.8315
Nigeria,NGA,1997,2537.21
Nigeria,NGA,1998,2565.596
Nigeria,NGA,1999,2564.1975
Nigeria,NGA,2000,2537.606
Nigeria,NGA,2001,2535.3804
Nigeria,NGA,2002,2522.1106
Nigeria,NGA,2003,2519.5608
Nigeria,NGA,2004,2559.7966
Nigeria,NGA,2005,2603.691
Nigeria,NGA,2006,2619.6697
Nigeria,NGA,2007,2612.095
Nigeria,NGA,2008,2612.642
Nigeria,NGA,2009,2572.5923
Nigeria,NGA,2010,2566.17
Nigeria,NGA,2011,2528.97
Nigeria,NGA,2012,2511.17
Nigeria,NGA,2013,2502.36
Nigeria,NGA,2014,2562.22
Nigeria,NGA,2015,2560.7
Nigeria,NGA,2016,2561.62
Nigeria,NGA,2017,2558.58
Nigeria,NGA,2018,2519.65
Nigeria,NGA,2019,2533.71
Nigeria,NGA,2020,2497.85
Nigeria,NGA,2021,2546.5403
Nigeria,NGA,2022,2520.64
Nigeria,NGA,2023,2470.11
North America,OWID_NAM,1961,2760.6204
North America,OWID_NAM,1962,2744.917
North America,OWID_NAM,1963,2752.6821
North America,OWID_NAM,1964,2791.6897
North America,OWID_NAM,1965,2794.8086
North America,OWID_NAM,1966,2814.9556
North America,OWID_NAM,1967,2837.0798
North America,OWID_NAM,1968,2855.6606
North America,OWID_NAM,1969,2881.5264
North America,OWID_NAM,1970,2876.7336
North America,OWID_NAM,1971,2885.605
North America,OWID_NAM,1972,2890.1733
North America,OWID_NAM,1973,2884.1794
North America,OWID_NAM,1974,2888.7617
North America,OWID_NAM,1975,2894.998
North America,OWID_NAM,1976,2984.0981
North America,OWID_NAM,1977,2973.3706
North America,OWID_NAM,1978,2996.6287
North America,OWID_NAM,1979,3036.979
North America,OWID_NAM,1980,3051.9922
North America,OWID_NAM,1981,3105.281
North America,OWID_NAM,1982,3084.5347
North America,OWID_NAM,1983,3098.8862
North America,OWID_NAM,1984,3118.7112
North America,OWID_NAM,1985,3201.1323
North America,OWID_NAM,1986,3180.3904
North America,OWID_NAM,1987,3218.727
North America,OWID_NAM,1988,3224.6077
North America,OWID_NAM,1989,3202.8877
North America,OWID_NAM,1990,3229.506
North America,OWID_NAM,1991,3243.8865
North America,OWID_NAM,1992,3260.6133
North America,OWID_NAM,1993,3287.7285
North America,OWID_NAM,1994,3330.8381
North America,OWID_NAM,1995,3272.891
North America,OWID_NAM,1996,3290.7024
North America,OWID_NAM,1997,3335.3774
North America,OWID_NAM,1998,3358.672
North America,OWID_NAM,1999,3381.7412
North America,OWID_NAM,2000,3450.8599
North America,OWID_NAM,2001,3438.5537
North America,OWID_NAM,2002,3490.2915
North America,OWID_NAM,2003,3484.016
North America,OWID_NAM,2004,3501.0952
North America,OWID_NAM,2005,3499.9216
North America,OWID_NAM,2006,3477.2593
North America,OWID_NAM,2007,3467.713
North America,OWID_NAM,2008,3420.3738
North America,OWID_NAM,2009,3381.451
North America,OWID_NAM,2010,3435.1704
North America,OWID_NAM,2011,3431.536
North America,OWID_NAM,2012,3451.8547
North America,OWID_NAM,2013,3441.0051
North America,OWID_NAM,2014,3439.0574
North America,OWID_NAM,2015,3448.7463
North America,OWID_NAM,2016,3475.4941
North America,OWID_NAM,2017,3486.078
North America,OWID_NAM,2018,3504.0425
North America,OWID_NAM,2019,3529.3293
North America,OWID_NAM,2020,3552.9045
North America,OWID_NAM,2021,3572.6707
North America,OWID_NAM,2022,3606.8005
North America,OWID_NAM,2023,3624.3027
North Korea,PRK,1961,1828.1158
North Korea,PRK,1962,1845.2452
North Korea,PRK,1963,1937.3801
North Korea,PRK,1964,2000.9816
North Korea,PRK,1965,1856.6603
North Korea,PRK,1966,1910.4419
North Korea,PRK,1967,1809.2411
North Korea,PRK,1968,1823.615
North Korea,PRK,1969,1985.4808
North Korea,PRK,1970,1967.8348
North Korea,PRK,1971,1994.5958
North Korea,PRK,1972,1985.7994
North Korea,PRK,1973,2051.7239
North Korea,PRK,1974,1967.1058
North Korea,PRK,1975,2038.8037
North Korea,PRK,1976,2147.529
North Korea,PRK,1977,2104.839
North Korea,PRK,1978,2101.0876
North Korea,PRK,1979,2233.5874
North Korea,PRK,1980,2089.0085
North Korea,PRK,1981,2187.0032
North Korea,PRK,1982,1914.1726
North Korea,PRK,1983,1938.1592
North Korea,PRK,1984,1979.3154
North Korea,PRK,1985,1981.1251
North Korea,PRK,1986,2083.8604
North Korea,PRK,1987,2084.1682
North Korea,PRK,1988,2034.4471
North Korea,PRK,1989,2133.4824
North Korea,PRK,1990,2266.9324
North Korea,PRK,1991,2266.4849
North Korea,PRK,1992,2128.74
North Korea,PRK,1993,2182.4421
North Korea,PRK,1994,2154.2334
North Korea,PRK,1995,2019.016
North Korea,PRK,1996,2000.1683
North Korea,PRK,1997,2052.719
North Korea,PRK,1998,2042.1553
North Korea,PRK,1999,2035.0979
North Korea,PRK,2000,2072.0725
North Korea,PRK,2001,2028.0239
North Korea,PRK,2002,2118.5762
North Korea,PRK,2003,2130.7202
North Korea,PRK,2004,2149.9795
North Korea,PRK,2005,2127.866
North Korea,PRK,2006,2092.5913
North Korea,PRK,2007,2063.2725
North Korea,PRK,2008,2050.9573
North Korea,PRK,2009,2045.5038
North Korea,PRK,2010,2053.5703
North Korea,PRK,2011,2063.8193
North Korea,PRK,2012,2071.0996
North Korea,PRK,2013,2050.3696
North Korea,PRK,2014,2071.9897
North Korea,PRK,2015,2043.1495
North Korea,PRK,2016,2027.6704
North Korea,PRK,2017,2040.9801
North Korea,PRK,2018,1981.1097
North Macedonia,MKD,1992,2317.0588
North Macedonia,MKD,1993,2283.8564
North Macedonia,MKD,1994,2655.0837
North Macedonia,MKD,1995,2541.2637
North Macedonia,MKD,1996,2535.7842
North Macedonia,MKD,1997,2721.865
North Macedonia,MKD,1998,2834.3972
North Macedonia,MKD,1999,2774.7812
North Macedonia,MKD,2000,2742.9768
North Macedonia,MKD,2001,2629.3447
North Macedonia,MKD,2002,2721.3674
North Macedonia,MKD,2003,2740.451
North Macedonia,MKD,2004,2871.2002
North Macedonia,MKD,2005,2780.2542
North Macedonia,MKD,2006,2833.4517
North Macedonia,MKD,2007,3038.777
North Macedonia,MKD,2008,3000.2554
North Macedonia,MKD,2009,3055.7576
North Macedonia,MKD,2010,3037.12
North Macedonia,MKD,2011,3008.5574
North Macedonia,MKD,2012,3052.5632
North Macedonia,MKD,2013,3103.26
North Macedonia,MKD,2014,3085.0015
North Macedonia,MKD,2015,3171.6963
North Macedonia,MKD,2016,3226.097
North Macedonia,MKD,2017,3248.395
North Macedonia,MKD,2018,3336.73
North Macedonia,MKD,2019,3434.2346
North Macedonia,MKD,2020,3523.3481
North Macedonia,MKD,2021,3569.872
North Macedonia,MKD,2022,3522.4185
North Macedonia,MKD,2023,3475.55
Northern Africa (FAO),,1961,1920
Northern Africa (FAO),,1962,1988
Northern Africa (FAO),,1963,1977
Northern Africa (FAO),,1964,2013
Northern Africa (FAO),,1965,2016
Northern Africa (FAO),,1966,2018
Northern Africa (FAO),,1967,2044
Northern Africa (FAO),,1968,2093
Northern Africa (FAO),,1969,2115
Northern Africa (FAO),,1970,2135
Northern Africa (FAO),,1971,2161
Northern Africa (FAO),,1972,2203
Northern Africa (FAO),,1973,2235
Northern Africa (FAO),,1974,2300
Northern Africa (FAO),,1975,2322
Northern Africa (FAO),,1976,2348
Northern Africa (FAO),,1977,2422
Northern Africa (FAO),,1978,2518
Northern Africa (FAO),,1979,2585
Northern Africa (FAO),,1980,2634
Northern Africa (FAO),,1981,2700
Northern Africa (FAO),,1982,2710
Northern Africa (FAO),,1983,2721
Northern Africa (FAO),,1984,2683
Northern Africa (FAO),,1985,2752
Northern Africa (FAO),,1986,2784
Northern Africa (FAO),,1987,2795
Northern Africa (FAO),,1988,2835
Northern Africa (FAO),,1989,2811
Northern Africa (FAO),,1990,2851
Northern Africa (FAO),,1991,2857
Northern Africa (FAO),,1992,2851
Northern Africa (FAO),,1993,2870
Northern Africa (FAO),,1994,2900
Northern Africa (FAO),,1995,2921
Northern Africa (FAO),,1996,2952
Northern Africa (FAO),,1997,2955
Northern Africa (FAO),,1998,2971
Northern Africa (FAO),,1999,2980
Northern Africa (FAO),,2000,2973
Northern Africa (FAO),,2001,3020
Northern Africa (FAO),,2002,3045
Northern Africa (FAO),,2003,3042
Northern Africa (FAO),,2004,3024
Northern Africa (FAO),,2005,3034
Northern Africa (FAO),,2006,3078
Northern Africa (FAO),,2007,3096
Northern Africa (FAO),,2008,3119
Northern Africa (FAO),,2009,3116
Northern Africa (FAO),,2010,3265.26
Northern Africa (FAO),,2011,3269.52
Northern Africa (FAO),,2012,3134.51
Northern Africa (FAO),,2013,3124.37
Northern Africa (FAO),,2014,3128.53
Northern Africa (FAO),,2015,3119.03
Northern Africa (FAO),,2016,3120.57
Northern Africa (FAO),,2017,3096.71
Northern Africa (FAO),,2018,3114.29
Northern Africa (FAO),,2019,3122.96
Northern Africa (FAO),,2020,3107.22
Northern Africa (FAO),,2021,3097.84
Northern Africa (FAO),,2022,3090.63
Northern Africa (FAO),,2023,3023.19
Northern America (FAO),,1961,2873
Northern America (FAO),,1962,2857
Northern America (FAO),,1963,2864
Northern America (FAO),,1964,2914
Northern America (FAO),,1965,2923
Northern America (FAO),,1966,2951
Northern America (FAO),,1967,2975
Northern America (FAO),,1968,2995
Northern America (FAO),,1969,3029
Northern America (FAO),,1970,3023
Northern America (FAO),,1971,3040
Northern America (FAO),,1972,3050
Northern America (FAO),,1973,3033
Northern America (FAO),,1974,3025
Northern America (FAO),,1975,3019
Northern America (FAO),,1976,3150
Northern America (FAO),,1977,3122
Northern America (FAO),,1978,3134
Northern America (FAO),,1979,3186
Northern America (FAO),,1980,3156
Northern America (FAO),,1981,3188
Northern America (FAO),,1982,3168
Northern America (FAO),,1983,3199
Northern America (FAO),,1984,3248
Northern America (FAO),,1985,3347
Northern America (FAO),,1986,3326
Northern America (FAO),,1987,3420
Northern America (FAO),,1988,3414
Northern America (FAO),,1989,3395
Northern America (FAO),,1990,3447
Northern America (FAO),,1991,3475
Northern America (FAO),,1992,3513
Northern America (FAO),,1993,3557
Northern America (FAO),,1994,3620
Northern America (FAO),,1995,3543
Northern America (FAO),,1996,3554
Northern America (FAO),,1997,3623
Northern America (FAO),,1998,3638
Northern America (FAO),,1999,3656
Northern America (FAO),,2000,3730
Northern America (FAO),,2001,3687
Northern America (FAO),,2002,3755
Northern America (FAO),,2003,3751
Northern America (FAO),,2004,3781
Northern America (FAO),,2005,3793
Northern America (FAO),,2006,3753
Northern America (FAO),,2007,3730
Northern America (FAO),,2008,3676
Northern America (FAO),,2009,3625
Northern America (FAO),,2010,3711.57
Northern America (FAO),,2011,3709.25
Northern America (FAO),,2012,3738.9
Northern America (FAO),,2013,3724.07
Northern America (FAO),,2014,3706.27
Northern America (FAO),,2015,3713.72
Northern America (FAO),,2016,3736.28
Northern America (FAO),,2017,3744
Northern America (FAO),,2018,3768.79
Northern America (FAO),,2019,3793.42
Northern America (FAO),,2020,3824.06
Northern America (FAO),,2021,3845.75
Northern America (FAO),,2022,3900.76
Northern America (FAO),,2023,3910.64
Northern Europe (FAO),,1961,3176
Northern Europe (FAO),,1962,3145
Northern Europe (FAO),,1963,3153
Northern Europe (FAO),,1964,3154
Northern Europe (FAO),,1965,3177
Northern Europe (FAO),,1966,3186
Northern Europe (FAO),,1967,3163
Northern Europe (FAO),,1968,3163
Northern Europe (FAO),,1969,3177
Northern Europe (FAO),,1970,3215
Northern Europe (FAO),,1971,3199
Northern Europe (FAO),,1972,3140
Northern Europe (FAO),,1973,3186
Northern Europe (FAO),,1974,3101
Northern Europe (FAO),,1975,3108
Northern Europe (FAO),,1976,3151
Northern Europe (FAO),,1977,3139
Northern Europe (FAO),,1978,3098
Northern Europe (FAO),,1979,3149
Northern Europe (FAO),,1980,3134
Northern Europe (FAO),,1981,3108
Northern Europe (FAO),,1982,3126
Northern Europe (FAO),,1983,3110
Northern Europe (FAO),,1984,3129
Northern Europe (FAO),,1985,3172
Northern Europe (FAO),,1986,3188
Northern Europe (FAO),,1987,3196
Northern Europe (FAO),,1988,3217
Northern Europe (FAO),,1989,3206
Northern Europe (FAO),,1990,3214
Northern Europe (FAO),,1991,3192
Northern Europe (FAO),,1992,3236
Northern Europe (FAO),,1993,3194
Northern Europe (FAO),,1994,3199
Northern Europe (FAO),,1995,3172
Northern Europe (FAO),,1996,3228
Northern Europe (FAO),,1997,3290
Northern Europe (FAO),,1998,3308
Northern Europe (FAO),,1999,3340
Northern Europe (FAO),,2000,3311
Northern Europe (FAO),,2001,3349
Northern Europe (FAO),,2002,3361
Northern Europe (FAO),,2003,3350
Northern Europe (FAO),,2004,3389
Northern Europe (FAO),,2005,3390
Northern Europe (FAO),,2006,3389
Northern Europe (FAO),,2007,3384
Northern Europe (FAO),,2008,3384
Northern Europe (FAO),,2009,3377
Northern Europe (FAO),,2010,3319.25
Northern Europe (FAO),,2011,3338.36
Northern Europe (FAO),,2012,3330.7
Northern Europe (FAO),,2013,3354.26
Northern Europe (FAO),,2014,3374.52
Northern Europe (FAO),,2015,3381.96
Northern Europe (FAO),,2016,3369.56
Northern Europe (FAO),,2017,3389.27
Northern Europe (FAO),,2018,3371.34
Northern Europe (FAO),,2019,3401.96
Northern Europe (FAO),,2020,3405.34
Northern Europe (FAO),,2021,3383.4
Northern Europe (FAO),,2022,3400.38
Northern Europe (FAO),,2023,3460.43
Norway,NOR,1810,1800
Norway,NOR,1840,2250
Norway,NOR,1860,3300
Norway,NOR,1947,2899
Norway,NOR,1948,3051
Norway,NOR,1960,2930
Norway,NOR,1961,2784.0325
Norway,NOR,1962,2929.128
Norway,NOR,1963,2802.3845
Norway,NOR,1964,2860.527
Norway,NOR,1965,2900.644
Norway,NOR,1966,2993.9666
Norway,NOR,1967,2950.693
Norway,NOR,1968,3027.136
Norway,NOR,1969,2998.9832
Norway,NOR,1970,3014.5046
Norway,NOR,1971,3045.7517
Norway,NOR,1972,3085.0684
Norway,NOR,1973,3085.535
Norway,NOR,1974,2982.0396
Norway,NOR,1975,2967.9866
Norway,NOR,1976,3185.0354
Norway,NOR,1977,3167.0134
Norway,NOR,1978,3220.8813
Norway,NOR,1979,3261.997
Norway,NOR,1980,3346.8662
Norway,NOR,1981,3329.1992
Norway,NOR,1982,3146.8354
Norway,NOR,1983,3157.6143
Norway,NOR,1984,3195.3855
Norway,NOR,1985,3194.612
Norway,NOR,1986,3232.4756
Norway,NOR,1987,3302.4045
Norway,NOR,1988,3116.972
Norway,NOR,1989,3182.7854
Norway,NOR,1990,3154.9285
Norway,NOR,1991,3222.2888
Norway,NOR,1992,3218.8086
Norway,NOR,1993,3220.6072
Norway,NOR,1994,3275.1357
Norway,NOR,1995,3224.7463
Norway,NOR,1996,3314.675
Norway,NOR,1997,3335.055
Norway,NOR,1998,3408.673
Norway,NOR,1999,3421.2258
Norway,NOR,2000,3378.8545
Norway,NOR,2001,3419.0222
Norway,NOR,2002,3458.2256
Norway,NOR,2003,3433.4868
Norway,NOR,2004,3474.1687
Norway,NOR,2005,3520.67
Norway,NOR,2006,3452.2947
Norway,NOR,2007,3472.8147
Norway,NOR,2008,3485.2236
Norway,NOR,2009,3476.3015
Norway,NOR,2010,3570.07
Norway,NOR,2011,3561.431
Norway,NOR,2012,3579.555
Norway,NOR,2013,3562.326
Norway,NOR,2014,3518.712
Norway,NOR,2015,3458.9453
Norway,NOR,2016,3418.1938
Norway,NOR,2017,3417.8853
Norway,NOR,2018,3487.2493
Norway,NOR,2019,3533.808
Norway,NOR,2020,3533.1768
Norway,NOR,2021,3507.655
Norway,NOR,2022,3486.8923
Norway,NOR,2023,3475.592
Oceania,OWID_OCE,1961,3006.59
Oceania,OWID_OCE,1962,3029.1555
Oceania,OWID_OCE,1963,3071.0789
Oceania,OWID_OCE,1964,3056.2793
Oceania,OWID_OCE,1965,3028.7305
Oceania,OWID_OCE,1966,3108.407
Oceania,OWID_OCE,1967,3066.269
Oceania,OWID_OCE,1968,3099.0972
Oceania,OWID_OCE,1969,3117.4414
Oceania,OWID_OCE,1970,3123.842
Oceania,OWID_OCE,1971,3135.3462
Oceania,OWID_OCE,1972,3150.5107
Oceania,OWID_OCE,1973,3055.9084
Oceania,OWID_OCE,1974,2987.024
Oceania,OWID_OCE,1975,3046.8926
Oceania,OWID_OCE,1976,3078.1897
Oceania,OWID_OCE,1977,3027.882
Oceania,OWID_OCE,1978,2991.5112
Oceania,OWID_OCE,1979,2973.4546
Oceania,OWID_OCE,1980,3011.8333
Oceania,OWID_OCE,1981,3001.5076
Oceania,OWID_OCE,1982,3035.1619
Oceania,OWID_OCE,1983,2966.174
Oceania,OWID_OCE,1984,3020.9878
Oceania,OWID_OCE,1985,3050.333
Oceania,OWID_OCE,1986,3040.9368
Oceania,OWID_OCE,1987,3063.8892
Oceania,OWID_OCE,1988,3062.1626
Oceania,OWID_OCE,1989,3066.4636
Oceania,OWID_OCE,1990,3122.332
Oceania,OWID_OCE,1991,3070.461
Oceania,OWID_OCE,1992,3073.7383
Oceania,OWID_OCE,1993,3025.5635
Oceania,OWID_OCE,1994,3030.5696
Oceania,OWID_OCE,1995,3071.9734
Oceania,OWID_OCE,1996,3055.6072
Oceania,OWID_OCE,1997,3078.1272
Oceania,OWID_OCE,1998,3017.1284
Oceania,OWID_OCE,1999,3015.8406
Oceania,OWID_OCE,2000,3000.1724
Oceania,OWID_OCE,2001,3037.1543
Oceania,OWID_OCE,2002,3060.7334
Oceania,OWID_OCE,2003,3080.8467
Oceania,OWID_OCE,2004,3050.9302
Oceania,OWID_OCE,2005,3099.3572
Oceania,OWID_OCE,2006,3144.8635
Oceania,OWID_OCE,2007,3183.6611
Oceania,OWID_OCE,2008,3189.0063
Oceania,OWID_OCE,2009,3181.621
Oceania,OWID_OCE,2010,3123.2996
Oceania,OWID_OCE,2011,3129.1165
Oceania,OWID_OCE,2012,3157.4546
Oceania,OWID_OCE,2013,3156.2156
Oceania,OWID_OCE,2014,3146.9915
Oceania,OWID_OCE,2015,3121.6814
Oceania,OWID_OCE,2016,3127.784
Oceania,OWID_OCE,2017,3100.3628
Oceania,OWID_OCE,2018,3085.7136
Oceania,OWID_OCE,2019,3102.0444
Oceania,OWID_OCE,2020,3101.9067
Oceania,OWID_OCE,2021,3095.445
Oceania,OWID_OCE,2022,3133.9167
Oceania,OWID_OCE,2023,3137.6353
Oceania (FAO),,1961,3021
Oceania (FAO),,1962,3045
Oceania (FAO),,1963,3087
Oceania (FAO),,1964,3071
Oceania (FAO),,1965,3039
Oceania (FAO),,1966,3108
Oceania (FAO),,1967,3048
Oceania (FAO),,1968,3058
Oceania (FAO),,1969,3062
Oceania (FAO),,1970,3077
Oceania (FAO),,1971,3115
Oceania (FAO),,1972,3145
Oceania (FAO),,1973,3055
Oceania (FAO),,1974,2992
Oceania (FAO),,1975,3055
Oceania (FAO),,1976,3086
Oceania (FAO),,1977,3035
Oceania (FAO),,1978,3000
Oceania (FAO),,1979,2980
Oceania (FAO),,1980,3020
Oceania (FAO),,1981,3015
Oceania (FAO),,1982,3055
Oceania (FAO),,1983,2987
Oceania (FAO),,1984,3039
Oceania (FAO),,1985,3064
Oceania (FAO),,1986,3051
Oceania (FAO),,1987,3073
Oceania (FAO),,1988,3071
Oceania (FAO),,1989,3077
Oceania (FAO),,1990,3139
Oceania (FAO),,1991,3092
Oceania (FAO),,1992,3092
Oceania (FAO),,1993,3037
Oceania (FAO),,1994,3038
Oceania (FAO),,1995,3078
Oceania (FAO),,1996,3062
Oceania (FAO),,1997,3084
Oceania (FAO),,1998,3019
Oceania (FAO),,1999,3014
Oceania (FAO),,2000,2995
Oceania (FAO),,2001,3032
Oceania (FAO),,2002,3057
Oceania (FAO),,2003,3078
Oceania (FAO),,2004,3044
Oceania (FAO),,2005,3086
Oceania (FAO),,2006,3126
Oceania (FAO),,2007,3161
Oceania (FAO),,2008,3168
Oceania (FAO),,2009,3162
Oceania (FAO),,2010,3123.3
Oceania (FAO),,2011,3129.12
Oceania (FAO),,2012,3157.46
Oceania (FAO),,2013,3156.22
Oceania (FAO),,2014,3147
Oceania (FAO),,2015,3121.69
Oceania (FAO),,2016,3127.79
Oceania (FAO),,2017,3100.37
Oceania (FAO),,2018,3085.72
Oceania (FAO),,2019,3101.65
Oceania (FAO),,2020,3101.52
Oceania (FAO),,2021,3095.08
Oceania (FAO),,2022,3133.52
Oceania (FAO),,2023,3137.23
Oman,OMN,1990,2406.2095
Oman,OMN,1991,2375.2427
Oman,OMN,1992,2444.5166
Oman,OMN,1993,2344.606
Oman,OMN,1994,2428.2727
Oman,OMN,1995,2400.394
Oman,OMN,1996,2420.2158
Oman,OMN,1997,2344.3022
Oman,OMN,1998,2485.059
Oman,OMN,1999,2532.655
Oman,OMN,2000,2489.797
Oman,OMN,2001,2601.2537
Oman,OMN,2002,2593.254
Oman,OMN,2003,2659.0474
Oman,OMN,2004,2729.556
Oman,OMN,2005,2786.72
Oman,OMN,2006,2812.2542
Oman,OMN,2007,2832.8071
Oman,OMN,2008,2907.5315
Oman,OMN,2009,3001.5806
Oman,OMN,2010,3283.36
Oman,OMN,2011,3158.968
Oman,OMN,2012,2995.7952
Oman,OMN,2013,2994.926
Oman,OMN,2014,3029.7769
Oman,OMN,2015,3023.5315
Oman,OMN,2016,2956.25
Oman,OMN,2017,3032.072
Oman,OMN,2018,3050.9111
Oman,OMN,2019,3062.9148
Oman,OMN,2020,3077.1885
Oman,OMN,2021,3033.494
Oman,OMN,2022,3055.7107
Oman,OMN,2023,2981.3318
Pakistan,PAK,1961,1874.0713
Pakistan,PAK,1962,1937.1768
Pakistan,PAK,1963,1951.5372
Pakistan,PAK,1964,2091.5679
Pakistan,PAK,1965,2190.4429
Pakistan,PAK,1966,2092.707
Pakistan,PAK,1967,2090.7617
Pakistan,PAK,1968,2039.252
Pakistan,PAK,1969,2342.6042
Pakistan,PAK,1970,2335.0298
Pakistan,PAK,1971,2254.6858
Pakistan,PAK,1972,2314.0989
Pakistan,PAK,1973,2292.537
Pakistan,PAK,1974,2290.776
Pakistan,PAK,1975,2202.784
Pakistan,PAK,1976,2219.3232
Pakistan,PAK,1977,2231.9998
Pakistan,PAK,1978,2299.816
Pakistan,PAK,1979,2244.5613
Pakistan,PAK,1980,2144.1553
Pakistan,PAK,1981,2108.7734
Pakistan,PAK,1982,2162.8884
Pakistan,PAK,1983,2151.3325
Pakistan,PAK,1984,2170.5823
Pakistan,PAK,1985,2111.2358
Pakistan,PAK,1986,2102.573
Pakistan,PAK,1987,2155.021
Pakistan,PAK,1988,2102.7268
Pakistan,PAK,1989,2282.3818
Pakistan,PAK,1990,2239.8848
Pakistan,PAK,1991,2115.979
Pakistan,PAK,1992,2207.2725
Pakistan,PAK,1993,2225.4082
Pakistan,PAK,1994,2264.1672
Pakistan,PAK,1995,2248.9028
Pakistan,PAK,1996,2258.8674
Pakistan,PAK,1997,2251.4272
Pakistan,PAK,1998,2219.1602
Pakistan,PAK,1999,2261.3748
Pakistan,PAK,2000,2226.957
Pakistan,PAK,2001,2131.7979
Pakistan,PAK,2002,2068.0964
Pakistan,PAK,2003,2108.7578
Pakistan,PAK,2004,2119.574
Pakistan,PAK,2005,2123.9485
Pakistan,PAK,2006,2132.1875
Pakistan,PAK,2007,2150.2456
Pakistan,PAK,2008,2134.5398
Pakistan,PAK,2009,2125.5566
Pakistan,PAK,2010,2349.35
Pakistan,PAK,2011,2353.33
Pakistan,PAK,2012,2356.53
Pakistan,PAK,2013,2366.23
Pakistan,PAK,2014,2354.57
Pakistan,PAK,2015,2379.4
Pakistan,PAK,2016,2437.7402
Pakistan,PAK,2017,2522.88
Pakistan,PAK,2018,2368.91
Pakistan,PAK,2019,2526.58
Pakistan,PAK,2020,2520.05
Pakistan,PAK,2021,2587.96
Pakistan,PAK,2022,2466.24
Pakistan,PAK,2023,2513.76
Panama,PAN,1961,2119.3313
Panama,PAN,1962,2040.0817
Panama,PAN,1963,2164.9216
Panama,PAN,1964,2163.463
Panama,PAN,1965,2120.3325
Panama,PAN,1966,2183.0435
Panama,PAN,1967,2239.6008
Panama,PAN,1968,2260.5586
Panama,PAN,1969,2366.7458
Panama,PAN,1970,2207.7048
Panama,PAN,1971,2337.7283
Panama,PAN,1972,2138.229
Panama,PAN,1973,2214.0657
Panama,PAN,1974,2402.8408
Panama,PAN,1975,2397.5344
Panama,PAN,1976,2106.1328
Panama,PAN,1977,2389.196
Panama,PAN,1978,2154.6125
Panama,PAN,1979,2126.335
Panama,PAN,1980,2136.852
Panama,PAN,1981,2283.6226
Panama,PAN,1982,2322.546
Panama,PAN,1983,2354.3755
Panama,PAN,1984,2365.987
Panama,PAN,1985,2506.001
Panama,PAN,1986,2548.3499
Panama,PAN,1987,2278.2937
Panama,PAN,1988,2223.0413
Panama,PAN,1989,2206.25
Panama,PAN,1990,2267.6414
Panama,PAN,1991,2227.963
Panama,PAN,1992,2330.5657
Panama,PAN,1993,2367.6504
Panama,PAN,1994,2371.6191
Panama,PAN,1995,2252.508
Panama,PAN,1996,2280.1655
Panama,PAN,1997,2203.8438
Panama,PAN,1998,2421.2632
Panama,PAN,1999,2240.5654
Panama,PAN,2000,2163.6035
Panama,PAN,2001,2300.294
Panama,PAN,2002,2382.477
Panama,PAN,2003,2402.9512
Panama,PAN,2004,2285.878
Panama,PAN,2005,2371.3213
Panama,PAN,2006,2384.5352
Panama,PAN,2007,2503.3716
Panama,PAN,2008,2560.733
Panama,PAN,2009,2556.493
Panama,PAN,2010,2682.775
Panama,PAN,2011,2746.9033
Panama,PAN,2012,2788.2793
Panama,PAN,2013,2786.4077
Panama,PAN,2014,2787.36
Panama,PAN,2015,2794.4172
Panama,PAN,2016,2832.6138
Panama,PAN,2017,2876.944
Panama,PAN,2018,3036.12
Panama,PAN,2019,3048.9314
Panama,PAN,2020,3022.0413
Panama,PAN,2021,3052.3728
Panama,PAN,2022,3095.8667
Panama,PAN,2023,3104.5913
Papua New Guinea,PNG,2010,2110.1987
Papua New Guinea,PNG,2011,2139.5403
Papua New Guinea,PNG,2012,2173.3984
Papua New Guinea,PNG,2013,2189.85
Papua New Guinea,PNG,2014,2213.39
Papua New Guinea,PNG,2015,2172.8806
Papua New Guinea,PNG,2016,2188.7107
Papua New Guinea,PNG,2017,2197.4583
Papua New Guinea,PNG,2018,2178.428
Papua New Guinea,PNG,2019,2179.939
Papua New Guinea,PNG,2020,2213.9114
Papua New Guinea,PNG,2021,2175.1704
Papua New Guinea,PNG,2022,2202.5586
Papua New Guinea,PNG,2023,2177.1003
Paraguay,PRY,1961,2168.8948
Paraguay,PRY,1962,2193.2964
Paraguay,PRY,1963,2194.7952
Paraguay,PRY,1964,2302.987
Paraguay,PRY,1965,2406.3591
Paraguay,PRY,1966,2402.8137
Paraguay,PRY,1967,2406.2104
Paraguay,PRY,1968,2484.7068
Paraguay,PRY,1969,2507.0574
Paraguay,PRY,1970,2554.6895
Paraguay,PRY,1971,2553.7363
Paraguay,PRY,1972,2533.9773
Paraguay,PRY,1973,2551.913
Paraguay,PRY,1974,2570.607
Paraguay,PRY,1975,2478.1426
Paraguay,PRY,1976,2562.3804
Paraguay,PRY,1977,2649.5466
Paraguay,PRY,1978,2704.8486
Paraguay,PRY,1979,2641.3457
Paraguay,PRY,1980,2658.116
Paraguay,PRY,1981,2576.8496
Paraguay,PRY,1982,2648.9998
Paraguay,PRY,1983,2671.0354
Paraguay,PRY,1984,2631.664
Paraguay,PRY,1985,2745.284
Paraguay,PRY,1986,2663.4456
Paraguay,PRY,1987,2669.6873
Paraguay,PRY,1988,2635.3452
Paraguay,PRY,1989,2680.791
Paraguay,PRY,1990,2547.4187
Paraguay,PRY,1991,2514.3508
Paraguay,PRY,1992,2504.7896
Paraguay,PRY,1993,2566.2888
Paraguay,PRY,1994,2673.6938
Paraguay,PRY,1995,2660.087
Paraguay,PRY,1996,2671.0574
Paraguay,PRY,1997,2724.971
Paraguay,PRY,1998,2718.3674
Paraguay,PRY,1999,2764.9841
Paraguay,PRY,2000,2714.397
Paraguay,PRY,2001,2779.0867
Paraguay,PRY,2002,2836.6777
Paraguay,PRY,2003,2914.373
Paraguay,PRY,2004,2859.8481
Paraguay,PRY,2005,2812.1511
Paraguay,PRY,2006,2863.742
Paraguay,PRY,2007,2833.6768
Paraguay,PRY,2008,2816.0762
Paraguay,PRY,2009,2829.2239
Paraguay,PRY,2010,3080.4285
Paraguay,PRY,2011,3122.5288
Paraguay,PRY,2012,3060.0193
Paraguay,PRY,2013,3122.5264
Paraguay,PRY,2014,3136.7354
Paraguay,PRY,2015,3096.1072
Paraguay,PRY,2016,3069.4705
Paraguay,PRY,2017,3103.421
Paraguay,PRY,2018,3111.8591
Paraguay,PRY,2019,3103.7405
Paraguay,PRY,2020,3115.6199
Paraguay,PRY,2021,3098.4482
Paraguay,PRY,2022,3065
Paraguay,PRY,2023,3067.06
Peru,PER,1936,1860
Peru,PER,1947,1920
Peru,PER,1948,2219
Peru,PER,1961,2072.839
Peru,PER,1962,2090.7976
Peru,PER,1963,1934.6604
Peru,PER,1964,2112.1743
Peru,PER,1965,2069.119
Peru,PER,1966,2087.339
Peru,PER,1967,2066.388
Peru,PER,1968,2019.2476
Peru,PER,1969,2250.1199
Peru,PER,1970,2142.2808
Peru,PER,1971,2192.523
Peru,PER,1972,2124.0105
Peru,PER,1973,2070.114
Peru,PER,1974,2091.992
Peru,PER,1975,2163.749
Peru,PER,1976,2108.305
Peru,PER,1977,2054.9639
Peru,PER,1978,1909.4485
Peru,PER,1979,2045.7744
Peru,PER,1980,2037.2433
Peru,PER,1981,2172.9878
Peru,PER,1982,2150.9775
Peru,PER,1983,2178.4087
Peru,PER,1984,1974.3031
Peru,PER,1985,2046.0883
Peru,PER,1986,2217.002
Peru,PER,1987,2220.7847
Peru,PER,1988,2229.9114
Peru,PER,1989,2122.4397
Peru,PER,1990,1999.702
Peru,PER,1991,2153.745
Peru,PER,1992,2110.3884
Peru,PER,1993,2129.3918
Peru,PER,1994,2171.7761
Peru,PER,1995,2164.9287
Peru,PER,1996,2233.1987
Peru,PER,1997,2276.539
Peru,PER,1998,2211.4065
Peru,PER,1999,2223.0464
Peru,PER,2000,2312.7769
Peru,PER,2001,2270.9688
Peru,PER,2002,2289.194
Peru,PER,2003,2236.0845
Peru,PER,2004,2259.0535
Peru,PER,2005,2375.594
Peru,PER,2006,2407.79
Peru,PER,2007,2443.5151
Peru,PER,2008,2516.82
Peru,PER,2009,2565.2964
Peru,PER,2010,2592.4797
Peru,PER,2011,2605.8804
Peru,PER,2012,2671.4702
Peru,PER,2013,2702.251
Peru,PER,2014,2737.1106
Peru,PER,2015,2763.8203
Peru,PER,2016,2753.5896
Peru,PER,2017,2766.5103
Peru,PER,2018,2792.409
Peru,PER,2019,2835.06
Peru,PER,2020,2867.19
Peru,PER,2021,2848.2798
Peru,PER,2022,2859.5405
Peru,PER,2023,2810.5205
Philippines,PHL,1947,1770
Philippines,PHL,1961,1686.8019
Philippines,PHL,1962,1632.4519
Philippines,PHL,1963,1700.7733
Philippines,PHL,1964,1715.7374
Philippines,PHL,1965,1777.5388
Philippines,PHL,1966,1744.2063
Philippines,PHL,1967,1768.2885
Philippines,PHL,1968,1748.7255
Philippines,PHL,1969,1757.3917
Philippines,PHL,1970,1723.5262
Philippines,PHL,1971,1757.5153
Philippines,PHL,1972,1827.5591
Philippines,PHL,1973,1815.0685
Philippines,PHL,1974,1922.0132
Philippines,PHL,1975,1969.6588
Philippines,PHL,1976,2025.7216
Philippines,PHL,1977,2087.7573
Philippines,PHL,1978,2132.3857
Philippines,PHL,1979,2144.8103
Philippines,PHL,1980,2242.4492
Philippines,PHL,1981,2194.1682
Philippines,PHL,1982,2175.7224
Philippines,PHL,1983,2013.9714
Philippines,PHL,1984,2107.0002
Philippines,PHL,1985,2075.0803
Philippines,PHL,1986,2091.7769
Philippines,PHL,1987,2111.4856
Philippines,PHL,1988,2108.7607
Philippines,PHL,1989,2182.1067
Philippines,PHL,1990,2224.479
Philippines,PHL,1991,2182.8357
Philippines,PHL,1992,2214.346
Philippines,PHL,1993,2173.8733
Philippines,PHL,1994,2280.55
Philippines,PHL,1995,2258.5244
Philippines,PHL,1996,2331.0818
Philippines,PHL,1997,2307.2468
Philippines,PHL,1998,2249.7222
Philippines,PHL,1999,2306.353
Philippines,PHL,2000,2332.7178
Philippines,PHL,2001,2311.6794
Philippines,PHL,2002,2332.0754
Philippines,PHL,2003,2330.9841
Philippines,PHL,2004,2399.371
Philippines,PHL,2005,2410.3528
Philippines,PHL,2006,2453.8389
Philippines,PHL,2007,2507.9426
Philippines,PHL,2008,2518.1292
Philippines,PHL,2009,2526.313
Philippines,PHL,2010,2411.1401
Philippines,PHL,2011,2418.94
Philippines,PHL,2012,2449.57
Philippines,PHL,2013,2444.1301
Philippines,PHL,2014,2463.2202
Philippines,PHL,2015,2510.83
Philippines,PHL,2016,2592.3
Philippines,PHL,2017,2636.43
Philippines,PHL,2018,2728.6104
Philippines,PHL,2019,2801.0798
Philippines,PHL,2020,2793.9697
Philippines,PHL,2021,2834.8801
Philippines,PHL,2022,2933.48
Philippines,PHL,2023,2982.9
Poland,POL,1947,2363
Poland,POL,1948,2625
Poland,POL,1961,3276.9053
Poland,POL,1962,3281.6206
Poland,POL,1963,3301.0825
Poland,POL,1964,3314.5388
Poland,POL,1965,3369.1255
Poland,POL,1966,3390.3557
Poland,POL,1967,3385.2676
Poland,POL,1968,3398.8872
Poland,POL,1969,3411.976
Poland,POL,1970,3431.3967
Poland,POL,1971,3441.0017
Poland,POL,1972,3480.3394
Poland,POL,1973,3513.7473
Poland,POL,1974,3522.3699
Poland,POL,1975,3543.8557
Poland,POL,1976,3591.343
Poland,POL,1977,3579.774
Poland,POL,1978,3587.9539
Poland,POL,1979,3591.1497
Poland,POL,1980,3583.4832
Poland,POL,1981,3370.3428
Poland,POL,1982,3289.825
Poland,POL,1983,3367.2158
Poland,POL,1984,3347.7944
Poland,POL,1985,3367.6006
Poland,POL,1986,3432.5303
Poland,POL,1987,3459.2537
Poland,POL,1988,3480.4429
Poland,POL,1989,3497.269
Poland,POL,1990,3355.316
Poland,POL,1991,3296.795
Poland,POL,1992,3370.6138
Poland,POL,1993,3435.3853
Poland,POL,1994,3309.6982
Poland,POL,1995,3329.9807
Poland,POL,1996,3350.5215
Poland,POL,1997,3325.7446
Poland,POL,1998,3387.0403
Poland,POL,1999,3393.04
Poland,POL,2000,3427.3042
Poland,POL,2001,3427.05
Poland,POL,2002,3433.6277
Poland,POL,2003,3425.1616
Poland,POL,2004,3385.086
Poland,POL,2005,3377.215
Poland,POL,2006,3363.8179
Poland,POL,2007,3378.9158
Poland,POL,2008,3363.0928
Poland,POL,2009,3435.2551
Poland,POL,2010,3442.2395
Poland,POL,2011,3464.4797
Poland,POL,2012,3439.2605
Poland,POL,2013,3387.5996
Poland,POL,2014,3398.6697
Poland,POL,2015,3358.9695
Poland,POL,2016,3438.7502
Poland,POL,2017,3489.1997
Poland,POL,2018,3531.69
Poland,POL,2019,3577.3396
Poland,POL,2020,3632.1108
Poland,POL,2021,3678.8896
Poland,POL,2022,3718.8506
Poland,POL,2023,3730.1392
Polynesia (FAO),,1961,2239
Polynesia (FAO),,1962,2225
Polynesia (FAO),,1963,2205
Polynesia (FAO),,1964,2252
Polynesia (FAO),,1965,2287
Polynesia (FAO),,1966,2337
Polynesia (FAO),,1967,2377
Polynesia (FAO),,1968,2406
Polynesia (FAO),,1969,2437
Polynesia (FAO),,1970,2517
Polynesia (FAO),,1971,2487
Polynesia (FAO),,1972,2507
Polynesia (FAO),,1973,2524
Polynesia (FAO),,1974,2569
Polynesia (FAO),,1975,2606
Polynesia (FAO),,1976,2641
Polynesia (FAO),,1977,2625
Polynesia (FAO),,1978,2618
Polynesia (FAO),,1979,2641
Polynesia (FAO),,1980,2572
Polynesia (FAO),,1981,2605
Polynesia (FAO),,1982,2630
Polynesia (FAO),,1983,2627
Polynesia (FAO),,1984,2634
Polynesia (FAO),,1985,2731
Polynesia (FAO),,1986,2688
Polynesia (FAO),,1987,2703
Polynesia (FAO),,1988,2731
Polynesia (FAO),,1989,2700
Polynesia (FAO),,1990,2683
Polynesia (FAO),,1991,2682
Polynesia (FAO),,1992,2657
Polynesia (FAO),,1993,2608
Polynesia (FAO),,1994,2643
Polynesia (FAO),,1995,2681
Polynesia (FAO),,1996,2701
Polynesia (FAO),,1997,2698
Polynesia (FAO),,1998,2717
Polynesia (FAO),,1999,2748
Polynesia (FAO),,2000,2791
Polynesia (FAO),,2001,2832
Polynesia (FAO),,2002,2847
Polynesia (FAO),,2003,2853
Polynesia (FAO),,2004,2899
Polynesia (FAO),,2005,2904
Polynesia (FAO),,2006,2885
Polynesia (FAO),,2007,2892
Polynesia (FAO),,2008,2916
Polynesia (FAO),,2009,2902
Polynesia (FAO),,2010,2962.43
Polynesia (FAO),,2011,2949.14
Polynesia (FAO),,2012,2959.42
Polynesia (FAO),,2013,2976.77
Polynesia (FAO),,2014,2983.49
Polynesia (FAO),,2015,2977.24
Polynesia (FAO),,2016,2975.95
Polynesia (FAO),,2017,2963.28
Polynesia (FAO),,2018,2994.17
Polynesia (FAO),,2019,3024.75
Polynesia (FAO),,2020,3065.84
Polynesia (FAO),,2021,3127.6
Polynesia (FAO),,2022,3107.03
Polynesia (FAO),,2023,3076.73
Portugal,PRT,1947,2279
Portugal,PRT,1948,2184
Portugal,PRT,1961,2478.9583
Portugal,PRT,1962,2580.1414
Portugal,PRT,1963,2687.7393
Portugal,PRT,1964,2555.8008
Portugal,PRT,1965,2834.8013
Portugal,PRT,1966,2765.8386
Portugal,PRT,1967,2923.0657
Portugal,PRT,1968,2945.2834
Portugal,PRT,1969,3031.5454
Portugal,PRT,1970,3005.1653
Portugal,PRT,1971,3036.2888
Portugal,PRT,1972,2993.3997
Portugal,PRT,1973,2978.581
Portugal,PRT,1974,3048.2578
Portugal,PRT,1975,3028.2188
Portugal,PRT,1976,3006.8518
Portugal,PRT,1977,2981.1558
Portugal,PRT,1978,2828.8398
Portugal,PRT,1979,2768.347
Portugal,PRT,1980,2786.3933
Portugal,PRT,1981,2776.9868
Portugal,PRT,1982,2822.1875
Portugal,PRT,1983,2834.7812
Portugal,PRT,1984,2861.539
Portugal,PRT,1985,2992.5112
Portugal,PRT,1986,3136.342
Portugal,PRT,1987,3293.1167
Portugal,PRT,1988,3295.8623
Portugal,PRT,1989,3321.2932
Portugal,PRT,1990,3372.1616
Portugal,PRT,1991,3412.0837
Portugal,PRT,1992,3403.1729
Portugal,PRT,1993,3469.9436
Portugal,PRT,1994,3506.9756
Portugal,PRT,1995,3478.477
Portugal,PRT,1996,3532.5493
Portugal,PRT,1997,3411.9434
Portugal,PRT,1998,3529.9177
Portugal,PRT,1999,3578.1248
Portugal,PRT,2000,3551.8591
Portugal,PRT,2001,3536.8625
Portugal,PRT,2002,3528.2153
Portugal,PRT,2003,3517.8623
Portugal,PRT,2004,3533.858
Portugal,PRT,2005,3533.692
Portugal,PRT,2006,3525.308
Portugal,PRT,2007,3533.0718
Portugal,PRT,2008,3539.9807
Portugal,PRT,2009,3508.57
Portugal,PRT,2010,3513.2805
Portugal,PRT,2011,3492.04
Portugal,PRT,2012,3460.7485
Portugal,PRT,2013,3443.0542
Portugal,PRT,2014,3402.709
Portugal,PRT,2015,3463.602
Portugal,PRT,2016,3402.1777
Portugal,PRT,2017,3424.5608
Portugal,PRT,2018,3450.7083
Portugal,PRT,2019,3462.9072
Portugal,PRT,2020,3472.1501
Portugal,PRT,2021,3486.401
Portugal,PRT,2022,3498.4087
Portugal,PRT,2023,3552.9316
Qatar,QAT,2019,3414.3215
Qatar,QAT,2020,3377.296
Qatar,QAT,2021,3311.5105
Qatar,QAT,2022,3305.0518
Qatar,QAT,2023,3251.0737
Romania,ROU,1961,2857.2844
Romania,ROU,1962,2902.9282
Romania,ROU,1963,2942.0818
Romania,ROU,1964,2956.6357
Romania,ROU,1965,3019.3787
Romania,ROU,1966,3076.9434
Romania,ROU,1967,3064.3396
Romania,ROU,1968,3061.3872
Romania,ROU,1969,3078.2668
Romania,ROU,1970,2908.835
Romania,ROU,1971,3016.428
Romania,ROU,1972,3069.6953
Romania,ROU,1973,3101.7744
Romania,ROU,1974,3177.3984
Romania,ROU,1975,3094.1006
Romania,ROU,1976,3262.2847
Romania,ROU,1977,3248.9968
Romania,ROU,1978,3287.6719
Romania,ROU,1979,3226.1157
Romania,ROU,1980,3190.9326
Romania,ROU,1981,3172.5227
Romania,ROU,1982,3004.4026
Romania,ROU,1983,3031.7437
Romania,ROU,1984,3109.2747
Romania,ROU,1985,3069.1633
Romania,ROU,1986,2981.5698
Romania,ROU,1987,2950.666
Romania,ROU,1988,2974.726
Romania,ROU,1989,2976.054
Romania,ROU,1990,3185.9521
Romania,ROU,1991,2974.0269
Romania,ROU,1992,2882.2175
Romania,ROU,1993,3046.5903
Romania,ROU,1994,2973.0857
Romania,ROU,1995,3067.9177
Romania,ROU,1996,3096.6824
Romania,ROU,1997,3087.5198
Romania,ROU,1998,3110.8296
Romania,ROU,1999,3125.3179
Romania,ROU,2000,3189.6882
Romania,ROU,2001,3296.6409
Romania,ROU,2002,3392.1765
Romania,ROU,2003,3459.8333
Romania,ROU,2004,3472.2788
Romania,ROU,2005,3540.0156
Romania,ROU,2006,3597.8281
Romania,ROU,2007,3560.204
Romania,ROU,2008,3606.634
Romania,ROU,2009,3598.4016
Romania,ROU,2010,3358.3193
Romania,ROU,2011,3394.4402
Romania,ROU,2012,3351.3796
Romania,ROU,2013,3418.2512
Romania,ROU,2014,3476.8086
Romania,ROU,2015,3537.6602
Romania,ROU,2016,3580.3403
Romania,ROU,2017,3596.9893
Romania,ROU,2018,3621.809
Romania,ROU,2019,3650.0896
Romania,ROU,2020,3646.4807
Romania,ROU,2021,3660.5203
Romania,ROU,2022,3701.6387
Romania,ROU,2023,3648.9397
Russia,RUS,1992,2922.6824
Russia,RUS,1993,2986.196
Russia,RUS,1994,2929.0903
Russia,RUS,1995,2899.0593
Russia,RUS,1996,2792.4658
Russia,RUS,1997,2860.3699
Russia,RUS,1998,2864.5603
Russia,RUS,1999,2889.6677
Russia,RUS,2000,2877.8867
Russia,RUS,2001,2955.0657
Russia,RUS,2002,3016.3254
Russia,RUS,2003,3044.7866
Russia,RUS,2004,3094.7935
Russia,RUS,2005,3189.2673
Russia,RUS,2006,3238.2585
Russia,RUS,2007,3304.221
Russia,RUS,2008,3308.8948
Russia,RUS,2009,3268.9248
Russia,RUS,2010,3348.09
Russia,RUS,2011,3387.59
Russia,RUS,2012,3422.0603
Russia,RUS,2013,3399.4397
Russia,RUS,2014,3423.56
Russia,RUS,2015,3413.5103
Russia,RUS,2016,3389.4805
Russia,RUS,2017,3420.61
Russia,RUS,2018,3375.4502
Russia,RUS,2019,3395.35
Russia,RUS,2020,3410.97
Russia,RUS,2021,3432.24
Russia,RUS,2022,3501.5806
Russia,RUS,2023,3528.4
Rwanda,RWA,1961,1726.1698
Rwanda,RWA,1962,1866.4042
Rwanda,RWA,1963,1787.2072
Rwanda,RWA,1964,1802.4766
Rwanda,RWA,1965,1821.8123
Rwanda,RWA,1966,1953.7245
Rwanda,RWA,1967,2142.38
Rwanda,RWA,1968,2053.6414
Rwanda,RWA,1969,2133.9026
Rwanda,RWA,1970,2159.2317
Rwanda,RWA,1971,2128.3179
Rwanda,RWA,1972,2055.0898
Rwanda,RWA,1973,2058.0593
Rwanda,RWA,1974,2017.97
Rwanda,RWA,1975,2173.9526
Rwanda,RWA,1976,2219.6765
Rwanda,RWA,1977,2243.0596
Rwanda,RWA,1978,2227.7969
Rwanda,RWA,1979,2268.32
Rwanda,RWA,1980,2263.5422
Rwanda,RWA,1981,2274.7217
Rwanda,RWA,1982,2271.1897
Rwanda,RWA,1983,2248.4473
Rwanda,RWA,1984,2149.507
Rwanda,RWA,1985,2234.3523
Rwanda,RWA,1986,2120.3325
Rwanda,RWA,1987,2075.385
Rwanda,RWA,1988,1955.6282
Rwanda,RWA,1989,1974.7405
Rwanda,RWA,1990,1779.4614
Rwanda,RWA,1991,1807.6709
Rwanda,RWA,1992,1610.8508
Rwanda,RWA,1993,1472.9607
Rwanda,RWA,1994,1570.2258
Rwanda,RWA,1995,1810.7653
Rwanda,RWA,1996,1565.4188
Rwanda,RWA,1997,1437.678
Rwanda,RWA,1998,1542.825
Rwanda,RWA,1999,1676.0563
Rwanda,RWA,2000,1898.1609
Rwanda,RWA,2001,2021.1097
Rwanda,RWA,2002,2240.5308
Rwanda,RWA,2003,2129.8198
Rwanda,RWA,2004,2066.6257
Rwanda,RWA,2005,2121.2441
Rwanda,RWA,2006,2123.5134
Rwanda,RWA,2007,2134.2734
Rwanda,RWA,2008,2190.732
Rwanda,RWA,2009,2298.4963
Rwanda,RWA,2010,2119.7578
Rwanda,RWA,2011,2126.8376
Rwanda,RWA,2012,2141.6692
Rwanda,RWA,2013,2147.58
Rwanda,RWA,2014,2136.2903
Rwanda,RWA,2015,2080.619
Rwanda,RWA,2016,2220.7893
Rwanda,RWA,2017,2283.3696
Rwanda,RWA,2018,2212.96
Rwanda,RWA,2019,2199.5396
Rwanda,RWA,2020,2158.0803
Rwanda,RWA,2021,2336.03
Rwanda,RWA,2022,2477.341
Rwanda,RWA,2023,2404.8994
Saint Kitts and Nevis,KNA,1961,1582.0024
Saint Kitts and Nevis,KNA,1962,1668.08
Saint Kitts and Nevis,KNA,1963,1731.4491
Saint Kitts and Nevis,KNA,1964,1798.5405
Saint Kitts and Nevis,KNA,1965,1849.3638
Saint Kitts and Nevis,KNA,1966,1884.7286
Saint Kitts and Nevis,KNA,1967,1936.9884
Saint Kitts and Nevis,KNA,1968,1987.3479
Saint Kitts and Nevis,KNA,1969,2011.9344
Saint Kitts and Nevis,KNA,1970,2094.1252
Saint Kitts and Nevis,KNA,1971,2017.5454
Saint Kitts and Nevis,KNA,1972,2173.3328
Saint Kitts and Nevis,KNA,1973,2182.1082
Saint Kitts and Nevis,KNA,1974,2296.579
Saint Kitts and Nevis,KNA,1975,2229.8523
Saint Kitts and Nevis,KNA,1976,2235.4536
Saint Kitts and Nevis,KNA,1977,2258.985
Saint Kitts and Nevis,KNA,1978,2292.7585
Saint Kitts and Nevis,KNA,1979,2315.1465
Saint Kitts and Nevis,KNA,1980,2375.4023
Saint Kitts and Nevis,KNA,1981,2288.8508
Saint Kitts and Nevis,KNA,1982,2304.167
Saint Kitts and Nevis,KNA,1983,2368.5278
Saint Kitts and Nevis,KNA,1984,2446.1956
Saint Kitts and Nevis,KNA,1985,2629.6367
Saint Kitts and Nevis,KNA,1986,2653.619
Saint Kitts and Nevis,KNA,1987,2660.1238
Saint Kitts and Nevis,KNA,1988,2719.4285
Saint Kitts and Nevis,KNA,1989,2648.4048
Saint Kitts and Nevis,KNA,1990,2531.5898
Saint Kitts and Nevis,KNA,1991,2556.5352
Saint Kitts and Nevis,KNA,1992,2521.9932
Saint Kitts and Nevis,KNA,1993,2450.8313
Saint Kitts and Nevis,KNA,1994,2443.7532
Saint Kitts and Nevis,KNA,1995,2531.4426
Saint Kitts and Nevis,KNA,1996,2519.6838
Saint Kitts and Nevis,KNA,1997,2445.401
Saint Kitts and Nevis,KNA,1998,2398.019
Saint Kitts and Nevis,KNA,1999,2404.0337
Saint Kitts and Nevis,KNA,2000,2554.4265
Saint Kitts and Nevis,KNA,2001,2550.9229
Saint Kitts and Nevis,KNA,2002,2565.9746
Saint Kitts and Nevis,KNA,2003,2558.961
Saint Kitts and Nevis,KNA,2004,2554.503
Saint Kitts and Nevis,KNA,2005,2537.5923
Saint Kitts and Nevis,KNA,2006,2604.5244
Saint Kitts and Nevis,KNA,2007,2625.4976
Saint Kitts and Nevis,KNA,2008,2735.1943
Saint Kitts and Nevis,KNA,2009,2760.5718
Saint Kitts and Nevis,KNA,2010,2631.3206
Saint Kitts and Nevis,KNA,2011,2603.9104
Saint Kitts and Nevis,KNA,2012,2657.3008
Saint Kitts and Nevis,KNA,2013,2690.922
Saint Kitts and Nevis,KNA,2014,2704.1265
Saint Kitts and Nevis,KNA,2015,2772.6
Saint Kitts and Nevis,KNA,2016,2854.1814
Saint Kitts and Nevis,KNA,2017,2926.2751
Saint Kitts and Nevis,KNA,2018,2895.325
Saint Kitts and Nevis,KNA,2019,2853.39
Saint Kitts and Nevis,KNA,2020,2900.031
Saint Kitts and Nevis,KNA,2021,2896.9592
Saint Kitts and Nevis,KNA,2022,2846.979
Saint Kitts and Nevis,KNA,2023,2852.137
Saint Lucia,LCA,1961,1642.7609
Saint Lucia,LCA,1962,1700.3693
Saint Lucia,LCA,1963,1654.8215
Saint Lucia,LCA,1964,1751.8052
Saint Lucia,LCA,1965,1719.8938
Saint Lucia,LCA,1966,1796.0929
Saint Lucia,LCA,1967,1776.4738
Saint Lucia,LCA,1968,1824.4916
Saint Lucia,LCA,1969,1856.7573
Saint Lucia,LCA,1970,1919.0573
Saint Lucia,LCA,1971,2035.199
Saint Lucia,LCA,1972,1959.6118
Saint Lucia,LCA,1973,1927.7755
Saint Lucia,LCA,1974,1905.3743
Saint Lucia,LCA,1975,1884.3236
Saint Lucia,LCA,1976,1924.0052
Saint Lucia,LCA,1977,2115.471
Saint Lucia,LCA,1978,2199.684
Saint Lucia,LCA,1979,2226.3096
Saint Lucia,LCA,1980,2160.165
Saint Lucia,LCA,1981,2238.928
Saint Lucia,LCA,1982,2228.3809
Saint Lucia,LCA,1983,2218.9277
Saint Lucia,LCA,1984,2340.7642
Saint Lucia,LCA,1985,2366.3894
Saint Lucia,LCA,1986,2420.722
Saint Lucia,LCA,1987,2457.9153
Saint Lucia,LCA,1988,2389.8267
Saint Lucia,LCA,1989,2444.5454
Saint Lucia,LCA,1990,2499.282
Saint Lucia,LCA,1991,2576.5393
Saint Lucia,LCA,1992,2694.0386
Saint Lucia,LCA,1993,2686.9448
Saint Lucia,LCA,1994,2710.1597
Saint Lucia,LCA,1995,2646.9065
Saint Lucia,LCA,1996,2646.195
Saint Lucia,LCA,1997,2706.6074
Saint Lucia,LCA,1998,2654.7114
Saint Lucia,LCA,1999,2678.2969
Saint Lucia,LCA,2000,2681.2651
Saint Lucia,LCA,2001,2589.6897
Saint Lucia,LCA,2002,2649.5933
Saint Lucia,LCA,2003,2624.0452
Saint Lucia,LCA,2004,2628.84
Saint Lucia,LCA,2005,2645.6243
Saint Lucia,LCA,2006,2652.202
Saint Lucia,LCA,2007,2623.4756
Saint Lucia,LCA,2008,2618.324
Saint Lucia,LCA,2009,2658.7886
Saint Lucia,LCA,2010,2594.523
Saint Lucia,LCA,2011,2623.756
Saint Lucia,LCA,2012,2605.6345
Saint Lucia,LCA,2013,2575.2114
Saint Lucia,LCA,2014,2618.6648
Saint Lucia,LCA,2015,2612.126
Saint Lucia,LCA,2016,2632.2048
Saint Lucia,LCA,2017,2666.9583
Saint Lucia,LCA,2018,2679.1384
Saint Lucia,LCA,2019,2683.0234
Saint Lucia,LCA,2020,2730.4116
Saint Lucia,LCA,2021,2720.2654
Saint Lucia,LCA,2022,2717.9072
Saint Lucia,LCA,2023,2654.1572
Saint Vincent and the Grenadines,VCT,1961,1727.1499
Saint Vincent and the Grenadines,VCT,1962,1884.2883
Saint Vincent and the Grenadines,VCT,1963,1759.8428
Saint Vincent and the Grenadines,VCT,1964,1862.4404
Saint Vincent and the Grenadines,VCT,1965,1897.8306
Saint Vincent and the Grenadines,VCT,1966,1993.7874
Saint Vincent and the Grenadines,VCT,1967,1958.579
Saint Vincent and the Grenadines,VCT,1968,2025.0693
Saint Vincent and the Grenadines,VCT,1969,2075.962
Saint Vincent and the Grenadines,VCT,1970,2110.818
Saint Vincent and the Grenadines,VCT,1971,2155.4412
Saint Vincent and the Grenadines,VCT,1972,2180.4202
Saint Vincent and the Grenadines,VCT,1973,2152.2937
Saint Vincent and the Grenadines,VCT,1974,2048.3145
Saint Vincent and the Grenadines,VCT,1975,2119.756
Saint Vincent and the Grenadines,VCT,1976,2151.4453
Saint Vincent and the Grenadines,VCT,1977,2177.8206
Saint Vincent and the Grenadines,VCT,1978,2148.8447
Saint Vincent and the Grenadines,VCT,1979,2277.3828
Saint Vincent and the Grenadines,VCT,1980,2310.144
Saint Vincent and the Grenadines,VCT,1981,2379.5913
Saint Vincent and the Grenadines,VCT,1982,2328.0244
Saint Vincent and the Grenadines,VCT,1983,2319.1338
Saint Vincent and the Grenadines,VCT,1984,2334.8003
Saint Vincent and the Grenadines,VCT,1985,2315.2424
Saint Vincent and the Grenadines,VCT,1986,2313.2239
Saint Vincent and the Grenadines,VCT,1987,2315.2393
Saint Vincent and the Grenadines,VCT,1988,2294.1416
Saint Vincent and the Grenadines,VCT,1989,2219.993
Saint Vincent and the Grenadines,VCT,1990,2251.2676
Saint Vincent and the Grenadines,VCT,1991,2277.665
Saint Vincent and the Grenadines,VCT,1992,2259.358
Saint Vincent and the Grenadines,VCT,1993,2353.4275
Saint Vincent and the Grenadines,VCT,1994,2227.2676
Saint Vincent and the Grenadines,VCT,1995,2222.7764
Saint Vincent and the Grenadines,VCT,1996,2223.271
Saint Vincent and the Grenadines,VCT,1997,2208.5227
Saint Vincent and the Grenadines,VCT,1998,2266.0012
Saint Vincent and the Grenadines,VCT,1999,2350.8079
Saint Vincent and the Grenadines,VCT,2000,2375.6748
Saint Vincent and the Grenadines,VCT,2001,2353.99
Saint Vincent and the Grenadines,VCT,2002,2532.2102
Saint Vincent and the Grenadines,VCT,2003,2562.8154
Saint Vincent and the Grenadines,VCT,2004,2619.338
Saint Vincent and the Grenadines,VCT,2005,2695.3186
Saint Vincent and the Grenadines,VCT,2006,2724.3433
Saint Vincent and the Grenadines,VCT,2007,2767.4102
Saint Vincent and the Grenadines,VCT,2008,2815.1323
Saint Vincent and the Grenadines,VCT,2009,2833.4614
Saint Vincent and the Grenadines,VCT,2010,2907.0598
Saint Vincent and the Grenadines,VCT,2011,2925.995
Saint Vincent and the Grenadines,VCT,2012,2946.0476
Saint Vincent and the Grenadines,VCT,2013,2973.53
Saint Vincent and the Grenadines,VCT,2014,2975.0483
Saint Vincent and the Grenadines,VCT,2015,3014.3271
Saint Vincent and the Grenadines,VCT,2016,2977.49
Saint Vincent and the Grenadines,VCT,2017,2989.334
Saint Vincent and the Grenadines,VCT,2018,2997.8828
Saint Vincent and the Grenadines,VCT,2019,2982.1077
Saint Vincent and the Grenadines,VCT,2020,2953.5146
Saint Vincent and the Grenadines,VCT,2021,2986.7275
Saint Vincent and the Grenadines,VCT,2022,3015.416
Saint Vincent and the Grenadines,VCT,2023,3042.6096
Samoa,WSM,1961,1916.8253
Samoa,WSM,1962,1937.3267
Samoa,WSM,1963,1942.2068
Samoa,WSM,1964,1974.2625
Samoa,WSM,1965,1980.4681
Samoa,WSM,1966,1979.7003
Samoa,WSM,1967,2042.292
Samoa,WSM,1968,2132.316
Samoa,WSM,1969,2201.0374
Samoa,WSM,1970,2262.826
Samoa,WSM,1971,2292.301
Samoa,WSM,1972,2290.1536
Samoa,WSM,1973,2319.4973
Samoa,WSM,1974,2347.765
Samoa,WSM,1975,2365.1445
Samoa,WSM,1976,2367.2156
Samoa,WSM,1977,2355.8203
Samoa,WSM,1978,2330.2537
Samoa,WSM,1979,2350.3303
Samoa,WSM,1980,2307.7007
Samoa,WSM,1981,2350.1123
Samoa,WSM,1982,2369.6726
Samoa,WSM,1983,2370.1326
Samoa,WSM,1984,2362.0515
Samoa,WSM,1985,2579.377
Samoa,WSM,1986,2485.2847
Samoa,WSM,1987,2560.8901
Samoa,WSM,1988,2579.0984
Samoa,WSM,1989,2518.6072
Samoa,WSM,1990,2487.5044
Samoa,WSM,1991,2489.367
Samoa,WSM,1992,2379.7815
Samoa,WSM,1993,2278.6956
Samoa,WSM,1994,2339.3198
Samoa,WSM,1995,2400.2634
Samoa,WSM,1996,2430.7043
Samoa,WSM,1997,2473.043
Samoa,WSM,1998,2527.4954
Samoa,WSM,1999,2613.6821
Samoa,WSM,2000,2669.859
Samoa,WSM,2001,2710.5156
Samoa,WSM,2002,2702.7515
Samoa,WSM,2003,2716.3557
Samoa,WSM,2004,2769.5918
Samoa,WSM,2005,2785.7727
Samoa,WSM,2006,2757.559
Samoa,WSM,2007,2748.8108
Samoa,WSM,2008,2804.9148
Samoa,WSM,2009,2782.7756
Samoa,WSM,2010,2899.1248
Samoa,WSM,2011,2867.9844
Samoa,WSM,2012,2906.7637
Samoa,WSM,2013,2946.512
Samoa,WSM,2014,3004.7947
Samoa,WSM,2015,2989.9824
Samoa,WSM,2016,3035.7258
Samoa,WSM,2017,3016.759
Samoa,WSM,2018,3067.7383
Samoa,WSM,2019,3083.9043
Samoa,WSM,2020,3091.722
Samoa,WSM,2021,3154.693
Samoa,WSM,2022,3178.1423
Samoa,WSM,2023,3116.323
Sao Tome and Principe,STP,1961,2142.2646
Sao Tome and Principe,STP,1962,2051.223
Sao Tome and Principe,STP,1963,2036.8158
Sao Tome and Principe,STP,1964,2066.788
Sao Tome and Principe,STP,1965,2048.165
Sao Tome and Principe,STP,1966,2025.622
Sao Tome and Principe,STP,1967,2050.8083
Sao Tome and Principe,STP,1968,2053.6753
Sao Tome and Principe,STP,1969,2024.8108
Sao Tome and Principe,STP,1970,2016.8214
Sao Tome and Principe,STP,1971,1992.1614
Sao Tome and Principe,STP,1972,1971.6263
Sao Tome and Principe,STP,1973,1952.6782
Sao Tome and Principe,STP,1974,1798.1934
Sao Tome and Principe,STP,1975,1753.3728
Sao Tome and Principe,STP,1976,1842.6112
Sao Tome and Principe,STP,1977,1959.777
Sao Tome and Principe,STP,1978,1971.5592
Sao Tome and Principe,STP,1979,1936.0106
Sao Tome and Principe,STP,1980,1982.6405
Sao Tome and Principe,STP,1981,1977.0344
Sao Tome and Principe,STP,1982,1956.2852
Sao Tome and Principe,STP,1983,2013.2858
Sao Tome and Principe,STP,1984,2012.9688
Sao Tome and Principe,STP,1985,1987.761
Sao Tome and Principe,STP,1986,1862.5352
Sao Tome and Principe,STP,1987,1834.9396
Sao Tome and Principe,STP,1988,1901.8597
Sao Tome and Principe,STP,1989,2054.838
Sao Tome and Principe,STP,1990,2106.1199
Sao Tome and Principe,STP,1991,2126.783
Sao Tome and Principe,STP,1992,2097.5671
Sao Tome and Principe,STP,1993,2117.7363
Sao Tome and Principe,STP,1994,2149.324
Sao Tome and Principe,STP,1995,2032.3191
Sao Tome and Principe,STP,1996,2088.3088
Sao Tome and Principe,STP,1997,2109.3174
Sao Tome and Principe,STP,1998,2144.8513
Sao Tome and Principe,STP,1999,2152.2402
Sao Tome and Principe,STP,2000,2295.9333
Sao Tome and Principe,STP,2001,2331.9717
Sao Tome and Principe,STP,2002,2362.6711
Sao Tome and Principe,STP,2003,2394.828
Sao Tome and Principe,STP,2004,2405.913
Sao Tome and Principe,STP,2005,2441.262
Sao Tome and Principe,STP,2006,2451.455
Sao Tome and Principe,STP,2007,2411.7341
Sao Tome and Principe,STP,2008,2383.5957
Sao Tome and Principe,STP,2009,2368.384
Sao Tome and Principe,STP,2010,2345.4912
Sao Tome and Principe,STP,2011,2312.923
Sao Tome and Principe,STP,2012,2332.5022
Sao Tome and Principe,STP,2013,2363.612
Sao Tome and Principe,STP,2014,2330.3616
Sao Tome and Principe,STP,2015,2313.612
Sao Tome and Principe,STP,2016,2357.291
Sao Tome and Principe,STP,2017,2356.4978
Sao Tome and Principe,STP,2018,2356.0703
Sao Tome and Principe,STP,2019,2378.0627
Sao Tome and Principe,STP,2020,2428.0166
Sao Tome and Principe,STP,2021,2431.1658
Sao Tome and Principe,STP,2022,2374.9185
Sao Tome and Principe,STP,2023,2279.2915
Saudi Arabia,SAU,1961,2856.5127
Saudi Arabia,SAU,1962,2905.1655
Saudi Arabia,SAU,1963,2962.4458
Saudi Arabia,SAU,1964,3000.8271
Saudi Arabia,SAU,1965,3058.0347
Saudi Arabia,SAU,1966,3046.8247
Saudi Arabia,SAU,1967,3080.738
Saudi Arabia,SAU,1968,3070.8071
Saudi Arabia,SAU,1969,3045.4355
Saudi Arabia,SAU,1970,3073.779
Saudi Arabia,SAU,1971,3083.668
Saudi Arabia,SAU,1972,2859.4565
Saudi Arabia,SAU,1973,2719.0627
Saudi Arabia,SAU,1974,2715.9167
Saudi Arabia,SAU,1975,2901.7861
Saudi Arabia,SAU,1976,3091.8108
Saudi Arabia,SAU,1977,3427.328
Saudi Arabia,SAU,1978,3764.693
Saudi Arabia,SAU,1979,4273.3076
Saudi Arabia,SAU,1980,4677.3804
Saudi Arabia,SAU,1981,4734.1733
Saudi Arabia,SAU,1982,4754.4097
Saudi Arabia,SAU,1983,4793.0347
Saudi Arabia,SAU,1984,4443.446
Saudi Arabia,SAU,1985,4390.047
Saudi Arabia,SAU,1986,4184.1235
Saudi Arabia,SAU,1987,4081.4321
Saudi Arabia,SAU,1988,4393.1504
Saudi Arabia,SAU,1989,4251.718
Saudi Arabia,SAU,1990,4366.5
Saudi Arabia,SAU,1991,4297.2104
Saudi Arabia,SAU,1992,4106.719
Saudi Arabia,SAU,1993,3986.0002
Saudi Arabia,SAU,1994,3857.7527
Saudi Arabia,SAU,1995,3980.4653
Saudi Arabia,SAU,1996,3969.6492
Saudi Arabia,SAU,1997,3946.1384
Saudi Arabia,SAU,1998,3890.9248
Saudi Arabia,SAU,1999,3895.774
Saudi Arabia,SAU,2000,3873.911
Saudi Arabia,SAU,2001,3775.9421
Saudi Arabia,SAU,2002,3681.1826
Saudi Arabia,SAU,2003,3652.8127
Saudi Arabia,SAU,2004,3586.2454
Saudi Arabia,SAU,2005,3591.8384
Saudi Arabia,SAU,2006,3600.225
Saudi Arabia,SAU,2007,3529.1055
Saudi Arabia,SAU,2008,3412.3806
Saudi Arabia,SAU,2009,3327.1416
Saudi Arabia,SAU,2010,3400.2595
Saudi Arabia,SAU,2011,3326.022
Saudi Arabia,SAU,2012,3448.219
Saudi Arabia,SAU,2013,3387.4106
Saudi Arabia,SAU,2014,3488.6704
Saudi Arabia,SAU,2015,3498.2095
Saudi Arabia,SAU,2016,3521.6606
Saudi Arabia,SAU,2017,3575.82
Saudi Arabia,SAU,2018,3704.1
Saudi Arabia,SAU,2019,3786.1301
Saudi Arabia,SAU,2020,3780.0105
Saudi Arabia,SAU,2021,3730.0095
Saudi Arabia,SAU,2022,3720.4697
Saudi Arabia,SAU,2023,3659.84
Senegal,SEN,1961,2176.4595
Senegal,SEN,1962,2195.7764
Senegal,SEN,1963,2493.423
Senegal,SEN,1964,2407.3594
Senegal,SEN,1965,2377.1907
Senegal,SEN,1966,2301.0894
Senegal,SEN,1967,2304.2515
Senegal,SEN,1968,2236.7163
Senegal,SEN,1969,2225.0312
Senegal,SEN,1970,2072.0127
Senegal,SEN,1971,2066.8262
Senegal,SEN,1972,2037.873
Senegal,SEN,1973,2117.37
Senegal,SEN,1974,2143.065
Senegal,SEN,1975,2088.9956
Senegal,SEN,1976,2088.2275
Senegal,SEN,1977,1957.3555
Senegal,SEN,1978,1978.9645
Senegal,SEN,1979,2082.3313
Senegal,SEN,1980,2078.7388
Senegal,SEN,1981,2316.4526
Senegal,SEN,1982,2266.468
Senegal,SEN,1983,2107.1167
Senegal,SEN,1984,2218.0269
Senegal,SEN,1985,2334.069
Senegal,SEN,1986,2240.9116
Senegal,SEN,1987,2034.02
Senegal,SEN,1988,2040.2391
Senegal,SEN,1989,2043.0825
Senegal,SEN,1990,2177.1602
Senegal,SEN,1991,2185.547
Senegal,SEN,1992,2062.2197
Senegal,SEN,1993,2184.2202
Senegal,SEN,1994,2112.1013
Senegal,SEN,1995,2133.6648
Senegal,SEN,1996,2077.4834
Senegal,SEN,1997,2086.7869
Senegal,SEN,1998,2081.513
Senegal,SEN,1999,2129.231
Senegal,SEN,2000,2140.9316
Senegal,SEN,2001,2154.003
Senegal,SEN,2002,2128.3872
Senegal,SEN,2003,2213.2183
Senegal,SEN,2004,2246.4207
Senegal,SEN,2005,2244.0735
Senegal,SEN,2006,2326.653
Senegal,SEN,2007,2368.7922
Senegal,SEN,2008,2477.468
Senegal,SEN,2009,2495.4875
Senegal,SEN,2010,2456.3286
Senegal,SEN,2011,2446.7397
Senegal,SEN,2012,2480.3083
Senegal,SEN,2013,2430.6587
Senegal,SEN,2014,2444.6494
Senegal,SEN,2015,2468.1992
Senegal,SEN,2016,2524.1006
Senegal,SEN,2017,2561.3997
Senegal,SEN,2018,2590.1506
Senegal,SEN,2019,2645.599
Senegal,SEN,2020,2717.5205
Senegal,SEN,2021,2736.4504
Senegal,SEN,2022,2773.65
Senegal,SEN,2023,2847.7695
Serbia,SRB,2006,3620.466
Serbia,SRB,2007,3563.0564
Serbia,SRB,2008,3564.3179
Serbia,SRB,2009,3606.232
Serbia,SRB,2010,3330.8845
Serbia,SRB,2011,3391.751
Serbia,SRB,2012,3409.7483
Serbia,SRB,2013,3471.7786
Serbia,SRB,2014,3434.7288
Serbia,SRB,2015,3494.4365
Serbia,SRB,2016,3492.8086
Serbia,SRB,2017,3519.7214
Serbia,SRB,2018,3586.8433
Serbia,SRB,2019,3678.8574
Serbia,SRB,2020,3747.1978
Serbia,SRB,2021,3816.8508
Serbia,SRB,2022,3860.1072
Serbia,SRB,2023,3878.9277
Serbia and Montenegro,OWID_SRM,1992,3055.388
Serbia and Montenegro,OWID_SRM,1993,2983.868
Serbia and Montenegro,OWID_SRM,1994,2864.042
Serbia and Montenegro,OWID_SRM,1995,3003.2031
Serbia and Montenegro,OWID_SRM,1996,3193.2354
Serbia and Montenegro,OWID_SRM,1997,3171.7131
Serbia and Montenegro,OWID_SRM,1998,3093.3708
Serbia and Montenegro,OWID_SRM,1999,3057.4597
Serbia and Montenegro,OWID_SRM,2000,2870.5134
Serbia and Montenegro,OWID_SRM,2001,2835.0278
Serbia and Montenegro,OWID_SRM,2002,2850.7505
Serbia and Montenegro,OWID_SRM,2003,2913.489
Serbia and Montenegro,OWID_SRM,2004,2914.7473
Serbia and Montenegro,OWID_SRM,2005,2916.0461
Seychelles,SYC,2010,2830.0847
Seychelles,SYC,2011,2756.1233
Seychelles,SYC,2012,2721.0166
Seychelles,SYC,2013,2691.4353
Seychelles,SYC,2014,2768.956
Seychelles,SYC,2015,2857.3872
Seychelles,SYC,2016,2894.0583
Seychelles,SYC,2017,2818.414
Seychelles,SYC,2018,2908.9014
Seychelles,SYC,2019,2860.0684
Seychelles,SYC,2020,2901.603
Seychelles,SYC,2021,2874.7761
Seychelles,SYC,2022,2890.0408
Seychelles,SYC,2023,2888.3916
Sierra Leone,SLE,1961,1725.1862
Sierra Leone,SLE,1962,1753.6064
Sierra Leone,SLE,1963,1861.3352
Sierra Leone,SLE,1964,1874.6404
Sierra Leone,SLE,1965,2028.9143
Sierra Leone,SLE,1966,2112.657
Sierra Leone,SLE,1967,2154.312
Sierra Leone,SLE,1968,2116.2932
Sierra Leone,SLE,1969,2124.316
Sierra Leone,SLE,1970,2146.1843
Sierra Leone,SLE,1971,2115.3972
Sierra Leone,SLE,1972,2091.1685
Sierra Leone,SLE,1973,2057.5278
Sierra Leone,SLE,1974,2026.8269
Sierra Leone,SLE,1975,2046.5264
Sierra Leone,SLE,1976,2016.6653
Sierra Leone,SLE,1977,2052.6228
Sierra Leone,SLE,1978,2048.884
Sierra Leone,SLE,1979,2040.9453
Sierra Leone,SLE,1980,2070.0486
Sierra Leone,SLE,1981,2060.5103
Sierra Leone,SLE,1982,2056.349
Sierra Leone,SLE,1983,1943.0132
Sierra Leone,SLE,1984,1921.2681
Sierra Leone,SLE,1985,1943.4769
Sierra Leone,SLE,1986,1971.4144
Sierra Leone,SLE,1987,1985.994
Sierra Leone,SLE,1988,1941.8241
Sierra Leone,SLE,1989,1946
Sierra Leone,SLE,1990,1878.5232
Sierra Leone,SLE,1991,1900.38
Sierra Leone,SLE,1992,1952.9182
Sierra Leone,SLE,1993,1956.557
Sierra Leone,SLE,1994,2003.8844
Sierra Leone,SLE,1995,2007.1105
Sierra Leone,SLE,1996,2032.2465
Sierra Leone,SLE,1997,2034.3146
Sierra Leone,SLE,1998,1985.7115
Sierra Leone,SLE,1999,1930.9818
Sierra Leone,SLE,2000,1862.4135
Sierra Leone,SLE,2001,1826.3457
Sierra Leone,SLE,2002,1848.1958
Sierra Leone,SLE,2003,1849.6324
Sierra Leone,SLE,2004,1862.3605
Sierra Leone,SLE,2005,1937.5514
Sierra Leone,SLE,2006,2023.4026
Sierra Leone,SLE,2007,2066.7898
Sierra Leone,SLE,2008,2061.809
Sierra Leone,SLE,2009,2096.865
Sierra Leone,SLE,2010,2379.0781
Sierra Leone,SLE,2011,2400.437
Sierra Leone,SLE,2012,2385.9307
Sierra Leone,SLE,2013,2372.4475
Sierra Leone,SLE,2014,2323.8118
Sierra Leone,SLE,2015,2404.9165
Sierra Leone,SLE,2016,2324.127
Sierra Leone,SLE,2017,2356.59
Sierra Leone,SLE,2018,2360.4275
Sierra Leone,SLE,2019,2306.6287
Sierra Leone,SLE,2020,2319.771
Sierra Leone,SLE,2021,2366.6692
Sierra Leone,SLE,2022,2418.5002
Sierra Leone,SLE,2023,2437.2961
Slovakia,SVK,1993,2794.5242
Slovakia,SVK,1994,2983.332
Slovakia,SVK,1995,2839.6133
Slovakia,SVK,1996,2911.1863
Slovakia,SVK,1997,2908.9856
Slovakia,SVK,1998,2944.03
Slovakia,SVK,1999,2887.2322
Slovakia,SVK,2000,2782.1304
Slovakia,SVK,2001,2789.4321
Slovakia,SVK,2002,2805.3706
Slovakia,SVK,2003,2795.6062
Slovakia,SVK,2004,2823.268
Slovakia,SVK,2005,2848.5576
Slovakia,SVK,2006,2843.6184
Slovakia,SVK,2007,2809.0728
Slovakia,SVK,2008,2883.0999
Slovakia,SVK,2009,2920.4937
Slovakia,SVK,2010,2823.1462
Slovakia,SVK,2011,2811.2124
Slovakia,SVK,2012,2764.1565
Slovakia,SVK,2013,2859.209
Slovakia,SVK,2014,2833.2659
Slovakia,SVK,2015,2738.341
Slovakia,SVK,2016,2857.3389
Slovakia,SVK,2017,2884.3691
Slovakia,SVK,2018,2908.1206
Slovakia,SVK,2019,3028.7617
Slovakia,SVK,2020,3015.5757
Slovakia,SVK,2021,2979.0867
Slovakia,SVK,2022,2980.593
Slovakia,SVK,2023,2979.956
Slovenia,SVN,1992,2600.2664
Slovenia,SVN,1993,2793.8306
Slovenia,SVN,1994,2849.6245
Slovenia,SVN,1995,2912.7056
Slovenia,SVN,1996,3052.9214
Slovenia,SVN,1997,2933.779
Slovenia,SVN,1998,2857.8293
Slovenia,SVN,1999,3074.058
Slovenia,SVN,2000,3060.896
Slovenia,SVN,2001,3055.485
Slovenia,SVN,2002,3078.5696
Slovenia,SVN,2003,3110.658
Slovenia,SVN,2004,3160.3
Slovenia,SVN,2005,3075.7444
Slovenia,SVN,2006,3129.1648
Slovenia,SVN,2007,3152.1145
Slovenia,SVN,2008,3166.7688
Slovenia,SVN,2009,3192.1025
Slovenia,SVN,2010,3241.1282
Slovenia,SVN,2011,3231.2021
Slovenia,SVN,2012,3221.627
Slovenia,SVN,2013,3231.411
Slovenia,SVN,2014,3262.4778
Slovenia,SVN,2015,3229.936
Slovenia,SVN,2016,3227.716
Slovenia,SVN,2017,3259.5798
Slovenia,SVN,2018,3250.1235
Slovenia,SVN,2019,3192.803
Slovenia,SVN,2020,3147.5583
Slovenia,SVN,2021,3089.0627
Slovenia,SVN,2022,3130.6484
Slovenia,SVN,2023,3200.299
Small Island Developing States (FAO),,1961,2005
Small Island Developing States (FAO),,1962,2069
Small Island Developing States (FAO),,1963,2133
Small Island Developing States (FAO),,1964,2123
Small Island Developing States (FAO),,1965,2131
Small Island Developing States (FAO),,1966,2111
Small Island Developing States (FAO),,1967,2132
Small Island Developing States (FAO),,1968,2167
Small Island Developing States (FAO),,1969,2206
Small Island Developing States (FAO),,1970,2246
Small Island Developing States (FAO),,1971,2322
Small Island Developing States (FAO),,1972,2301
Small Island Developing States (FAO),,1973,2298
Small Island Developing States (FAO),,1974,2382
Small Island Developing States (FAO),,1975,2329
Small Island Developing States (FAO),,1976,2377
Small Island Developing States (FAO),,1977,2377
Small Island Developing States (FAO),,1978,2424
Small Island Developing States (FAO),,1979,2399
Small Island Developing States (FAO),,1980,2485
Small Island Developing States (FAO),,1981,2491
Small Island Developing States (FAO),,1982,2502
Small Island Developing States (FAO),,1983,2523
Small Island Developing States (FAO),,1984,2545
Small Island Developing States (FAO),,1985,2564
Small Island Developing States (FAO),,1986,2547
Small Island Developing States (FAO),,1987,2520
Small Island Developing States (FAO),,1988,2455
Small Island Developing States (FAO),,1989,2455
Small Island Developing States (FAO),,1990,2393
Small Island Developing States (FAO),,1991,2357
Small Island Developing States (FAO),,1992,2287
Small Island Developing States (FAO),,1993,2252
Small Island Developing States (FAO),,1994,2269
Small Island Developing States (FAO),,1995,2272
Small Island Developing States (FAO),,1996,2298
Small Island Developing States (FAO),,1997,2330
Small Island Developing States (FAO),,1998,2366
Small Island Developing States (FAO),,1999,2444
Small Island Developing States (FAO),,2000,2506
Small Island Developing States (FAO),,2001,2521
Small Island Developing States (FAO),,2002,2548
Small Island Developing States (FAO),,2003,2532
Small Island Developing States (FAO),,2004,2577
Small Island Developing States (FAO),,2005,2576
Small Island Developing States (FAO),,2006,2596
Small Island Developing States (FAO),,2007,2611
Small Island Developing States (FAO),,2008,2568
Small Island Developing States (FAO),,2009,2617
Small Island Developing States (FAO),,2010,2603.4
Small Island Developing States (FAO),,2011,2624.91
Small Island Developing States (FAO),,2012,2631.57
Small Island Developing States (FAO),,2013,2642.34
Small Island Developing States (FAO),,2014,2671.72
Small Island Developing States (FAO),,2015,2675.42
Small Island Developing States (FAO),,2016,2707.28
Small Island Developing States (FAO),,2017,2729.04
Small Island Developing States (FAO),,2018,2725.57
Small Island Developing States (FAO),,2019,2720.83
Small Island Developing States (FAO),,2020,2686.29
Small Island Developing States (FAO),,2021,2651.62
Small Island Developing States (FAO),,2022,2606.77
Small Island Developing States (FAO),,2023,2577.94
Solomon Islands,SLB,1961,1865.1073
Solomon Islands,SLB,1962,1877.4365
Solomon Islands,SLB,1963,1900.4191
Solomon Islands,SLB,1964,1994.5917
Solomon Islands,SLB,1965,1956.6932
Solomon Islands,SLB,1966,1997.1697
Solomon Islands,SLB,1967,2039.2073
Solomon Islands,SLB,1968,2029.448
Solomon Islands,SLB,1969,2033.5618
Solomon Islands,SLB,1970,2069.4263
Solomon Islands,SLB,1971,2042.667
Solomon Islands,SLB,1972,2060.047
Solomon Islands,SLB,1973,2063.629
Solomon Islands,SLB,1974,2126.4663
Solomon Islands,SLB,1975,2099.592
Solomon Islands,SLB,1976,2108.8462
Solomon Islands,SLB,1977,2130.1895
Solomon Islands,SLB,1978,2119.5955
Solomon Islands,SLB,1979,2177.9844
Solomon Islands,SLB,1980,2136.8682
Solomon Islands,SLB,1981,2092.6555
Solomon Islands,SLB,1982,2168.8826
Solomon Islands,SLB,1983,2147.4985
Solomon Islands,SLB,1984,2147.8936
Solomon Islands,SLB,1985,2159.611
Solomon Islands,SLB,1986,2131.7778
Solomon Islands,SLB,1987,2121.3699
Solomon Islands,SLB,1988,2100.1162
Solomon Islands,SLB,1989,2068.1404
Solomon Islands,SLB,1990,1987.1353
Solomon Islands,SLB,1991,2042.9825
Solomon Islands,SLB,1992,2039.6917
Solomon Islands,SLB,1993,2018.9583
Solomon Islands,SLB,1994,2136.8586
Solomon Islands,SLB,1995,2221.6824
Solomon Islands,SLB,1996,2149.6123
Solomon Islands,SLB,1997,2243.742
Solomon Islands,SLB,1998,2222.3071
Solomon Islands,SLB,1999,2152.5837
Solomon Islands,SLB,2000,2200.8577
Solomon Islands,SLB,2001,2185.4355
Solomon Islands,SLB,2002,2273.486
Solomon Islands,SLB,2003,2304.7983
Solomon Islands,SLB,2004,2317.8977
Solomon Islands,SLB,2005,2356.2131
Solomon Islands,SLB,2006,2404.9902
Solomon Islands,SLB,2007,2380.4802
Solomon Islands,SLB,2008,2456.5942
Solomon Islands,SLB,2009,2438.0874
Solomon Islands,SLB,2010,2416.1526
Solomon Islands,SLB,2011,2375.7656
Solomon Islands,SLB,2012,2324.3074
Solomon Islands,SLB,2013,2318.3323
Solomon Islands,SLB,2014,2343.151
Solomon Islands,SLB,2015,2309.273
Solomon Islands,SLB,2016,2300.6956
Solomon Islands,SLB,2017,2341.676
Solomon Islands,SLB,2018,2308.0408
Solomon Islands,SLB,2019,2356.8906
Solomon Islands,SLB,2020,2310.5544
Solomon Islands,SLB,2021,2255.9583
Solomon Islands,SLB,2022,2190.886
Solomon Islands,SLB,2023,2165.6191
Somalia,SOM,2010,1489.9331
Somalia,SOM,2011,1544.9783
Somalia,SOM,2012,1613.0687
Somalia,SOM,2013,1662.7865
Somalia,SOM,2014,1706.9296
Somalia,SOM,2015,1679.9545
Somalia,SOM,2016,1683.0785
Somalia,SOM,2017,1722.7756
Somalia,SOM,2018,1724.1085
Somalia,SOM,2019,1789.8273
Somalia,SOM,2020,1819.0105
Somalia,SOM,2021,1812.4077
Somalia,SOM,2022,1812.4296
South Africa,ZAF,1947,2422
South Africa,ZAF,1948,2517
South Africa,ZAF,1961,2819.8037
South Africa,ZAF,1962,2750.637
South Africa,ZAF,1963,2854.8318
South Africa,ZAF,1964,2875.647
South Africa,ZAF,1965,2972.715
South Africa,ZAF,1966,2846.933
South Africa,ZAF,1967,2773.5125
South Africa,ZAF,1968,2806.8518
South Africa,ZAF,1969,2833.2283
South Africa,ZAF,1970,2845.1965
South Africa,ZAF,1971,2807.0266
South Africa,ZAF,1972,2874.3237
South Africa,ZAF,1973,2912.8386
South Africa,ZAF,1974,2881.9722
South Africa,ZAF,1975,2897.9084
South Africa,ZAF,1976,2846.523
South Africa,ZAF,1977,2829.5862
South Africa,ZAF,1978,2830.007
South Africa,ZAF,1979,2791.1172
South Africa,ZAF,1980,2819.1597
South Africa,ZAF,1981,2764.997
South Africa,ZAF,1982,2819.4932
South Africa,ZAF,1983,2723.7285
South Africa,ZAF,1984,2701.4243
South Africa,ZAF,1985,2717.358
South Africa,ZAF,1986,2630.1665
South Africa,ZAF,1987,2701.5544
South Africa,ZAF,1988,2628.6052
South Africa,ZAF,1989,2565.6501
South Africa,ZAF,1990,2555.4285
South Africa,ZAF,1991,2546.2136
South Africa,ZAF,1992,2546.0996
South Africa,ZAF,1993,2597.1702
South Africa,ZAF,1994,2604.9417
South Africa,ZAF,1995,2613.5115
South Africa,ZAF,1996,2615.1257
South Africa,ZAF,1997,2644.878
South Africa,ZAF,1998,2682.804
South Africa,ZAF,1999,2681.249
South Africa,ZAF,2000,2744.4092
South Africa,ZAF,2001,2783.3972
South Africa,ZAF,2002,2795.168
South Africa,ZAF,2003,2830.4805
South Africa,ZAF,2004,2853.6797
South Africa,ZAF,2005,2877.139
South Africa,ZAF,2006,2863.8174
South Africa,ZAF,2007,2866.512
South Africa,ZAF,2008,2875.5134
South Africa,ZAF,2009,2888.4075
South Africa,ZAF,2010,2867.4702
South Africa,ZAF,2011,2871.87
South Africa,ZAF,2012,2890.95
South Africa,ZAF,2013,2870.77
South Africa,ZAF,2014,2838.51
South Africa,ZAF,2015,2801.2302
South Africa,ZAF,2016,2818.74
South Africa,ZAF,2017,2835.26
South Africa,ZAF,2018,2826.07
South Africa,ZAF,2019,2789.4805
South Africa,ZAF,2020,2760.1802
South Africa,ZAF,2021,2686.49
South Africa,ZAF,2022,2724.1897
South Africa,ZAF,2023,2693.9397
South America,OWID_SAM,1961,2318.4553
South America,OWID_SAM,1962,2347.278
South America,OWID_SAM,1963,2311.9868
South America,OWID_SAM,1964,2375.8647
South America,OWID_SAM,1965,2396.965
South America,OWID_SAM,1966,2384.3884
South America,OWID_SAM,1967,2410.2327
South America,OWID_SAM,1968,2460.1497
South America,OWID_SAM,1969,2473.598
South America,OWID_SAM,1970,2462.9456
South America,OWID_SAM,1971,2464.7314
South America,OWID_SAM,1972,2431.3132
South America,OWID_SAM,1973,2405.363
South America,OWID_SAM,1974,2500.3308
South America,OWID_SAM,1975,2520.6108
South America,OWID_SAM,1976,2550.0667
South America,OWID_SAM,1977,2562.5276
South America,OWID_SAM,1978,2592.0254
South America,OWID_SAM,1979,2658.9397
South America,OWID_SAM,1980,2671.2415
South America,OWID_SAM,1981,2628.7007
South America,OWID_SAM,1982,2614.7437
South America,OWID_SAM,1983,2580.4565
South America,OWID_SAM,1984,2582.3987
South America,OWID_SAM,1985,2598.7844
South America,OWID_SAM,1986,2610.5789
South America,OWID_SAM,1987,2643.7334
South America,OWID_SAM,1988,2639.4268
South America,OWID_SAM,1989,2623.6548
South America,OWID_SAM,1990,2601.067
South America,OWID_SAM,1991,2658.8489
South America,OWID_SAM,1992,2682.9553
South America,OWID_SAM,1993,2686.589
South America,OWID_SAM,1994,2721.97
South America,OWID_SAM,1995,2729.278
South America,OWID_SAM,1996,2743.4531
South America,OWID_SAM,1997,2748.6887
South America,OWID_SAM,1998,2741.92
South America,OWID_SAM,1999,2768.6663
South America,OWID_SAM,2000,2793.1917
South America,OWID_SAM,2001,2801.0898
South America,OWID_SAM,2002,2775.7075
South America,OWID_SAM,2003,2862.5872
South America,OWID_SAM,2004,2878.0178
South America,OWID_SAM,2005,2889.5823
South America,OWID_SAM,2006,2911.6128
South America,OWID_SAM,2007,2931.8865
South America,OWID_SAM,2008,2993.1904
South America,OWID_SAM,2009,2978.1633
South America,OWID_SAM,2010,3058.1445
South America,OWID_SAM,2011,3083.299
South America,OWID_SAM,2012,3072.9368
South America,OWID_SAM,2013,3091.756
South America,OWID_SAM,2014,3128.8926
South America,OWID_SAM,2015,3098.0303
South America,OWID_SAM,2016,3053.586
South America,OWID_SAM,2017,3067.0994
South America,OWID_SAM,2018,3095.4573
South America,OWID_SAM,2019,3110.2498
South America,OWID_SAM,2020,3117.303
South America,OWID_SAM,2021,3170.3223
South America,OWID_SAM,2022,3201.4985
South America,OWID_SAM,2023,3204.6096
South America (FAO),,1961,2329
South America (FAO),,1962,2357
South America (FAO),,1963,2320
South America (FAO),,1964,2383
South America (FAO),,1965,2404
South America (FAO),,1966,2390
South America (FAO),,1967,2416
South America (FAO),,1968,2466
South America (FAO),,1969,2479
South America (FAO),,1970,2467
South America (FAO),,1971,2468
South America (FAO),,1972,2433
South America (FAO),,1973,2407
South America (FAO),,1974,2501
South America (FAO),,1975,2520
South America (FAO),,1976,2548
South America (FAO),,1977,2560
South America (FAO),,1978,2588
South America (FAO),,1979,2654
South America (FAO),,1980,2666
South America (FAO),,1981,2624
South America (FAO),,1982,2610
South America (FAO),,1983,2576
South America (FAO),,1984,2578
South America (FAO),,1985,2595
South America (FAO),,1986,2607
South America (FAO),,1987,2640
South America (FAO),,1988,2636
South America (FAO),,1989,2621
South America (FAO),,1990,2599
South America (FAO),,1991,2658
South America (FAO),,1992,2683
South America (FAO),,1993,2687
South America (FAO),,1994,2724
South America (FAO),,1995,2731
South America (FAO),,1996,2745
South America (FAO),,1997,2749
South America (FAO),,1998,2742
South America (FAO),,1999,2768
South America (FAO),,2000,2792
South America (FAO),,2001,2797
South America (FAO),,2002,2769
South America (FAO),,2003,2853
South America (FAO),,2004,2866
South America (FAO),,2005,2875
South America (FAO),,2006,2895
South America (FAO),,2007,2914
South America (FAO),,2008,2973
South America (FAO),,2009,2956
South America (FAO),,2010,3058.14
South America (FAO),,2011,3083.3
South America (FAO),,2012,3072.93
South America (FAO),,2013,3091.76
South America (FAO),,2014,3128.89
South America (FAO),,2015,3098.03
South America (FAO),,2016,3053.59
South America (FAO),,2017,3067.1
South America (FAO),,2018,3095.46
South America (FAO),,2019,3110.25
South America (FAO),,2020,3117.3
South America (FAO),,2021,3170.32
South America (FAO),,2022,3201.5
South America (FAO),,2023,3204.61
South Korea,KOR,1961,2057.7644
South Korea,KOR,1962,2098.6626
South Korea,KOR,1963,2129.3508
South Korea,KOR,1964,2174.7283
South Korea,KOR,1965,2294.9543
South Korea,KOR,1966,2371.3323
South Korea,KOR,1967,2434.9104
South Korea,KOR,1968,2528.683
South Korea,KOR,1969,2633.0603
South Korea,KOR,1970,2720.3625
South Korea,KOR,1971,2798.541
South Korea,KOR,1972,2871.7786
South Korea,KOR,1973,2952.8296
South Korea,KOR,1974,2924.4211
South Korea,KOR,1975,3005.3337
South Korea,KOR,1976,3064.4446
South Korea,KOR,1977,3024.607
South Korea,KOR,1978,3098.096
South Korea,KOR,1979,3073.6042
South Korea,KOR,1980,2970.2668
South Korea,KOR,1981,2920.625
South Korea,KOR,1982,2887.461
South Korea,KOR,1983,2898.9202
South Korea,KOR,1984,2948.3767
South Korea,KOR,1985,2904.6035
South Korea,KOR,1986,2948.6377
South Korea,KOR,1987,3020.5352
South Korea,KOR,1988,3025.5366
South Korea,KOR,1989,2994.9573
South Korea,KOR,1990,2881.6045
South Korea,KOR,1991,2878.6287
South Korea,KOR,1992,2938.317
South Korea,KOR,1993,2900.7676
South Korea,KOR,1994,2928.903
South Korea,KOR,1995,2974.3455
South Korea,KOR,1996,3013.2202
South Korea,KOR,1997,3025.7878
South Korea,KOR,1998,2933.1628
South Korea,KOR,1999,3045.5068
South Korea,KOR,2000,3041.7576
South Korea,KOR,2001,3025.3008
South Korea,KOR,2002,3022.0417
South Korea,KOR,2003,2999.6306
South Korea,KOR,2004,3039.7983
South Korea,KOR,2005,3048.931
South Korea,KOR,2006,3066.602
South Korea,KOR,2007,3099.5737
South Korea,KOR,2008,3154.8057
South Korea,KOR,2009,3177.817
South Korea,KOR,2010,3330.57
South Korea,KOR,2011,3335.28
South Korea,KOR,2012,3290.0598
South Korea,KOR,2013,3295.6096
South Korea,KOR,2014,3328.5303
South Korea,KOR,2015,3326.01
South Korea,KOR,2016,3325.3604
South Korea,KOR,2017,3377.96
South Korea,KOR,2018,3388.4697
South Korea,KOR,2019,3383.8804
South Korea,KOR,2020,3374.51
South Korea,KOR,2021,3409.0198
South Korea,KOR,2022,3428.9697
South Korea,KOR,2023,3430.3496
South Sudan,SSD,2019,2346.8357
South Sudan,SSD,2020,2355.5442
South Sudan,SSD,2021,2387.4766
South Sudan,SSD,2022,2391.074
South-eastern Asia (FAO),,1961,1836
South-eastern Asia (FAO),,1962,1860
South-eastern Asia (FAO),,1963,1883
South-eastern Asia (FAO),,1964,1903
South-eastern Asia (FAO),,1965,1891
South-eastern Asia (FAO),,1966,1896
South-eastern Asia (FAO),,1967,1882
South-eastern Asia (FAO),,1968,1902
South-eastern Asia (FAO),,1969,1921
South-eastern Asia (FAO),,1970,1946
South-eastern Asia (FAO),,1971,1955
South-eastern Asia (FAO),,1972,1964
South-eastern Asia (FAO),,1973,2014
South-eastern Asia (FAO),,1974,2040
South-eastern Asia (FAO),,1975,2012
South-eastern Asia (FAO),,1976,2005
South-eastern Asia (FAO),,1977,2021
South-eastern Asia (FAO),,1978,2067
South-eastern Asia (FAO),,1979,2097
South-eastern Asia (FAO),,1980,2126
South-eastern Asia (FAO),,1981,2174
South-eastern Asia (FAO),,1982,2149
South-eastern Asia (FAO),,1983,2175
South-eastern Asia (FAO),,1984,2201
South-eastern Asia (FAO),,1985,2187
South-eastern Asia (FAO),,1986,2208
South-eastern Asia (FAO),,1987,2216
South-eastern Asia (FAO),,1988,2251
South-eastern Asia (FAO),,1989,2254
South-eastern Asia (FAO),,1990,2178
South-eastern Asia (FAO),,1991,2183
South-eastern Asia (FAO),,1992,2229
South-eastern Asia (FAO),,1993,2250
South-eastern Asia (FAO),,1994,2299
South-eastern Asia (FAO),,1995,2338
South-eastern Asia (FAO),,1996,2363
South-eastern Asia (FAO),,1997,2337
South-eastern Asia (FAO),,1998,2352
South-eastern Asia (FAO),,1999,2366
South-eastern Asia (FAO),,2000,2377
South-eastern Asia (FAO),,2001,2380
South-eastern Asia (FAO),,2002,2415
South-eastern Asia (FAO),,2003,2438
South-eastern Asia (FAO),,2004,2466
South-eastern Asia (FAO),,2005,2477
South-eastern Asia (FAO),,2006,2509
South-eastern Asia (FAO),,2007,2549
South-eastern Asia (FAO),,2008,2574
South-eastern Asia (FAO),,2009,2607
South-eastern Asia (FAO),,2010,2627.2
South-eastern Asia (FAO),,2011,2661.05
South-eastern Asia (FAO),,2012,2694.28
South-eastern Asia (FAO),,2013,2701.02
South-eastern Asia (FAO),,2014,2747.62
South-eastern Asia (FAO),,2015,2758.96
South-eastern Asia (FAO),,2016,2806.07
South-eastern Asia (FAO),,2017,2843.41
South-eastern Asia (FAO),,2018,2846.39
South-eastern Asia (FAO),,2019,2863.96
South-eastern Asia (FAO),,2020,2872.88
South-eastern Asia (FAO),,2021,2879.14
South-eastern Asia (FAO),,2022,2915.48
South-eastern Asia (FAO),,2023,2926.24
Southern Africa (FAO),,1961,2603
Southern Africa (FAO),,1962,2552
Southern Africa (FAO),,1963,2652
Southern Africa (FAO),,1964,2680
Southern Africa (FAO),,1965,2778
Southern Africa (FAO),,1966,2679
Southern Africa (FAO),,1967,2631
Southern Africa (FAO),,1968,2678
Southern Africa (FAO),,1969,2712
Southern Africa (FAO),,1970,2735
Southern Africa (FAO),,1971,2713
Southern Africa (FAO),,1972,2775
Southern Africa (FAO),,1973,2808
Southern Africa (FAO),,1974,2786
Southern Africa (FAO),,1975,2806
Southern Africa (FAO),,1976,2770
Southern Africa (FAO),,1977,2766
Southern Africa (FAO),,1978,2774
Southern Africa (FAO),,1979,2747
Southern Africa (FAO),,1980,2783
Southern Africa (FAO),,1981,2758
Southern Africa (FAO),,1982,2829
Southern Africa (FAO),,1983,2768
Southern Africa (FAO),,1984,2774
Southern Africa (FAO),,1985,2808
Southern Africa (FAO),,1986,2750
Southern Africa (FAO),,1987,2843
Southern Africa (FAO),,1988,2796
Southern Africa (FAO),,1989,2751
Southern Africa (FAO),,1990,2755
Southern Africa (FAO),,1991,2744
Southern Africa (FAO),,1992,2725
Southern Africa (FAO),,1993,2755
Southern Africa (FAO),,1994,2749
Southern Africa (FAO),,1995,2731
Southern Africa (FAO),,1996,2722
Southern Africa (FAO),,1997,2738
Southern Africa (FAO),,1998,2764
Southern Africa (FAO),,1999,2760
Southern Africa (FAO),,2000,2808
Southern Africa (FAO),,2001,2833
Southern Africa (FAO),,2002,2829
Southern Africa (FAO),,2003,2851
Southern Africa (FAO),,2004,2866
Southern Africa (FAO),,2005,2875
Southern Africa (FAO),,2006,2852
Southern Africa (FAO),,2007,2844
Southern Africa (FAO),,2008,2844
Southern Africa (FAO),,2009,2853
Southern Africa (FAO),,2010,2807.18
Southern Africa (FAO),,2011,2813.78
Southern Africa (FAO),,2012,2834.3
Southern Africa (FAO),,2013,2814.9
Southern Africa (FAO),,2014,2783.52
Southern Africa (FAO),,2015,2749.01
Southern Africa (FAO),,2016,2764.07
Southern Africa (FAO),,2017,2782.15
Southern Africa (FAO),,2018,2773.85
Southern Africa (FAO),,2019,2738.46
Southern Africa (FAO),,2020,2708.78
Southern Africa (FAO),,2021,2647.61
Southern Africa (FAO),,2022,2685.31
Southern Africa (FAO),,2023,2661.65
Southern Asia (FAO),,1961,2014
Southern Asia (FAO),,1962,2048
Southern Asia (FAO),,1963,1993
Southern Asia (FAO),,1964,2028
Southern Asia (FAO),,1965,1985
Southern Asia (FAO),,1966,1985
Southern Asia (FAO),,1967,2017
Southern Asia (FAO),,1968,2041
Southern Asia (FAO),,1969,2085
Southern Asia (FAO),,1970,2143
Southern Asia (FAO),,1971,2028
Southern Asia (FAO),,1972,2022
Southern Asia (FAO),,1973,2082
Southern Asia (FAO),,1974,2011
Southern Asia (FAO),,1975,2086
Southern Asia (FAO),,1976,2002
Southern Asia (FAO),,1977,2119
Southern Asia (FAO),,1978,2173
Southern Asia (FAO),,1979,2084
Southern Asia (FAO),,1980,2049
Southern Asia (FAO),,1981,2095
Southern Asia (FAO),,1982,2082
Southern Asia (FAO),,1983,2222
Southern Asia (FAO),,1984,2224
Southern Asia (FAO),,1985,2179
Southern Asia (FAO),,1986,2179
Southern Asia (FAO),,1987,2208
Southern Asia (FAO),,1988,2274
Southern Asia (FAO),,1989,2363
Southern Asia (FAO),,1990,2242
Southern Asia (FAO),,1991,2299
Southern Asia (FAO),,1992,2335
Southern Asia (FAO),,1993,2284
Southern Asia (FAO),,1994,2305
Southern Asia (FAO),,1995,2329
Southern Asia (FAO),,1996,2345
Southern Asia (FAO),,1997,2371
Southern Asia (FAO),,1998,2368
Southern Asia (FAO),,1999,2410
Southern Asia (FAO),,2000,2390
Southern Asia (FAO),,2001,2353
Southern Asia (FAO),,2002,2312
Southern Asia (FAO),,2003,2321
Southern Asia (FAO),,2004,2312
Southern Asia (FAO),,2005,2322
Southern Asia (FAO),,2006,2367
Southern Asia (FAO),,2007,2426
Southern Asia (FAO),,2008,2443
Southern Asia (FAO),,2009,2442
Southern Asia (FAO),,2010,2377.72
Southern Asia (FAO),,2011,2401.25
Southern Asia (FAO),,2012,2404.52
Southern Asia (FAO),,2013,2433.03
Southern Asia (FAO),,2014,2457.76
Southern Asia (FAO),,2015,2451.94
Southern Asia (FAO),,2016,2488.56
Southern Asia (FAO),,2017,2530.23
Southern Asia (FAO),,2018,2526.9
Southern Asia (FAO),,2019,2545.58
Southern Asia (FAO),,2020,2564.33
Southern Asia (FAO),,2021,2577.42
Southern Asia (FAO),,2022,2593.13
Southern Asia (FAO),,2023,2648.85
Southern Europe (FAO),,1961,2838
Southern Europe (FAO),,1962,2925
Southern Europe (FAO),,1963,2941
Southern Europe (FAO),,1964,2921
Southern Europe (FAO),,1965,2982
Southern Europe (FAO),,1966,3021
Southern Europe (FAO),,1967,3082
Southern Europe (FAO),,1968,3112
Southern Europe (FAO),,1969,3111
Southern Europe (FAO),,1970,3190
Southern Europe (FAO),,1971,3197
Southern Europe (FAO),,1972,3224
Southern Europe (FAO),,1973,3286
Southern Europe (FAO),,1974,3335
Southern Europe (FAO),,1975,3292
Southern Europe (FAO),,1976,3292
Southern Europe (FAO),,1977,3256
Southern Europe (FAO),,1978,3310
Southern Europe (FAO),,1979,3358
Southern Europe (FAO),,1980,3372
Southern Europe (FAO),,1981,3313
Southern Europe (FAO),,1982,3288
Southern Europe (FAO),,1983,3279
Southern Europe (FAO),,1984,3298
Southern Europe (FAO),,1985,3321
Southern Europe (FAO),,1986,3365
Southern Europe (FAO),,1987,3400
Southern Europe (FAO),,1988,3427
Southern Europe (FAO),,1989,3449
Southern Europe (FAO),,1990,3469
Southern Europe (FAO),,1991,3500
Southern Europe (FAO),,1992,3332
Southern Europe (FAO),,1993,3279
Southern Europe (FAO),,1994,3297
Southern Europe (FAO),,1995,3285
Southern Europe (FAO),,1996,3373
Southern Europe (FAO),,1997,3355
Southern Europe (FAO),,1998,3402
Southern Europe (FAO),,1999,3418
Southern Europe (FAO),,2000,3393
Southern Europe (FAO),,2001,3393
Southern Europe (FAO),,2002,3406
Southern Europe (FAO),,2003,3377
Southern Europe (FAO),,2004,3383
Southern Europe (FAO),,2005,3342
Southern Europe (FAO),,2006,3367
Southern Europe (FAO),,2007,3368
Southern Europe (FAO),,2008,3361
Southern Europe (FAO),,2009,3360
Southern Europe (FAO),,2010,3416.8
Southern Europe (FAO),,2011,3423.21
Southern Europe (FAO),,2012,3418.18
Southern Europe (FAO),,2013,3432.45
Southern Europe (FAO),,2014,3358.18
Southern Europe (FAO),,2015,3379.18
Southern Europe (FAO),,2016,3400.48
Southern Europe (FAO),,2017,3413.68
Southern Europe (FAO),,2018,3435
Southern Europe (FAO),,2019,3482.19
Southern Europe (FAO),,2020,3496.99
Southern Europe (FAO),,2021,3520.21
Southern Europe (FAO),,2022,3529.95
Southern Europe (FAO),,2023,3562.43
Spain,ESP,1947,2180
Spain,ESP,1948,2377
Spain,ESP,1961,2662.2422
Spain,ESP,1962,2791.0444
Spain,ESP,1963,2699.537
Spain,ESP,1964,2595.4028
Spain,ESP,1965,2657.2756
Spain,ESP,1966,2711.5889
Spain,ESP,1967,2740.2585
Spain,ESP,1968,2746.4312
Spain,ESP,1969,2637.588
Spain,ESP,1970,2729.6497
Spain,ESP,1971,2760.9336
Spain,ESP,1972,2835.3242
Spain,ESP,1973,2845.9932
Spain,ESP,1974,3074.8027
Spain,ESP,1975,3079.109
Spain,ESP,1976,3044.5942
Spain,ESP,1977,3000.8674
Spain,ESP,1978,2999.5034
Spain,ESP,1979,3046.1033
Spain,ESP,1980,3112.301
Spain,ESP,1981,2977.449
Spain,ESP,1982,3064.6667
Spain,ESP,1983,3038.692
Spain,ESP,1984,3027.9844
Spain,ESP,1985,3099.5815
Spain,ESP,1986,3085.707
Spain,ESP,1987,3135.0813
Spain,ESP,1988,3190.519
Spain,ESP,1989,3221.6077
Spain,ESP,1990,3243.1536
Spain,ESP,1991,3390.102
Spain,ESP,1992,3375.6023
Spain,ESP,1993,3270.072
Spain,ESP,1994,3258.6807
Spain,ESP,1995,3166.2598
Spain,ESP,1996,3296.649
Spain,ESP,1997,3235.0332
Spain,ESP,1998,3264.091
Spain,ESP,1999,3260.1687
Spain,ESP,2000,3299.6497
Spain,ESP,2001,3292.5286
Spain,ESP,2002,3326.1223
Spain,ESP,2003,3258.9514
Spain,ESP,2004,3206.6165
Spain,ESP,2005,3178.1094
Spain,ESP,2006,3179.5325
Spain,ESP,2007,3162.6348
Spain,ESP,2008,3139.1667
Spain,ESP,2009,3144.441
Spain,ESP,2010,3181.45
Spain,ESP,2011,3200.69
Spain,ESP,2012,3195.8098
Spain,ESP,2013,3219.6199
Spain,ESP,2014,3175.4902
Spain,ESP,2015,3203.0505
Spain,ESP,2016,3280.58
Spain,ESP,2017,3297.4905
Spain,ESP,2018,3346.3901
Spain,ESP,2019,3349.21
Spain,ESP,2020,3345.9204
Spain,ESP,2021,3375.6992
Spain,ESP,2022,3355.2395
Spain,ESP,2023,3377.1597
Sri Lanka,LKA,1947,1977
Sri Lanka,LKA,1948,1918
Sri Lanka,LKA,1961,2121.8994
Sri Lanka,LKA,1962,2143.7605
Sri Lanka,LKA,1963,2184.6562
Sri Lanka,LKA,1964,2288.9233
Sri Lanka,LKA,1965,2291.0212
Sri Lanka,LKA,1966,2341.146
Sri Lanka,LKA,1967,2369.9949
Sri Lanka,LKA,1968,2367.0354
Sri Lanka,LKA,1969,2328.339
Sri Lanka,LKA,1970,2306.5588
Sri Lanka,LKA,1971,2240.287
Sri Lanka,LKA,1972,2198.4316
Sri Lanka,LKA,1973,2223.901
Sri Lanka,LKA,1974,2216.0571
Sri Lanka,LKA,1975,2201.9795
Sri Lanka,LKA,1976,2214.007
Sri Lanka,LKA,1977,2233.8467
Sri Lanka,LKA,1978,2297.0715
Sri Lanka,LKA,1979,2348.7844
Sri Lanka,LKA,1980,2312.4622
Sri Lanka,LKA,1981,2269.351
Sri Lanka,LKA,1982,2287.3503
Sri Lanka,LKA,1983,2364.2542
Sri Lanka,LKA,1984,2372.1406
Sri Lanka,LKA,1985,2409.9932
Sri Lanka,LKA,1986,2389.5571
Sri Lanka,LKA,1987,2332.8213
Sri Lanka,LKA,1988,2357.6636
Sri Lanka,LKA,1989,2320.3057
Sri Lanka,LKA,1990,2295.7468
Sri Lanka,LKA,1991,2327.396
Sri Lanka,LKA,1992,2280.8096
Sri Lanka,LKA,1993,2205.137
Sri Lanka,LKA,1994,2398.0623
Sri Lanka,LKA,1995,2306.7258
Sri Lanka,LKA,1996,2297.921
Sri Lanka,LKA,1997,2298.088
Sri Lanka,LKA,1998,2294.5288
Sri Lanka,LKA,1999,2352.5735
Sri Lanka,LKA,2000,2261.3572
Sri Lanka,LKA,2001,2288.283
Sri Lanka,LKA,2002,2266.8867
Sri Lanka,LKA,2003,2277.5037
Sri Lanka,LKA,2004,2307.135
Sri Lanka,LKA,2005,2319.1343
Sri Lanka,LKA,2006,2350.9685
Sri Lanka,LKA,2007,2360.842
Sri Lanka,LKA,2008,2421.9944
Sri Lanka,LKA,2009,2429.7856
Sri Lanka,LKA,2010,2463.4097
Sri Lanka,LKA,2011,2448.8296
Sri Lanka,LKA,2012,2512.92
Sri Lanka,LKA,2013,2525.3003
Sri Lanka,LKA,2014,2556.4707
Sri Lanka,LKA,2015,3006.0796
Sri Lanka,LKA,2016,2740.5208
Sri Lanka,LKA,2017,2616.2292
Sri Lanka,LKA,2018,2764.6704
Sri Lanka,LKA,2019,2718.9397
Sri Lanka,LKA,2020,3008.1501
Sri Lanka,LKA,2021,2937.419
Sri Lanka,LKA,2022,2567.6406
Sri Lanka,LKA,2023,2675.1106
Sudan,SDN,2012,2465.83
Sudan,SDN,2013,2522.483
Sudan,SDN,2014,2532.1704
Sudan,SDN,2015,2514.7083
Sudan,SDN,2016,2488.7947
Sudan,SDN,2017,2436.1912
Sudan,SDN,2018,2454.267
Sudan,SDN,2019,2441.7378
Sudan,SDN,2020,2488.9453
Sudan,SDN,2021,2493.449
Sudan,SDN,2022,2513.4753
Sudan (former),OWID_SDN,1961,1620.992
Sudan (former),OWID_SDN,1962,1828.9568
Sudan (former),OWID_SDN,1963,1748.3578
Sudan (former),OWID_SDN,1964,1779.2745
Sudan (former),OWID_SDN,1965,1606.6849
Sudan (former),OWID_SDN,1966,1606.4371
Sudan (former),OWID_SDN,1967,1719.4586
Sudan (former),OWID_SDN,1968,1757.0852
Sudan (former),OWID_SDN,1969,1791.7911
Sudan (former),OWID_SDN,1970,1912.0526
Sudan (former),OWID_SDN,1971,1909.1967
Sudan (former),OWID_SDN,1972,1892.3093
Sudan (former),OWID_SDN,1973,1937.9523
Sudan (former),OWID_SDN,1974,1968.8612
Sudan (former),OWID_SDN,1975,1826.5784
Sudan (former),OWID_SDN,1976,1872.2739
Sudan (former),OWID_SDN,1977,1940.5883
Sudan (former),OWID_SDN,1978,2060.639
Sudan (former),OWID_SDN,1979,1974.9746
Sudan (former),OWID_SDN,1980,1947.2612
Sudan (former),OWID_SDN,1981,1936.2004
Sudan (former),OWID_SDN,1982,1824.3156
Sudan (former),OWID_SDN,1983,1904.3671
Sudan (former),OWID_SDN,1984,1695.0132
Sudan (former),OWID_SDN,1985,1908.9304
Sudan (former),OWID_SDN,1986,1963.536
Sudan (former),OWID_SDN,1987,1896.594
Sudan (former),OWID_SDN,1988,1995.6105
Sudan (former),OWID_SDN,1989,1925.1057
Sudan (former),OWID_SDN,1990,1909.8881
Sudan (former),OWID_SDN,1991,2027.0021
Sudan (former),OWID_SDN,1992,2025.1001
Sudan (former),OWID_SDN,1993,2117.1272
Sudan (former),OWID_SDN,1994,2162.5464
Sudan (former),OWID_SDN,1995,2186.6301
Sudan (former),OWID_SDN,1996,2182.025
Sudan (former),OWID_SDN,1997,2182.2278
Sudan (former),OWID_SDN,1998,2198.7441
Sudan (former),OWID_SDN,1999,2210.9253
Sudan (former),OWID_SDN,2000,2228.0918
Sudan (former),OWID_SDN,2001,2260.4194
Sudan (former),OWID_SDN,2002,2282.392
Sudan (former),OWID_SDN,2003,2272.3157
Sudan (former),OWID_SDN,2004,2253.8318
Sudan (former),OWID_SDN,2005,2269.8447
Sudan (former),OWID_SDN,2006,2296.0095
Sudan (former),OWID_SDN,2007,2299.6338
Sudan (former),OWID_SDN,2008,2287.3008
Sudan (former),OWID_SDN,2009,2274.5334
Sudan (former),OWID_SDN,2010,2240.2678
Sudan (former),OWID_SDN,2011,2200.6326
Suriname,SUR,1961,2086.4675
Suriname,SUR,1962,2083.6687
Suriname,SUR,1963,2099.7031
Suriname,SUR,1964,2329.6436
Suriname,SUR,1965,2256.492
Suriname,SUR,1966,2186.455
Suriname,SUR,1967,2233.9072
Suriname,SUR,1968,2244.664
Suriname,SUR,1969,2285.733
Suriname,SUR,1970,2182.2898
Suriname,SUR,1971,2114.5686
Suriname,SUR,1972,2087.3433
Suriname,SUR,1973,2076.3513
Suriname,SUR,1974,2076.9539
Suriname,SUR,1975,2065.7393
Suriname,SUR,1976,2100.6165
Suriname,SUR,1977,2145.5361
Suriname,SUR,1978,2188.702
Suriname,SUR,1979,2204.8452
Suriname,SUR,1980,2343.8477
Suriname,SUR,1981,2256.9006
Suriname,SUR,1982,2281.8843
Suriname,SUR,1983,2408.9534
Suriname,SUR,1984,2579.2644
Suriname,SUR,1985,2543.7048
Suriname,SUR,1986,2412.1792
Suriname,SUR,1987,2465.7878
Suriname,SUR,1988,2428.9475
Suriname,SUR,1989,2423.0256
Suriname,SUR,1990,2412.4
Suriname,SUR,1991,2534.597
Suriname,SUR,1992,2515.3926
Suriname,SUR,1993,2570.1443
Suriname,SUR,1994,2558.324
Suriname,SUR,1995,2585.8928
Suriname,SUR,1996,2603.6497
Suriname,SUR,1997,2543.614
Suriname,SUR,1998,2542.8835
Suriname,SUR,1999,2454.056
Suriname,SUR,2000,2493.491
Suriname,SUR,2001,2436.13
Suriname,SUR,2002,2471.6956
Suriname,SUR,2003,2460.8635
Suriname,SUR,2004,2452.8748
Suriname,SUR,2005,2516.7478
Suriname,SUR,2006,2531.7188
Suriname,SUR,2007,2564.2812
Suriname,SUR,2008,2535.449
Suriname,SUR,2009,2617.315
Suriname,SUR,2010,2667.2466
Suriname,SUR,2011,2620.5078
Suriname,SUR,2012,2645.423
Suriname,SUR,2013,2676.3513
Suriname,SUR,2014,2665.1035
Suriname,SUR,2015,2623.4019
Suriname,SUR,2016,2607.5178
Suriname,SUR,2017,2606.1462
Suriname,SUR,2018,2631.3306
Suriname,SUR,2019,2664.7205
Suriname,SUR,2020,2647.47
Suriname,SUR,2021,2610.829
Suriname,SUR,2022,2587.8499
Suriname,SUR,2023,2539.062
Sweden,SWE,1947,2871
Sweden,SWE,1948,3108
Sweden,SWE,1961,2847.65
Sweden,SWE,1962,2821.3936
Sweden,SWE,1963,2815.783
Sweden,SWE,1964,2902.2388
Sweden,SWE,1965,2861.9536
Sweden,SWE,1966,2874.4163
Sweden,SWE,1967,2860.6707
Sweden,SWE,1968,2831.876
Sweden,SWE,1969,2815.2043
Sweden,SWE,1970,2876.2217
Sweden,SWE,1971,2902.0928
Sweden,SWE,1972,2861.8499
Sweden,SWE,1973,2865.1072
Sweden,SWE,1974,2888.958
Sweden,SWE,1975,2932.1284
Sweden,SWE,1976,3008.7583
Sweden,SWE,1977,2966.9495
Sweden,SWE,1978,2933.6548
Sweden,SWE,1979,2968.4478
Sweden,SWE,1980,2991.1907
Sweden,SWE,1981,2964.8362
Sweden,SWE,1982,2980.2197
Sweden,SWE,1983,2983.9553
Sweden,SWE,1984,3053.0908
Sweden,SWE,1985,2977.2678
Sweden,SWE,1986,2977.957
Sweden,SWE,1987,2904.644
Sweden,SWE,1988,2958.2205
Sweden,SWE,1989,2983.6228
Sweden,SWE,1990,2973.149
Sweden,SWE,1991,2942.0154
Sweden,SWE,1992,3056.6716
Sweden,SWE,1993,3144.1829
Sweden,SWE,1994,3090.0974
Sweden,SWE,1995,3088.2456
Sweden,SWE,1996,3041.9805
Sweden,SWE,1997,3091.7026
Sweden,SWE,1998,3066.5972
Sweden,SWE,1999,3117.2188
Sweden,SWE,2000,3098.9653
Sweden,SWE,2001,3121.1843
Sweden,SWE,2002,3128.0698
Sweden,SWE,2003,3118.269
Sweden,SWE,2004,3142.5195
Sweden,SWE,2005,3122.079
Sweden,SWE,2006,3094.1902
Sweden,SWE,2007,3092.6196
Sweden,SWE,2008,3133.1218
Sweden,SWE,2009,3129.786
Sweden,SWE,2010,3203.9287
Sweden,SWE,2011,3221.4587
Sweden,SWE,2012,3230.4243
Sweden,SWE,2013,3230.12
Sweden,SWE,2014,3258.1873
Sweden,SWE,2015,3229.3293
Sweden,SWE,2016,3223.1099
Sweden,SWE,2017,3200.7388
Sweden,SWE,2018,3166.42
Sweden,SWE,2019,3233.4631
Sweden,SWE,2020,3265.3228
Sweden,SWE,2021,3298.1887
Sweden,SWE,2022,3327.3516
Sweden,SWE,2023,3366.779
Switzerland,CHE,1947,3050
Switzerland,CHE,1948,2996
Switzerland,CHE,1961,3548.937
Switzerland,CHE,1962,3438.819
Switzerland,CHE,1963,3359.456
Switzerland,CHE,1964,3410.1938
Switzerland,CHE,1965,3429.4622
Switzerland,CHE,1966,3442.4363
Switzerland,CHE,1967,3303.1472
Switzerland,CHE,1968,3416.4238
Switzerland,CHE,1969,3415.075
Switzerland,CHE,1970,3491.253
Switzerland,CHE,1971,3455.701
Switzerland,CHE,1972,3527.0144
Switzerland,CHE,1973,3541.0154
Switzerland,CHE,1974,3413.795
Switzerland,CHE,1975,3235.8584
Switzerland,CHE,1976,3342.5842
Switzerland,CHE,1977,3527.1719
Switzerland,CHE,1978,3472.949
Switzerland,CHE,1979,3407.6353
Switzerland,CHE,1980,3503.193
Switzerland,CHE,1981,3500.6277
Switzerland,CHE,1982,3453.3313
Switzerland,CHE,1983,3432.2285
Switzerland,CHE,1984,3399.004
Switzerland,CHE,1985,3400.1216
Switzerland,CHE,1986,3420.8105
Switzerland,CHE,1987,3432.2373
Switzerland,CHE,1988,3426.9294
Switzerland,CHE,1989,3406.667
Switzerland,CHE,1990,3420.9236
Switzerland,CHE,1991,3321.935
Switzerland,CHE,1992,3389.631
Switzerland,CHE,1993,3334.717
Switzerland,CHE,1994,3315.9946
Switzerland,CHE,1995,3299.9573
Switzerland,CHE,1996,3334.3867
Switzerland,CHE,1997,3318.3926
Switzerland,CHE,1998,3328.7341
Switzerland,CHE,1999,3320.6877
Switzerland,CHE,2000,3431.3794
Switzerland,CHE,2001,3368.1238
Switzerland,CHE,2002,3418.6545
Switzerland,CHE,2003,3411.1973
Switzerland,CHE,2004,3393.8887
Switzerland,CHE,2005,3375.6013
Switzerland,CHE,2006,3433.5999
Switzerland,CHE,2007,3436.911
Switzerland,CHE,2008,3450.0806
Switzerland,CHE,2009,3467.3984
Switzerland,CHE,2010,3456.12
Switzerland,CHE,2011,3498.666
Switzerland,CHE,2012,3406.1914
Switzerland,CHE,2013,3421.4104
Switzerland,CHE,2014,3454.331
Switzerland,CHE,2015,3418.866
Switzerland,CHE,2016,3382.639
Switzerland,CHE,2017,3410.72
Switzerland,CHE,2018,3416.5996
Switzerland,CHE,2019,3417.578
Switzerland,CHE,2020,3483.3694
Switzerland,CHE,2021,3440.0203
Switzerland,CHE,2022,3460.6296
Switzerland,CHE,2023,3402.3882
Syria,SYR,2010,3089.2505
Syria,SYR,2011,3056.9194
Syria,SYR,2012,2937.6294
Syria,SYR,2013,2881.8298
Syria,SYR,2014,2844.44
Syria,SYR,2015,2798.4604
Syria,SYR,2016,2683.9292
Syria,SYR,2017,2623.5598
Syria,SYR,2018,2525.83
Syria,SYR,2019,2486.6292
Syria,SYR,2020,2421.3398
Syria,SYR,2021,2390.0803
Syria,SYR,2022,2348.6
Syria,SYR,2023,2259.3596
Taiwan,TWN,1961,2395.547
Taiwan,TWN,1962,2336.188
Taiwan,TWN,1963,2293.519
Taiwan,TWN,1964,2360.8599
Taiwan,TWN,1965,2337.1162
Taiwan,TWN,1966,2349.7773
Taiwan,TWN,1967,2357.9875
Taiwan,TWN,1968,2413.4546
Taiwan,TWN,1969,2482.486
Taiwan,TWN,1970,2553.9597
Taiwan,TWN,1971,2585.4521
Taiwan,TWN,1972,2643.937
Taiwan,TWN,1973,2667.6147
Taiwan,TWN,1974,2718.6855
Taiwan,TWN,1975,2784.5999
Taiwan,TWN,1976,2766.2607
Taiwan,TWN,1977,2772.313
Taiwan,TWN,1978,2779.964
Taiwan,TWN,1979,2796.1096
Taiwan,TWN,1980,2728.6348
Taiwan,TWN,1981,2678.761
Taiwan,TWN,1982,2665.337
Taiwan,TWN,1983,2619.5146
Taiwan,TWN,1984,2596.028
Taiwan,TWN,1985,2660.1685
Taiwan,TWN,1986,2695.0967
Taiwan,TWN,1987,2730.858
Taiwan,TWN,1988,2775.6062
Taiwan,TWN,1989,2856.712
Taiwan,TWN,1990,2895.0703
Taiwan,TWN,1991,2935.2922
Taiwan,TWN,1992,2921.5437
Taiwan,TWN,1993,3003.89
Taiwan,TWN,1994,3010.18
Taiwan,TWN,1995,3022.9177
Taiwan,TWN,1996,3049.1812
Taiwan,TWN,1997,3052.529
Taiwan,TWN,1998,3006.0295
Taiwan,TWN,1999,3044.4766
Taiwan,TWN,2000,3063.433
Taiwan,TWN,2001,2964.6868
Taiwan,TWN,2002,2962.6377
Taiwan,TWN,2003,2961.1575
Taiwan,TWN,2004,2965.9888
Taiwan,TWN,2005,2972.3235
Taiwan,TWN,2006,2938.397
Taiwan,TWN,2007,2954.4768
Taiwan,TWN,2008,2915.3408
Taiwan,TWN,2009,2927.3013
Taiwan,TWN,2010,2943.1602
Taiwan,TWN,2011,2918.2402
Taiwan,TWN,2012,2909.8896
Taiwan,TWN,2013,2925.06
Taiwan,TWN,2014,2933.6611
Taiwan,TWN,2015,2938.2988
Taiwan,TWN,2016,2931.69
Taiwan,TWN,2017,2930.44
Taiwan,TWN,2018,2959.5803
Taiwan,TWN,2019,2975.9604
Taiwan,TWN,2020,2971.98
Taiwan,TWN,2021,2953.45
Taiwan,TWN,2022,2974.3403
Taiwan,TWN,2023,2958.3508
Tajikistan,TJK,1992,1999.2461
Tajikistan,TJK,1993,2028.0065
Tajikistan,TJK,1994,1987.3567
Tajikistan,TJK,1995,1919.3826
Tajikistan,TJK,1996,1868.798
Tajikistan,TJK,1997,1850.7711
Tajikistan,TJK,1998,1883.8076
Tajikistan,TJK,1999,1901.6278
Tajikistan,TJK,2000,1928.2229
Tajikistan,TJK,2001,1925.7521
Tajikistan,TJK,2002,1904.0399
Tajikistan,TJK,2003,1918.2302
Tajikistan,TJK,2004,1942.1176
Tajikistan,TJK,2005,2021.7334
Tajikistan,TJK,2006,2033.0189
Tajikistan,TJK,2007,2040.051
Tajikistan,TJK,2008,2064.012
Tajikistan,TJK,2009,2084.8965
Tajikistan,TJK,2010,2255.7988
Tajikistan,TJK,2011,2293.5105
Tajikistan,TJK,2012,2306.0781
Tajikistan,TJK,2013,2308.8762
Tajikistan,TJK,2014,2358.4973
Tajikistan,TJK,2015,2421.4402
Tajikistan,TJK,2016,2482.292
Tajikistan,TJK,2017,2554.4521
Tajikistan,TJK,2018,2628.536
Tajikistan,TJK,2019,2710.66
Tajikistan,TJK,2020,2702.9792
Tajikistan,TJK,2021,2710.8794
Tajikistan,TJK,2022,2734.7979
Tajikistan,TJK,2023,2711.688
Tanzania,TZA,1947,2163
Tanzania,TZA,1961,1777.7244
Tanzania,TZA,1962,1790.8953
Tanzania,TZA,1963,1815.904
Tanzania,TZA,1964,1732.261
Tanzania,TZA,1965,1774.2369
Tanzania,TZA,1966,1851.3796
Tanzania,TZA,1967,1742.7845
Tanzania,TZA,1968,1732.0486
Tanzania,TZA,1969,1727.5604
Tanzania,TZA,1970,1727.2606
Tanzania,TZA,1971,1685.8279
Tanzania,TZA,1972,1697.0055
Tanzania,TZA,1973,1811.7233
Tanzania,TZA,1974,1889.4225
Tanzania,TZA,1975,2145.4668
Tanzania,TZA,1976,2186.62
Tanzania,TZA,1977,2175.0618
Tanzania,TZA,1978,2154.3896
Tanzania,TZA,1979,2177.2925
Tanzania,TZA,1980,2165.7314
Tanzania,TZA,1981,2142.1506
Tanzania,TZA,1982,2176.252
Tanzania,TZA,1983,2144.8733
Tanzania,TZA,1984,2177.8245
Tanzania,TZA,1985,2191.6326
Tanzania,TZA,1986,2190.912
Tanzania,TZA,1987,2194.226
Tanzania,TZA,1988,2144.045
Tanzania,TZA,1989,2204.7693
Tanzania,TZA,1990,2134.632
Tanzania,TZA,1991,2194.0583
Tanzania,TZA,1992,2127.6885
Tanzania,TZA,1993,2086.9778
Tanzania,TZA,1994,2057.4314
Tanzania,TZA,1995,2000.6361
Tanzania,TZA,1996,2029.0728
Tanzania,TZA,1997,2004.5018
Tanzania,TZA,1998,2074.2798
Tanzania,TZA,1999,2052.7415
Tanzania,TZA,2000,1991.0048
Tanzania,TZA,2001,2013.4989
Tanzania,TZA,2002,2090.5906
Tanzania,TZA,2003,1965.4337
Tanzania,TZA,2004,2079.0256
Tanzania,TZA,2005,2114.4976
Tanzania,TZA,2006,2122.2493
Tanzania,TZA,2007,2198.134
Tanzania,TZA,2008,2121.146
Tanzania,TZA,2009,2133.2944
Tanzania,TZA,2010,2245.9797
Tanzania,TZA,2011,2295.25
Tanzania,TZA,2012,2325.99
Tanzania,TZA,2013,2364.0898
Tanzania,TZA,2014,2376.8901
Tanzania,TZA,2015,2378.7903
Tanzania,TZA,2016,2392.75
Tanzania,TZA,2017,2379.63
Tanzania,TZA,2018,2362.9802
Tanzania,TZA,2019,2387.13
Tanzania,TZA,2020,2402.09
Tanzania,TZA,2021,2417.57
Tanzania,TZA,2022,2474.09
Tanzania,TZA,2023,2518.33
Thailand,THA,1947,2110
Thailand,THA,1948,2020
Thailand,THA,1961,1980.2542
Thailand,THA,1962,2107.9243
Thailand,THA,1963,2218.0774
Thailand,THA,1964,2208.7085
Thailand,THA,1965,2107.1526
Thailand,THA,1966,2329.594
Thailand,THA,1967,2161.1077
Thailand,THA,1968,2226.1362
Thailand,THA,1969,2238.9543
Thailand,THA,1970,2246.3171
Thailand,THA,1971,2254.6812
Thailand,THA,1972,2234.302
Thailand,THA,1973,2336.6433
Thailand,THA,1974,2346.2173
Thailand,THA,1975,2352.408
Thailand,THA,1976,2298.7126
Thailand,THA,1977,2253.3623
Thailand,THA,1978,2452.658
Thailand,THA,1979,2267.0657
Thailand,THA,1980,2251.7122
Thailand,THA,1981,2280.3096
Thailand,THA,1982,2108.0122
Thailand,THA,1983,2229.4033
Thailand,THA,1984,2168.791
Thailand,THA,1985,2139.4177
Thailand,THA,1986,2170.7502
Thailand,THA,1987,2144.204
Thailand,THA,1988,2159.0786
Thailand,THA,1989,2136.9368
Thailand,THA,1990,2253.4656
Thailand,THA,1991,2322.8215
Thailand,THA,1992,2316.484
Thailand,THA,1993,2291.1108
Thailand,THA,1994,2372.3345
Thailand,THA,1995,2410.332
Thailand,THA,1996,2542.7144
Thailand,THA,1997,2517.3586
Thailand,THA,1998,2573.8137
Thailand,THA,1999,2530.242
Thailand,THA,2000,2576.5244
Thailand,THA,2001,2554.4224
Thailand,THA,2002,2610.83
Thailand,THA,2003,2626.5164
Thailand,THA,2004,2636.2144
Thailand,THA,2005,2701.1128
Thailand,THA,2006,2767.2837
Thailand,THA,2007,2723.733
Thailand,THA,2008,2698.4988
Thailand,THA,2009,2659.989
Thailand,THA,2010,2742.8904
Thailand,THA,2011,2730.82
Thailand,THA,2012,2752.7205
Thailand,THA,2013,2722.84
Thailand,THA,2014,2760.6902
Thailand,THA,2015,2775.6404
Thailand,THA,2016,2763.2002
Thailand,THA,2017,2751.9402
Thailand,THA,2018,2777.13
Thailand,THA,2019,2800.6006
Thailand,THA,2020,2850.4597
Thailand,THA,2021,2858.2896
Thailand,THA,2022,2861.8303
Thailand,THA,2023,2855.2698
Togo,TGO,1961,1914.5446
Togo,TGO,1962,2043.992
Togo,TGO,1963,1975.9011
Togo,TGO,1964,2045.8573
Togo,TGO,1965,2115.317
Togo,TGO,1966,2112.5247
Togo,TGO,1967,2239.2654
Togo,TGO,1968,2181.5664
Togo,TGO,1969,2056.4941
Togo,TGO,1970,2058.431
Togo,TGO,1971,2159.5808
Togo,TGO,1972,2135.9307
Togo,TGO,1973,2015.6681
Togo,TGO,1974,1892.0388
Togo,TGO,1975,1842.8666
Togo,TGO,1976,1771.2407
Togo,TGO,1977,1744.0089
Togo,TGO,1978,1841.5956
Togo,TGO,1979,1982.4769
Togo,TGO,1980,1997.3171
Togo,TGO,1981,1976.5962
Togo,TGO,1982,1941.9219
Togo,TGO,1983,1855.6577
Togo,TGO,1984,1912.8685
Togo,TGO,1985,2075.2927
Togo,TGO,1986,1891.0337
Togo,TGO,1987,1802.1173
Togo,TGO,1988,1983.4679
Togo,TGO,1989,2009.5852
Togo,TGO,1990,2132.6492
Togo,TGO,1991,1963.001
Togo,TGO,1992,1921.2726
Togo,TGO,1993,2056.7612
Togo,TGO,1994,2186.7832
Togo,TGO,1995,2132.3845
Togo,TGO,1996,2161.6465
Togo,TGO,1997,2185.6404
Togo,TGO,1998,2155.3545
Togo,TGO,1999,2183.6562
Togo,TGO,2000,2207.887
Togo,TGO,2001,2193.61
Togo,TGO,2002,2198.5652
Togo,TGO,2003,2243.75
Togo,TGO,2004,2295.6208
Togo,TGO,2005,2290.444
Togo,TGO,2006,2330.688
Togo,TGO,2007,2329.5593
Togo,TGO,2008,2335.8433
Togo,TGO,2009,2344.9832
Togo,TGO,2010,2507.8057
Togo,TGO,2011,2504.095
Togo,TGO,2012,2487.408
Togo,TGO,2013,2522.4897
Togo,TGO,2014,2550.0227
Togo,TGO,2015,2483.1646
Togo,TGO,2016,2553.5662
Togo,TGO,2017,2548.897
Togo,TGO,2018,2550.7534
Togo,TGO,2019,2635.319
Togo,TGO,2020,2706.6465
Togo,TGO,2021,2779.6687
Togo,TGO,2022,2847.2478
Tonga,TON,2019,2897.3364
Tonga,TON,2020,2922.7793
Tonga,TON,2021,3032.4475
Tonga,TON,2022,2968.9226
Tonga,TON,2023,3058.67
Trinidad and Tobago,TTO,1961,2282.8772
Trinidad and Tobago,TTO,1962,2357.451
Trinidad and Tobago,TTO,1963,2356.9387
Trinidad and Tobago,TTO,1964,2354.0044
Trinidad and Tobago,TTO,1965,2371.273
Trinidad and Tobago,TTO,1966,2374.7676
Trinidad and Tobago,TTO,1967,2324.6116
Trinidad and Tobago,TTO,1968,2225.1626
Trinidad and Tobago,TTO,1969,2370.0757
Trinidad and Tobago,TTO,1970,2348.1118
Trinidad and Tobago,TTO,1971,2409.576
Trinidad and Tobago,TTO,1972,2399.283
Trinidad and Tobago,TTO,1973,2451.1401
Trinidad and Tobago,TTO,1974,2543.348
Trinidad and Tobago,TTO,1975,2484.6309
Trinidad and Tobago,TTO,1976,2597.9214
Trinidad and Tobago,TTO,1977,2582.7559
Trinidad and Tobago,TTO,1978,2704.9048
Trinidad and Tobago,TTO,1979,2703.2578
Trinidad and Tobago,TTO,1980,2888.1748
Trinidad and Tobago,TTO,1981,2882.9934
Trinidad and Tobago,TTO,1982,2918.874
Trinidad and Tobago,TTO,1983,2944.3267
Trinidad and Tobago,TTO,1984,2964.4436
Trinidad and Tobago,TTO,1985,2848.1838
Trinidad and Tobago,TTO,1986,2978.8652
Trinidad and Tobago,TTO,1987,2881.0745
Trinidad and Tobago,TTO,1988,2722.3591
Trinidad and Tobago,TTO,1989,2620.4126
Trinidad and Tobago,TTO,1990,2562.6367
Trinidad and Tobago,TTO,1991,2599.9902
Trinidad and Tobago,TTO,1992,2497.966
Trinidad and Tobago,TTO,1993,2473.4778
Trinidad and Tobago,TTO,1994,2474.089
Trinidad and Tobago,TTO,1995,2515.4902
Trinidad and Tobago,TTO,1996,2552.8677
Trinidad and Tobago,TTO,1997,2526.1755
Trinidad and Tobago,TTO,1998,2567.9783
Trinidad and Tobago,TTO,1999,2572.8923
Trinidad and Tobago,TTO,2000,2668.0457
Trinidad and Tobago,TTO,2001,2717.5447
Trinidad and Tobago,TTO,2002,2676.8577
Trinidad and Tobago,TTO,2003,2636.639
Trinidad and Tobago,TTO,2004,2661.7195
Trinidad and Tobago,TTO,2005,2643.8064
Trinidad and Tobago,TTO,2006,2686.161
Trinidad and Tobago,TTO,2007,2729.6045
Trinidad and Tobago,TTO,2008,2712.3936
Trinidad and Tobago,TTO,2009,2725.5188
Trinidad and Tobago,TTO,2010,2961.5552
Trinidad and Tobago,TTO,2011,3023.5984
Trinidad and Tobago,TTO,2012,3046.8516
Trinidad and Tobago,TTO,2013,3075.1926
Trinidad and Tobago,TTO,2014,3044.6094
Trinidad and Tobago,TTO,2015,3046.5598
Trinidad and Tobago,TTO,2016,3031.178
Trinidad and Tobago,TTO,2017,3048.3894
Trinidad and Tobago,TTO,2018,3033.4058
Trinidad and Tobago,TTO,2019,3022.9736
Trinidad and Tobago,TTO,2020,3029.9277
Trinidad and Tobago,TTO,2021,2999.2
Trinidad and Tobago,TTO,2022,2965.0642
Trinidad and Tobago,TTO,2023,2945.6843
Tunisia,TUN,1947,1498
Tunisia,TUN,1948,1545
Tunisia,TUN,1961,2082.6077
Tunisia,TUN,1962,2160.1482
Tunisia,TUN,1963,2227.7615
Tunisia,TUN,1964,2239.3184
Tunisia,TUN,1965,2328.267
Tunisia,TUN,1966,2251.359
Tunisia,TUN,1967,2358.311
Tunisia,TUN,1968,2346.8994
Tunisia,TUN,1969,2257.9775
Tunisia,TUN,1970,2297.5781
Tunisia,TUN,1971,2387.4526
Tunisia,TUN,1972,2524.5764
Tunisia,TUN,1973,2505.7158
Tunisia,TUN,1974,2573.2869
Tunisia,TUN,1975,2546.5725
Tunisia,TUN,1976,2493.2495
Tunisia,TUN,1977,2585.6567
Tunisia,TUN,1978,2662.5613
Tunisia,TUN,1979,2685.3691
Tunisia,TUN,1980,2818.751
Tunisia,TUN,1981,2742.99
Tunisia,TUN,1982,2751.684
Tunisia,TUN,1983,2898.9395
Tunisia,TUN,1984,2957.763
Tunisia,TUN,1985,2972.6548
Tunisia,TUN,1986,3038.0393
Tunisia,TUN,1987,3021.947
Tunisia,TUN,1988,3069.3652
Tunisia,TUN,1989,3069.3489
Tunisia,TUN,1990,3082.1985
Tunisia,TUN,1991,3044.1
Tunisia,TUN,1992,3077.55
Tunisia,TUN,1993,3098.5708
Tunisia,TUN,1994,3049.3323
Tunisia,TUN,1995,3064.1926
Tunisia,TUN,1996,3137.9304
Tunisia,TUN,1997,3182.5107
Tunisia,TUN,1998,3235.6123
Tunisia,TUN,1999,3302.3806
Tunisia,TUN,2000,3180.4397
Tunisia,TUN,2001,3185.1658
Tunisia,TUN,2002,3120.1108
Tunisia,TUN,2003,3167.7349
Tunisia,TUN,2004,3177.977
Tunisia,TUN,2005,3155.7996
Tunisia,TUN,2006,3214.0315
Tunisia,TUN,2007,3199.7693
Tunisia,TUN,2008,3254.5066
Tunisia,TUN,2009,3291.262
Tunisia,TUN,2010,3299.839
Tunisia,TUN,2011,3314.8599
Tunisia,TUN,2012,3341.7004
Tunisia,TUN,2013,3335.3486
Tunisia,TUN,2014,3370.1086
Tunisia,TUN,2015,3389.0671
Tunisia,TUN,2016,3380.6682
Tunisia,TUN,2017,3394.9087
Tunisia,TUN,2018,3445.3884
Tunisia,TUN,2019,3500.1487
Tunisia,TUN,2020,3527.4004
Tunisia,TUN,2021,3531.2686
Tunisia,TUN,2022,3468.0479
Tunisia,TUN,2023,3431.5388
Turkey,TUR,1947,2173
Turkey,TUR,1948,2506
Turkey,TUR,1961,2866.5984
Turkey,TUR,1962,2816.962
Turkey,TUR,1963,2899.3203
Turkey,TUR,1964,2884.9495
Turkey,TUR,1965,2867.565
Turkey,TUR,1966,2958.833
Turkey,TUR,1967,2922.6663
Turkey,TUR,1968,2932.5525
Turkey,TUR,1969,2904.487
Turkey,TUR,1970,2980.9893
Turkey,TUR,1971,3048.4312
Turkey,TUR,1972,3100.7847
Turkey,TUR,1973,3019.4187
Turkey,TUR,1974,3033.4578
Turkey,TUR,1975,3149.9138
Turkey,TUR,1976,3228.1792
Turkey,TUR,1977,3172.4033
Turkey,TUR,1978,3175.8904
Turkey,TUR,1979,3255.7273
Turkey,TUR,1980,3331.9536
Turkey,TUR,1981,3242.1328
Turkey,TUR,1982,3318.474
Turkey,TUR,1983,3329.7788
Turkey,TUR,1984,3318.987
Turkey,TUR,1985,3518.0422
Turkey,TUR,1986,3505.875
Turkey,TUR,1987,3568.1487
Turkey,TUR,1988,3597.8887
Turkey,TUR,1989,3593.607
Turkey,TUR,1990,3638.8262
Turkey,TUR,1991,3586.8962
Turkey,TUR,1992,3570.8435
Turkey,TUR,1993,3584.5046
Turkey,TUR,1994,3577.6704
Turkey,TUR,1995,3562.6548
Turkey,TUR,1996,3536.7698
Turkey,TUR,1997,3461.741
Turkey,TUR,1998,3518.739
Turkey,TUR,1999,3486.4856
Turkey,TUR,2000,3535.954
Turkey,TUR,2001,3503.746
Turkey,TUR,2002,3497.9653
Turkey,TUR,2003,3487.8298
Turkey,TUR,2004,3517.1016
Turkey,TUR,2005,3528.3647
Turkey,TUR,2006,3573.0996
Turkey,TUR,2007,3565.682
Turkey,TUR,2008,3534.8
Turkey,TUR,2009,3559.8455
Turkey,TUR,2010,3643.0605
Turkey,TUR,2011,3650.84
Turkey,TUR,2012,3694.1204
Turkey,TUR,2013,3708.44
Turkey,TUR,2014,3666.2998
Turkey,TUR,2015,3698.8403
Turkey,TUR,2016,3651.6602
Turkey,TUR,2017,3699.0195
Turkey,TUR,2018,3715.94
Turkey,TUR,2019,3718.11
Turkey,TUR,2020,3743.5898
Turkey,TUR,2021,3745.5198
Turkey,TUR,2022,3825.42
Turkey,TUR,2023,3892.23
Turkmenistan,TKM,1992,2520.3005
Turkmenistan,TKM,1993,2552.1619
Turkmenistan,TKM,1994,2533.2214
Turkmenistan,TKM,1995,2537.0571
Turkmenistan,TKM,1996,2511.461
Turkmenistan,TKM,1997,2539.5713
Turkmenistan,TKM,1998,2550.9968
Turkmenistan,TKM,1999,2577.9827
Turkmenistan,TKM,2000,2566.4297
Turkmenistan,TKM,2001,2553.7612
Turkmenistan,TKM,2002,2586.701
Turkmenistan,TKM,2003,2620.303
Turkmenistan,TKM,2004,2665.816
Turkmenistan,TKM,2005,2660.51
Turkmenistan,TKM,2006,2644.919
Turkmenistan,TKM,2007,2687.4392
Turkmenistan,TKM,2008,2642.5461
Turkmenistan,TKM,2009,2624.854
Turkmenistan,TKM,2010,2832.1719
Turkmenistan,TKM,2011,2803.5535
Turkmenistan,TKM,2012,2823.941
Turkmenistan,TKM,2013,2829.966
Turkmenistan,TKM,2014,2914.497
Turkmenistan,TKM,2015,2912.1685
Turkmenistan,TKM,2016,2889.5095
Turkmenistan,TKM,2017,2896.3079
Turkmenistan,TKM,2018,2878.5188
Turkmenistan,TKM,2019,2847.2988
Turkmenistan,TKM,2020,2863.278
Turkmenistan,TKM,2021,2871.1692
Turkmenistan,TKM,2022,2827.3972
Turkmenistan,TKM,2023,2814.1611
Tuvalu,TUV,2019,2986.817
Tuvalu,TUV,2020,3129.6885
Tuvalu,TUV,2021,3204.782
Tuvalu,TUV,2022,3262.1162
Tuvalu,TUV,2023,3295.2153
USSR,OWID_USS,1961,3103.3972
USSR,OWID_USS,1962,3166.409
USSR,OWID_USS,1963,3215.688
USSR,OWID_USS,1964,3219.8867
USSR,OWID_USS,1965,3230.1694
USSR,OWID_USS,1966,3225.389
USSR,OWID_USS,1967,3254.6047
USSR,OWID_USS,1968,3312.046
USSR,OWID_USS,1969,3309.8638
USSR,OWID_USS,1970,3366.6067
USSR,OWID_USS,1971,3344.9053
USSR,OWID_USS,1972,3298.1926
USSR,OWID_USS,1973,3340.5288
USSR,OWID_USS,1974,3373.2585
USSR,OWID_USS,1975,3355.6301
USSR,OWID_USS,1976,3414.6602
USSR,OWID_USS,1977,3370.6377
USSR,OWID_USS,1978,3386.3672
USSR,OWID_USS,1979,3381.762
USSR,OWID_USS,1980,3377.0752
USSR,OWID_USS,1981,3355.0906
USSR,OWID_USS,1982,3376.7336
USSR,OWID_USS,1983,3382.8843
USSR,OWID_USS,1984,3382.1287
USSR,OWID_USS,1985,3373.2378
USSR,OWID_USS,1986,3355.5088
USSR,OWID_USS,1987,3392.8472
USSR,OWID_USS,1988,3381.466
USSR,OWID_USS,1989,3333.541
USSR,OWID_USS,1990,3356.5864
USSR,OWID_USS,1991,3015.039
Uganda,UGA,1947,2100
Uganda,UGA,1961,2060.5098
Uganda,UGA,1962,2034.5143
Uganda,UGA,1963,2064.5342
Uganda,UGA,1964,2040.6133
Uganda,UGA,1965,2095.5994
Uganda,UGA,1966,1978.9685
Uganda,UGA,1967,2161.4558
Uganda,UGA,1968,2178.8064
Uganda,UGA,1969,2154.684
Uganda,UGA,1970,2210.1294
Uganda,UGA,1971,2176.842
Uganda,UGA,1972,2226.8357
Uganda,UGA,1973,2132.5344
Uganda,UGA,1974,2176.9026
Uganda,UGA,1975,2181.9768
Uganda,UGA,1976,2225.723
Uganda,UGA,1977,2202.3792
Uganda,UGA,1978,2126.6982
Uganda,UGA,1979,2008.2634
Uganda,UGA,1980,1934.1505
Uganda,UGA,1981,2006.9274
Uganda,UGA,1982,2139.7324
Uganda,UGA,1983,2249.7573
Uganda,UGA,1984,2123.269
Uganda,UGA,1985,2030.7637
Uganda,UGA,1986,2054.2212
Uganda,UGA,1987,2110.7366
Uganda,UGA,1988,2183.8628
Uganda,UGA,1989,2313.0127
Uganda,UGA,1990,2325.3726
Uganda,UGA,1991,2272.0125
Uganda,UGA,1992,2220.35
Uganda,UGA,1993,2241.2512
Uganda,UGA,1994,2225.918
Uganda,UGA,1995,2244.1504
Uganda,UGA,1996,2147.7017
Uganda,UGA,1997,2177.575
Uganda,UGA,1998,2292.5884
Uganda,UGA,1999,2273.2449
Uganda,UGA,2000,2293.0554
Uganda,UGA,2001,2311.5405
Uganda,UGA,2002,2367.4263
Uganda,UGA,2003,2425.919
Uganda,UGA,2004,2404.0283
Uganda,UGA,2005,2390.387
Uganda,UGA,2006,2348.4832
Uganda,UGA,2007,2292.2317
Uganda,UGA,2008,2265.354
Uganda,UGA,2009,2292.559
Uganda,UGA,2010,2440.76
Uganda,UGA,2011,2433.9797
Uganda,UGA,2012,2363.9004
Uganda,UGA,2013,2336.1094
Uganda,UGA,2014,2379.2397
Uganda,UGA,2015,2265.1602
Uganda,UGA,2016,1996.4497
Uganda,UGA,2017,2121.3203
Uganda,UGA,2018,2317.8396
Uganda,UGA,2019,2050.1104
Uganda,UGA,2020,2348.99
Uganda,UGA,2021,2295.26
Uganda,UGA,2022,2495.4
Uganda,UGA,2023,2377.6997
Ukraine,UKR,1992,3323.5208
Ukraine,UKR,1993,3192.7588
Ukraine,UKR,1994,2940.7444
Ukraine,UKR,1995,2852.0852
Ukraine,UKR,1996,2780.833
Ukraine,UKR,1997,2833.4954
Ukraine,UKR,1998,2806.217
Ukraine,UKR,1999,2756.0903
Ukraine,UKR,2000,2866.801
Ukraine,UKR,2001,2956.457
Ukraine,UKR,2002,3018.177
Ukraine,UKR,2003,3019.9019
Ukraine,UKR,2004,3158.751
Ukraine,UKR,2005,3179.674
Ukraine,UKR,2006,3216.0266
Ukraine,UKR,2007,3224.6743
Ukraine,UKR,2008,3271.7778
Ukraine,UKR,2009,3149.7148
Ukraine,UKR,2010,3097.0503
Ukraine,UKR,2011,3139.9197
Ukraine,UKR,2012,3121.9104
Ukraine,UKR,2013,3111.2107
Ukraine,UKR,2014,3085.39
Ukraine,UKR,2015,3023.1995
Ukraine,UKR,2016,3012.3098
Ukraine,UKR,2017,2982.7502
Ukraine,UKR,2018,2938.9905
Ukraine,UKR,2019,2894.4507
Ukraine,UKR,2020,2874.8801
Ukraine,UKR,2021,2885.65
Ukraine,UKR,2022,2767.31
Ukraine,UKR,2023,2785.7905
United Arab Emirates,ARE,1961,2052.9993
United Arab Emirates,ARE,1962,2086.567
United Arab Emirates,ARE,1963,2191.9814
United Arab Emirates,ARE,1964,2200.0225
United Arab Emirates,ARE,1965,2260.051
United Arab Emirates,ARE,1966,2422.8396
United Arab Emirates,ARE,1967,2577.8374
United Arab Emirates,ARE,1968,2655.5718
United Arab Emirates,ARE,1969,2461.3853
United Arab Emirates,ARE,1970,2372.1965
United Arab Emirates,ARE,1971,2261.7822
United Arab Emirates,ARE,1972,2268.0708
United Arab Emirates,ARE,1973,2931.2546
United Arab Emirates,ARE,1974,2791.551
United Arab Emirates,ARE,1975,3083.9043
United Arab Emirates,ARE,1976,3191.5205
United Arab Emirates,ARE,1977,3196.864
United Arab Emirates,ARE,1978,3262.8938
United Arab Emirates,ARE,1979,3121.1338
United Arab Emirates,ARE,1980,3391.6243
United Arab Emirates,ARE,1981,3368.631
United Arab Emirates,ARE,1982,3397.4844
United Arab Emirates,ARE,1983,3423.771
United Arab Emirates,ARE,1984,3569.915
United Arab Emirates,ARE,1985,3398.9824
United Arab Emirates,ARE,1986,3326.846
United Arab Emirates,ARE,1987,3392.3125
United Arab Emirates,ARE,1988,3242.3064
United Arab Emirates,ARE,1989,3214.946
United Arab Emirates,ARE,1990,2927.5122
United Arab Emirates,ARE,1991,2921.9558
United Arab Emirates,ARE,1992,3043.1953
United Arab Emirates,ARE,1993,3084.9548
United Arab Emirates,ARE,1994,3178.9968
United Arab Emirates,ARE,1995,3142.2393
United Arab Emirates,ARE,1996,3095.4446
United Arab Emirates,ARE,1997,3017.9246
United Arab Emirates,ARE,1998,2997.084
United Arab Emirates,ARE,1999,2990.5747
United Arab Emirates,ARE,2000,2853.9954
United Arab Emirates,ARE,2001,2792.5264
United Arab Emirates,ARE,2002,2733.6333
United Arab Emirates,ARE,2003,2682.3652
United Arab Emirates,ARE,2004,2713.9111
United Arab Emirates,ARE,2005,2850.616
United Arab Emirates,ARE,2006,3116.9138
United Arab Emirates,ARE,2007,3283.6309
United Arab Emirates,ARE,2008,3396.9817
United Arab Emirates,ARE,2009,3647.8054
United Arab Emirates,ARE,2010,3659.2336
United Arab Emirates,ARE,2011,3695.1917
United Arab Emirates,ARE,2012,3664.599
United Arab Emirates,ARE,2013,3590.8096
United Arab Emirates,ARE,2014,3407.4658
United Arab Emirates,ARE,2015,3278.7788
United Arab Emirates,ARE,2016,3160.549
United Arab Emirates,ARE,2017,3161.19
United Arab Emirates,ARE,2018,3157.29
United Arab Emirates,ARE,2019,3246.758
United Arab Emirates,ARE,2020,3243.9268
United Arab Emirates,ARE,2021,3171.1682
United Arab Emirates,ARE,2022,3129.5715
United Arab Emirates,ARE,2023,3125.0874
United Kingdom,GBR,1274,2203
United Kingdom,GBR,1304,2056
United Kingdom,GBR,1314,1998
United Kingdom,GBR,1384,2467
United Kingdom,GBR,1424,2146
United Kingdom,GBR,1454,2176
United Kingdom,GBR,1604,2104
United Kingdom,GBR,1654,1945
United Kingdom,GBR,1700,2230
United Kingdom,GBR,1750,2422
United Kingdom,GBR,1800,2455.5
United Kingdom,GBR,1850,2525
United Kingdom,GBR,1880,2773
United Kingdom,GBR,1910,2977
United Kingdom,GBR,1930,2810
United Kingdom,GBR,1940,3060
United Kingdom,GBR,1950,3120
United Kingdom,GBR,1960,3280
United Kingdom,GBR,1961,3241.328
United Kingdom,GBR,1962,3205.1287
United Kingdom,GBR,1963,3233.96
United Kingdom,GBR,1964,3217.5552
United Kingdom,GBR,1965,3249.3564
United Kingdom,GBR,1966,3252.3508
United Kingdom,GBR,1967,3232.817
United Kingdom,GBR,1968,3231.4802
United Kingdom,GBR,1969,3248.508
United Kingdom,GBR,1970,3288.378
United Kingdom,GBR,1971,3251.365
United Kingdom,GBR,1972,3173.8303
United Kingdom,GBR,1973,3241.3906
United Kingdom,GBR,1974,3126.292
United Kingdom,GBR,1975,3137.1685
United Kingdom,GBR,1976,3183.709
United Kingdom,GBR,1977,3177.1665
United Kingdom,GBR,1978,3112.104
United Kingdom,GBR,1979,3179.2092
United Kingdom,GBR,1980,3127.8423
United Kingdom,GBR,1981,3102.3865
United Kingdom,GBR,1982,3133.4814
United Kingdom,GBR,1983,3127.4297
United Kingdom,GBR,1984,3139.0706
United Kingdom,GBR,1985,3198.123
United Kingdom,GBR,1986,3216.079
United Kingdom,GBR,1987,3231.0264
United Kingdom,GBR,1988,3252.6965
United Kingdom,GBR,1989,3221.8306
United Kingdom,GBR,1990,3244.2278
United Kingdom,GBR,1991,3209.3823
United Kingdom,GBR,1992,3271.8345
United Kingdom,GBR,1993,3219.5552
United Kingdom,GBR,1994,3237.4985
United Kingdom,GBR,1995,3188.1968
United Kingdom,GBR,1996,3272.9014
United Kingdom,GBR,1997,3334.7708
United Kingdom,GBR,1998,3359.3857
United Kingdom,GBR,1999,3406.9536
United Kingdom,GBR,2000,3368.8123
United Kingdom,GBR,2001,3407.0483
United Kingdom,GBR,2002,3422.8982
United Kingdom,GBR,2003,3406.1733
United Kingdom,GBR,2004,3447.693
United Kingdom,GBR,2005,3434.0225
United Kingdom,GBR,2006,3427.0698
United Kingdom,GBR,2007,3398.85
United Kingdom,GBR,2008,3396.9365
United Kingdom,GBR,2009,3381.2556
United Kingdom,GBR,2010,3304.41
United Kingdom,GBR,2011,3321.1301
United Kingdom,GBR,2012,3303.7695
United Kingdom,GBR,2013,3330.1301
United Kingdom,GBR,2014,3351.7004
United Kingdom,GBR,2015,3365.3103
United Kingdom,GBR,2016,3345.3
United Kingdom,GBR,2017,3370.0098
United Kingdom,GBR,2018,3323.6702
United Kingdom,GBR,2019,3356.4001
United Kingdom,GBR,2020,3355.24
United Kingdom,GBR,2021,3322.56
United Kingdom,GBR,2022,3337.8503
United Kingdom,GBR,2023,3434.5898
United States,USA,1800,2952
United States,USA,1810,2935
United States,USA,1820,2904
United States,USA,1830,2888
United States,USA,1840,3013
United States,USA,1850,2585
United States,USA,1860,2826
United States,USA,1870,3029
United States,USA,1880,3237
United States,USA,1890,3134
United States,USA,1900,3212
United States,USA,1909,3400
United States,USA,1910,3400
United States,USA,1911,3400
United States,USA,1912,3400
United States,USA,1913,3400
United States,USA,1914,3400
United States,USA,1915,3300
United States,USA,1916,3300
United States,USA,1917,3200
United States,USA,1918,3300
United States,USA,1919,3300
United States,USA,1920,3200
United States,USA,1921,3100
United States,USA,1922,3400
United States,USA,1923,3400
United States,USA,1924,3400
United States,USA,1925,3400
United States,USA,1926,3400
United States,USA,1927,3400
United States,USA,1928,3500
United States,USA,1929,3400
United States,USA,1930,3400
United States,USA,1931,3400
United States,USA,1932,3300
United States,USA,1933,3200
United States,USA,1934,3200
United States,USA,1935,3200
United States,USA,1936,3300
United States,USA,1937,3200
United States,USA,1938,3200
United States,USA,1939,3300
United States,USA,1940,3300
United States,USA,1941,3400
United States,USA,1942,3300
United States,USA,1943,3400
United States,USA,1944,3400
United States,USA,1945,3300
United States,USA,1946,3300
United States,USA,1947,3300
United States,USA,1948,3200
United States,USA,1949,3200
United States,USA,1950,3200
United States,USA,1951,3200
United States,USA,1952,3200
United States,USA,1953,3200
United States,USA,1954,3100
United States,USA,1955,3200
United States,USA,1956,3200
United States,USA,1957,3100
United States,USA,1958,3100
United States,USA,1959,3100
United States,USA,1960,3100
United States,USA,1961,2970.8235
United States,USA,1962,2939.9287
United States,USA,1963,2934.214
United States,USA,1964,2993.8093
United States,USA,1965,2982.2195
United States,USA,1966,3008.704
United States,USA,1967,3027.6643
United States,USA,1968,3045.894
United States,USA,1969,3072.6516
United States,USA,1970,3059.5334
United States,USA,1971,3071.6611
United States,USA,1972,3073.7454
United States,USA,1973,3047.6416
United States,USA,1974,3036.453
United States,USA,1975,3037.2866
United States,USA,1976,3167.3796
United States,USA,1977,3139.4736
United States,USA,1978,3159.7998
United States,USA,1979,3219.182
United States,USA,1980,3182.3875
United States,USA,1981,3221.3176
United States,USA,1982,3193.1743
United States,USA,1983,3231.2761
United States,USA,1984,3276.396
United States,USA,1985,3382.5112
United States,USA,1986,3357.1553
United States,USA,1987,3459.414
United States,USA,1988,3471.6118
United States,USA,1989,3450.2002
United States,USA,1990,3508.628
United States,USA,1991,3530.3162
United States,USA,1992,3559.6304
United States,USA,1993,3600.2888
United States,USA,1994,3659.4114
United States,USA,1995,3577.7869
United States,USA,1996,3591.9172
United States,USA,1997,3663.1804
United States,USA,1998,3683.6304
United States,USA,1999,3707.6965
United States,USA,2000,3796.4858
United States,USA,2001,3749.4238
United States,USA,2002,3824.9785
United States,USA,2003,3815.7578
United States,USA,2004,3844.1355
United States,USA,2005,3859.7063
United States,USA,2006,3811.022
United States,USA,2007,3781.1814
United States,USA,2008,3720.4634
United States,USA,2009,3662.3782
United States,USA,2010,3730.68
United States,USA,2011,3724.2402
United States,USA,2012,3759.04
United States,USA,2013,3745.33
United States,USA,2014,3728.99
United States,USA,2015,3736.74
United States,USA,2016,3754.2903
United States,USA,2017,3763.31
United States,USA,2018,3790.3
United States,USA,2019,3819.76
United States,USA,2020,3847.34
United States,USA,2021,3875.35
United States,USA,2022,3937.0002
United States,USA,2023,3947.3303
Upper-middle-income countries,OWID_UMC,1961,1976.7931
Upper-middle-income countries,OWID_UMC,1962,2049.3218
Upper-middle-income countries,OWID_UMC,1963,2081.657
Upper-middle-income countries,OWID_UMC,1964,2118.3418
Upper-middle-income countries,OWID_UMC,1965,2178.7185
Upper-middle-income countries,OWID_UMC,1966,2212.5056
Upper-middle-income countries,OWID_UMC,1967,2195.7593
Upper-middle-income countries,OWID_UMC,1968,2187.7126
Upper-middle-income countries,OWID_UMC,1969,2175.344
Upper-middle-income countries,OWID_UMC,1970,2238.561
Upper-middle-income countries,OWID_UMC,1971,2238.284
Upper-middle-income countries,OWID_UMC,1972,2227.2646
Upper-middle-income countries,OWID_UMC,1973,2275.913
Upper-middle-income countries,OWID_UMC,1974,2297.7908
Upper-middle-income countries,OWID_UMC,1975,2309.465
Upper-middle-income countries,OWID_UMC,1976,2304.75
Upper-middle-income countries,OWID_UMC,1977,2323.7024
Upper-middle-income countries,OWID_UMC,1978,2413.3142
Upper-middle-income countries,OWID_UMC,1979,2435.948
Upper-middle-income countries,OWID_UMC,1980,2485.256
Upper-middle-income countries,OWID_UMC,1981,2496.0642
Upper-middle-income countries,OWID_UMC,1982,2570.5247
Upper-middle-income countries,OWID_UMC,1983,2604.371
Upper-middle-income countries,OWID_UMC,1984,2621.1296
Upper-middle-income countries,OWID_UMC,1985,2629.2046
Upper-middle-income countries,OWID_UMC,1986,2633.3276
Upper-middle-income countries,OWID_UMC,1987,2649.3289
Upper-middle-income countries,OWID_UMC,1988,2645.4841
Upper-middle-income countries,OWID_UMC,1989,2640.3965
Upper-middle-income countries,OWID_UMC,1990,2667.737
Upper-middle-income countries,OWID_UMC,1991,2587.7253
Upper-middle-income countries,OWID_UMC,1992,2565.4983
Upper-middle-income countries,OWID_UMC,1993,2610.3884
Upper-middle-income countries,OWID_UMC,1994,2653.7336
Upper-middle-income countries,OWID_UMC,1995,2700.892
Upper-middle-income countries,OWID_UMC,1996,2709.4175
Upper-middle-income countries,OWID_UMC,1997,2716.688
Upper-middle-income countries,OWID_UMC,1998,2741.4397
Upper-middle-income countries,OWID_UMC,1999,2741.6313
Upper-middle-income countries,OWID_UMC,2000,2769.925
Upper-middle-income countries,OWID_UMC,2001,2778.5796
Upper-middle-income countries,OWID_UMC,2002,2794.623
Upper-middle-income countries,OWID_UMC,2003,2809.7659
Upper-middle-income countries,OWID_UMC,2004,2835.7769
Upper-middle-income countries,OWID_UMC,2005,2848.3887
Upper-middle-income countries,OWID_UMC,2006,2862.0073
Upper-middle-income countries,OWID_UMC,2007,2891.0046
Upper-middle-income countries,OWID_UMC,2008,2926.9666
Upper-middle-income countries,OWID_UMC,2009,2938.0764
Upper-middle-income countries,OWID_UMC,2010,2962.6865
Upper-middle-income countries,OWID_UMC,2011,2995.0293
Upper-middle-income countries,OWID_UMC,2012,3012.6177
Upper-middle-income countries,OWID_UMC,2013,3016.6426
Upper-middle-income countries,OWID_UMC,2014,3078.5513
Upper-middle-income countries,OWID_UMC,2015,3098.1167
Upper-middle-income countries,OWID_UMC,2016,3101.3818
Upper-middle-income countries,OWID_UMC,2017,3127.066
Upper-middle-income countries,OWID_UMC,2018,3140.917
Upper-middle-income countries,OWID_UMC,2019,3162.5405
Upper-middle-income countries,OWID_UMC,2020,3176.6423
Upper-middle-income countries,OWID_UMC,2021,3221.4163
Upper-middle-income countries,OWID_UMC,2022,3258.1133
Upper-middle-income countries,OWID_UMC,2023,3289.0217
Uruguay,URY,1947,2490
Uruguay,URY,1948,2529
Uruguay,URY,1961,2804.854
Uruguay,URY,1962,2719.1794
Uruguay,URY,1963,2783.8677
Uruguay,URY,1964,2852.7158
Uruguay,URY,1965,2767.1985
Uruguay,URY,1966,2753.517
Uruguay,URY,1967,2675.2354
Uruguay,URY,1968,2738.124
Uruguay,URY,1969,2887.7122
Uruguay,URY,1970,2971.2905
Uruguay,URY,1971,2812.5156
Uruguay,URY,1972,2761.3445
Uruguay,URY,1973,2724.3809
Uruguay,URY,1974,2888.3704
Uruguay,URY,1975,2847.4116
Uruguay,URY,1976,2830.7996
Uruguay,URY,1977,2661.1282
Uruguay,URY,1978,2655.1042
Uruguay,URY,1979,2838.9587
Uruguay,URY,1980,2788.6147
Uruguay,URY,1981,2836.6963
Uruguay,URY,1982,2771.8352
Uruguay,URY,1983,2557.4265
Uruguay,URY,1984,2674.5154
Uruguay,URY,1985,2644.5713
Uruguay,URY,1986,2569.435
Uruguay,URY,1987,2614.089
Uruguay,URY,1988,2590.8806
Uruguay,URY,1989,2497.22
Uruguay,URY,1990,2531.5552
Uruguay,URY,1991,2707.3354
Uruguay,URY,1992,2775.4558
Uruguay,URY,1993,2764.8345
Uruguay,URY,1994,2807.701
Uruguay,URY,1995,2707.0198
Uruguay,URY,1996,2855.6372
Uruguay,URY,1997,2851.5405
Uruguay,URY,1998,2866.907
Uruguay,URY,1999,2872.7312
Uruguay,URY,2000,2858.152
Uruguay,URY,2001,2915.2148
Uruguay,URY,2002,2880.526
Uruguay,URY,2003,2872.8542
Uruguay,URY,2004,2866.218
Uruguay,URY,2005,2842.5325
Uruguay,URY,2006,2857.7495
Uruguay,URY,2007,2927.577
Uruguay,URY,2008,2999.9365
Uruguay,URY,2009,3021.8848
Uruguay,URY,2010,3138.499
Uruguay,URY,2011,3151.2114
Uruguay,URY,2012,3183.974
Uruguay,URY,2013,3190.105
Uruguay,URY,2014,3210.9375
Uruguay,URY,2015,3176.758
Uruguay,URY,2016,3198.901
Uruguay,URY,2017,3222.3362
Uruguay,URY,2018,3272.2324
Uruguay,URY,2019,3307.764
Uruguay,URY,2020,3286.1338
Uruguay,URY,2021,3317.727
Uruguay,URY,2022,3325.257
Uruguay,URY,2023,3322.737
Uzbekistan,UZB,1992,2724.1868
Uzbekistan,UZB,1993,2711.314
Uzbekistan,UZB,1994,2701.1667
Uzbekistan,UZB,1995,2658.8708
Uzbekistan,UZB,1996,2597.2234
Uzbekistan,UZB,1997,2544.3196
Uzbekistan,UZB,1998,2502.7349
Uzbekistan,UZB,1999,2436.1719
Uzbekistan,UZB,2000,2372.0076
Uzbekistan,UZB,2001,2286.7937
Uzbekistan,UZB,2002,2283.0535
Uzbekistan,UZB,2003,2336.6204
Uzbekistan,UZB,2004,2362.5193
Uzbekistan,UZB,2005,2441.658
Uzbekistan,UZB,2006,2521.723
Uzbekistan,UZB,2007,2542.202
Uzbekistan,UZB,2008,2552.4382
Uzbekistan,UZB,2009,2554.061
Uzbekistan,UZB,2010,2938.49
Uzbekistan,UZB,2011,3017.5405
Uzbekistan,UZB,2012,3100.6792
Uzbekistan,UZB,2013,3157.0095
Uzbekistan,UZB,2014,3227.4695
Uzbekistan,UZB,2015,3247.05
Uzbekistan,UZB,2016,3262.8804
Uzbekistan,UZB,2017,3196.9307
Uzbekistan,UZB,2018,3218.4402
Uzbekistan,UZB,2019,3236.34
Uzbekistan,UZB,2020,3242.2598
Uzbekistan,UZB,2021,3241.8103
Uzbekistan,UZB,2022,3276.9807
Uzbekistan,UZB,2023,3297.2297
Vanuatu,VUT,1961,2435.7036
Vanuatu,VUT,1962,2510.0603
Vanuatu,VUT,1963,2530.8176
Vanuatu,VUT,1964,2479.012
Vanuatu,VUT,1965,2534.158
Vanuatu,VUT,1966,2476.2874
Vanuatu,VUT,1967,2621.1567
Vanuatu,VUT,1968,2521.6023
Vanuatu,VUT,1969,2574.1196
Vanuatu,VUT,1970,2531.785
Vanuatu,VUT,1971,2627.693
Vanuatu,VUT,1972,2589.552
Vanuatu,VUT,1973,2572.6274
Vanuatu,VUT,1974,2631.5935
Vanuatu,VUT,1975,2487.835
Vanuatu,VUT,1976,2397.6423
Vanuatu,VUT,1977,2494.0825
Vanuatu,VUT,1978,2594.6719
Vanuatu,VUT,1979,2658.565
Vanuatu,VUT,1980,2593.0862
Vanuatu,VUT,1981,2522.5166
Vanuatu,VUT,1982,2562.9197
Vanuatu,VUT,1983,2631.724
Vanuatu,VUT,1984,2744.2988
Vanuatu,VUT,1985,2784.9666
Vanuatu,VUT,1986,2686.1152
Vanuatu,VUT,1987,2643.5579
Vanuatu,VUT,1988,2556.4648
Vanuatu,VUT,1989,2486.483
Vanuatu,VUT,1990,2548.3984
Vanuatu,VUT,1991,2547.3857
Vanuatu,VUT,1992,2539.857
Vanuatu,VUT,1993,2527.2927
Vanuatu,VUT,1994,2540.4094
Vanuatu,VUT,1995,2553.8452
Vanuatu,VUT,1996,2647.5317
Vanuatu,VUT,1997,2681.5469
Vanuatu,VUT,1998,2713.092
Vanuatu,VUT,1999,2701.2402
Vanuatu,VUT,2000,2679.3171
Vanuatu,VUT,2001,2644.3599
Vanuatu,VUT,2002,2672.2283
Vanuatu,VUT,2003,2728.8652
Vanuatu,VUT,2004,2722.0493
Vanuatu,VUT,2005,2756.628
Vanuatu,VUT,2006,2787.8242
Vanuatu,VUT,2007,2842.3208
Vanuatu,VUT,2008,2839.9175
Vanuatu,VUT,2009,2842.5884
Vanuatu,VUT,2010,2933.956
Vanuatu,VUT,2011,2902.075
Vanuatu,VUT,2012,2863.899
Vanuatu,VUT,2013,2879.3003
Vanuatu,VUT,2014,2929.6511
Vanuatu,VUT,2015,2913.2659
Vanuatu,VUT,2016,2919.8647
Vanuatu,VUT,2017,2960.5251
Vanuatu,VUT,2018,2951.7156
Vanuatu,VUT,2019,2916.6003
Vanuatu,VUT,2020,2921.4014
Vanuatu,VUT,2021,2916.1755
Vanuatu,VUT,2022,2913.6375
Vanuatu,VUT,2023,2908.9512
Venezuela,VEN,1961,2006.442
Venezuela,VEN,1962,1968.138
Venezuela,VEN,1963,1968.6725
Venezuela,VEN,1964,2156.7485
Venezuela,VEN,1965,2126.3223
Venezuela,VEN,1966,2079.422
Venezuela,VEN,1967,2096.293
Venezuela,VEN,1968,2127.656
Venezuela,VEN,1969,2182.8074
Venezuela,VEN,1970,2204.543
Venezuela,VEN,1971,2194.7883
Venezuela,VEN,1972,2152.6948
Venezuela,VEN,1973,2159.317
Venezuela,VEN,1974,2186.216
Venezuela,VEN,1975,2304.9028
Venezuela,VEN,1976,2387.7605
Venezuela,VEN,1977,2533.3892
Venezuela,VEN,1978,2549.9421
Venezuela,VEN,1979,2626.1008
Venezuela,VEN,1980,2683.166
Venezuela,VEN,1981,2732.8691
Venezuela,VEN,1982,2553.9368
Venezuela,VEN,1983,2590.5198
Venezuela,VEN,1984,2732.1877
Venezuela,VEN,1985,2613.118
Venezuela,VEN,1986,2379.542
Venezuela,VEN,1987,2554.372
Venezuela,VEN,1988,2749.6123
Venezuela,VEN,1989,2287.9587
Venezuela,VEN,1990,2351.7542
Venezuela,VEN,1991,2412.7498
Venezuela,VEN,1992,2511.2053
Venezuela,VEN,1993,2390.322
Venezuela,VEN,1994,2360.2844
Venezuela,VEN,1995,2422.8333
Venezuela,VEN,1996,2368.9604
Venezuela,VEN,1997,2271.9766
Venezuela,VEN,1998,2342.1968
Venezuela,VEN,1999,2329.172
Venezuela,VEN,2000,2442.1228
Venezuela,VEN,2001,2497.9583
Venezuela,VEN,2002,2209.134
Venezuela,VEN,2003,2406.0732
Venezuela,VEN,2004,2484.4463
Venezuela,VEN,2005,2484.4414
Venezuela,VEN,2006,2510.889
Venezuela,VEN,2007,2607.6252
Venezuela,VEN,2008,2814.6367
Venezuela,VEN,2009,2872.5425
Venezuela,VEN,2010,2915.7998
Venezuela,VEN,2011,2914.129
Venezuela,VEN,2012,2865.88
Venezuela,VEN,2013,2831.3406
Venezuela,VEN,2014,2876.29
Venezuela,VEN,2015,2616.0203
Venezuela,VEN,2016,2231.4702
Venezuela,VEN,2017,2289.4592
Venezuela,VEN,2018,2189.76
Venezuela,VEN,2019,2234.6902
Venezuela,VEN,2020,2298.6
Venezuela,VEN,2021,2596.15
Venezuela,VEN,2022,2721.3904
Venezuela,VEN,2023,2800.3887
Vietnam,VNM,1961,1936.2217
Vietnam,VNM,1962,1999.9049
Vietnam,VNM,1963,1998.7999
Vietnam,VNM,1964,1988.8008
Vietnam,VNM,1965,1997.2318
Vietnam,VNM,1966,1979.1951
Vietnam,VNM,1967,1994.683
Vietnam,VNM,1968,2023.0652
Vietnam,VNM,1969,2046.1675
Vietnam,VNM,1970,2127.1191
Vietnam,VNM,1971,2068.8306
Vietnam,VNM,1972,2044.2758
Vietnam,VNM,1973,2080.579
Vietnam,VNM,1974,2089.4097
Vietnam,VNM,1975,1976.1868
Vietnam,VNM,1976,1992.4202
Vietnam,VNM,1977,1913.1588
Vietnam,VNM,1978,1854.7767
Vietnam,VNM,1979,2008.0323
Vietnam,VNM,1980,2019.5448
Vietnam,VNM,1981,2094.6514
Vietnam,VNM,1982,2040.9987
Vietnam,VNM,1983,2068.3577
Vietnam,VNM,1984,2123.4912
Vietnam,VNM,1985,2101.528
Vietnam,VNM,1986,2158.6895
Vietnam,VNM,1987,2092.2493
Vietnam,VNM,1988,2092.1619
Vietnam,VNM,1989,2092.9795
Vietnam,VNM,1990,2004.0371
Vietnam,VNM,1991,1953.4235
Vietnam,VNM,1992,2025.5068
Vietnam,VNM,1993,2135.9556
Vietnam,VNM,1994,2167.9268
Vietnam,VNM,1995,2138.6907
Vietnam,VNM,1996,2128.6296
Vietnam,VNM,1997,2092.277
Vietnam,VNM,1998,2220.7925
Vietnam,VNM,1999,2307.8708
Vietnam,VNM,2000,2347.3599
Vietnam,VNM,2001,2409.8567
Vietnam,VNM,2002,2473.1213
Vietnam,VNM,2003,2531.062
Vietnam,VNM,2004,2595.579
Vietnam,VNM,2005,2585.4734
Vietnam,VNM,2006,2591.1855
Vietnam,VNM,2007,2636.9502
Vietnam,VNM,2008,2682.3342
Vietnam,VNM,2009,2691.0889
Vietnam,VNM,2010,2729.5
Vietnam,VNM,2011,2757.69
Vietnam,VNM,2012,2815.8604
Vietnam,VNM,2013,2800.42
Vietnam,VNM,2014,2833.53
Vietnam,VNM,2015,2822.85
Vietnam,VNM,2016,2847.28
Vietnam,VNM,2017,2862.37
Vietnam,VNM,2018,2885.87
Vietnam,VNM,2019,2922.1
Vietnam,VNM,2020,2966.2197
Vietnam,VNM,2021,3004.1
Vietnam,VNM,2022,3030.6597
Vietnam,VNM,2023,3086.03
Western Africa (FAO),,1961,1909
Western Africa (FAO),,1962,1957
Western Africa (FAO),,1963,1957
Western Africa (FAO),,1964,1953
Western Africa (FAO),,1965,1930
Western Africa (FAO),,1966,1863
Western Africa (FAO),,1967,1933
Western Africa (FAO),,1968,1939
Western Africa (FAO),,1969,1989
Western Africa (FAO),,1970,2028
Western Africa (FAO),,1971,1954
Western Africa (FAO),,1972,1814
Western Africa (FAO),,1973,1885
Western Africa (FAO),,1974,1950
Western Africa (FAO),,1975,1926
Western Africa (FAO),,1976,1887
Western Africa (FAO),,1977,1872
Western Africa (FAO),,1978,1891
Western Africa (FAO),,1979,1891
Western Africa (FAO),,1980,1945
Western Africa (FAO),,1981,1967
Western Africa (FAO),,1982,1969
Western Africa (FAO),,1983,1867
Western Africa (FAO),,1984,1917
Western Africa (FAO),,1985,2002
Western Africa (FAO),,1986,2098
Western Africa (FAO),,1987,2066
Western Africa (FAO),,1988,2106
Western Africa (FAO),,1989,2157
Western Africa (FAO),,1990,2199
Western Africa (FAO),,1991,2302
Western Africa (FAO),,1992,2351
Western Africa (FAO),,1993,2411
Western Africa (FAO),,1994,2400
Western Africa (FAO),,1995,2440
Western Africa (FAO),,1996,2445
Western Africa (FAO),,1997,2476
Western Africa (FAO),,1998,2491
Western Africa (FAO),,1999,2505
Western Africa (FAO),,2000,2500
Western Africa (FAO),,2001,2509
Western Africa (FAO),,2002,2521
Western Africa (FAO),,2003,2539
Western Africa (FAO),,2004,2577
Western Africa (FAO),,2005,2613
Western Africa (FAO),,2006,2643
Western Africa (FAO),,2007,2651
Western Africa (FAO),,2008,2675
Western Africa (FAO),,2009,2668
Western Africa (FAO),,2010,2582.88
Western Africa (FAO),,2011,2564.21
Western Africa (FAO),,2012,2563.25
Western Africa (FAO),,2013,2555.68
Western Africa (FAO),,2014,2581.11
Western Africa (FAO),,2015,2588.37
Western Africa (FAO),,2016,2593.56
Western Africa (FAO),,2017,2605.53
Western Africa (FAO),,2018,2601.97
Western Africa (FAO),,2019,2620.47
Western Africa (FAO),,2020,2621.11
Western Africa (FAO),,2021,2650.46
Western Africa (FAO),,2022,2654.8
Western Africa (FAO),,2023,2633.81
Western Asia (FAO),,1961,2501
Western Asia (FAO),,1962,2504
Western Asia (FAO),,1963,2571
Western Asia (FAO),,1964,2582
Western Asia (FAO),,1965,2586
Western Asia (FAO),,1966,2648
Western Asia (FAO),,1967,2640
Western Asia (FAO),,1968,2666
Western Asia (FAO),,1969,2657
Western Asia (FAO),,1970,2699
Western Asia (FAO),,1971,2744
Western Asia (FAO),,1972,2744
Western Asia (FAO),,1973,2698
Western Asia (FAO),,1974,2697
Western Asia (FAO),,1975,2769
Western Asia (FAO),,1976,2832
Western Asia (FAO),,1977,2840
Western Asia (FAO),,1978,2893
Western Asia (FAO),,1979,2982
Western Asia (FAO),,1980,3058
Western Asia (FAO),,1981,3033
Western Asia (FAO),,1982,3105
Western Asia (FAO),,1983,3122
Western Asia (FAO),,1984,3121
Western Asia (FAO),,1985,3230
Western Asia (FAO),,1986,3231
Western Asia (FAO),,1987,3270
Western Asia (FAO),,1988,3322
Western Asia (FAO),,1989,3308
Western Asia (FAO),,1990,3273
Western Asia (FAO),,1991,3104
Western Asia (FAO),,1992,2972
Western Asia (FAO),,1993,2967
Western Asia (FAO),,1994,2955
Western Asia (FAO),,1995,2984
Western Asia (FAO),,1996,2986
Western Asia (FAO),,1997,2948
Western Asia (FAO),,1998,2983
Western Asia (FAO),,1999,2982
Western Asia (FAO),,2000,3011
Western Asia (FAO),,2001,3012
Western Asia (FAO),,2002,3015
Western Asia (FAO),,2003,3007
Western Asia (FAO),,2004,3034
Western Asia (FAO),,2005,3049
Western Asia (FAO),,2006,3083
Western Asia (FAO),,2007,3079
Western Asia (FAO),,2008,3056
Western Asia (FAO),,2009,3077
Western Asia (FAO),,2010,3128.97
Western Asia (FAO),,2011,3113.59
Western Asia (FAO),,2012,3129.88
Western Asia (FAO),,2013,3120.29
Western Asia (FAO),,2014,3114.29
Western Asia (FAO),,2015,3093.8
Western Asia (FAO),,2016,3053.61
Western Asia (FAO),,2017,3077.91
Western Asia (FAO),,2018,3088.38
Western Asia (FAO),,2019,3112.33
Western Asia (FAO),,2020,3130.66
Western Asia (FAO),,2021,3111.65
Western Asia (FAO),,2022,3096.97
Western Asia (FAO),,2023,3087.79
Western Europe (FAO),,1961,3016
Western Europe (FAO),,1962,3060
Western Europe (FAO),,1963,3053
Western Europe (FAO),,1964,3091
Western Europe (FAO),,1965,3098
Western Europe (FAO),,1966,3106
Western Europe (FAO),,1967,3117
Western Europe (FAO),,1968,3145
Western Europe (FAO),,1969,3142
Western Europe (FAO),,1970,3175
Western Europe (FAO),,1971,3180
Western Europe (FAO),,1972,3185
Western Europe (FAO),,1973,3216
Western Europe (FAO),,1974,3185
Western Europe (FAO),,1975,3153
Western Europe (FAO),,1976,3212
Western Europe (FAO),,1977,3216
Western Europe (FAO),,1978,3281
Western Europe (FAO),,1979,3293
Western Europe (FAO),,1980,3306
Western Europe (FAO),,1981,3310
Western Europe (FAO),,1982,3353
Western Europe (FAO),,1983,3380
Western Europe (FAO),,1984,3388
Western Europe (FAO),,1985,3414
Western Europe (FAO),,1986,3405
Western Europe (FAO),,1987,3417
Western Europe (FAO),,1988,3449
Western Europe (FAO),,1989,3439
Western Europe (FAO),,1990,3374
Western Europe (FAO),,1991,3420
Western Europe (FAO),,1992,3459
Western Europe (FAO),,1993,3363
Western Europe (FAO),,1994,3350
Western Europe (FAO),,1995,3381
Western Europe (FAO),,1996,3404
Western Europe (FAO),,1997,3350
Western Europe (FAO),,1998,3427
Western Europe (FAO),,1999,3425
Western Europe (FAO),,2000,3458
Western Europe (FAO),,2001,3481
Western Europe (FAO),,2002,3514
Western Europe (FAO),,2003,3462
Western Europe (FAO),,2004,3465
Western Europe (FAO),,2005,3481
Western Europe (FAO),,2006,3483
Western Europe (FAO),,2007,3498
Western Europe (FAO),,2008,3519
Western Europe (FAO),,2009,3511
Western Europe (FAO),,2010,3547.34
Western Europe (FAO),,2011,3561.24
Western Europe (FAO),,2012,3525.53
Western Europe (FAO),,2013,3523.33
Western Europe (FAO),,2014,3508.54
Western Europe (FAO),,2015,3510.98
Western Europe (FAO),,2016,3508.49
Western Europe (FAO),,2017,3510.11
Western Europe (FAO),,2018,3523.15
Western Europe (FAO),,2019,3561.95
Western Europe (FAO),,2020,3577.8
Western Europe (FAO),,2021,3573.59
Western Europe (FAO),,2022,3587.31
Western Europe (FAO),,2023,3540.35
World,OWID_WRL,1961,2183.74
World,OWID_WRL,1962,2229.9001
World,OWID_WRL,1963,2233.9036
World,OWID_WRL,1964,2260.0144
World,OWID_WRL,1965,2279.4038
World,OWID_WRL,1966,2295.2974
World,OWID_WRL,1967,2299.2615
World,OWID_WRL,1968,2303.4976
World,OWID_WRL,1969,2312.3752
World,OWID_WRL,1970,2357.6013
World,OWID_WRL,1971,2334.1072
World,OWID_WRL,1972,2321.8433
World,OWID_WRL,1973,2358.5105
World,OWID_WRL,1974,2350.712
World,OWID_WRL,1975,2366.0088
World,OWID_WRL,1976,2359.5437
World,OWID_WRL,1977,2388.1965
World,OWID_WRL,1978,2446.153
World,OWID_WRL,1979,2444.2083
World,OWID_WRL,1980,2456.6252
World,OWID_WRL,1981,2465.9656
World,OWID_WRL,1982,2493.4866
World,OWID_WRL,1983,2535.4656
World,OWID_WRL,1984,2544.1062
World,OWID_WRL,1985,2547.0808
World,OWID_WRL,1986,2549.1733
World,OWID_WRL,1987,2566.8206
World,OWID_WRL,1988,2583.6492
World,OWID_WRL,1989,2594.0737
World,OWID_WRL,1990,2579.3457
World,OWID_WRL,1991,2557.8862
World,OWID_WRL,1992,2565.3564
World,OWID_WRL,1993,2566.9763
World,OWID_WRL,1994,2588.2222
World,OWID_WRL,1995,2610.1233
World,OWID_WRL,1996,2617.7515
World,OWID_WRL,1997,2628.8784
World,OWID_WRL,1998,2639.7783
World,OWID_WRL,1999,2650.6294
World,OWID_WRL,2000,2659.2173
World,OWID_WRL,2001,2653.9727
World,OWID_WRL,2002,2653.9026
World,OWID_WRL,2003,2657.9585
World,OWID_WRL,2004,2666.9324
World,OWID_WRL,2005,2677.8682
World,OWID_WRL,2006,2692.6128
World,OWID_WRL,2007,2716.6968
World,OWID_WRL,2008,2730.8528
World,OWID_WRL,2009,2727.4556
World,OWID_WRL,2010,2795.7551
World,OWID_WRL,2011,2815.414
World,OWID_WRL,2012,2834.6226
World,OWID_WRL,2013,2840.0308
World,OWID_WRL,2014,2870.563
World,OWID_WRL,2015,2872.376
World,OWID_WRL,2016,2879.356
World,OWID_WRL,2017,2905.1902
World,OWID_WRL,2018,2910.209
World,OWID_WRL,2019,2931.7092
World,OWID_WRL,2020,2942.5283
World,OWID_WRL,2021,2964.7986
World,OWID_WRL,2022,2987.4412
World,OWID_WRL,2023,3005.6204
Yemen,YEM,1961,1642.677
Yemen,YEM,1962,1642.4122
Yemen,YEM,1963,1653.4011
Yemen,YEM,1964,1651.4884
Yemen,YEM,1965,1658.9937
Yemen,YEM,1966,1657.1158
Yemen,YEM,1967,1640.0012
Yemen,YEM,1968,1620.7236
Yemen,YEM,1969,1624.333
Yemen,YEM,1970,1589.5585
Yemen,YEM,1971,1563.5492
Yemen,YEM,1972,1547.191
Yemen,YEM,1973,1554.4102
Yemen,YEM,1974,1546.6835
Yemen,YEM,1975,1539.2166
Yemen,YEM,1976,1591.4113
Yemen,YEM,1977,1644.3302
Yemen,YEM,1978,1726.5155
Yemen,YEM,1979,1702.8778
Yemen,YEM,1980,1676.9535
Yemen,YEM,1981,1686.2322
Yemen,YEM,1982,1747.161
Yemen,YEM,1983,1725.7384
Yemen,YEM,1984,1772.0005
Yemen,YEM,1985,1731.5443
Yemen,YEM,1986,1797.298
Yemen,YEM,1987,1816.9237
Yemen,YEM,1988,1888.2153
Yemen,YEM,1989,1851.8846
Yemen,YEM,1990,1738.6346
Yemen,YEM,1991,1741.4281
Yemen,YEM,1992,1833.9794
Yemen,YEM,1993,1845.0934
Yemen,YEM,1994,1828.471
Yemen,YEM,1995,1832.8357
Yemen,YEM,1996,1830.2637
Yemen,YEM,1997,1846.0665
Yemen,YEM,1998,1856.1075
Yemen,YEM,1999,1864.796
Yemen,YEM,2000,1867.1185
Yemen,YEM,2001,1843.4575
Yemen,YEM,2002,1853.7562
Yemen,YEM,2003,1838.1678
Yemen,YEM,2004,1841.0077
Yemen,YEM,2005,1849.6212
Yemen,YEM,2006,1857.9318
Yemen,YEM,2007,1877.9597
Yemen,YEM,2008,1844.3949
Yemen,YEM,2009,1851.9482
Yemen,YEM,2010,2096.5505
Yemen,YEM,2011,2061.68
Yemen,YEM,2012,2136.6099
Yemen,YEM,2013,2126.1995
Yemen,YEM,2014,2149.82
Yemen,YEM,2015,1960.9801
Yemen,YEM,2016,1832.7192
Yemen,YEM,2017,1871.1499
Yemen,YEM,2018,1866.2399
Yemen,YEM,2019,1896.6697
Yemen,YEM,2020,2025.6195
Yemen,YEM,2021,2017.9697
Yemen,YEM,2022,1838.52
Yemen,YEM,2023,1810.53
Yugoslavia,OWID_YGS,1947,2144
Yugoslavia,OWID_YGS,1961,3063.1465
Yugoslavia,OWID_YGS,1962,3204.5637
Yugoslavia,OWID_YGS,1963,3218.0767
Yugoslavia,OWID_YGS,1964,3291.5784
Yugoslavia,OWID_YGS,1965,3291.578
Yugoslavia,OWID_YGS,1966,3385.0452
Yugoslavia,OWID_YGS,1967,3405.5698
Yugoslavia,OWID_YGS,1968,3368.7778
Yugoslavia,OWID_YGS,1969,3390.6104
Yugoslavia,OWID_YGS,1970,3393.4531
Yugoslavia,OWID_YGS,1971,3427.099
Yugoslavia,OWID_YGS,1972,3385.2114
Yugoslavia,OWID_YGS,1973,3414.7178
Yugoslavia,OWID_YGS,1974,3569.1987
Yugoslavia,OWID_YGS,1975,3541.5354
Yugoslavia,OWID_YGS,1976,3608.0864
Yugoslavia,OWID_YGS,1977,3613.8315
Yugoslavia,OWID_YGS,1978,3574.5134
Yugoslavia,OWID_YGS,1979,3572.5393
Yugoslavia,OWID_YGS,1980,3631.3423
Yugoslavia,OWID_YGS,1981,3656.8665
Yugoslavia,OWID_YGS,1982,3619.6902
Yugoslavia,OWID_YGS,1983,3651.627
Yugoslavia,OWID_YGS,1984,3620.8394
Yugoslavia,OWID_YGS,1985,3602.94
Yugoslavia,OWID_YGS,1986,3700.1938
Yugoslavia,OWID_YGS,1987,3666.243
Yugoslavia,OWID_YGS,1988,3653.4382
Yugoslavia,OWID_YGS,1989,3653.3525
Yugoslavia,OWID_YGS,1990,3687.677
Yugoslavia,OWID_YGS,1991,3414.5215
Zambia,ZMB,1961,2101.964
Zambia,ZMB,1962,2094.9026
Zambia,ZMB,1963,2046.1399
Zambia,ZMB,1964,1997.185
Zambia,ZMB,1965,1978.6202
Zambia,ZMB,1966,2106.5303
Zambia,ZMB,1967,2129.2334
Zambia,ZMB,1968,2156.04
Zambia,ZMB,1969,2171.9858
Zambia,ZMB,1970,2170.3037
Zambia,ZMB,1971,2205.2563
Zambia,ZMB,1972,2223.1968
Zambia,ZMB,1973,2278.222
Zambia,ZMB,1974,2293.095
Zambia,ZMB,1975,2311.8506
Zambia,ZMB,1976,2334.6106
Zambia,ZMB,1977,2416.6938
Zambia,ZMB,1978,2293.1182
Zambia,ZMB,1979,2300.895
Zambia,ZMB,1980,2285.2593
Zambia,ZMB,1981,2256.816
Zambia,ZMB,1982,2157.503
Zambia,ZMB,1983,2153.0525
Zambia,ZMB,1984,2136.186
Zambia,ZMB,1985,2038.0023
Zambia,ZMB,1986,2059.9521
Zambia,ZMB,1987,2044.8807
Zambia,ZMB,1988,2078.2253
Zambia,ZMB,1989,2089.7886
Zambia,ZMB,1990,2095.7178
Zambia,ZMB,1991,2020.1615
Zambia,ZMB,1992,1995.6893
Zambia,ZMB,1993,1992.6107
Zambia,ZMB,1994,2033.4889
Zambia,ZMB,1995,2062.8875
Zambia,ZMB,1996,2049.5737
Zambia,ZMB,1997,1987.6879
Zambia,ZMB,1998,1949.2516
Zambia,ZMB,1999,1977.899
Zambia,ZMB,2000,1888.5872
Zambia,ZMB,2001,1856.5961
Zambia,ZMB,2002,1845.0139
Zambia,ZMB,2003,1884.6729
Zambia,ZMB,2004,1839.141
Zambia,ZMB,2005,1833.2317
Zambia,ZMB,2006,1785.334
Zambia,ZMB,2007,1716.4943
Zambia,ZMB,2008,1722.947
Zambia,ZMB,2009,1785.3702
Zambia,ZMB,2010,1925.2898
Zambia,ZMB,2011,1961.3605
Zambia,ZMB,2012,1990.8298
Zambia,ZMB,2013,2026.24
Zambia,ZMB,2014,2079.14
Zambia,ZMB,2015,2105.6099
Zambia,ZMB,2016,2166.629
Zambia,ZMB,2017,2214.599
Zambia,ZMB,2018,2244.1594
Zambia,ZMB,2019,2226
Zambia,ZMB,2020,2206.9006
Zambia,ZMB,2021,2183.79
Zambia,ZMB,2022,2119.1804
Zambia,ZMB,2023,2169.7705
Zimbabwe,ZWE,1961,2086.2637
Zimbabwe,ZWE,1962,2134.3772
Zimbabwe,ZWE,1963,2124.9722
Zimbabwe,ZWE,1964,2119.1924
Zimbabwe,ZWE,1965,2128.4521
Zimbabwe,ZWE,1966,2134.476
Zimbabwe,ZWE,1967,2243.0686
Zimbabwe,ZWE,1968,2260.736
Zimbabwe,ZWE,1969,2213.25
Zimbabwe,ZWE,1970,2283.649
Zimbabwe,ZWE,1971,2315.4207
Zimbabwe,ZWE,1972,2345.862
Zimbabwe,ZWE,1973,2336.2747
Zimbabwe,ZWE,1974,2341.4075
Zimbabwe,ZWE,1975,2290.486
Zimbabwe,ZWE,1976,2322.6636
Zimbabwe,ZWE,1977,2349.9502
Zimbabwe,ZWE,1978,2372.4573
Zimbabwe,ZWE,1979,2384.0146
Zimbabwe,ZWE,1980,2375.7324
Zimbabwe,ZWE,1981,2243.7378
Zimbabwe,ZWE,1982,2246.9622
Zimbabwe,ZWE,1983,2209.846
Zimbabwe,ZWE,1984,2166.6816
Zimbabwe,ZWE,1985,2128.6077
Zimbabwe,ZWE,1986,2103.3682
Zimbabwe,ZWE,1987,2068.6223
Zimbabwe,ZWE,1988,2108.979
Zimbabwe,ZWE,1989,2112.8008
Zimbabwe,ZWE,1990,2077.4795
Zimbabwe,ZWE,1991,2024.9153
Zimbabwe,ZWE,1992,2005.836
Zimbabwe,ZWE,1993,2005.746
Zimbabwe,ZWE,1994,2029.7161
Zimbabwe,ZWE,1995,2061.688
Zimbabwe,ZWE,1996,2104.141
Zimbabwe,ZWE,1997,2128.4758
Zimbabwe,ZWE,1998,2123.3704
Zimbabwe,ZWE,1999,2097.896
Zimbabwe,ZWE,2000,2080.836
Zimbabwe,ZWE,2001,2132.195
Zimbabwe,ZWE,2002,2113.5156
Zimbabwe,ZWE,2003,2082.4114
Zimbabwe,ZWE,2004,2098.0671
Zimbabwe,ZWE,2005,2061.9148
Zimbabwe,ZWE,2006,2129.6548
Zimbabwe,ZWE,2007,2098.4482
Zimbabwe,ZWE,2008,2065.6978
Zimbabwe,ZWE,2009,2105.5408
Zimbabwe,ZWE,2010,2156.7297
Zimbabwe,ZWE,2011,2154.4297
Zimbabwe,ZWE,2012,2189.8005
Zimbabwe,ZWE,2013,2176.4497
Zimbabwe,ZWE,2014,2072.769
Zimbabwe,ZWE,2015,2075.4702
Zimbabwe,ZWE,2016,2140.749
Zimbabwe,ZWE,2017,2180.8296
Zimbabwe,ZWE,2018,2204.989
Zimbabwe,ZWE,2019,2144.169
Zimbabwe,ZWE,2020,2240.2004
Zimbabwe,ZWE,2021,2310.1785
Zimbabwe,ZWE,2022,2319.3997
Zimbabwe,ZWE,2023,2393.3787