Entity,Code,Year,Daily protein supply
Afghanistan,AFG,1961,82.51328
Afghanistan,AFG,1962,80.66463
Afghanistan,AFG,1963,74.996254
Afghanistan,AFG,1964,81.21594
Afghanistan,AFG,1965,81.59552
Afghanistan,AFG,1966,77.03854
Afghanistan,AFG,1967,82.945816
Afghanistan,AFG,1968,81.82549
Afghanistan,AFG,1969,82.61903
Afghanistan,AFG,1970,71.05187
Afghanistan,AFG,1971,71.16229
Afghanistan,AFG,1972,74.40994
Afghanistan,AFG,1973,76.158005
Afghanistan,AFG,1974,75.785194
Afghanistan,AFG,1975,76.438286
Afghanistan,AFG,1976,78.186295
Afghanistan,AFG,1977,69.49443
Afghanistan,AFG,1978,72.4032
Afghanistan,AFG,1979,71.93719
Afghanistan,AFG,1980,70.72735
Afghanistan,AFG,1981,77.07212
Afghanistan,AFG,1982,81.127914
Afghanistan,AFG,1983,80.08104
Afghanistan,AFG,1984,73.611984
Afghanistan,AFG,1985,67.66954
Afghanistan,AFG,1986,63.972088
Afghanistan,AFG,1987,74.230515
Afghanistan,AFG,1988,67.31107
Afghanistan,AFG,1989,64.13111
Afghanistan,AFG,1990,64.490166
Afghanistan,AFG,1991,61.478825
Afghanistan,AFG,1992,56.91646
Afghanistan,AFG,1993,57.71165
Afghanistan,AFG,1994,55.630333
Afghanistan,AFG,1995,54.574207
Afghanistan,AFG,1996,56.240433
Afghanistan,AFG,1997,58.571827
Afghanistan,AFG,1998,58.796288
Afghanistan,AFG,1999,56.39995
Afghanistan,AFG,2000,53.783466
Afghanistan,AFG,2001,52.274662
Afghanistan,AFG,2002,55.408512
Afghanistan,AFG,2003,55.458748
Afghanistan,AFG,2004,56.31463
Afghanistan,AFG,2005,54.510765
Afghanistan,AFG,2006,53.895054
Afghanistan,AFG,2007,56.949146
Afghanistan,AFG,2008,58.141605
Afghanistan,AFG,2009,58.298965
Afghanistan,AFG,2010,65.54001
Afghanistan,AFG,2011,63.74001
Afghanistan,AFG,2012,62.669983
Afghanistan,AFG,2013,63.239983
Afghanistan,AFG,2014,65.54999
Afghanistan,AFG,2015,63.92999
Afghanistan,AFG,2016,64.81999
Afghanistan,AFG,2017,65.32998
Afghanistan,AFG,2018,62.84
Afghanistan,AFG,2019,60.839993
Afghanistan,AFG,2020,63.210003
Afghanistan,AFG,2021,61.36
Afghanistan,AFG,2022,61.549988
Afghanistan,AFG,2023,62.58
Africa,OWID_AFR,1961,52.695095
Africa,OWID_AFR,1962,53.353752
Africa,OWID_AFR,1963,53.309353
Africa,OWID_AFR,1964,53.925617
Africa,OWID_AFR,1965,53.687553
Africa,OWID_AFR,1966,53.21392
Africa,OWID_AFR,1967,53.715755
Africa,OWID_AFR,1968,53.94506
Africa,OWID_AFR,1969,54.836132
Africa,OWID_AFR,1970,55.15281
Africa,OWID_AFR,1971,54.767895
Africa,OWID_AFR,1972,53.818413
Africa,OWID_AFR,1973,53.86219
Africa,OWID_AFR,1974,55.006145
Africa,OWID_AFR,1975,55.111454
Africa,OWID_AFR,1976,54.900906
Africa,OWID_AFR,1977,54.885887
Africa,OWID_AFR,1978,55.459072
Africa,OWID_AFR,1979,56.003437
Africa,OWID_AFR,1980,56.855324
Africa,OWID_AFR,1981,56.66981
Africa,OWID_AFR,1982,56.7321
Africa,OWID_AFR,1983,56.246483
Africa,OWID_AFR,1984,55.3708
Africa,OWID_AFR,1985,56.620136
Africa,OWID_AFR,1986,57.09989
Africa,OWID_AFR,1987,57.304615
Africa,OWID_AFR,1988,57.769783
Africa,OWID_AFR,1989,57.700645
Africa,OWID_AFR,1990,57.93968
Africa,OWID_AFR,1991,57.974564
Africa,OWID_AFR,1992,57.727634
Africa,OWID_AFR,1993,57.67762
Africa,OWID_AFR,1994,58.330338
Africa,OWID_AFR,1995,59.016014
Africa,OWID_AFR,1996,59.467926
Africa,OWID_AFR,1997,59.619755
Africa,OWID_AFR,1998,60.373722
Africa,OWID_AFR,1999,60.654675
Africa,OWID_AFR,2000,60.79287
Africa,OWID_AFR,2001,61.13021
Africa,OWID_AFR,2002,61.705566
Africa,OWID_AFR,2003,62.180313
Africa,OWID_AFR,2004,62.4248
Africa,OWID_AFR,2005,63.542786
Africa,OWID_AFR,2006,64.21276
Africa,OWID_AFR,2007,64.577446
Africa,OWID_AFR,2008,64.9038
Africa,OWID_AFR,2009,65.43316
Africa,OWID_AFR,2010,66.25655
Africa,OWID_AFR,2011,66.18132
Africa,OWID_AFR,2012,66.56333
Africa,OWID_AFR,2013,66.43948
Africa,OWID_AFR,2014,66.91657
Africa,OWID_AFR,2015,66.61452
Africa,OWID_AFR,2016,66.09767
Africa,OWID_AFR,2017,66.49181
Africa,OWID_AFR,2018,66.44782
Africa,OWID_AFR,2019,65.9732
Africa,OWID_AFR,2020,66.104515
Africa,OWID_AFR,2021,66.03263
Africa,OWID_AFR,2022,66.25636
Africa,OWID_AFR,2023,65.735435
Africa (FAO),,1961,52.64
Africa (FAO),,1962,53.26
Africa (FAO),,1963,53.17
Africa (FAO),,1964,53.76
Africa (FAO),,1965,53.49
Africa (FAO),,1966,53
Africa (FAO),,1967,53.48
Africa (FAO),,1968,53.71
Africa (FAO),,1969,54.61
Africa (FAO),,1970,54.93
Africa (FAO),,1971,54.54
Africa (FAO),,1972,53.6
Africa (FAO),,1973,53.68
Africa (FAO),,1974,54.88
Africa (FAO),,1975,55.08
Africa (FAO),,1976,55.01
Africa (FAO),,1977,55.11
Africa (FAO),,1978,55.77
Africa (FAO),,1979,56.37
Africa (FAO),,1980,57.27
Africa (FAO),,1981,57.19
Africa (FAO),,1982,57.35
Africa (FAO),,1983,56.9
Africa (FAO),,1984,55.99
Africa (FAO),,1985,57.22
Africa (FAO),,1986,57.72
Africa (FAO),,1987,57.96
Africa (FAO),,1988,58.47
Africa (FAO),,1989,58.47
Africa (FAO),,1990,58.79
Africa (FAO),,1991,58.93
Africa (FAO),,1992,58.75
Africa (FAO),,1993,59.01
Africa (FAO),,1994,59.61
Africa (FAO),,1995,60.25
Africa (FAO),,1996,60.78
Africa (FAO),,1997,61.01
Africa (FAO),,1998,61.83
Africa (FAO),,1999,62.15
Africa (FAO),,2000,62.34
Africa (FAO),,2001,62.75
Africa (FAO),,2002,63.42
Africa (FAO),,2003,64.01
Africa (FAO),,2004,64.35
Africa (FAO),,2005,65.6
Africa (FAO),,2006,66.37
Africa (FAO),,2007,66.83
Africa (FAO),,2008,67.24
Africa (FAO),,2009,67.86
Africa (FAO),,2010,65.99
Africa (FAO),,2011,65.96
Africa (FAO),,2012,66.52
Africa (FAO),,2013,66.4
Africa (FAO),,2014,66.87
Africa (FAO),,2015,66.57
Africa (FAO),,2016,66.05
Africa (FAO),,2017,66.44
Africa (FAO),,2018,66.39
Africa (FAO),,2019,65.92
Africa (FAO),,2020,66.04
Africa (FAO),,2021,65.97
Africa (FAO),,2022,66.18
Africa (FAO),,2023,65.21
Albania,ALB,1961,64.95027
Albania,ALB,1962,65.18194
Albania,ALB,1963,63.848537
Albania,ALB,1964,64.89739
Albania,ALB,1965,65.915375
Albania,ALB,1966,64.11937
Albania,ALB,1967,65.41411
Albania,ALB,1968,66.48112
Albania,ALB,1969,67.61176
Albania,ALB,1970,68.11533
Albania,ALB,1971,67.92239
Albania,ALB,1972,69.49859
Albania,ALB,1973,69.95632
Albania,ALB,1974,71.74799
Albania,ALB,1975,70.678635
Albania,ALB,1976,76.9492
Albania,ALB,1977,80.75844
Albania,ALB,1978,78.89722
Albania,ALB,1979,75.49624
Albania,ALB,1980,75.878235
Albania,ALB,1981,79.35345
Albania,ALB,1982,79.52454
Albania,ALB,1983,83.488716
Albania,ALB,1984,81.873215
Albania,ALB,1985,77.62523
Albania,ALB,1986,81.81352
Albania,ALB,1987,76.248695
Albania,ALB,1988,80.21957
Albania,ALB,1989,80.413
Albania,ALB,1990,81.622635
Albania,ALB,1991,82.984566
Albania,ALB,1992,89.45907
Albania,ALB,1993,92.50769
Albania,ALB,1994,97.37721
Albania,ALB,1995,92.509094
Albania,ALB,1996,97.24442
Albania,ALB,1997,91.82343
Albania,ALB,1998,91.58387
Albania,ALB,1999,96.52445
Albania,ALB,2000,94.354095
Albania,ALB,2001,96.90118
Albania,ALB,2002,101.97868
Albania,ALB,2003,99.50435
Albania,ALB,2004,98.87762
Albania,ALB,2005,102.06733
Albania,ALB,2006,101.76442
Albania,ALB,2007,101.885544
Albania,ALB,2008,107.538704
Albania,ALB,2009,108.43148
Albania,ALB,2010,108.489586
Albania,ALB,2011,111.020035
Albania,ALB,2012,111.66988
Albania,ALB,2013,112.62996
Albania,ALB,2014,111.30008
Albania,ALB,2015,113.27984
Albania,ALB,2016,115.77008
Albania,ALB,2017,116.3398
Albania,ALB,2018,114.61004
Albania,ALB,2019,117.95996
Albania,ALB,2020,115.1
Albania,ALB,2021,105.17996
Albania,ALB,2022,114.14984
Albania,ALB,2023,113.95
Algeria,DZA,1961,44.747276
Algeria,DZA,1962,43.703197
Algeria,DZA,1963,40.77703
Algeria,DZA,1964,40.976738
Algeria,DZA,1965,43.478893
Algeria,DZA,1966,43.371334
Algeria,DZA,1967,45.209724
Algeria,DZA,1968,47.482635
Algeria,DZA,1969,47.57047
Algeria,DZA,1970,46.92816
Algeria,DZA,1971,47.835354
Algeria,DZA,1972,52.37302
Algeria,DZA,1973,53.500656
Algeria,DZA,1974,56.493095
Algeria,DZA,1975,58.92425
Algeria,DZA,1976,58.9511
Algeria,DZA,1977,59.991337
Algeria,DZA,1978,64.01775
Algeria,DZA,1979,65.083664
Algeria,DZA,1980,68.74327
Algeria,DZA,1981,67.94525
Algeria,DZA,1982,68.574196
Algeria,DZA,1983,70.20865
Algeria,DZA,1984,68.859604
Algeria,DZA,1985,72.25155
Algeria,DZA,1986,73.75632
Algeria,DZA,1987,74.185814
Algeria,DZA,1988,74.974686
Algeria,DZA,1989,76.86174
Algeria,DZA,1990,76.17886
Algeria,DZA,1991,76.414406
Algeria,DZA,1992,79.08337
Algeria,DZA,1993,80.56043
Algeria,DZA,1994,78.606766
Algeria,DZA,1995,77.946266
Algeria,DZA,1996,77.36477
Algeria,DZA,1997,74.869194
Algeria,DZA,1998,80.69525
Algeria,DZA,1999,81.14996
Algeria,DZA,2000,77.87112
Algeria,DZA,2001,79.371376
Algeria,DZA,2002,81.979225
Algeria,DZA,2003,84.2722
Algeria,DZA,2004,85.569496
Algeria,DZA,2005,86.27374
Algeria,DZA,2006,85.9301
Algeria,DZA,2007,85.41886
Algeria,DZA,2008,85.626396
Algeria,DZA,2009,88.70616
Algeria,DZA,2010,90.11
Algeria,DZA,2011,91.290016
Algeria,DZA,2012,93.98002
Algeria,DZA,2013,93.81999
Algeria,DZA,2014,93.869995
Algeria,DZA,2015,93.810005
Algeria,DZA,2016,92.76
Algeria,DZA,2017,91.18
Algeria,DZA,2018,93.250015
Algeria,DZA,2019,94.65
Algeria,DZA,2020,92.81999
Algeria,DZA,2021,94.15001
Algeria,DZA,2022,95.37
Algeria,DZA,2023,93.58999
Americas (FAO),,1961,77.17
Americas (FAO),,1962,76.74
Americas (FAO),,1963,77.37
Americas (FAO),,1964,78.21
Americas (FAO),,1965,78.12
Americas (FAO),,1966,78.82
Americas (FAO),,1967,79.46
Americas (FAO),,1968,80.19
Americas (FAO),,1969,79.7
Americas (FAO),,1970,79.13
Americas (FAO),,1971,79.36
Americas (FAO),,1972,78.44
Americas (FAO),,1973,77.66
Americas (FAO),,1974,78.18
Americas (FAO),,1975,78.48
Americas (FAO),,1976,79.97
Americas (FAO),,1977,79.33
Americas (FAO),,1978,79.49
Americas (FAO),,1979,80.29
Americas (FAO),,1980,81
Americas (FAO),,1981,82.22
Americas (FAO),,1982,80.86
Americas (FAO),,1983,80.46
Americas (FAO),,1984,80.52
Americas (FAO),,1985,82.43
Americas (FAO),,1986,82.05
Americas (FAO),,1987,83.05
Americas (FAO),,1988,82.67
Americas (FAO),,1989,82.13
Americas (FAO),,1990,82.24
Americas (FAO),,1991,83.75
Americas (FAO),,1992,84.2
Americas (FAO),,1993,84.79
Americas (FAO),,1994,86.77
Americas (FAO),,1995,86.58
Americas (FAO),,1996,87.65
Americas (FAO),,1997,87.83
Americas (FAO),,1998,88.28
Americas (FAO),,1999,89.86
Americas (FAO),,2000,90.2
Americas (FAO),,2001,89.99
Americas (FAO),,2002,90.25
Americas (FAO),,2003,91
Americas (FAO),,2004,91.02
Americas (FAO),,2005,91.02
Americas (FAO),,2006,91.73
Americas (FAO),,2007,92.44
Americas (FAO),,2008,92.84
Americas (FAO),,2009,91.69
Americas (FAO),,2010,99.56
Americas (FAO),,2011,99.28
Americas (FAO),,2012,99.46
Americas (FAO),,2013,100.18
Americas (FAO),,2014,100.48
Americas (FAO),,2015,100.48
Americas (FAO),,2016,100.74
Americas (FAO),,2017,101.66
Americas (FAO),,2018,103.29
Americas (FAO),,2019,103.52
Americas (FAO),,2020,104.52
Americas (FAO),,2021,103.72
Americas (FAO),,2022,104.96
Americas (FAO),,2023,105.41
Angola,AGO,1961,34.92103
Angola,AGO,1962,36.040184
Angola,AGO,1963,36.512955
Angola,AGO,1964,39.247272
Angola,AGO,1965,38.309727
Angola,AGO,1966,38.600136
Angola,AGO,1967,40.971
Angola,AGO,1968,39.41479
Angola,AGO,1969,40.864483
Angola,AGO,1970,41.901615
Angola,AGO,1971,41.769714
Angola,AGO,1972,39.232723
Angola,AGO,1973,37.798244
Angola,AGO,1974,38.605026
Angola,AGO,1975,39.801117
Angola,AGO,1976,40.134083
Angola,AGO,1977,42.993565
Angola,AGO,1978,43.406982
Angola,AGO,1979,42.722042
Angola,AGO,1980,43.293316
Angola,AGO,1981,42.84666
Angola,AGO,1982,41.61606
Angola,AGO,1983,40.837685
Angola,AGO,1984,40.113472
Angola,AGO,1985,42.08927
Angola,AGO,1986,37.672085
Angola,AGO,1987,37.104233
Angola,AGO,1988,35.90366
Angola,AGO,1989,34.20818
Angola,AGO,1990,34.184868
Angola,AGO,1991,29.991522
Angola,AGO,1992,30.058783
Angola,AGO,1993,29.593307
Angola,AGO,1994,31.587019
Angola,AGO,1995,31.040546
Angola,AGO,1996,32.529385
Angola,AGO,1997,33.660484
Angola,AGO,1998,32.257023
Angola,AGO,1999,32.511463
Angola,AGO,2000,33.937885
Angola,AGO,2001,34.572712
Angola,AGO,2002,36.926033
Angola,AGO,2003,37.195236
Angola,AGO,2004,36.90087
Angola,AGO,2005,38.265884
Angola,AGO,2006,39.247883
Angola,AGO,2007,40.833065
Angola,AGO,2008,43.555748
Angola,AGO,2009,43.478073
Angola,AGO,2010,48.220016
Angola,AGO,2011,51.16998
Angola,AGO,2012,52.669983
Angola,AGO,2013,54.06001
Angola,AGO,2014,59.670002
Angola,AGO,2015,53.939995
Angola,AGO,2016,50.799995
Angola,AGO,2017,52.910007
Angola,AGO,2018,51.989986
Angola,AGO,2019,48.669994
Angola,AGO,2020,46.639984
Angola,AGO,2021,49.140003
Angola,AGO,2022,49.660004
Angola,AGO,2023,47.47
Antigua and Barbuda,ATG,1961,57.077305
Antigua and Barbuda,ATG,1962,56.32125
Antigua and Barbuda,ATG,1963,54.21944
Antigua and Barbuda,ATG,1964,57.425934
Antigua and Barbuda,ATG,1965,57.632484
Antigua and Barbuda,ATG,1966,56.622616
Antigua and Barbuda,ATG,1967,47.50958
Antigua and Barbuda,ATG,1968,46.534092
Antigua and Barbuda,ATG,1969,53.03923
Antigua and Barbuda,ATG,1970,56.27043
Antigua and Barbuda,ATG,1971,55.840115
Antigua and Barbuda,ATG,1972,56.66352
Antigua and Barbuda,ATG,1973,54.041206
Antigua and Barbuda,ATG,1974,54.371666
Antigua and Barbuda,ATG,1975,56.405037
Antigua and Barbuda,ATG,1976,55.65625
Antigua and Barbuda,ATG,1977,57.275917
Antigua and Barbuda,ATG,1978,56.983997
Antigua and Barbuda,ATG,1979,59.187828
Antigua and Barbuda,ATG,1980,67.200264
Antigua and Barbuda,ATG,1981,67.7751
Antigua and Barbuda,ATG,1982,66.45304
Antigua and Barbuda,ATG,1983,68.59465
Antigua and Barbuda,ATG,1984,76.71566
Antigua and Barbuda,ATG,1985,79.642136
Antigua and Barbuda,ATG,1986,80.1025
Antigua and Barbuda,ATG,1987,80.28157
Antigua and Barbuda,ATG,1988,82.362
Antigua and Barbuda,ATG,1989,83.8888
Antigua and Barbuda,ATG,1990,81.00972
Antigua and Barbuda,ATG,1991,77.2091
Antigua and Barbuda,ATG,1992,83.87678
Antigua and Barbuda,ATG,1993,77.424126
Antigua and Barbuda,ATG,1994,77.30152
Antigua and Barbuda,ATG,1995,74.42017
Antigua and Barbuda,ATG,1996,75.178444
Antigua and Barbuda,ATG,1997,75.57513
Antigua and Barbuda,ATG,1998,74.07152
Antigua and Barbuda,ATG,1999,74.47238
Antigua and Barbuda,ATG,2000,73.78505
Antigua and Barbuda,ATG,2001,71.73983
Antigua and Barbuda,ATG,2002,71.756935
Antigua and Barbuda,ATG,2003,72.98693
Antigua and Barbuda,ATG,2004,72.73706
Antigua and Barbuda,ATG,2005,86.93173
Antigua and Barbuda,ATG,2006,84.18499
Antigua and Barbuda,ATG,2007,86.029175
Antigua and Barbuda,ATG,2008,87.42313
Antigua and Barbuda,ATG,2009,85.23084
Antigua and Barbuda,ATG,2010,96.06086
Antigua and Barbuda,ATG,2011,92.29862
Antigua and Barbuda,ATG,2012,98.37309
Antigua and Barbuda,ATG,2013,91.35548
Antigua and Barbuda,ATG,2014,91.53556
Antigua and Barbuda,ATG,2015,93.19854
Antigua and Barbuda,ATG,2016,83.88068
Antigua and Barbuda,ATG,2017,95.40629
Antigua and Barbuda,ATG,2018,95.42741
Antigua and Barbuda,ATG,2019,93.482605
Antigua and Barbuda,ATG,2020,89.64634
Antigua and Barbuda,ATG,2021,95.601715
Antigua and Barbuda,ATG,2022,98.73936
Antigua and Barbuda,ATG,2023,98.10844
Argentina,ARG,1961,106.90705
Argentina,ARG,1962,104.83515
Argentina,ARG,1963,105.44022
Argentina,ARG,1964,96.37364
Argentina,ARG,1965,100.83028
Argentina,ARG,1966,101.15838
Argentina,ARG,1967,102.4237
Argentina,ARG,1968,106.41155
Argentina,ARG,1969,108.66993
Argentina,ARG,1970,106.306305
Argentina,ARG,1971,97.3646
Argentina,ARG,1972,92.65961
Argentina,ARG,1973,94.684586
Argentina,ARG,1974,102.17964
Argentina,ARG,1975,106.288666
Argentina,ARG,1976,105.59427
Argentina,ARG,1977,105.41775
Argentina,ARG,1978,107.37275
Argentina,ARG,1979,106.91991
Argentina,ARG,1980,106.882034
Argentina,ARG,1981,106.52103
Argentina,ARG,1982,97.708176
Argentina,ARG,1983,95.05101
Argentina,ARG,1984,98.1185
Argentina,ARG,1985,103.472115
Argentina,ARG,1986,96.749794
Argentina,ARG,1987,100.58169
Argentina,ARG,1988,96.8737
Argentina,ARG,1989,95.23114
Argentina,ARG,1990,91.45305
Argentina,ARG,1991,94.645615
Argentina,ARG,1992,97.41859
Argentina,ARG,1993,100.38626
Argentina,ARG,1994,100.30456
Argentina,ARG,1995,99.026184
Argentina,ARG,1996,99.59452
Argentina,ARG,1997,100.25866
Argentina,ARG,1998,101.78621
Argentina,ARG,1999,104.6683
Argentina,ARG,2000,103.9143
Argentina,ARG,2001,100.33296
Argentina,ARG,2002,89.465744
Argentina,ARG,2003,91.4558
Argentina,ARG,2004,90.56167
Argentina,ARG,2005,94.69634
Argentina,ARG,2006,96.689926
Argentina,ARG,2007,97.13635
Argentina,ARG,2008,97.51128
Argentina,ARG,2009,96.36953
Argentina,ARG,2010,102.76999
Argentina,ARG,2011,102.430016
Argentina,ARG,2012,103.04
Argentina,ARG,2013,106.21002
Argentina,ARG,2014,104.9
Argentina,ARG,2015,110.69
Argentina,ARG,2016,108.079994
Argentina,ARG,2017,109.77998
Argentina,ARG,2018,112.57001
Argentina,ARG,2019,114.18
Argentina,ARG,2020,117.6
Argentina,ARG,2021,119.98
Argentina,ARG,2022,121.29999
Argentina,ARG,2023,121.53999
Armenia,ARM,1992,61.39289
Armenia,ARM,1993,57.1175
Armenia,ARM,1994,60.224068
Armenia,ARM,1995,60.06366
Armenia,ARM,1996,61.248924
Armenia,ARM,1997,62.725353
Armenia,ARM,1998,64.338326
Armenia,ARM,1999,64.96138
Armenia,ARM,2000,64.29266
Armenia,ARM,2001,64.73487
Armenia,ARM,2002,66.112625
Armenia,ARM,2003,70.08131
Armenia,ARM,2004,75.14582
Armenia,ARM,2005,77.592354
Armenia,ARM,2006,81.23161
Armenia,ARM,2007,82.63942
Armenia,ARM,2008,88.103226
Armenia,ARM,2009,85.22557
Armenia,ARM,2010,98.0799
Armenia,ARM,2011,101.380035
Armenia,ARM,2012,101.15004
Armenia,ARM,2013,103.819786
Armenia,ARM,2014,105.26952
Armenia,ARM,2015,107.61003
Armenia,ARM,2016,107.269775
Armenia,ARM,2017,105.42978
Armenia,ARM,2018,103.52961
Armenia,ARM,2019,104.529816
Armenia,ARM,2020,104.11989
Armenia,ARM,2021,105.88041
Armenia,ARM,2022,104.56964
Armenia,ARM,2023,103.17972
Asia,OWID_ASI,1961,47.71894
Asia,OWID_ASI,1962,49.25254
Asia,OWID_ASI,1963,49.100018
Asia,OWID_ASI,1964,49.702118
Asia,OWID_ASI,1965,50.027718
Asia,OWID_ASI,1966,50.3386
Asia,OWID_ASI,1967,50.265923
Asia,OWID_ASI,1968,50.261017
Asia,OWID_ASI,1969,49.96821
Asia,OWID_ASI,1970,51.405876
Asia,OWID_ASI,1971,50.806816
Asia,OWID_ASI,1972,50.79432
Asia,OWID_ASI,1973,52.16674
Asia,OWID_ASI,1974,51.232857
Asia,OWID_ASI,1975,52.126938
Asia,OWID_ASI,1976,51.422295
Asia,OWID_ASI,1977,52.55196
Asia,OWID_ASI,1978,54.7247
Asia,OWID_ASI,1979,54.50258
Asia,OWID_ASI,1980,54.618595
Asia,OWID_ASI,1981,55.836517
Asia,OWID_ASI,1982,56.763733
Asia,OWID_ASI,1983,59.15815
Asia,OWID_ASI,1984,59.43397
Asia,OWID_ASI,1985,59.253826
Asia,OWID_ASI,1986,59.972404
Asia,OWID_ASI,1987,60.461124
Asia,OWID_ASI,1988,61.305515
Asia,OWID_ASI,1989,61.97409
Asia,OWID_ASI,1990,61.260094
Asia,OWID_ASI,1991,61.221046
Asia,OWID_ASI,1992,62.763878
Asia,OWID_ASI,1993,63.98512
Asia,OWID_ASI,1994,65.489784
Asia,OWID_ASI,1995,66.59435
Asia,OWID_ASI,1996,67.07581
Asia,OWID_ASI,1997,67.454636
Asia,OWID_ASI,1998,67.68338
Asia,OWID_ASI,1999,68.31178
Asia,OWID_ASI,2000,69.10422
Asia,OWID_ASI,2001,68.63065
Asia,OWID_ASI,2002,68.41637
Asia,OWID_ASI,2003,68.73042
Asia,OWID_ASI,2004,69.00846
Asia,OWID_ASI,2005,69.33958
Asia,OWID_ASI,2006,70.056305
Asia,OWID_ASI,2007,71.70186
Asia,OWID_ASI,2008,72.51391
Asia,OWID_ASI,2009,72.90291
Asia,OWID_ASI,2010,81.652374
Asia,OWID_ASI,2011,82.317474
Asia,OWID_ASI,2012,82.65331
Asia,OWID_ASI,2013,83.453415
Asia,OWID_ASI,2014,84.707054
Asia,OWID_ASI,2015,85.56193
Asia,OWID_ASI,2016,86.772156
Asia,OWID_ASI,2017,88.220825
Asia,OWID_ASI,2018,88.417984
Asia,OWID_ASI,2019,89.607445
Asia,OWID_ASI,2020,90.64806
Asia,OWID_ASI,2021,92.32196
Asia,OWID_ASI,2022,93.5828
Asia,OWID_ASI,2023,94.95474
Asia (FAO),,1961,47.44
Asia (FAO),,1962,48.98
Asia (FAO),,1963,49.1
Asia (FAO),,1964,49.95
Asia (FAO),,1965,50.4
Asia (FAO),,1966,50.72
Asia (FAO),,1967,50.59
Asia (FAO),,1968,50.54
Asia (FAO),,1969,50.22
Asia (FAO),,1970,51.65
Asia (FAO),,1971,51.01
Asia (FAO),,1972,50.95
Asia (FAO),,1973,52.3
Asia (FAO),,1974,51.33
Asia (FAO),,1975,52.19
Asia (FAO),,1976,51.44
Asia (FAO),,1977,52.54
Asia (FAO),,1978,54.68
Asia (FAO),,1979,54.45
Asia (FAO),,1980,54.57
Asia (FAO),,1981,55.8
Asia (FAO),,1982,56.77
Asia (FAO),,1983,59.18
Asia (FAO),,1984,59.44
Asia (FAO),,1985,59.24
Asia (FAO),,1986,59.93
Asia (FAO),,1987,60.39
Asia (FAO),,1988,61.21
Asia (FAO),,1989,61.86
Asia (FAO),,1990,61.17
Asia (FAO),,1991,61.16
Asia (FAO),,1992,62.75
Asia (FAO),,1993,64
Asia (FAO),,1994,65.53
Asia (FAO),,1995,66.69
Asia (FAO),,1996,67.24
Asia (FAO),,1997,67.71
Asia (FAO),,1998,68.04
Asia (FAO),,1999,68.77
Asia (FAO),,2000,69.67
Asia (FAO),,2001,69.29
Asia (FAO),,2002,69.14
Asia (FAO),,2003,69.51
Asia (FAO),,2004,69.84
Asia (FAO),,2005,70.24
Asia (FAO),,2006,71.02
Asia (FAO),,2007,72.75
Asia (FAO),,2008,73.64
Asia (FAO),,2009,74.12
Asia (FAO),,2010,81.72
Asia (FAO),,2011,82.39
Asia (FAO),,2012,82.73
Asia (FAO),,2013,83.53
Asia (FAO),,2014,84.78
Asia (FAO),,2015,85.63
Asia (FAO),,2016,86.84
Asia (FAO),,2017,88.29
Asia (FAO),,2018,88.49
Asia (FAO),,2019,89.51
Asia (FAO),,2020,90.53
Asia (FAO),,2021,92.18
Asia (FAO),,2022,93.44
Asia (FAO),,2023,94.74
Australia,AUS,1961,104.83565
Australia,AUS,1962,107.71642
Australia,AUS,1963,108.8774
Australia,AUS,1964,110.12865
Australia,AUS,1965,107.90987
Australia,AUS,1966,111.69819
Australia,AUS,1967,107.09986
Australia,AUS,1968,109.10699
Australia,AUS,1969,109.20647
Australia,AUS,1970,108.23292
Australia,AUS,1971,110.14171
Australia,AUS,1972,110.538864
Australia,AUS,1973,106.14089
Australia,AUS,1974,100.68035
Australia,AUS,1975,111.992035
Australia,AUS,1976,112.78614
Australia,AUS,1977,110.39594
Australia,AUS,1978,110.82466
Australia,AUS,1979,105.22252
Australia,AUS,1980,102.98656
Australia,AUS,1981,103.23514
Australia,AUS,1982,106.15689
Australia,AUS,1983,103.26681
Australia,AUS,1984,106.23047
Australia,AUS,1985,107.0766
Australia,AUS,1986,106.36998
Australia,AUS,1987,108.31836
Australia,AUS,1988,108.12022
Australia,AUS,1989,107.69265
Australia,AUS,1990,109.81178
Australia,AUS,1991,106.19877
Australia,AUS,1992,104.13948
Australia,AUS,1993,103.02218
Australia,AUS,1994,105.59887
Australia,AUS,1995,107.93068
Australia,AUS,1996,105.88455
Australia,AUS,1997,104.31644
Australia,AUS,1998,101.84551
Australia,AUS,1999,101.906746
Australia,AUS,2000,101.969925
Australia,AUS,2001,101.41262
Australia,AUS,2002,105.449936
Australia,AUS,2003,110.37879
Australia,AUS,2004,102.36743
Australia,AUS,2005,106.08092
Australia,AUS,2006,105.9992
Australia,AUS,2007,109.836754
Australia,AUS,2008,107.81685
Australia,AUS,2009,104.53481
Australia,AUS,2010,122.82999
Australia,AUS,2011,121.76
Australia,AUS,2012,121.26996
Australia,AUS,2013,120.73999
Australia,AUS,2014,119.15
Australia,AUS,2015,119.60001
Australia,AUS,2016,120.49999
Australia,AUS,2017,117.42998
Australia,AUS,2018,118.260056
Australia,AUS,2019,121.62998
Australia,AUS,2020,123.880005
Australia,AUS,2021,117.84001
Australia,AUS,2022,119.15997
Australia,AUS,2023,124.98997
Australia and New Zealand (FAO),,1961,103.28
Australia and New Zealand (FAO),,1962,106.23
Australia and New Zealand (FAO),,1963,107.15
Australia and New Zealand (FAO),,1964,107.64
Australia and New Zealand (FAO),,1965,105.01
Australia and New Zealand (FAO),,1966,108.45
Australia and New Zealand (FAO),,1967,103.35
Australia and New Zealand (FAO),,1968,104.83
Australia and New Zealand (FAO),,1969,105.11
Australia and New Zealand (FAO),,1970,103.92
Australia and New Zealand (FAO),,1971,106.59
Australia and New Zealand (FAO),,1972,107.76
Australia and New Zealand (FAO),,1973,105.09
Australia and New Zealand (FAO),,1974,100.55
Australia and New Zealand (FAO),,1975,111.57
Australia and New Zealand (FAO),,1976,113.29
Australia and New Zealand (FAO),,1977,108.91
Australia and New Zealand (FAO),,1978,110.28
Australia and New Zealand (FAO),,1979,103.51
Australia and New Zealand (FAO),,1980,102.5
Australia and New Zealand (FAO),,1981,102.42
Australia and New Zealand (FAO),,1982,105.9
Australia and New Zealand (FAO),,1983,101.88
Australia and New Zealand (FAO),,1984,104.9
Australia and New Zealand (FAO),,1985,106.02
Australia and New Zealand (FAO),,1986,105.57
Australia and New Zealand (FAO),,1987,106.94
Australia and New Zealand (FAO),,1988,106.35
Australia and New Zealand (FAO),,1989,105.23
Australia and New Zealand (FAO),,1990,108.55
Australia and New Zealand (FAO),,1991,105.01
Australia and New Zealand (FAO),,1992,102.64
Australia and New Zealand (FAO),,1993,102.53
Australia and New Zealand (FAO),,1994,103.58
Australia and New Zealand (FAO),,1995,107.45
Australia and New Zealand (FAO),,1996,104.34
Australia and New Zealand (FAO),,1997,102.9
Australia and New Zealand (FAO),,1998,100.1
Australia and New Zealand (FAO),,1999,99.94
Australia and New Zealand (FAO),,2000,99.06
Australia and New Zealand (FAO),,2001,99.02
Australia and New Zealand (FAO),,2002,102.45
Australia and New Zealand (FAO),,2003,106.66
Australia and New Zealand (FAO),,2004,100.13
Australia and New Zealand (FAO),,2005,102.78
Australia and New Zealand (FAO),,2006,102.82
Australia and New Zealand (FAO),,2007,106.02
Australia and New Zealand (FAO),,2008,104.42
Australia and New Zealand (FAO),,2009,101.47
Australia and New Zealand (FAO),,2010,118.55
Australia and New Zealand (FAO),,2011,119.09
Australia and New Zealand (FAO),,2012,118.07
Australia and New Zealand (FAO),,2013,117.95
Australia and New Zealand (FAO),,2014,116.59
Australia and New Zealand (FAO),,2015,116.56
Australia and New Zealand (FAO),,2016,117.96
Australia and New Zealand (FAO),,2017,114.38
Australia and New Zealand (FAO),,2018,115.95
Australia and New Zealand (FAO),,2019,118.51
Australia and New Zealand (FAO),,2020,119.63
Australia and New Zealand (FAO),,2021,114.88
Australia and New Zealand (FAO),,2022,116.83
Australia and New Zealand (FAO),,2023,121.05
Austria,AUT,1961,88.86946
Austria,AUT,1962,89.83853
Austria,AUT,1963,90.51739
Austria,AUT,1964,91.351776
Austria,AUT,1965,89.86995
Austria,AUT,1966,89.17526
Austria,AUT,1967,88.942345
Austria,AUT,1968,89.78241
Austria,AUT,1969,89.38224
Austria,AUT,1970,89.64148
Austria,AUT,1971,90.35457
Austria,AUT,1972,90.83912
Austria,AUT,1973,91.10474
Austria,AUT,1974,89.52987
Austria,AUT,1975,91.04192
Austria,AUT,1976,93.092155
Austria,AUT,1977,91.61177
Austria,AUT,1978,93.44545
Austria,AUT,1979,95.006744
Austria,AUT,1980,95.03293
Austria,AUT,1981,96.7551
Austria,AUT,1982,95.54065
Austria,AUT,1983,95.80987
Austria,AUT,1984,96.05979
Austria,AUT,1985,96.20845
Austria,AUT,1986,97.92856
Austria,AUT,1987,98.97357
Austria,AUT,1988,98.18951
Austria,AUT,1989,100.7599
Austria,AUT,1990,102.33156
Austria,AUT,1991,102.735916
Austria,AUT,1992,103.34408
Austria,AUT,1993,102.059845
Austria,AUT,1994,104.87792
Austria,AUT,1995,100.97854
Austria,AUT,1996,103.833374
Austria,AUT,1997,100.63499
Austria,AUT,1998,104.37795
Austria,AUT,1999,105.67615
Austria,AUT,2000,106.123566
Austria,AUT,2001,106.97994
Austria,AUT,2002,106.18595
Austria,AUT,2003,102.33378
Austria,AUT,2004,100.72979
Austria,AUT,2005,102.81224
Austria,AUT,2006,101.5471
Austria,AUT,2007,103.84558
Austria,AUT,2008,102.009285
Austria,AUT,2009,102.690285
Austria,AUT,2010,110.68004
Austria,AUT,2011,111.589966
Austria,AUT,2012,105.71001
Austria,AUT,2013,107.80999
Austria,AUT,2014,107.82011
Austria,AUT,2015,108.12004
Austria,AUT,2016,109.72
Austria,AUT,2017,107.81001
Austria,AUT,2018,110.48997
Austria,AUT,2019,110.320045
Austria,AUT,2020,109.0001
Austria,AUT,2021,107.95007
Austria,AUT,2022,109.88002
Austria,AUT,2023,108.459946
Azerbaijan,AZE,1992,69.81369
Azerbaijan,AZE,1993,67.99503
Azerbaijan,AZE,1994,63.46665
Azerbaijan,AZE,1995,62.55632
Azerbaijan,AZE,1996,62.76802
Azerbaijan,AZE,1997,60.07217
Azerbaijan,AZE,1998,63.000103
Azerbaijan,AZE,1999,64.55908
Azerbaijan,AZE,2000,66.70342
Azerbaijan,AZE,2001,68.475586
Azerbaijan,AZE,2002,70.4872
Azerbaijan,AZE,2003,72.83435
Azerbaijan,AZE,2004,75.019554
Azerbaijan,AZE,2005,81.58371
Azerbaijan,AZE,2006,86.2384
Azerbaijan,AZE,2007,87.18033
Azerbaijan,AZE,2008,88.42621
Azerbaijan,AZE,2009,88.77393
Azerbaijan,AZE,2010,90.97998
Azerbaijan,AZE,2011,92.51994
Azerbaijan,AZE,2012,91.62001
Azerbaijan,AZE,2013,92.409935
Azerbaijan,AZE,2014,90.73004
Azerbaijan,AZE,2015,92.24991
Azerbaijan,AZE,2016,92.799965
Azerbaijan,AZE,2017,95.09
Azerbaijan,AZE,2018,94.69998
Azerbaijan,AZE,2019,98.949974
Azerbaijan,AZE,2020,98.76994
Azerbaijan,AZE,2021,99.23998
Azerbaijan,AZE,2022,98.049934
Azerbaijan,AZE,2023,101.950005
Bahamas,BHS,1961,68.77736
Bahamas,BHS,1962,67.50208
Bahamas,BHS,1963,67.00686
Bahamas,BHS,1964,68.92284
Bahamas,BHS,1965,68.61437
Bahamas,BHS,1966,72.47966
Bahamas,BHS,1967,71.50352
Bahamas,BHS,1968,72.49791
Bahamas,BHS,1969,69.859375
Bahamas,BHS,1970,71.94113
Bahamas,BHS,1971,70.039764
Bahamas,BHS,1972,66.28471
Bahamas,BHS,1973,65.34208
Bahamas,BHS,1974,63.151
Bahamas,BHS,1975,61.84233
Bahamas,BHS,1976,62.168964
Bahamas,BHS,1977,56.16912
Bahamas,BHS,1978,55.89596
Bahamas,BHS,1979,58.14181
Bahamas,BHS,1980,68.93296
Bahamas,BHS,1981,65.09259
Bahamas,BHS,1982,73.90202
Bahamas,BHS,1983,72.63462
Bahamas,BHS,1984,73.07205
Bahamas,BHS,1985,74.35152
Bahamas,BHS,1986,77.05995
Bahamas,BHS,1987,75.23392
Bahamas,BHS,1988,77.62303
Bahamas,BHS,1989,75.52928
Bahamas,BHS,1990,76.59016
Bahamas,BHS,1991,73.03481
Bahamas,BHS,1992,68.365654
Bahamas,BHS,1993,66.710556
Bahamas,BHS,1994,72.77928
Bahamas,BHS,1995,72.194016
Bahamas,BHS,1996,71.1574
Bahamas,BHS,1997,77.1422
Bahamas,BHS,1998,75.79746
Bahamas,BHS,1999,78.53412
Bahamas,BHS,2000,85.29246
Bahamas,BHS,2001,85.674416
Bahamas,BHS,2002,86.62715
Bahamas,BHS,2003,81.91285
Bahamas,BHS,2004,77.51638
Bahamas,BHS,2005,77.94862
Bahamas,BHS,2006,81.302925
Bahamas,BHS,2007,80.77109
Bahamas,BHS,2008,80.78764
Bahamas,BHS,2009,85.39572
Bahamas,BHS,2010,104.029434
Bahamas,BHS,2011,93.887985
Bahamas,BHS,2012,101.54892
Bahamas,BHS,2013,97.87819
Bahamas,BHS,2014,95.487
Bahamas,BHS,2015,95.94875
Bahamas,BHS,2016,94.51
Bahamas,BHS,2017,92.12858
Bahamas,BHS,2018,94.160484
Bahamas,BHS,2019,92.42673
Bahamas,BHS,2020,100.40645
Bahamas,BHS,2021,102.65715
Bahamas,BHS,2022,102.82948
Bahamas,BHS,2023,104.776855
Bahrain,BHR,2019,109.27963
Bahrain,BHR,2020,112.38992
Bahrain,BHR,2021,104.65987
Bahrain,BHR,2022,108.22
Bahrain,BHR,2023,99.78975
Bangladesh,BGD,1961,43.47932
Bangladesh,BGD,1962,42.8248
Bangladesh,BGD,1963,43.70582
Bangladesh,BGD,1964,43.7511
Bangladesh,BGD,1965,42.740635
Bangladesh,BGD,1966,42.23142
Bangladesh,BGD,1967,39.760918
Bangladesh,BGD,1968,41.674343
Bangladesh,BGD,1969,43.384457
Bangladesh,BGD,1970,45.061268
Bangladesh,BGD,1971,42.41861
Bangladesh,BGD,1972,40.273926
Bangladesh,BGD,1973,42.99222
Bangladesh,BGD,1974,43.311527
Bangladesh,BGD,1975,40.5998
Bangladesh,BGD,1976,42.44725
Bangladesh,BGD,1977,38.891304
Bangladesh,BGD,1978,42.553864
Bangladesh,BGD,1979,42.91522
Bangladesh,BGD,1980,42.009884
Bangladesh,BGD,1981,40.78482
Bangladesh,BGD,1982,41.24433
Bangladesh,BGD,1983,41.8609
Bangladesh,BGD,1984,41.671516
Bangladesh,BGD,1985,43.14981
Bangladesh,BGD,1986,41.765923
Bangladesh,BGD,1987,43.208717
Bangladesh,BGD,1988,43.314312
Bangladesh,BGD,1989,42.961437
Bangladesh,BGD,1990,43.941853
Bangladesh,BGD,1991,43.756767
Bangladesh,BGD,1992,43.48801
Bangladesh,BGD,1993,41.744884
Bangladesh,BGD,1994,42.38592
Bangladesh,BGD,1995,42.980988
Bangladesh,BGD,1996,43.328766
Bangladesh,BGD,1997,44.0261
Bangladesh,BGD,1998,44.550953
Bangladesh,BGD,1999,48.92403
Bangladesh,BGD,2000,47.681545
Bangladesh,BGD,2001,49.00497
Bangladesh,BGD,2002,50.20364
Bangladesh,BGD,2003,50.561802
Bangladesh,BGD,2004,51.80819
Bangladesh,BGD,2005,51.501217
Bangladesh,BGD,2006,51.31557
Bangladesh,BGD,2007,53.213264
Bangladesh,BGD,2008,51.63508
Bangladesh,BGD,2009,54.728226
Bangladesh,BGD,2010,55.340004
Bangladesh,BGD,2011,56.04
Bangladesh,BGD,2012,56.79999
Bangladesh,BGD,2013,57.200005
Bangladesh,BGD,2014,57.760002
Bangladesh,BGD,2015,59.520004
Bangladesh,BGD,2016,59.49
Bangladesh,BGD,2017,61.190002
Bangladesh,BGD,2018,63.29999
Bangladesh,BGD,2019,62.729996
Bangladesh,BGD,2020,65.31
Bangladesh,BGD,2021,67.87999
Bangladesh,BGD,2022,68.880005
Bangladesh,BGD,2023,67.99
Barbados,BRB,1961,61.3247
Barbados,BRB,1962,61.01447
Barbados,BRB,1963,64.54636
Barbados,BRB,1964,63.75373
Barbados,BRB,1965,65.55002
Barbados,BRB,1966,64.95033
Barbados,BRB,1967,70.60927
Barbados,BRB,1968,66.13581
Barbados,BRB,1969,69.13484
Barbados,BRB,1970,72.37138
Barbados,BRB,1971,77.8242
Barbados,BRB,1972,73.59368
Barbados,BRB,1973,75.017136
Barbados,BRB,1974,76.34669
Barbados,BRB,1975,73.2453
Barbados,BRB,1976,79.05447
Barbados,BRB,1977,77.99793
Barbados,BRB,1978,83.824684
Barbados,BRB,1979,80.447
Barbados,BRB,1980,82.570045
Barbados,BRB,1981,86.04732
Barbados,BRB,1982,86.62593
Barbados,BRB,1983,89.174736
Barbados,BRB,1984,90.390465
Barbados,BRB,1985,90.100494
Barbados,BRB,1986,92.37028
Barbados,BRB,1987,94.66392
Barbados,BRB,1988,92.7927
Barbados,BRB,1989,97.81716
Barbados,BRB,1990,96.10473
Barbados,BRB,1991,91.577675
Barbados,BRB,1992,82.54022
Barbados,BRB,1993,82.25264
Barbados,BRB,1994,82.998795
Barbados,BRB,1995,82.920784
Barbados,BRB,1996,82.756035
Barbados,BRB,1997,84.19447
Barbados,BRB,1998,81.80209
Barbados,BRB,1999,86.59254
Barbados,BRB,2000,82.08535
Barbados,BRB,2001,86.82485
Barbados,BRB,2002,87.29988
Barbados,BRB,2003,87.421
Barbados,BRB,2004,85.04038
Barbados,BRB,2005,91.432915
Barbados,BRB,2006,88.64824
Barbados,BRB,2007,92.09902
Barbados,BRB,2008,88.47063
Barbados,BRB,2009,87.53576
Barbados,BRB,2010,102.3859
Barbados,BRB,2011,101.54633
Barbados,BRB,2012,99.19678
Barbados,BRB,2013,101.400375
Barbados,BRB,2014,101.79818
Barbados,BRB,2015,104.66662
Barbados,BRB,2016,103.44852
Barbados,BRB,2017,103.46742
Barbados,BRB,2018,105.58661
Barbados,BRB,2019,106.68772
Barbados,BRB,2020,109.01768
Barbados,BRB,2021,109.08729
Barbados,BRB,2022,109.52845
Barbados,BRB,2023,108.63731
Belarus,BLR,1992,96.998276
Belarus,BLR,1993,99.19531
Belarus,BLR,1994,96.0542
Belarus,BLR,1995,94.87117
Belarus,BLR,1996,96.68361
Belarus,BLR,1997,95.6571
Belarus,BLR,1998,95.303986
Belarus,BLR,1999,91.94133
Belarus,BLR,2000,86.660484
Belarus,BLR,2001,88.29917
Belarus,BLR,2002,86.131226
Belarus,BLR,2003,85.213
Belarus,BLR,2004,87.07483
Belarus,BLR,2005,89.07389
Belarus,BLR,2006,91.10325
Belarus,BLR,2007,92.220375
Belarus,BLR,2008,91.11404
Belarus,BLR,2009,91.73976
Belarus,BLR,2010,103.79998
Belarus,BLR,2011,103.18002
Belarus,BLR,2012,103.93005
Belarus,BLR,2013,102.98996
Belarus,BLR,2014,103.69007
Belarus,BLR,2015,100.850006
Belarus,BLR,2016,101.13993
Belarus,BLR,2017,101.28997
Belarus,BLR,2018,102.079994
Belarus,BLR,2019,112.75006
Belarus,BLR,2020,117.32997
Belarus,BLR,2021,114.15991
Belarus,BLR,2022,117.98
Belarus,BLR,2023,127.950005
Belgium,BEL,2000,96.73338
Belgium,BEL,2001,100.96718
Belgium,BEL,2002,100.698685
Belgium,BEL,2003,99.553764
Belgium,BEL,2004,99.43764
Belgium,BEL,2005,99.53581
Belgium,BEL,2006,100.49544
Belgium,BEL,2007,101.68004
Belgium,BEL,2008,98.96137
Belgium,BEL,2009,96.546104
Belgium,BEL,2010,99.5001
Belgium,BEL,2011,99.17005
Belgium,BEL,2012,102.11998
Belgium,BEL,2013,102.37003
Belgium,BEL,2014,100.27006
Belgium,BEL,2015,100.00999
Belgium,BEL,2016,102.21994
Belgium,BEL,2017,99.65998
Belgium,BEL,2018,100.38992
Belgium,BEL,2019,106.57997
Belgium,BEL,2020,110.52007
Belgium,BEL,2021,114.019966
Belgium,BEL,2022,114.58006
Belgium,BEL,2023,120.25999
Belgium-Luxembourg (FAO),,1961,89.48
Belgium-Luxembourg (FAO),,1962,87.92
Belgium-Luxembourg (FAO),,1963,88.95
Belgium-Luxembourg (FAO),,1964,90.5
Belgium-Luxembourg (FAO),,1965,88.5
Belgium-Luxembourg (FAO),,1966,90
Belgium-Luxembourg (FAO),,1967,90.19
Belgium-Luxembourg (FAO),,1968,89.54
Belgium-Luxembourg (FAO),,1969,93.38
Belgium-Luxembourg (FAO),,1970,92.21
Belgium-Luxembourg (FAO),,1971,95.53
Belgium-Luxembourg (FAO),,1972,94.04
Belgium-Luxembourg (FAO),,1973,95.33
Belgium-Luxembourg (FAO),,1974,96.25
Belgium-Luxembourg (FAO),,1975,96.95
Belgium-Luxembourg (FAO),,1976,96.23
Belgium-Luxembourg (FAO),,1977,98.87
Belgium-Luxembourg (FAO),,1978,100.33
Belgium-Luxembourg (FAO),,1979,99.41
Belgium-Luxembourg (FAO),,1980,101.38
Belgium-Luxembourg (FAO),,1981,101.64
Belgium-Luxembourg (FAO),,1982,102.84
Belgium-Luxembourg (FAO),,1983,101.6
Belgium-Luxembourg (FAO),,1984,103.49
Belgium-Luxembourg (FAO),,1985,102.94
Belgium-Luxembourg (FAO),,1986,102.53
Belgium-Luxembourg (FAO),,1987,102.59
Belgium-Luxembourg (FAO),,1988,103.05
Belgium-Luxembourg (FAO),,1989,102.36
Belgium-Luxembourg (FAO),,1990,103.86
Belgium-Luxembourg (FAO),,1991,105.5
Belgium-Luxembourg (FAO),,1992,107.14
Belgium-Luxembourg (FAO),,1993,106.88
Belgium-Luxembourg (FAO),,1994,104.15
Belgium-Luxembourg (FAO),,1995,103.23
Belgium-Luxembourg (FAO),,1996,101.83
Belgium-Luxembourg (FAO),,1997,102.31
Belgium-Luxembourg (FAO),,1998,103.61
Belgium-Luxembourg (FAO),,1999,105.92
Belize,BLZ,1961,60.53275
Belize,BLZ,1962,62.990425
Belize,BLZ,1963,59.22099
Belize,BLZ,1964,59.183517
Belize,BLZ,1965,57.318916
Belize,BLZ,1966,56.754417
Belize,BLZ,1967,57.976833
Belize,BLZ,1968,58.17643
Belize,BLZ,1969,55.038456
Belize,BLZ,1970,58.43059
Belize,BLZ,1971,60.199886
Belize,BLZ,1972,60.25696
Belize,BLZ,1973,58.27702
Belize,BLZ,1974,62.577538
Belize,BLZ,1975,64.162865
Belize,BLZ,1976,63.150837
Belize,BLZ,1977,64.47581
Belize,BLZ,1978,65.94236
Belize,BLZ,1979,66.831535
Belize,BLZ,1980,69.17503
Belize,BLZ,1981,69.54315
Belize,BLZ,1982,67.52197
Belize,BLZ,1983,67.386086
Belize,BLZ,1984,67.29476
Belize,BLZ,1985,66.94198
Belize,BLZ,1986,65.25351
Belize,BLZ,1987,69.23484
Belize,BLZ,1988,68.08733
Belize,BLZ,1989,64.02609
Belize,BLZ,1990,67.22574
Belize,BLZ,1991,64.55297
Belize,BLZ,1992,67.506485
Belize,BLZ,1993,67.044266
Belize,BLZ,1994,66.159485
Belize,BLZ,1995,66.632576
Belize,BLZ,1996,65.5693
Belize,BLZ,1997,67.858406
Belize,BLZ,1998,67.54416
Belize,BLZ,1999,67.738754
Belize,BLZ,2000,70.76438
Belize,BLZ,2001,73.90647
Belize,BLZ,2002,76.37199
Belize,BLZ,2003,76.92252
Belize,BLZ,2004,75.824356
Belize,BLZ,2005,74.27454
Belize,BLZ,2006,70.94953
Belize,BLZ,2007,70.177536
Belize,BLZ,2008,66.928604
Belize,BLZ,2009,67.29242
Belize,BLZ,2010,77.938545
Belize,BLZ,2011,76.55859
Belize,BLZ,2012,77.79745
Belize,BLZ,2013,77.44887
Belize,BLZ,2014,77.5469
Belize,BLZ,2015,78.67757
Belize,BLZ,2016,80.85623
Belize,BLZ,2017,77.47689
Belize,BLZ,2018,76.8996
Belize,BLZ,2019,80.75937
Belize,BLZ,2020,79.37817
Belize,BLZ,2021,82.21896
Belize,BLZ,2022,89.74755
Belize,BLZ,2023,88.62956
Benin,BEN,1961,39.5257
Benin,BEN,1962,40.05312
Benin,BEN,1963,38.333202
Benin,BEN,1964,37.56579
Benin,BEN,1965,40.778812
Benin,BEN,1966,38.514736
Benin,BEN,1967,42.52179
Benin,BEN,1968,44.217022
Benin,BEN,1969,42.568787
Benin,BEN,1970,41.10967
Benin,BEN,1971,42.3885
Benin,BEN,1972,40.058285
Benin,BEN,1973,42.281223
Benin,BEN,1974,38.199593
Benin,BEN,1975,36.1208
Benin,BEN,1976,41.77529
Benin,BEN,1977,41.185516
Benin,BEN,1978,41.613056
Benin,BEN,1979,44.37344
Benin,BEN,1980,43.836365
Benin,BEN,1981,41.7189
Benin,BEN,1982,39.975857
Benin,BEN,1983,38.99439
Benin,BEN,1984,44.173786
Benin,BEN,1985,45.354362
Benin,BEN,1986,45.986435
Benin,BEN,1987,43.493027
Benin,BEN,1988,43.63059
Benin,BEN,1989,46.89967
Benin,BEN,1990,47.37307
Benin,BEN,1991,48.947437
Benin,BEN,1992,49.636326
Benin,BEN,1993,48.722557
Benin,BEN,1994,48.72406
Benin,BEN,1995,49.845078
Benin,BEN,1996,50.417816
Benin,BEN,1997,51.2484
Benin,BEN,1998,52.140526
Benin,BEN,1999,51.569126
Benin,BEN,2000,53.17392
Benin,BEN,2001,51.98927
Benin,BEN,2002,57.33623
Benin,BEN,2003,54.95869
Benin,BEN,2004,57.166492
Benin,BEN,2005,56.105843
Benin,BEN,2006,56.473072
Benin,BEN,2007,58.403397
Benin,BEN,2008,61.032364
Benin,BEN,2009,61.484024
Benin,BEN,2010,64.92216
Benin,BEN,2011,65.063354
Benin,BEN,2012,66.83014
Benin,BEN,2013,66.3354
Benin,BEN,2014,69.36692
Benin,BEN,2015,68.64336
Benin,BEN,2016,66.802864
Benin,BEN,2017,64.168755
Benin,BEN,2018,62.850002
Benin,BEN,2019,66.60546
Benin,BEN,2020,65.69114
Benin,BEN,2021,68.7565
Benin,BEN,2022,70.33794
Bermuda,BMU,1961,94.019424
Bermuda,BMU,1962,94.56283
Bermuda,BMU,1963,92.213745
Bermuda,BMU,1964,92.340294
Bermuda,BMU,1965,91.92402
Bermuda,BMU,1966,95.92017
Bermuda,BMU,1967,93.17654
Bermuda,BMU,1968,94.72801
Bermuda,BMU,1969,92.40211
Bermuda,BMU,1970,94.961555
Bermuda,BMU,1971,91.7618
Bermuda,BMU,1972,92.10412
Bermuda,BMU,1973,92.494576
Bermuda,BMU,1974,96.031425
Bermuda,BMU,1975,97.03093
Bermuda,BMU,1976,102.79437
Bermuda,BMU,1977,96.522705
Bermuda,BMU,1978,98.85409
Bermuda,BMU,1979,105.65505
Bermuda,BMU,1980,108.551956
Bermuda,BMU,1981,106.65086
Bermuda,BMU,1982,108.087006
Bermuda,BMU,1983,109.89782
Bermuda,BMU,1984,111.58528
Bermuda,BMU,1985,109.19685
Bermuda,BMU,1986,110.21732
Bermuda,BMU,1987,109.897125
Bermuda,BMU,1988,108.61851
Bermuda,BMU,1989,104.69457
Bermuda,BMU,1990,102.83065
Bermuda,BMU,1991,100.19826
Bermuda,BMU,1992,103.31337
Bermuda,BMU,1993,102.69657
Bermuda,BMU,1994,101.12068
Bermuda,BMU,1995,98.66698
Bermuda,BMU,1996,95.1718
Bermuda,BMU,1997,97.232285
Bermuda,BMU,1998,90.987976
Bermuda,BMU,1999,86.00651
Bermuda,BMU,2000,88.61278
Bermuda,BMU,2001,86.35562
Bermuda,BMU,2002,85.28305
Bermuda,BMU,2003,80.16793
Bermuda,BMU,2004,76.205574
Bermuda,BMU,2005,80.03825
Bermuda,BMU,2006,84.78689
Bermuda,BMU,2007,87.5123
Bermuda,BMU,2008,92.48171
Bermuda,BMU,2009,92.22483
Bhutan,BTN,2019,75.25902
Bhutan,BTN,2020,78.429695
Bhutan,BTN,2021,76.50902
Bhutan,BTN,2022,74.35895
Bhutan,BTN,2023,71.75945
Bolivia,BOL,1961,41.93902
Bolivia,BOL,1962,42.895985
Bolivia,BOL,1963,44.36068
Bolivia,BOL,1964,42.1663
Bolivia,BOL,1965,43.99197
Bolivia,BOL,1966,43.20949
Bolivia,BOL,1967,44.26187
Bolivia,BOL,1968,45.12114
Bolivia,BOL,1969,43.80967
Bolivia,BOL,1970,45.808117
Bolivia,BOL,1971,46.759773
Bolivia,BOL,1972,46.983894
Bolivia,BOL,1973,45.35192
Bolivia,BOL,1974,49.37897
Bolivia,BOL,1975,51.442955
Bolivia,BOL,1976,51.13035
Bolivia,BOL,1977,48.595707
Bolivia,BOL,1978,50.027645
Bolivia,BOL,1979,50.401825
Bolivia,BOL,1980,51.733067
Bolivia,BOL,1981,52.261566
Bolivia,BOL,1982,49.19048
Bolivia,BOL,1983,46.83266
Bolivia,BOL,1984,49.91907
Bolivia,BOL,1985,53.836346
Bolivia,BOL,1986,49.623146
Bolivia,BOL,1987,51.274895
Bolivia,BOL,1988,49.378998
Bolivia,BOL,1989,51.05953
Bolivia,BOL,1990,48.433674
Bolivia,BOL,1991,51.181576
Bolivia,BOL,1992,50.491436
Bolivia,BOL,1993,51.527912
Bolivia,BOL,1994,50.411545
Bolivia,BOL,1995,53.626568
Bolivia,BOL,1996,51.70771
Bolivia,BOL,1997,52.751064
Bolivia,BOL,1998,51.09558
Bolivia,BOL,1999,54.31063
Bolivia,BOL,2000,55.433525
Bolivia,BOL,2001,55.008633
Bolivia,BOL,2002,56.265053
Bolivia,BOL,2003,57.03681
Bolivia,BOL,2004,55.5315
Bolivia,BOL,2005,57.93434
Bolivia,BOL,2006,60.61016
Bolivia,BOL,2007,63.214928
Bolivia,BOL,2008,63.291496
Bolivia,BOL,2009,62.8037
Bolivia,BOL,2010,71.06996
Bolivia,BOL,2011,71.299995
Bolivia,BOL,2012,70.91997
Bolivia,BOL,2013,70.21999
Bolivia,BOL,2014,71.37001
Bolivia,BOL,2015,79.63995
Bolivia,BOL,2016,79.08
Bolivia,BOL,2017,80.58999
Bolivia,BOL,2018,80.28
Bolivia,BOL,2019,81.43002
Bolivia,BOL,2020,80.37999
Bolivia,BOL,2021,81.10994
Bolivia,BOL,2022,80.82996
Bolivia,BOL,2023,80.83999
Bosnia and Herzegovina,BIH,1992,66.83205
Bosnia and Herzegovina,BIH,1993,72.62816
Bosnia and Herzegovina,BIH,1994,78.1417
Bosnia and Herzegovina,BIH,1995,75.56442
Bosnia and Herzegovina,BIH,1996,74.91501
Bosnia and Herzegovina,BIH,1997,79.190285
Bosnia and Herzegovina,BIH,1998,78.93932
Bosnia and Herzegovina,BIH,1999,76.12442
Bosnia and Herzegovina,BIH,2000,71.34743
Bosnia and Herzegovina,BIH,2001,73.868546
Bosnia and Herzegovina,BIH,2002,77.07567
Bosnia and Herzegovina,BIH,2003,75.75643
Bosnia and Herzegovina,BIH,2004,83.55052
Bosnia and Herzegovina,BIH,2005,82.97048
Bosnia and Herzegovina,BIH,2006,82.60652
Bosnia and Herzegovina,BIH,2007,85.286476
Bosnia and Herzegovina,BIH,2008,88.86801
Bosnia and Herzegovina,BIH,2009,89.567055
Bosnia and Herzegovina,BIH,2010,97.48974
Bosnia and Herzegovina,BIH,2011,98.45003
Bosnia and Herzegovina,BIH,2012,100.33003
Bosnia and Herzegovina,BIH,2013,100.53008
Bosnia and Herzegovina,BIH,2014,100.86998
Bosnia and Herzegovina,BIH,2015,106.00997
Bosnia and Herzegovina,BIH,2016,107.050095
Bosnia and Herzegovina,BIH,2017,106.22987
Bosnia and Herzegovina,BIH,2018,108.730034
Bosnia and Herzegovina,BIH,2019,109.87994
Bosnia and Herzegovina,BIH,2020,108.98994
Bosnia and Herzegovina,BIH,2021,109.25993
Bosnia and Herzegovina,BIH,2022,109.27993
Bosnia and Herzegovina,BIH,2023,113.71993
Botswana,BWA,1961,71.72856
Botswana,BWA,1962,68.868484
Botswana,BWA,1963,72.160324
Botswana,BWA,1964,72.34099
Botswana,BWA,1965,73.94644
Botswana,BWA,1966,72.345276
Botswana,BWA,1967,75.521706
Botswana,BWA,1968,78.491356
Botswana,BWA,1969,79.90354
Botswana,BWA,1970,85.47193
Botswana,BWA,1971,89.12917
Botswana,BWA,1972,91.261154
Botswana,BWA,1973,81.939766
Botswana,BWA,1974,72.51423
Botswana,BWA,1975,73.5616
Botswana,BWA,1976,71.487274
Botswana,BWA,1977,74.21425
Botswana,BWA,1978,66.27154
Botswana,BWA,1979,70.79451
Botswana,BWA,1980,65.45865
Botswana,BWA,1981,65.07784
Botswana,BWA,1982,64.709526
Botswana,BWA,1983,65.093735
Botswana,BWA,1984,74.96776
Botswana,BWA,1985,73.130806
Botswana,BWA,1986,68.77951
Botswana,BWA,1987,67.100624
Botswana,BWA,1988,68.899895
Botswana,BWA,1989,68.24536
Botswana,BWA,1990,72.74564
Botswana,BWA,1991,71.80401
Botswana,BWA,1992,72.45181
Botswana,BWA,1993,68.18557
Botswana,BWA,1994,71.37541
Botswana,BWA,1995,72.74752
Botswana,BWA,1996,73.80381
Botswana,BWA,1997,69.66633
Botswana,BWA,1998,64.96734
Botswana,BWA,1999,67.46596
Botswana,BWA,2000,68.196014
Botswana,BWA,2001,70.85083
Botswana,BWA,2002,68.82383
Botswana,BWA,2003,63.193943
Botswana,BWA,2004,64.15478
Botswana,BWA,2005,60.800606
Botswana,BWA,2006,57.895725
Botswana,BWA,2007,57.464027
Botswana,BWA,2008,59.3895
Botswana,BWA,2009,62.94304
Botswana,BWA,2010,69.18
Botswana,BWA,2011,73.74972
Botswana,BWA,2012,72.26011
Botswana,BWA,2013,67.13978
Botswana,BWA,2014,65.76961
Botswana,BWA,2015,66.58981
Botswana,BWA,2016,66.769875
Botswana,BWA,2017,64.10003
Botswana,BWA,2018,64.03975
Botswana,BWA,2019,64.809944
Botswana,BWA,2020,69.79985
Botswana,BWA,2021,74.66975
Botswana,BWA,2022,76.87984
Botswana,BWA,2023,73.00994
Brazil,BRA,1961,56.528385
Brazil,BRA,1962,57.39314
Brazil,BRA,1963,57.968468
Brazil,BRA,1964,59.74491
Brazil,BRA,1965,60.794495
Brazil,BRA,1966,60.959557
Brazil,BRA,1967,62.67643
Brazil,BRA,1968,63.602516
Brazil,BRA,1969,61.46568
Brazil,BRA,1970,60.924034
Brazil,BRA,1971,62.497307
Brazil,BRA,1972,60.741398
Brazil,BRA,1973,60.09561
Brazil,BRA,1974,60.304234
Brazil,BRA,1975,60.817432
Brazil,BRA,1976,60.46448
Brazil,BRA,1977,60.44887
Brazil,BRA,1978,61.144802
Brazil,BRA,1979,63.600494
Brazil,BRA,1980,64.39168
Brazil,BRA,1981,62.7961
Brazil,BRA,1982,63.70063
Brazil,BRA,1983,63.463955
Brazil,BRA,1984,63.174023
Brazil,BRA,1985,63.781216
Brazil,BRA,1986,65.90551
Brazil,BRA,1987,65.72741
Brazil,BRA,1988,64.29893
Brazil,BRA,1989,66.35989
Brazil,BRA,1990,65.922356
Brazil,BRA,1991,68.46336
Brazil,BRA,1992,68.44296
Brazil,BRA,1993,69.646
Brazil,BRA,1994,72.48638
Brazil,BRA,1995,74.22149
Brazil,BRA,1996,78.71071
Brazil,BRA,1997,76.81118
Brazil,BRA,1998,77.102104
Brazil,BRA,1999,79.45836
Brazil,BRA,2000,79.642136
Brazil,BRA,2001,80.04159
Brazil,BRA,2002,81.73574
Brazil,BRA,2003,84.94829
Brazil,BRA,2004,84.372055
Brazil,BRA,2005,83.734024
Brazil,BRA,2006,85.05955
Brazil,BRA,2007,85.92333
Brazil,BRA,2008,89.230835
Brazil,BRA,2009,89.19043
Brazil,BRA,2010,101.76
Brazil,BRA,2011,103.51
Brazil,BRA,2012,102.21
Brazil,BRA,2013,103.95
Brazil,BRA,2014,104.78
Brazil,BRA,2015,103.49
Brazil,BRA,2016,103.23
Brazil,BRA,2017,104.43001
Brazil,BRA,2018,107.16
Brazil,BRA,2019,103.59
Brazil,BRA,2020,103.57
Brazil,BRA,2021,103.02
Brazil,BRA,2022,104.27
Brazil,BRA,2023,106.5
Brunei,BRN,1961,42.89358
Brunei,BRN,1962,45.438663
Brunei,BRN,1963,46.67899
Brunei,BRN,1964,43.155304
Brunei,BRN,1965,44.25462
Brunei,BRN,1966,50.3839
Brunei,BRN,1967,51.693794
Brunei,BRN,1968,48.541553
Brunei,BRN,1969,52.370983
Brunei,BRN,1970,50.766144
Brunei,BRN,1971,55.33433
Brunei,BRN,1972,53.655563
Brunei,BRN,1973,52.107937
Brunei,BRN,1974,51.75733
Brunei,BRN,1975,54.50826
Brunei,BRN,1976,60.54504
Brunei,BRN,1977,60.262276
Brunei,BRN,1978,66.28741
Brunei,BRN,1979,69.56404
Brunei,BRN,1980,76.33061
Brunei,BRN,1981,77.10615
Brunei,BRN,1982,77.37528
Brunei,BRN,1983,79.00881
Brunei,BRN,1984,81.9928
Brunei,BRN,1985,88.669106
Brunei,BRN,1986,81.839874
Brunei,BRN,1987,83.01715
Brunei,BRN,1988,85.0855
Brunei,BRN,1989,87.75501
Brunei,BRN,1990,82.282036
Brunei,BRN,1991,80.79725
Brunei,BRN,1992,78.60188
Brunei,BRN,1993,81.93431
Brunei,BRN,1994,95.27335
Brunei,BRN,1995,89.8452
Brunei,BRN,1996,95.100494
Brunei,BRN,1997,90.76949
Brunei,BRN,1998,90.2096
Brunei,BRN,1999,87.03649
Brunei,BRN,2000,84.78266
Brunei,BRN,2001,90.48733
Brunei,BRN,2002,92.85115
Brunei,BRN,2003,92.52099
Brunei,BRN,2004,92.34667
Brunei,BRN,2005,88.63455
Brunei,BRN,2006,88.8783
Brunei,BRN,2007,85.64418
Brunei,BRN,2008,87.38729
Brunei,BRN,2009,85.85887
Bulgaria,BGR,1961,90.652214
Bulgaria,BGR,1962,90.2412
Bulgaria,BGR,1963,91.51171
Bulgaria,BGR,1964,92.67055
Bulgaria,BGR,1965,95.46331
Bulgaria,BGR,1966,98.34146
Bulgaria,BGR,1967,97.01819
Bulgaria,BGR,1968,94.713425
Bulgaria,BGR,1969,95.04449
Bulgaria,BGR,1970,94.16631
Bulgaria,BGR,1971,96.571526
Bulgaria,BGR,1972,97.804405
Bulgaria,BGR,1973,96.26383
Bulgaria,BGR,1974,97.43888
Bulgaria,BGR,1975,100.32432
Bulgaria,BGR,1976,102.888405
Bulgaria,BGR,1977,100.18257
Bulgaria,BGR,1978,102.16617
Bulgaria,BGR,1979,103.04492
Bulgaria,BGR,1980,103.47375
Bulgaria,BGR,1981,105.50794
Bulgaria,BGR,1982,105.73054
Bulgaria,BGR,1983,106.15736
Bulgaria,BGR,1984,107.12862
Bulgaria,BGR,1985,106.95367
Bulgaria,BGR,1986,108.23178
Bulgaria,BGR,1987,109.8345
Bulgaria,BGR,1988,110.37431
Bulgaria,BGR,1989,109.72837
Bulgaria,BGR,1990,95.68518
Bulgaria,BGR,1991,91.45455
Bulgaria,BGR,1992,87.479385
Bulgaria,BGR,1993,88.5752
Bulgaria,BGR,1994,85.67555
Bulgaria,BGR,1995,87.12442
Bulgaria,BGR,1996,83.055374
Bulgaria,BGR,1997,82.1886
Bulgaria,BGR,1998,89.78058
Bulgaria,BGR,1999,88.913864
Bulgaria,BGR,2000,85.79516
Bulgaria,BGR,2001,84.42964
Bulgaria,BGR,2002,81.95384
Bulgaria,BGR,2003,78.57612
Bulgaria,BGR,2004,80.08419
Bulgaria,BGR,2005,77.698166
Bulgaria,BGR,2006,79.5695
Bulgaria,BGR,2007,75.89021
Bulgaria,BGR,2008,79.6746
Bulgaria,BGR,2009,80.02842
Bulgaria,BGR,2010,84.80007
Bulgaria,BGR,2011,85.31996
Bulgaria,BGR,2012,86.10988
Bulgaria,BGR,2013,87.22994
Bulgaria,BGR,2014,90.42
Bulgaria,BGR,2015,87.07006
Bulgaria,BGR,2016,90.49992
Bulgaria,BGR,2017,90.989975
Bulgaria,BGR,2018,89.89006
Bulgaria,BGR,2019,88.98006
Bulgaria,BGR,2020,85.77992
Bulgaria,BGR,2021,91.11011
Bulgaria,BGR,2022,84.64998
Bulgaria,BGR,2023,86.48993
Burkina Faso,BFA,1961,42.647552
Burkina Faso,BFA,1962,41.416737
Burkina Faso,BFA,1963,45.53134
Burkina Faso,BFA,1964,48.928295
Burkina Faso,BFA,1965,49.040054
Burkina Faso,BFA,1966,48.908062
Burkina Faso,BFA,1967,49.53437
Burkina Faso,BFA,1968,49.339428
Burkina Faso,BFA,1969,49.462616
Burkina Faso,BFA,1970,48.0856
Burkina Faso,BFA,1971,47.43431
Burkina Faso,BFA,1972,44.88687
Burkina Faso,BFA,1973,43.62296
Burkina Faso,BFA,1974,44.701717
Burkina Faso,BFA,1975,45.264603
Burkina Faso,BFA,1976,46.570724
Burkina Faso,BFA,1977,42.054554
Burkina Faso,BFA,1978,47.156864
Burkina Faso,BFA,1979,49.39956
Burkina Faso,BFA,1980,45.831028
Burkina Faso,BFA,1981,44.23666
Burkina Faso,BFA,1982,47.432655
Burkina Faso,BFA,1983,45.857334
Burkina Faso,BFA,1984,43.81632
Burkina Faso,BFA,1985,48.406654
Burkina Faso,BFA,1986,58.657143
Burkina Faso,BFA,1987,57.69246
Burkina Faso,BFA,1988,58.663128
Burkina Faso,BFA,1989,59.263428
Burkina Faso,BFA,1990,63.470585
Burkina Faso,BFA,1991,64.04126
Burkina Faso,BFA,1992,66.454865
Burkina Faso,BFA,1993,68.681175
Burkina Faso,BFA,1994,68.22771
Burkina Faso,BFA,1995,68.02941
Burkina Faso,BFA,1996,67.77141
Burkina Faso,BFA,1997,65.42836
Burkina Faso,BFA,1998,66.389534
Burkina Faso,BFA,1999,67.60469
Burkina Faso,BFA,2000,67.123764
Burkina Faso,BFA,2001,67.0317
Burkina Faso,BFA,2002,68.72858
Burkina Faso,BFA,2003,73.40413
Burkina Faso,BFA,2004,72.37927
Burkina Faso,BFA,2005,70.45233
Burkina Faso,BFA,2006,72.37126
Burkina Faso,BFA,2007,73.37365
Burkina Faso,BFA,2008,75.24993
Burkina Faso,BFA,2009,76.60848
Burkina Faso,BFA,2010,77.039986
Burkina Faso,BFA,2011,74.540016
Burkina Faso,BFA,2012,76.86002
Burkina Faso,BFA,2013,75.95
Burkina Faso,BFA,2014,75.64998
Burkina Faso,BFA,2015,75.16001
Burkina Faso,BFA,2016,74.78002
Burkina Faso,BFA,2017,73.03999
Burkina Faso,BFA,2018,75.74
Burkina Faso,BFA,2019,93.42997
Burkina Faso,BFA,2020,93.55999
Burkina Faso,BFA,2021,89.24996
Burkina Faso,BFA,2022,94.96001
Burkina Faso,BFA,2023,92.560005
Burundi,BDI,2010,35.20624
Burundi,BDI,2011,34.454426
Burundi,BDI,2012,32.515324
Burundi,BDI,2013,32.686806
Burundi,BDI,2014,30.970308
Burundi,BDI,2015,33.78093
Burundi,BDI,2016,37.135193
Burundi,BDI,2017,39.894146
Burundi,BDI,2018,37.709263
Burundi,BDI,2019,39.591396
Burundi,BDI,2020,39.11972
Burundi,BDI,2021,38.9736
Burundi,BDI,2022,38.936474
Cambodia,KHM,1961,43.957775
Cambodia,KHM,1962,43.391384
Cambodia,KHM,1963,45.427177
Cambodia,KHM,1964,45.381454
Cambodia,KHM,1965,45.706406
Cambodia,KHM,1966,46.28039
Cambodia,KHM,1967,46.71295
Cambodia,KHM,1968,47.188995
Cambodia,KHM,1969,47.760418
Cambodia,KHM,1970,50.069607
Cambodia,KHM,1971,52.86164
Cambodia,KHM,1972,52.37402
Cambodia,KHM,1973,51.13953
Cambodia,KHM,1974,50.366714
Cambodia,KHM,1975,44.339184
Cambodia,KHM,1976,44.54974
Cambodia,KHM,1977,47.31651
Cambodia,KHM,1978,48.45301
Cambodia,KHM,1979,49.293926
Cambodia,KHM,1980,46.90702
Cambodia,KHM,1981,52.20739
Cambodia,KHM,1982,55.273903
Cambodia,KHM,1983,56.909916
Cambodia,KHM,1984,56.244602
Cambodia,KHM,1985,55.846127
Cambodia,KHM,1986,54.536606
Cambodia,KHM,1987,58.24283
Cambodia,KHM,1988,57.023098
Cambodia,KHM,1989,55.687428
Cambodia,KHM,1990,56.959686
Cambodia,KHM,1991,58.133217
Cambodia,KHM,1992,55.949146
Cambodia,KHM,1993,54.546238
Cambodia,KHM,1994,52.403095
Cambodia,KHM,1995,50.34885
Cambodia,KHM,1996,44.49228
Cambodia,KHM,1997,42.19214
Cambodia,KHM,1998,42.996822
Cambodia,KHM,1999,48.0224
Cambodia,KHM,2000,50.403038
Cambodia,KHM,2001,54.361588
Cambodia,KHM,2002,54.156788
Cambodia,KHM,2003,54.080883
Cambodia,KHM,2004,52.477913
Cambodia,KHM,2005,56.74649
Cambodia,KHM,2006,60.95214
Cambodia,KHM,2007,60.96967
Cambodia,KHM,2008,60.462177
Cambodia,KHM,2009,61.79967
Cambodia,KHM,2010,62.070004
Cambodia,KHM,2011,63.85997
Cambodia,KHM,2012,64.08
Cambodia,KHM,2013,63.93
Cambodia,KHM,2014,61.149994
Cambodia,KHM,2015,60.01999
Cambodia,KHM,2016,60.229992
Cambodia,KHM,2017,61.579987
Cambodia,KHM,2018,62.319992
Cambodia,KHM,2019,61.339985
Cambodia,KHM,2020,61.16995
Cambodia,KHM,2021,60.750004
Cambodia,KHM,2022,60.06
Cambodia,KHM,2023,64.429985
Cameroon,CMR,1961,56.701195
Cameroon,CMR,1962,56.017265
Cameroon,CMR,1963,56.921535
Cameroon,CMR,1964,55.760117
Cameroon,CMR,1965,54.63496
Cameroon,CMR,1966,56.885025
Cameroon,CMR,1967,54.316174
Cameroon,CMR,1968,55.96514
Cameroon,CMR,1969,59.944904
Cameroon,CMR,1970,60.468525
Cameroon,CMR,1971,61.72306
Cameroon,CMR,1972,62.045055
Cameroon,CMR,1973,60.149696
Cameroon,CMR,1974,62.680313
Cameroon,CMR,1975,63.63915
Cameroon,CMR,1976,62.911343
Cameroon,CMR,1977,60.975395
Cameroon,CMR,1978,58.505146
Cameroon,CMR,1979,60.11006
Cameroon,CMR,1980,59.275826
Cameroon,CMR,1981,57.263756
Cameroon,CMR,1982,57.009853
Cameroon,CMR,1983,55.113922
Cameroon,CMR,1984,51.79477
Cameroon,CMR,1985,51.810738
Cameroon,CMR,1986,54.55623
Cameroon,CMR,1987,51.486023
Cameroon,CMR,1988,51.99248
Cameroon,CMR,1989,52.457745
Cameroon,CMR,1990,51.670017
Cameroon,CMR,1991,51.20222
Cameroon,CMR,1992,54.166576
Cameroon,CMR,1993,51.50066
Cameroon,CMR,1994,52.49304
Cameroon,CMR,1995,52.846138
Cameroon,CMR,1996,53.384205
Cameroon,CMR,1997,54.649353
Cameroon,CMR,1998,56.032074
Cameroon,CMR,1999,58.028725
Cameroon,CMR,2000,58.744827
Cameroon,CMR,2001,60.809933
Cameroon,CMR,2002,59.89023
Cameroon,CMR,2003,61.014603
Cameroon,CMR,2004,62.20652
Cameroon,CMR,2005,64.94778
Cameroon,CMR,2006,66.34416
Cameroon,CMR,2007,67.15551
Cameroon,CMR,2008,69.13194
Cameroon,CMR,2009,70.90155
Cameroon,CMR,2010,74.55003
Cameroon,CMR,2011,76.11996
Cameroon,CMR,2012,75.57
Cameroon,CMR,2013,75.90001
Cameroon,CMR,2014,74.97999
Cameroon,CMR,2015,75.50998
Cameroon,CMR,2016,75.789986
Cameroon,CMR,2017,73.74997
Cameroon,CMR,2018,74.41002
Cameroon,CMR,2019,73.930016
Cameroon,CMR,2020,72.819984
Cameroon,CMR,2021,72.959984
Cameroon,CMR,2022,72.99
Cameroon,CMR,2023,71.3
Canada,CAN,1961,91.28928
Canada,CAN,1962,90.68582
Canada,CAN,1963,92.71388
Canada,CAN,1964,91.10988
Canada,CAN,1965,94.37669
Canada,CAN,1966,93.15785
Canada,CAN,1967,93.726074
Canada,CAN,1968,94.16921
Canada,CAN,1969,95.22948
Canada,CAN,1970,94.42347
Canada,CAN,1971,93.54897
Canada,CAN,1972,92.64712
Canada,CAN,1973,94.541306
Canada,CAN,1974,95.65868
Canada,CAN,1975,92.66801
Canada,CAN,1976,98.103004
Canada,CAN,1977,97.69328
Canada,CAN,1978,93.794014
Canada,CAN,1979,93.20082
Canada,CAN,1980,92.903656
Canada,CAN,1981,92.357994
Canada,CAN,1982,95.33532
Canada,CAN,1983,91.19809
Canada,CAN,1984,91.56976
Canada,CAN,1985,93.105705
Canada,CAN,1986,94.85667
Canada,CAN,1987,98.435486
Canada,CAN,1988,95.34062
Canada,CAN,1989,95.81006
Canada,CAN,1990,95.60566
Canada,CAN,1991,95.68388
Canada,CAN,1992,95.431465
Canada,CAN,1993,95.29611
Canada,CAN,1994,99.01589
Canada,CAN,1995,97.41419
Canada,CAN,1996,98.08922
Canada,CAN,1997,99.897514
Canada,CAN,1998,102.646454
Canada,CAN,1999,106.457886
Canada,CAN,2000,105.40114
Canada,CAN,2001,104.28745
Canada,CAN,2002,104.410355
Canada,CAN,2003,103.21127
Canada,CAN,2004,104.10664
Canada,CAN,2005,101.52085
Canada,CAN,2006,103.06172
Canada,CAN,2007,104.055084
Canada,CAN,2008,104.45244
Canada,CAN,2009,102.91629
Canada,CAN,2010,110.44999
Canada,CAN,2011,109.63
Canada,CAN,2012,112.04002
Canada,CAN,2013,110.82003
Canada,CAN,2014,107.52999
Canada,CAN,2015,106.569984
Canada,CAN,2016,111.40999
Canada,CAN,2017,113.57001
Canada,CAN,2018,117.06001
Canada,CAN,2019,115.61999
Canada,CAN,2020,115.83998
Canada,CAN,2021,113.71
Canada,CAN,2022,115.58001
Canada,CAN,2023,112.920006
Cape Verde,CPV,1961,42.432507
Cape Verde,CPV,1962,42.091965
Cape Verde,CPV,1963,40.66146
Cape Verde,CPV,1964,42.961266
Cape Verde,CPV,1965,45.896072
Cape Verde,CPV,1966,43.31856
Cape Verde,CPV,1967,42.286533
Cape Verde,CPV,1968,37.50211
Cape Verde,CPV,1969,37.812172
Cape Verde,CPV,1970,38.838814
Cape Verde,CPV,1971,40.16827
Cape Verde,CPV,1972,44.858196
Cape Verde,CPV,1973,46.494846
Cape Verde,CPV,1974,43.6267
Cape Verde,CPV,1975,48.47505
Cape Verde,CPV,1976,44.64464
Cape Verde,CPV,1977,45.938698
Cape Verde,CPV,1978,62.531353
Cape Verde,CPV,1979,54.891903
Cape Verde,CPV,1980,53.635334
Cape Verde,CPV,1981,63.839638
Cape Verde,CPV,1982,57.597023
Cape Verde,CPV,1983,62.13054
Cape Verde,CPV,1984,63.014767
Cape Verde,CPV,1985,57.67749
Cape Verde,CPV,1986,62.399006
Cape Verde,CPV,1987,69.4683
Cape Verde,CPV,1988,66.920204
Cape Verde,CPV,1989,63.67446
Cape Verde,CPV,1990,57.47329
Cape Verde,CPV,1991,53.803013
Cape Verde,CPV,1992,61.349
Cape Verde,CPV,1993,58.974644
Cape Verde,CPV,1994,53.79933
Cape Verde,CPV,1995,53.563774
Cape Verde,CPV,1996,56.075184
Cape Verde,CPV,1997,58.38245
Cape Verde,CPV,1998,59.019623
Cape Verde,CPV,1999,60.58124
Cape Verde,CPV,2000,62.26327
Cape Verde,CPV,2001,60.9433
Cape Verde,CPV,2002,60.694733
Cape Verde,CPV,2003,63.038254
Cape Verde,CPV,2004,67.10873
Cape Verde,CPV,2005,67.387886
Cape Verde,CPV,2006,66.56465
Cape Verde,CPV,2007,68.79644
Cape Verde,CPV,2008,68.44106
Cape Verde,CPV,2009,68.02971
Cape Verde,CPV,2010,75.418076
Cape Verde,CPV,2011,72.92957
Cape Verde,CPV,2012,72.71773
Cape Verde,CPV,2013,75.129845
Cape Verde,CPV,2014,73.68943
Cape Verde,CPV,2015,79.127686
Cape Verde,CPV,2016,79.55907
Cape Verde,CPV,2017,83.41853
Cape Verde,CPV,2018,84.17868
Cape Verde,CPV,2019,85.29735
Cape Verde,CPV,2020,87.00949
Cape Verde,CPV,2021,84.609184
Cape Verde,CPV,2022,85.21836
Cape Verde,CPV,2023,82.69921
Caribbean (FAO),,1961,46.94
Caribbean (FAO),,1962,48.55
Caribbean (FAO),,1963,51.38
Caribbean (FAO),,1964,50.71
Caribbean (FAO),,1965,49.99
Caribbean (FAO),,1966,50.26
Caribbean (FAO),,1967,52.2
Caribbean (FAO),,1968,53.63
Caribbean (FAO),,1969,54.28
Caribbean (FAO),,1970,56.65
Caribbean (FAO),,1971,57.91
Caribbean (FAO),,1972,56.9
Caribbean (FAO),,1973,56.62
Caribbean (FAO),,1974,58.44
Caribbean (FAO),,1975,56.47
Caribbean (FAO),,1976,58.03
Caribbean (FAO),,1977,57.21
Caribbean (FAO),,1978,58.11
Caribbean (FAO),,1979,57.76
Caribbean (FAO),,1980,60.82
Caribbean (FAO),,1981,61.14
Caribbean (FAO),,1982,60.73
Caribbean (FAO),,1983,61.15
Caribbean (FAO),,1984,61.67
Caribbean (FAO),,1985,62.45
Caribbean (FAO),,1986,61.04
Caribbean (FAO),,1987,61.35
Caribbean (FAO),,1988,60.03
Caribbean (FAO),,1989,59.66
Caribbean (FAO),,1990,57.16
Caribbean (FAO),,1991,55.46
Caribbean (FAO),,1992,52.61
Caribbean (FAO),,1993,50.92
Caribbean (FAO),,1994,52.21
Caribbean (FAO),,1995,51.8
Caribbean (FAO),,1996,52.32
Caribbean (FAO),,1997,52.81
Caribbean (FAO),,1998,54.92
Caribbean (FAO),,1999,56.56
Caribbean (FAO),,2000,57.61
Caribbean (FAO),,2001,58.28
Caribbean (FAO),,2002,58.28
Caribbean (FAO),,2003,59.25
Caribbean (FAO),,2004,59.38
Caribbean (FAO),,2005,61.65
Caribbean (FAO),,2006,63.43
Caribbean (FAO),,2007,64.7
Caribbean (FAO),,2008,66.7
Caribbean (FAO),,2009,66.59
Caribbean (FAO),,2010,71.18
Caribbean (FAO),,2011,72.5
Caribbean (FAO),,2012,71.68
Caribbean (FAO),,2013,72.71
Caribbean (FAO),,2014,73.93
Caribbean (FAO),,2015,73.8
Caribbean (FAO),,2016,76.72
Caribbean (FAO),,2017,77.09
Caribbean (FAO),,2018,77.63
Caribbean (FAO),,2019,76.77
Caribbean (FAO),,2020,75.19
Caribbean (FAO),,2021,73.87
Caribbean (FAO),,2022,73.01
Caribbean (FAO),,2023,71.58
Central African Republic,CAF,1961,28.894909
Central African Republic,CAF,1962,30.56543
Central African Republic,CAF,1963,30.10913
Central African Republic,CAF,1964,30.185
Central African Republic,CAF,1965,30.190079
Central African Republic,CAF,1966,29.982012
Central African Republic,CAF,1967,30.882288
Central African Republic,CAF,1968,30.205439
Central African Republic,CAF,1969,30.834547
Central African Republic,CAF,1970,31.757694
Central African Republic,CAF,1971,30.882227
Central African Republic,CAF,1972,30.18064
Central African Republic,CAF,1973,30.890963
Central African Republic,CAF,1974,32.487156
Central African Republic,CAF,1975,32.199825
Central African Republic,CAF,1976,32.634598
Central African Republic,CAF,1977,32.538013
Central African Republic,CAF,1978,32.02536
Central African Republic,CAF,1979,33.185337
Central African Republic,CAF,1980,33.80558
Central African Republic,CAF,1981,35.821148
Central African Republic,CAF,1982,36.625965
Central African Republic,CAF,1983,37.493866
Central African Republic,CAF,1984,36.66909
Central African Republic,CAF,1985,37.737392
Central African Republic,CAF,1986,38.972206
Central African Republic,CAF,1987,40.04977
Central African Republic,CAF,1988,40.143856
Central African Republic,CAF,1989,41.294926
Central African Republic,CAF,1990,41.312675
Central African Republic,CAF,1991,41.554337
Central African Republic,CAF,1992,41.303905
Central African Republic,CAF,1993,41.50382
Central African Republic,CAF,1994,41.05942
Central African Republic,CAF,1995,41.917934
Central African Republic,CAF,1996,44.293278
Central African Republic,CAF,1997,40.905655
Central African Republic,CAF,1998,43.329384
Central African Republic,CAF,1999,41.802895
Central African Republic,CAF,2000,43.96818
Central African Republic,CAF,2001,44.463142
Central African Republic,CAF,2002,45.182423
Central African Republic,CAF,2003,43.59176
Central African Republic,CAF,2004,44.216778
Central African Republic,CAF,2005,44.38655
Central African Republic,CAF,2006,45.52782
Central African Republic,CAF,2007,46.46489
Central African Republic,CAF,2008,47.05497
Central African Republic,CAF,2009,49.121086
Central African Republic,CAF,2010,62.86371
Central African Republic,CAF,2011,62.98271
Central African Republic,CAF,2012,62.36254
Central African Republic,CAF,2013,61.033512
Central African Republic,CAF,2014,63.16048
Central African Republic,CAF,2015,64.13875
Central African Republic,CAF,2016,64.34985
Central African Republic,CAF,2017,64.13866
Central African Republic,CAF,2018,64.381
Central African Republic,CAF,2019,66.20283
Central African Republic,CAF,2020,70.419975
Central African Republic,CAF,2021,67.41238
Central African Republic,CAF,2022,67.68678
Central America (FAO),,1961,59.38
Central America (FAO),,1962,58.62
Central America (FAO),,1963,59.16
Central America (FAO),,1964,60.84
Central America (FAO),,1965,60.67
Central America (FAO),,1966,61.89
Central America (FAO),,1967,62.96
Central America (FAO),,1968,63.27
Central America (FAO),,1969,63.35
Central America (FAO),,1970,63.46
Central America (FAO),,1971,63.97
Central America (FAO),,1972,64.43
Central America (FAO),,1973,64.81
Central America (FAO),,1974,65.38
Central America (FAO),,1975,66.29
Central America (FAO),,1976,66.02
Central America (FAO),,1977,67.44
Central America (FAO),,1978,68.73
Central America (FAO),,1979,68.79
Central America (FAO),,1980,76.36
Central America (FAO),,1981,80.23
Central America (FAO),,1982,77.04
Central America (FAO),,1983,76.1
Central America (FAO),,1984,72.75
Central America (FAO),,1985,75.76
Central America (FAO),,1986,74.87
Central America (FAO),,1987,73
Central America (FAO),,1988,73.93
Central America (FAO),,1989,71.2
Central America (FAO),,1990,72.63
Central America (FAO),,1991,73.55
Central America (FAO),,1992,74.1
Central America (FAO),,1993,74.48
Central America (FAO),,1994,74.95
Central America (FAO),,1995,74.36
Central America (FAO),,1996,74.3
Central America (FAO),,1997,75.42
Central America (FAO),,1998,76.17
Central America (FAO),,1999,77.36
Central America (FAO),,2000,79.37
Central America (FAO),,2001,81.1
Central America (FAO),,2002,81.77
Central America (FAO),,2003,81.26
Central America (FAO),,2004,81.15
Central America (FAO),,2005,81.17
Central America (FAO),,2006,82.19
Central America (FAO),,2007,82.81
Central America (FAO),,2008,82.5
Central America (FAO),,2009,81.62
Central America (FAO),,2010,85.21
Central America (FAO),,2011,84.78
Central America (FAO),,2012,85.26
Central America (FAO),,2013,86.16
Central America (FAO),,2014,86.66
Central America (FAO),,2015,87.1
Central America (FAO),,2016,88.17
Central America (FAO),,2017,88.79
Central America (FAO),,2018,90.25
Central America (FAO),,2019,91.22
Central America (FAO),,2020,91.06
Central America (FAO),,2021,91.87
Central America (FAO),,2022,92.82
Central America (FAO),,2023,93.7
Central Asia (FAO),,1992,80.71
Central Asia (FAO),,1993,79.14
Central Asia (FAO),,1994,79.82
Central Asia (FAO),,1995,77.82
Central Asia (FAO),,1996,76.38
Central Asia (FAO),,1997,76.6
Central Asia (FAO),,1998,73.51
Central Asia (FAO),,1999,73.65
Central Asia (FAO),,2000,73.01
Central Asia (FAO),,2001,72.86
Central Asia (FAO),,2002,73.96
Central Asia (FAO),,2003,76.5
Central Asia (FAO),,2004,76.67
Central Asia (FAO),,2005,77.83
Central Asia (FAO),,2006,78.5
Central Asia (FAO),,2007,78.34
Central Asia (FAO),,2008,80.08
Central Asia (FAO),,2009,80.98
Central Asia (FAO),,2010,84.94
Central Asia (FAO),,2011,87.44
Central Asia (FAO),,2012,89.54
Central Asia (FAO),,2013,90.82
Central Asia (FAO),,2014,92.19
Central Asia (FAO),,2015,93.72
Central Asia (FAO),,2016,95.02
Central Asia (FAO),,2017,95.5
Central Asia (FAO),,2018,97.18
Central Asia (FAO),,2019,98.42
Central Asia (FAO),,2020,98.69
Central Asia (FAO),,2021,98.03
Central Asia (FAO),,2022,102.04
Central Asia (FAO),,2023,104.36
Chad,TCD,1961,70.63416
Chad,TCD,1962,74.47146
Chad,TCD,1963,73.76514
Chad,TCD,1964,73.07181
Chad,TCD,1965,72.31914
Chad,TCD,1966,70.9628
Chad,TCD,1967,69.61094
Chad,TCD,1968,68.27396
Chad,TCD,1969,65.5505
Chad,TCD,1970,62.68545
Chad,TCD,1971,60.085022
Chad,TCD,1972,55.927773
Chad,TCD,1973,52.90896
Chad,TCD,1974,52.916805
Chad,TCD,1975,51.141483
Chad,TCD,1976,50.001804
Chad,TCD,1977,50.568832
Chad,TCD,1978,50.354713
Chad,TCD,1979,50.50599
Chad,TCD,1980,49.972748
Chad,TCD,1981,50.179817
Chad,TCD,1982,48.090702
Chad,TCD,1983,45.795948
Chad,TCD,1984,42.054848
Chad,TCD,1985,49.468475
Chad,TCD,1986,47.946167
Chad,TCD,1987,46.50072
Chad,TCD,1988,50.783333
Chad,TCD,1989,48.19366
Chad,TCD,1990,47.24522
Chad,TCD,1991,53.513905
Chad,TCD,1992,54.57219
Chad,TCD,1993,50.112442
Chad,TCD,1994,59.478287
Chad,TCD,1995,53.533535
Chad,TCD,1996,53.37426
Chad,TCD,1997,56.344383
Chad,TCD,1998,60.91565
Chad,TCD,1999,60.236305
Chad,TCD,2000,61.671707
Chad,TCD,2001,63.46198
Chad,TCD,2002,61.29154
Chad,TCD,2003,62.483345
Chad,TCD,2004,61.146492
Chad,TCD,2005,60.977413
Chad,TCD,2006,60.60529
Chad,TCD,2007,58.7599
Chad,TCD,2008,59.046417
Chad,TCD,2009,58.557945
Chad,TCD,2010,75.34327
Chad,TCD,2011,73.8291
Chad,TCD,2012,75.78021
Chad,TCD,2013,76.37898
Chad,TCD,2014,76.2728
Chad,TCD,2015,76.089874
Chad,TCD,2016,76.45472
Chad,TCD,2017,77.61774
Chad,TCD,2018,77.197525
Chad,TCD,2019,76.87828
Chad,TCD,2020,76.41724
Chad,TCD,2021,73.85209
Chad,TCD,2022,74.2724
Chile,CHL,1961,62.072056
Chile,CHL,1962,62.65399
Chile,CHL,1963,65.253456
Chile,CHL,1964,64.273994
Chile,CHL,1965,65.49351
Chile,CHL,1966,68.93009
Chile,CHL,1967,67.279915
Chile,CHL,1968,67.96746
Chile,CHL,1969,66.47518
Chile,CHL,1970,67.63927
Chile,CHL,1971,67.37098
Chile,CHL,1972,69.263336
Chile,CHL,1973,66.50721
Chile,CHL,1974,72.57463
Chile,CHL,1975,65.17491
Chile,CHL,1976,65.784225
Chile,CHL,1977,64.92294
Chile,CHL,1978,65.03805
Chile,CHL,1979,67.52972
Chile,CHL,1980,68.32744
Chile,CHL,1981,71.02657
Chile,CHL,1982,68.38008
Chile,CHL,1983,66.09295
Chile,CHL,1984,66.20178
Chile,CHL,1985,63.827976
Chile,CHL,1986,63.399155
Chile,CHL,1987,64.341705
Chile,CHL,1988,64.36681
Chile,CHL,1989,65.91177
Chile,CHL,1990,67.69662
Chile,CHL,1991,68.47919
Chile,CHL,1992,72.00187
Chile,CHL,1993,74.06444
Chile,CHL,1994,75.02238
Chile,CHL,1995,77.00402
Chile,CHL,1996,77.62853
Chile,CHL,1997,77.92334
Chile,CHL,1998,77.4134
Chile,CHL,1999,76.67225
Chile,CHL,2000,78.328415
Chile,CHL,2001,79.37236
Chile,CHL,2002,80.876114
Chile,CHL,2003,83.539825
Chile,CHL,2004,84.71874
Chile,CHL,2005,85.813385
Chile,CHL,2006,87.70771
Chile,CHL,2007,85.5868
Chile,CHL,2008,85.47943
Chile,CHL,2009,82.01442
Chile,CHL,2010,93.69999
Chile,CHL,2011,94.75005
Chile,CHL,2012,93.44002
Chile,CHL,2013,97.56002
Chile,CHL,2014,95.66998
Chile,CHL,2015,96.880005
Chile,CHL,2016,100.29998
Chile,CHL,2017,100.96001
Chile,CHL,2018,103.38002
Chile,CHL,2019,103.689964
Chile,CHL,2020,104.49999
Chile,CHL,2021,105.50004
Chile,CHL,2022,102.10003
Chile,CHL,2023,105.12998
China,CHN,1961,39.30542
China,CHN,1962,42.85775
China,CHN,1963,43.56757
China,CHN,1964,45.00031
China,CHN,1965,46.346924
China,CHN,1966,47.27575
China,CHN,1967,46.25791
China,CHN,1968,44.39857
China,CHN,1969,43.06586
China,CHN,1970,45.085567
China,CHN,1971,45.92103
China,CHN,1972,45.34149
China,CHN,1973,46.720753
China,CHN,1974,46.80524
China,CHN,1975,47.198425
China,CHN,1976,46.474236
China,CHN,1977,47.003826
China,CHN,1978,50.85592
China,CHN,1979,51.669632
China,CHN,1980,53.446304
China,CHN,1981,54.699398
China,CHN,1982,57.62001
China,CHN,1983,59.446144
China,CHN,1984,60.89585
China,CHN,1985,61.72475
China,CHN,1986,62.42661
China,CHN,1987,62.918346
China,CHN,1988,63.31504
China,CHN,1989,63.09992
China,CHN,1990,65.212875
China,CHN,1991,63.879826
China,CHN,1992,66.03773
China,CHN,1993,70.548584
China,CHN,1994,74.05199
China,CHN,1995,76.48522
China,CHN,1996,78.23276
China,CHN,1997,80.0008
China,CHN,1998,81.45552
China,CHN,1999,81.54605
China,CHN,2000,84.425255
China,CHN,2001,83.99775
China,CHN,2002,84.76329
China,CHN,2003,85.34323
China,CHN,2004,86.45853
China,CHN,2005,87.480865
China,CHN,2006,87.6448
China,CHN,2007,89.733665
China,CHN,2008,92.4939
China,CHN,2009,93.23202
China,CHN,2010,108.84
China,CHN,2011,110.14
China,CHN,2012,110.47
China,CHN,2013,110.98
China,CHN,2014,113.57
China,CHN,2015,115.58
China,CHN,2016,117.76
China,CHN,2017,118.86
China,CHN,2018,120.03001
China,CHN,2019,121.36
China,CHN,2020,122.38
China,CHN,2021,126.4
China,CHN,2022,128.41
China,CHN,2023,131.59
China (FAO),,1961,39.5
China (FAO),,1962,42.88
China (FAO),,1963,44.07
China (FAO),,1964,45.96
China (FAO),,1965,47.5
China (FAO),,1966,48.47
China (FAO),,1967,47.4
China (FAO),,1968,45.49
China (FAO),,1969,44.18
China (FAO),,1970,46.18
China (FAO),,1971,46.98
China (FAO),,1972,46.38
China (FAO),,1973,47.66
China (FAO),,1974,47.66
China (FAO),,1975,47.99
China (FAO),,1976,47.21
China (FAO),,1977,47.67
China (FAO),,1978,51.44
China (FAO),,1979,52.27
China (FAO),,1980,54.01
China (FAO),,1981,55.23
China (FAO),,1982,58.17
China (FAO),,1983,59.97
China (FAO),,1984,61.32
China (FAO),,1985,62.03
China (FAO),,1986,62.6
China (FAO),,1987,63.02
China (FAO),,1988,63.27
China (FAO),,1989,62.97
China (FAO),,1990,65.03
China (FAO),,1991,63.75
China (FAO),,1992,65.76
China (FAO),,1993,70.08
China (FAO),,1994,73.43
China (FAO),,1995,75.81
China (FAO),,1996,77.54
China (FAO),,1997,79.4
China (FAO),,1998,80.82
China (FAO),,1999,81.05
China (FAO),,2000,83.97
China (FAO),,2001,83.6
China (FAO),,2002,84.39
China (FAO),,2003,84.97
China (FAO),,2004,86.05
China (FAO),,2005,87.07
China (FAO),,2006,87.24
China (FAO),,2007,89.3
China (FAO),,2008,91.98
China (FAO),,2009,92.72
China (FAO),,2010,108.7
China (FAO),,2011,110.05
China (FAO),,2012,110.34
China (FAO),,2013,110.81
China (FAO),,2014,113.38
China (FAO),,2015,115.35
China (FAO),,2016,117.5
China (FAO),,2017,118.59
China (FAO),,2018,119.77
China (FAO),,2019,121.11
China (FAO),,2020,122.13
China (FAO),,2021,126.01
China (FAO),,2022,127.94
China (FAO),,2023,130.99
Colombia,COL,1961,50.6906
Colombia,COL,1962,51.104237
Colombia,COL,1963,49.83413
Colombia,COL,1964,51.274174
Colombia,COL,1965,50.756454
Colombia,COL,1966,47.969967
Colombia,COL,1967,48.46015
Colombia,COL,1968,48.758167
Colombia,COL,1969,47.396595
Colombia,COL,1970,48.296474
Colombia,COL,1971,49.611816
Colombia,COL,1972,48.75173
Colombia,COL,1973,48.38557
Colombia,COL,1974,48.39847
Colombia,COL,1975,48.897274
Colombia,COL,1976,51.78434
Colombia,COL,1977,51.190147
Colombia,COL,1978,51.933887
Colombia,COL,1979,52.609436
Colombia,COL,1980,53.82975
Colombia,COL,1981,54.52603
Colombia,COL,1982,54.55631
Colombia,COL,1983,53.66825
Colombia,COL,1984,54.77996
Colombia,COL,1985,53.200127
Colombia,COL,1986,53.531918
Colombia,COL,1987,53.96414
Colombia,COL,1988,55.85285
Colombia,COL,1989,56.966312
Colombia,COL,1990,57.825108
Colombia,COL,1991,57.411694
Colombia,COL,1992,58.738297
Colombia,COL,1993,60.258842
Colombia,COL,1994,62.756203
Colombia,COL,1995,65.04829
Colombia,COL,1996,66.26611
Colombia,COL,1997,65.98775
Colombia,COL,1998,65.058716
Colombia,COL,1999,63.674496
Colombia,COL,2000,64.690186
Colombia,COL,2001,65.10397
Colombia,COL,2002,64.8218
Colombia,COL,2003,64.54053
Colombia,COL,2004,63.27527
Colombia,COL,2005,63.798656
Colombia,COL,2006,65.54932
Colombia,COL,2007,65.92049
Colombia,COL,2008,66.8749
Colombia,COL,2009,63.668816
Colombia,COL,2010,66.549995
Colombia,COL,2011,67.74999
Colombia,COL,2012,70.22
Colombia,COL,2013,71.53999
Colombia,COL,2014,74.920006
Colombia,COL,2015,77.14001
Colombia,COL,2016,77.31
Colombia,COL,2017,78.48
Colombia,COL,2018,80.55001
Colombia,COL,2019,81.92
Colombia,COL,2020,81.03001
Colombia,COL,2021,81.22
Colombia,COL,2022,83.869995
Colombia,COL,2023,83.149994
Comoros,COM,2010,60.589447
Comoros,COM,2011,60.48964
Comoros,COM,2012,60.729378
Comoros,COM,2013,62.62883
Comoros,COM,2014,62.848938
Comoros,COM,2015,62.25957
Comoros,COM,2016,65.81956
Comoros,COM,2017,64.899826
Comoros,COM,2018,62.539436
Comoros,COM,2019,61.749844
Comoros,COM,2020,66.749
Comoros,COM,2021,66.159355
Comoros,COM,2022,65.98992
Comoros,COM,2023,63.04
Congo,COG,1961,33.595966
Congo,COG,1962,33.608257
Congo,COG,1963,33.95554
Congo,COG,1964,35.11973
Congo,COG,1965,33.238117
Congo,COG,1966,32.533497
Congo,COG,1967,32.765793
Congo,COG,1968,33.862774
Congo,COG,1969,33.49447
Congo,COG,1970,31.530542
Congo,COG,1971,33.028652
Congo,COG,1972,36.036354
Congo,COG,1973,33.720776
Congo,COG,1974,32.13653
Congo,COG,1975,34.307648
Congo,COG,1976,33.96286
Congo,COG,1977,34.935184
Congo,COG,1978,37.146347
Congo,COG,1979,37.426525
Congo,COG,1980,37.746624
Congo,COG,1981,36.62869
Congo,COG,1982,40.16553
Congo,COG,1983,42.301655
Congo,COG,1984,44.955498
Congo,COG,1985,44.753708
Congo,COG,1986,44.08873
Congo,COG,1987,43.668514
Congo,COG,1988,43.21708
Congo,COG,1989,42.53804
Congo,COG,1990,41.87284
Congo,COG,1991,45.978004
Congo,COG,1992,48.99436
Congo,COG,1993,47.414997
Congo,COG,1994,43.150223
Congo,COG,1995,40.50627
Congo,COG,1996,38.959187
Congo,COG,1997,39.464764
Congo,COG,1998,42.508316
Congo,COG,1999,41.18049
Congo,COG,2000,42.80291
Congo,COG,2001,43.555973
Congo,COG,2002,43.90728
Congo,COG,2003,45.949265
Congo,COG,2004,47.223984
Congo,COG,2005,38.445454
Congo,COG,2006,42.282425
Congo,COG,2007,41.656178
Congo,COG,2008,41.619625
Congo,COG,2009,43.997818
Congo,COG,2010,41.59987
Congo,COG,2011,43.119926
Congo,COG,2012,43.24994
Congo,COG,2013,46.989964
Congo,COG,2014,48.01993
Congo,COG,2015,48.66997
Congo,COG,2016,48.069954
Congo,COG,2017,52.97997
Congo,COG,2018,53.209923
Congo,COG,2019,51.65004
Congo,COG,2020,51.20998
Congo,COG,2021,54.909935
Congo,COG,2022,55.629967
Congo,COG,2023,58.89
Costa Rica,CRI,1961,48.61359
Costa Rica,CRI,1962,48.252434
Costa Rica,CRI,1963,49.573215
Costa Rica,CRI,1964,50.17838
Costa Rica,CRI,1965,53.631115
Costa Rica,CRI,1966,50.82069
Costa Rica,CRI,1967,51.319466
Costa Rica,CRI,1968,52.78232
Costa Rica,CRI,1969,52.41802
Costa Rica,CRI,1970,54.156303
Costa Rica,CRI,1971,55.192993
Costa Rica,CRI,1972,54.66025
Costa Rica,CRI,1973,54.410175
Costa Rica,CRI,1974,53.611794
Costa Rica,CRI,1975,56.194973
Costa Rica,CRI,1976,60.275253
Costa Rica,CRI,1977,59.662407
Costa Rica,CRI,1978,59.37393
Costa Rica,CRI,1979,61.594147
Costa Rica,CRI,1980,62.907566
Costa Rica,CRI,1981,59.474453
Costa Rica,CRI,1982,55.75121
Costa Rica,CRI,1983,60.495186
Costa Rica,CRI,1984,61.95855
Costa Rica,CRI,1985,63.441536
Costa Rica,CRI,1986,61.105595
Costa Rica,CRI,1987,64.418976
Costa Rica,CRI,1988,62.46781
Costa Rica,CRI,1989,67.289734
Costa Rica,CRI,1990,67.89822
Costa Rica,CRI,1991,66.9306
Costa Rica,CRI,1992,64.556694
Costa Rica,CRI,1993,66.32978
Costa Rica,CRI,1994,68.25131
Costa Rica,CRI,1995,71.80943
Costa Rica,CRI,1996,66.91429
Costa Rica,CRI,1997,69.46984
Costa Rica,CRI,1998,68.27049
Costa Rica,CRI,1999,71.25715
Costa Rica,CRI,2000,74.09413
Costa Rica,CRI,2001,70.611244
Costa Rica,CRI,2002,70.44471
Costa Rica,CRI,2003,71.13934
Costa Rica,CRI,2004,71.098946
Costa Rica,CRI,2005,71.7256
Costa Rica,CRI,2006,74.17338
Costa Rica,CRI,2007,75.87686
Costa Rica,CRI,2008,76.90685
Costa Rica,CRI,2009,77.79124
Costa Rica,CRI,2010,78.639915
Costa Rica,CRI,2011,77.13993
Costa Rica,CRI,2012,77.24
Costa Rica,CRI,2013,77.669945
Costa Rica,CRI,2014,78.2799
Costa Rica,CRI,2015,78.08991
Costa Rica,CRI,2016,81.389946
Costa Rica,CRI,2017,82.470055
Costa Rica,CRI,2018,84.02011
Costa Rica,CRI,2019,89.34001
Costa Rica,CRI,2020,88.68995
Costa Rica,CRI,2021,87.929985
Costa Rica,CRI,2022,88.70992
Costa Rica,CRI,2023,91.85007
Cote d'Ivoire,CIV,1961,47.608788
Cote d'Ivoire,CIV,1962,49.209377
Cote d'Ivoire,CIV,1963,52.266254
Cote d'Ivoire,CIV,1964,55.13137
Cote d'Ivoire,CIV,1965,55.64751
Cote d'Ivoire,CIV,1966,55.17245
Cote d'Ivoire,CIV,1967,56.30015
Cote d'Ivoire,CIV,1968,58.209843
Cote d'Ivoire,CIV,1969,58.137413
Cote d'Ivoire,CIV,1970,58.65265
Cote d'Ivoire,CIV,1971,57.814167
Cote d'Ivoire,CIV,1972,56.90886
Cote d'Ivoire,CIV,1973,55.31383
Cote d'Ivoire,CIV,1974,56.08357
Cote d'Ivoire,CIV,1975,55.918423
Cote d'Ivoire,CIV,1976,56.941185
Cote d'Ivoire,CIV,1977,56.86249
Cote d'Ivoire,CIV,1978,58.2075
Cote d'Ivoire,CIV,1979,61.225327
Cote d'Ivoire,CIV,1980,62.271137
Cote d'Ivoire,CIV,1981,63.42948
Cote d'Ivoire,CIV,1982,61.04799
Cote d'Ivoire,CIV,1983,59.214523
Cote d'Ivoire,CIV,1984,58.52756
Cote d'Ivoire,CIV,1985,58.05158
Cote d'Ivoire,CIV,1986,58.168644
Cote d'Ivoire,CIV,1987,57.48776
Cote d'Ivoire,CIV,1988,58.78197
Cote d'Ivoire,CIV,1989,55.958076
Cote d'Ivoire,CIV,1990,55.38275
Cote d'Ivoire,CIV,1991,53.9475
Cote d'Ivoire,CIV,1992,53.745373
Cote d'Ivoire,CIV,1993,52.13307
Cote d'Ivoire,CIV,1994,49.60497
Cote d'Ivoire,CIV,1995,50.051884
Cote d'Ivoire,CIV,1996,49.84934
Cote d'Ivoire,CIV,1997,49.73638
Cote d'Ivoire,CIV,1998,48.677647
Cote d'Ivoire,CIV,1999,48.491096
Cote d'Ivoire,CIV,2000,46.445305
Cote d'Ivoire,CIV,2001,46.806103
Cote d'Ivoire,CIV,2002,46.59761
Cote d'Ivoire,CIV,2003,47.037193
Cote d'Ivoire,CIV,2004,47.34177
Cote d'Ivoire,CIV,2005,48.060337
Cote d'Ivoire,CIV,2006,47.750683
Cote d'Ivoire,CIV,2007,46.949512
Cote d'Ivoire,CIV,2008,47.76664
Cote d'Ivoire,CIV,2009,48.35868
Cote d'Ivoire,CIV,2010,57.91998
Cote d'Ivoire,CIV,2011,58.719994
Cote d'Ivoire,CIV,2012,58.379993
Cote d'Ivoire,CIV,2013,57.16001
Cote d'Ivoire,CIV,2014,59.04002
Cote d'Ivoire,CIV,2015,62.93998
Cote d'Ivoire,CIV,2016,62.41999
Cote d'Ivoire,CIV,2017,64.43999
Cote d'Ivoire,CIV,2018,63.849987
Cote d'Ivoire,CIV,2019,63.339993
Cote d'Ivoire,CIV,2020,64.369995
Cote d'Ivoire,CIV,2021,65.36001
Cote d'Ivoire,CIV,2022,67.06999
Cote d'Ivoire,CIV,2023,65.009995
Croatia,HRV,1992,59.571728
Croatia,HRV,1993,57.89226
Croatia,HRV,1994,60.352562
Croatia,HRV,1995,65.47616
Croatia,HRV,1996,65.13103
Croatia,HRV,1997,64.709175
Croatia,HRV,1998,64.09852
Croatia,HRV,1999,68.48517
Croatia,HRV,2000,68.98533
Croatia,HRV,2001,74.79425
Croatia,HRV,2002,78.30694
Croatia,HRV,2003,77.48241
Croatia,HRV,2004,76.81024
Croatia,HRV,2005,79.4893
Croatia,HRV,2006,81.66865
Croatia,HRV,2007,82.54208
Croatia,HRV,2008,83.488686
Croatia,HRV,2009,84.940575
Croatia,HRV,2010,86.73
Croatia,HRV,2011,87.889854
Croatia,HRV,2012,90.03015
Croatia,HRV,2013,91.09993
Croatia,HRV,2014,91.35989
Croatia,HRV,2015,95.25996
Croatia,HRV,2016,98.390045
Croatia,HRV,2017,100.20004
Croatia,HRV,2018,103.59005
Croatia,HRV,2019,106.72979
Croatia,HRV,2020,106.12011
Croatia,HRV,2021,111.70009
Croatia,HRV,2022,112.65997
Croatia,HRV,2023,115.29991
Cuba,CUB,1961,49.026848
Cuba,CUB,1962,50.45303
Cuba,CUB,1963,56.756668
Cuba,CUB,1964,54.516808
Cuba,CUB,1965,53.32157
Cuba,CUB,1966,52.687836
Cuba,CUB,1967,57.038296
Cuba,CUB,1968,60.8123
Cuba,CUB,1969,61.288227
Cuba,CUB,1970,65.60652
Cuba,CUB,1971,68.10243
Cuba,CUB,1972,64.75047
Cuba,CUB,1973,65.41446
Cuba,CUB,1974,68.663734
Cuba,CUB,1975,63.67845
Cuba,CUB,1976,67.36772
Cuba,CUB,1977,66.98957
Cuba,CUB,1978,65.936516
Cuba,CUB,1979,65.20432
Cuba,CUB,1980,70.96793
Cuba,CUB,1981,72.86029
Cuba,CUB,1982,72.4236
Cuba,CUB,1983,72.35375
Cuba,CUB,1984,73.17672
Cuba,CUB,1985,75.11195
Cuba,CUB,1986,72.08354
Cuba,CUB,1987,72.25343
Cuba,CUB,1988,71.95674
Cuba,CUB,1989,72.33857
Cuba,CUB,1990,68.20187
Cuba,CUB,1991,62.399387
Cuba,CUB,1992,56.12493
Cuba,CUB,1993,50.29152
Cuba,CUB,1994,54.205013
Cuba,CUB,1995,52.852093
Cuba,CUB,1996,55.045197
Cuba,CUB,1997,57.095005
Cuba,CUB,1998,60.68061
Cuba,CUB,1999,68.07253
Cuba,CUB,2000,69.851166
Cuba,CUB,2001,72.27964
Cuba,CUB,2002,70.40714
Cuba,CUB,2003,77.18133
Cuba,CUB,2004,75.950714
Cuba,CUB,2005,78.02347
Cuba,CUB,2006,80.499916
Cuba,CUB,2007,81.45613
Cuba,CUB,2008,89.96374
Cuba,CUB,2009,86.95595
Cuba,CUB,2010,88.269966
Cuba,CUB,2011,91.16994
Cuba,CUB,2012,90.49006
Cuba,CUB,2013,93.53006
Cuba,CUB,2014,94.24
Cuba,CUB,2015,91.649925
Cuba,CUB,2016,99.759964
Cuba,CUB,2017,99.73006
Cuba,CUB,2018,96.79004
Cuba,CUB,2019,95.29002
Cyprus,CYP,1961,64.66824
Cyprus,CYP,1962,65.99992
Cyprus,CYP,1963,66.21852
Cyprus,CYP,1964,68.654106
Cyprus,CYP,1965,68.61097
Cyprus,CYP,1966,71.00958
Cyprus,CYP,1967,76.00054
Cyprus,CYP,1968,77.72934
Cyprus,CYP,1969,83.075066
Cyprus,CYP,1970,80.20162
Cyprus,CYP,1971,82.251465
Cyprus,CYP,1972,77.55631
Cyprus,CYP,1973,79.46725
Cyprus,CYP,1974,70.26268
Cyprus,CYP,1975,64.003624
Cyprus,CYP,1976,65.95455
Cyprus,CYP,1977,67.258514
Cyprus,CYP,1978,66.7535
Cyprus,CYP,1979,68.56684
Cyprus,CYP,1980,68.91296
Cyprus,CYP,1981,70.36072
Cyprus,CYP,1982,71.15697
Cyprus,CYP,1983,75.64853
Cyprus,CYP,1984,75.549675
Cyprus,CYP,1985,76.99534
Cyprus,CYP,1986,77.78081
Cyprus,CYP,1987,79.51318
Cyprus,CYP,1988,79.17707
Cyprus,CYP,1989,82.873535
Cyprus,CYP,1990,82.96993
Cyprus,CYP,1991,79.66715
Cyprus,CYP,1992,87.79582
Cyprus,CYP,1993,85.77251
Cyprus,CYP,1994,85.21918
Cyprus,CYP,1995,88.106735
Cyprus,CYP,1996,83.96834
Cyprus,CYP,1997,83.80169
Cyprus,CYP,1998,85.900154
Cyprus,CYP,1999,86.51683
Cyprus,CYP,2000,84.710754
Cyprus,CYP,2001,84.9833
Cyprus,CYP,2002,84.6254
Cyprus,CYP,2003,80.01173
Cyprus,CYP,2004,80.4116
Cyprus,CYP,2005,78.29081
Cyprus,CYP,2006,75.82521
Cyprus,CYP,2007,80.166435
Cyprus,CYP,2008,80.767914
Cyprus,CYP,2009,77.90771
Cyprus,CYP,2010,103.549446
Cyprus,CYP,2011,103.429726
Cyprus,CYP,2012,101.50974
Cyprus,CYP,2013,98.189255
Cyprus,CYP,2014,96.40952
Cyprus,CYP,2015,96.52968
Cyprus,CYP,2016,95.39969
Cyprus,CYP,2017,95.270454
Cyprus,CYP,2018,93.879776
Cyprus,CYP,2019,101.09008
Cyprus,CYP,2020,97.76
Cyprus,CYP,2021,97.619934
Cyprus,CYP,2022,96.389565
Cyprus,CYP,2023,98.72993
Czechia,CZE,1993,92.944084
Czechia,CZE,1994,88.54548
Czechia,CZE,1995,93.3835
Czechia,CZE,1996,95.88579
Czechia,CZE,1997,93.590935
Czechia,CZE,1998,97.1514
Czechia,CZE,1999,91.56597
Czechia,CZE,2000,90.40635
Czechia,CZE,2001,92.83145
Czechia,CZE,2002,92.73871
Czechia,CZE,2003,92.58255
Czechia,CZE,2004,95.57951
Czechia,CZE,2005,98.85505
Czechia,CZE,2006,94.98644
Czechia,CZE,2007,95.06424
Czechia,CZE,2008,94.094574
Czechia,CZE,2009,93.15759
Czechia,CZE,2010,99.69005
Czechia,CZE,2011,98.19002
Czechia,CZE,2012,93.74992
Czechia,CZE,2013,94.39996
Czechia,CZE,2014,94.73007
Czechia,CZE,2015,95.390015
Czechia,CZE,2016,96.86004
Czechia,CZE,2017,95.18997
Czechia,CZE,2018,95.29006
Czechia,CZE,2019,95.24007
Czechia,CZE,2020,95.65001
Czechia,CZE,2021,96.62997
Czechia,CZE,2022,96.879944
Czechia,CZE,2023,96.07998
Czechoslovakia,OWID_CZS,1961,89.24118
Czechoslovakia,OWID_CZS,1962,90.85823
Czechoslovakia,OWID_CZS,1963,92.22
Czechoslovakia,OWID_CZS,1964,93.01766
Czechoslovakia,OWID_CZS,1965,93.631134
Czechoslovakia,OWID_CZS,1966,94.13383
Czechoslovakia,OWID_CZS,1967,95.2848
Czechoslovakia,OWID_CZS,1968,96.25082
Czechoslovakia,OWID_CZS,1969,95.42995
Czechoslovakia,OWID_CZS,1970,95.60338
Czechoslovakia,OWID_CZS,1971,96.46059
Czechoslovakia,OWID_CZS,1972,96.1398
Czechoslovakia,OWID_CZS,1973,96.58672
Czechoslovakia,OWID_CZS,1974,97.4502
Czechoslovakia,OWID_CZS,1975,98.46272
Czechoslovakia,OWID_CZS,1976,98.9832
Czechoslovakia,OWID_CZS,1977,97.94078
Czechoslovakia,OWID_CZS,1978,98.86879
Czechoslovakia,OWID_CZS,1979,98.33112
Czechoslovakia,OWID_CZS,1980,98.744705
Czechoslovakia,OWID_CZS,1981,99.97133
Czechoslovakia,OWID_CZS,1982,98.83576
Czechoslovakia,OWID_CZS,1983,99.40164
Czechoslovakia,OWID_CZS,1984,101.65318
Czechoslovakia,OWID_CZS,1985,101.927
Czechoslovakia,OWID_CZS,1986,101.72766
Czechoslovakia,OWID_CZS,1987,103.86261
Czechoslovakia,OWID_CZS,1988,106.50463
Czechoslovakia,OWID_CZS,1989,107.221275
Czechoslovakia,OWID_CZS,1990,105.71565
Czechoslovakia,OWID_CZS,1991,92.98597
Czechoslovakia,OWID_CZS,1992,87.38678
Democratic Republic of Congo,COD,2010,30.84
Democratic Republic of Congo,COD,2011,31.25
Democratic Republic of Congo,COD,2012,30.079998
Democratic Republic of Congo,COD,2013,29.64
Democratic Republic of Congo,COD,2014,30.679998
Democratic Republic of Congo,COD,2015,30.14
Democratic Republic of Congo,COD,2016,29.299995
Democratic Republic of Congo,COD,2017,29.6
Democratic Republic of Congo,COD,2018,29.219997
Democratic Republic of Congo,COD,2019,28.879995
Democratic Republic of Congo,COD,2020,28.28
Democratic Republic of Congo,COD,2021,28.6
Democratic Republic of Congo,COD,2022,28.469997
Democratic Republic of Congo,COD,2023,27.719997
Denmark,DNK,1961,82.377174
Denmark,DNK,1962,78.555916
Denmark,DNK,1963,79.59942
Denmark,DNK,1964,80.278885
Denmark,DNK,1965,77.94904
Denmark,DNK,1966,80.44989
Denmark,DNK,1967,78.68122
Denmark,DNK,1968,76.40313
Denmark,DNK,1969,78.46936
Denmark,DNK,1970,77.850945
Denmark,DNK,1971,78.0118
Denmark,DNK,1972,78.349655
Denmark,DNK,1973,74.604256
Denmark,DNK,1974,77.44335
Denmark,DNK,1975,79.16934
Denmark,DNK,1976,82.23651
Denmark,DNK,1977,84.10261
Denmark,DNK,1978,86.87923
Denmark,DNK,1979,85.35898
Denmark,DNK,1980,88.02864
Denmark,DNK,1981,88.7684
Denmark,DNK,1982,87.32698
Denmark,DNK,1983,85.58578
Denmark,DNK,1984,86.773766
Denmark,DNK,1985,94.48377
Denmark,DNK,1986,98.650925
Denmark,DNK,1987,101.06006
Denmark,DNK,1988,101.77799
Denmark,DNK,1989,100.75698
Denmark,DNK,1990,103.36941
Denmark,DNK,1991,106.35286
Denmark,DNK,1992,104.15251
Denmark,DNK,1993,105.46799
Denmark,DNK,1994,104.46647
Denmark,DNK,1995,108.26247
Denmark,DNK,1996,105.547775
Denmark,DNK,1997,104.14131
Denmark,DNK,1998,107.76297
Denmark,DNK,1999,103.4053
Denmark,DNK,2000,99.82897
Denmark,DNK,2001,107.54318
Denmark,DNK,2002,107.180916
Denmark,DNK,2003,103.213875
Denmark,DNK,2004,105.45074
Denmark,DNK,2005,115.596924
Denmark,DNK,2006,113.00425
Denmark,DNK,2007,110.7095
Denmark,DNK,2008,109.30451
Denmark,DNK,2009,103.875626
Denmark,DNK,2010,112.30989
Denmark,DNK,2011,108.51004
Denmark,DNK,2012,113.050186
Denmark,DNK,2013,115.56994
Denmark,DNK,2014,119.13989
Denmark,DNK,2015,123.030045
Denmark,DNK,2016,123.75009
Denmark,DNK,2017,123.40013
Denmark,DNK,2018,128.8399
Denmark,DNK,2019,124.11005
Denmark,DNK,2020,127.610016
Denmark,DNK,2021,127.20012
Denmark,DNK,2022,125.739975
Denmark,DNK,2023,126.33013
Djibouti,DJI,1961,41.279987
Djibouti,DJI,1962,44.075882
Djibouti,DJI,1963,42.293564
Djibouti,DJI,1964,44.18819
Djibouti,DJI,1965,42.63436
Djibouti,DJI,1966,43.584103
Djibouti,DJI,1967,43.0066
Djibouti,DJI,1968,42.994137
Djibouti,DJI,1969,42.11551
Djibouti,DJI,1970,43.342426
Djibouti,DJI,1971,43.01466
Djibouti,DJI,1972,40.888325
Djibouti,DJI,1973,41.055477
Djibouti,DJI,1974,40.367405
Djibouti,DJI,1975,40.292297
Djibouti,DJI,1976,41.480755
Djibouti,DJI,1977,38.529076
Djibouti,DJI,1978,36.030594
Djibouti,DJI,1979,37.525192
Djibouti,DJI,1980,40.85581
Djibouti,DJI,1981,41.76796
Djibouti,DJI,1982,42.212383
Djibouti,DJI,1983,40.42107
Djibouti,DJI,1984,40.02843
Djibouti,DJI,1985,39.916065
Djibouti,DJI,1986,41.155964
Djibouti,DJI,1987,46.86639
Djibouti,DJI,1988,47.84371
Djibouti,DJI,1989,43.85951
Djibouti,DJI,1990,44.63095
Djibouti,DJI,1991,35.249424
Djibouti,DJI,1992,36.523266
Djibouti,DJI,1993,40.155895
Djibouti,DJI,1994,39.499855
Djibouti,DJI,1995,41.618324
Djibouti,DJI,1996,41.007046
Djibouti,DJI,1997,42.458134
Djibouti,DJI,1998,43.16978
Djibouti,DJI,1999,44.938225
Djibouti,DJI,2000,46.863243
Djibouti,DJI,2001,46.26808
Djibouti,DJI,2002,46.534134
Djibouti,DJI,2003,47.265923
Djibouti,DJI,2004,46.796364
Djibouti,DJI,2005,51.40655
Djibouti,DJI,2006,55.239475
Djibouti,DJI,2007,57.293964
Djibouti,DJI,2008,56.226624
Djibouti,DJI,2009,55.946835
Djibouti,DJI,2010,65.779854
Djibouti,DJI,2011,65.74966
Djibouti,DJI,2012,68.65972
Djibouti,DJI,2013,69.52908
Djibouti,DJI,2014,72.7
Djibouti,DJI,2015,76.32955
Djibouti,DJI,2016,74.17929
Djibouti,DJI,2017,72.32973
Djibouti,DJI,2018,72.1496
Djibouti,DJI,2019,71.88
Djibouti,DJI,2020,72.8298
Djibouti,DJI,2021,75.119934
Djibouti,DJI,2022,75.52993
Djibouti,DJI,2023,74.869286
Dominica,DMA,1961,40.875977
Dominica,DMA,1962,45.313522
Dominica,DMA,1963,46.20007
Dominica,DMA,1964,46.669437
Dominica,DMA,1965,48.554047
Dominica,DMA,1966,45.099968
Dominica,DMA,1967,45.03064
Dominica,DMA,1968,49.02803
Dominica,DMA,1969,50.133907
Dominica,DMA,1970,50.030758
Dominica,DMA,1971,49.920055
Dominica,DMA,1972,50.872246
Dominica,DMA,1973,48.01156
Dominica,DMA,1974,47.844063
Dominica,DMA,1975,46.76696
Dominica,DMA,1976,47.243877
Dominica,DMA,1977,52.73611
Dominica,DMA,1978,55.667095
Dominica,DMA,1979,55.38313
Dominica,DMA,1980,58.654343
Dominica,DMA,1981,59.380306
Dominica,DMA,1982,59.72849
Dominica,DMA,1983,57.92982
Dominica,DMA,1984,62.043983
Dominica,DMA,1985,63.77355
Dominica,DMA,1986,70.53076
Dominica,DMA,1987,72.67496
Dominica,DMA,1988,74.713715
Dominica,DMA,1989,77.10022
Dominica,DMA,1990,76.93944
Dominica,DMA,1991,76.33517
Dominica,DMA,1992,78.285934
Dominica,DMA,1993,78.11196
Dominica,DMA,1994,81.85745
Dominica,DMA,1995,87.61333
Dominica,DMA,1996,86.84006
Dominica,DMA,1997,85.60153
Dominica,DMA,1998,84.1794
Dominica,DMA,1999,88.03478
Dominica,DMA,2000,93.44638
Dominica,DMA,2001,92.71292
Dominica,DMA,2002,92.03335
Dominica,DMA,2003,89.65457
Dominica,DMA,2004,88.52965
Dominica,DMA,2005,88.75259
Dominica,DMA,2006,90.752655
Dominica,DMA,2007,95.000725
Dominica,DMA,2008,94.39723
Dominica,DMA,2009,92.99815
Dominica,DMA,2010,94.94152
Dominica,DMA,2011,91.45695
Dominica,DMA,2012,88.66083
Dominica,DMA,2013,92.40412
Dominica,DMA,2014,92.12934
Dominica,DMA,2015,93.35131
Dominica,DMA,2016,96.50381
Dominica,DMA,2017,96.52591
Dominica,DMA,2018,93.537025
Dominica,DMA,2019,98.82232
Dominica,DMA,2020,104.077644
Dominica,DMA,2021,112.047966
Dominica,DMA,2022,108.89182
Dominican Republic,DOM,1961,38.11606
Dominican Republic,DOM,1962,40.639496
Dominican Republic,DOM,1963,41.052296
Dominican Republic,DOM,1964,43.05529
Dominican Republic,DOM,1965,40.52597
Dominican Republic,DOM,1966,42.928967
Dominican Republic,DOM,1967,41.994484
Dominican Republic,DOM,1968,43.026527
Dominican Republic,DOM,1969,44.25745
Dominican Republic,DOM,1970,44.013245
Dominican Republic,DOM,1971,44.461075
Dominican Republic,DOM,1972,43.783432
Dominican Republic,DOM,1973,44.981556
Dominican Republic,DOM,1974,45.85572
Dominican Republic,DOM,1975,45.546925
Dominican Republic,DOM,1976,44.802723
Dominican Republic,DOM,1977,46.45159
Dominican Republic,DOM,1978,45.97585
Dominican Republic,DOM,1979,48.644318
Dominican Republic,DOM,1980,50.937714
Dominican Republic,DOM,1981,48.74478
Dominican Republic,DOM,1982,48.12277
Dominican Republic,DOM,1983,49.97283
Dominican Republic,DOM,1984,49.714073
Dominican Republic,DOM,1985,52.422066
Dominican Republic,DOM,1986,49.869114
Dominican Republic,DOM,1987,49.427525
Dominican Republic,DOM,1988,51.031094
Dominican Republic,DOM,1989,51.227806
Dominican Republic,DOM,1990,46.8974
Dominican Republic,DOM,1991,49.19326
Dominican Republic,DOM,1992,47.725643
Dominican Republic,DOM,1993,49.268764
Dominican Republic,DOM,1994,49.999126
Dominican Republic,DOM,1995,49.80106
Dominican Republic,DOM,1996,48.150654
Dominican Republic,DOM,1997,47.22862
Dominican Republic,DOM,1998,48.27528
Dominican Republic,DOM,1999,45.27423
Dominican Republic,DOM,2000,47.976425
Dominican Republic,DOM,2001,47.636135
Dominican Republic,DOM,2002,50.03348
Dominican Republic,DOM,2003,44.331673
Dominican Republic,DOM,2004,46.61701
Dominican Republic,DOM,2005,52.209194
Dominican Republic,DOM,2006,55.588184
Dominican Republic,DOM,2007,56.618263
Dominican Republic,DOM,2008,55.75133
Dominican Republic,DOM,2009,57.02894
Dominican Republic,DOM,2010,61.939934
Dominican Republic,DOM,2011,65.43999
Dominican Republic,DOM,2012,62.86001
Dominican Republic,DOM,2013,62.77995
Dominican Republic,DOM,2014,65.87005
Dominican Republic,DOM,2015,67.620026
Dominican Republic,DOM,2016,70.42
Dominican Republic,DOM,2017,71.55996
Dominican Republic,DOM,2018,76.88001
Dominican Republic,DOM,2019,78.46998
Dominican Republic,DOM,2020,80.140015
Dominican Republic,DOM,2021,83.28
Dominican Republic,DOM,2022,86.99997
Dominican Republic,DOM,2023,90.04001
East Timor,TLS,1961,66.73865
East Timor,TLS,1962,67.016335
East Timor,TLS,1963,65.75522
East Timor,TLS,1964,68.93092
East Timor,TLS,1965,69.12672
East Timor,TLS,1966,70.47252
East Timor,TLS,1967,68.476
East Timor,TLS,1968,67.977295
East Timor,TLS,1969,68.22996
East Timor,TLS,1970,67.457054
East Timor,TLS,1971,68.69873
East Timor,TLS,1972,72.543655
East Timor,TLS,1973,70.04327
East Timor,TLS,1974,67.75532
East Timor,TLS,1975,66.75798
East Timor,TLS,1976,62.76082
East Timor,TLS,1977,62.216816
East Timor,TLS,1978,61.92859
East Timor,TLS,1979,60.115387
East Timor,TLS,1980,56.18886
East Timor,TLS,1981,56.43687
East Timor,TLS,1982,56.964966
East Timor,TLS,1983,57.147503
East Timor,TLS,1984,58.30017
East Timor,TLS,1985,59.096474
East Timor,TLS,1986,58.875156
East Timor,TLS,1987,58.619015
East Timor,TLS,1988,58.392044
East Timor,TLS,1989,57.254517
East Timor,TLS,1990,52.57557
East Timor,TLS,1991,54.75937
East Timor,TLS,1992,56.15602
East Timor,TLS,1993,56.405575
East Timor,TLS,1994,54.779305
East Timor,TLS,1995,54.068157
East Timor,TLS,1996,50.10714
East Timor,TLS,1997,49.85927
East Timor,TLS,1998,46.02852
East Timor,TLS,1999,51.406315
East Timor,TLS,2000,58.362595
East Timor,TLS,2001,56.093372
East Timor,TLS,2002,55.99513
East Timor,TLS,2003,57.04586
East Timor,TLS,2004,56.01658
East Timor,TLS,2005,55.00366
East Timor,TLS,2006,56.4241
East Timor,TLS,2007,56.094013
East Timor,TLS,2008,55.88509
East Timor,TLS,2009,55.07002
East Timor,TLS,2010,61.25955
East Timor,TLS,2011,63.099884
East Timor,TLS,2012,62.89939
East Timor,TLS,2013,61.109627
East Timor,TLS,2014,62.23932
East Timor,TLS,2015,62.379845
East Timor,TLS,2016,63.189796
East Timor,TLS,2017,65.67942
East Timor,TLS,2018,62.2599
East Timor,TLS,2019,60.76972
East Timor,TLS,2020,59.849957
East Timor,TLS,2021,60.99991
East Timor,TLS,2022,64.74004
East Timor,TLS,2023,65.39991
Eastern Africa (FAO),,1961,55.62
Eastern Africa (FAO),,1962,55.48
Eastern Africa (FAO),,1963,55.23
Eastern Africa (FAO),,1964,55.04
Eastern Africa (FAO),,1965,55.54
Eastern Africa (FAO),,1966,55.57
Eastern Africa (FAO),,1967,55.97
Eastern Africa (FAO),,1968,55.64
Eastern Africa (FAO),,1969,56.12
Eastern Africa (FAO),,1970,56.14
Eastern Africa (FAO),,1971,55.95
Eastern Africa (FAO),,1972,55.17
Eastern Africa (FAO),,1973,53.67
Eastern Africa (FAO),,1974,53.68
Eastern Africa (FAO),,1975,54.09
Eastern Africa (FAO),,1976,54.34
Eastern Africa (FAO),,1977,55.42
Eastern Africa (FAO),,1978,55.14
Eastern Africa (FAO),,1979,55.45
Eastern Africa (FAO),,1980,55.76
Eastern Africa (FAO),,1981,53.84
Eastern Africa (FAO),,1982,53.49
Eastern Africa (FAO),,1983,54.05
Eastern Africa (FAO),,1984,51.25
Eastern Africa (FAO),,1985,51
Eastern Africa (FAO),,1986,51.13
Eastern Africa (FAO),,1987,50.29
Eastern Africa (FAO),,1988,50.61
Eastern Africa (FAO),,1989,50.64
Eastern Africa (FAO),,1990,49.61
Eastern Africa (FAO),,1991,49.67
Eastern Africa (FAO),,1992,48.32
Eastern Africa (FAO),,1993,47.2
Eastern Africa (FAO),,1994,47.97
Eastern Africa (FAO),,1995,48.85
Eastern Africa (FAO),,1996,49.01
Eastern Africa (FAO),,1997,49.06
Eastern Africa (FAO),,1998,49.86
Eastern Africa (FAO),,1999,49.9
Eastern Africa (FAO),,2000,50.13
Eastern Africa (FAO),,2001,50.8
Eastern Africa (FAO),,2002,51.77
Eastern Africa (FAO),,2003,51.93
Eastern Africa (FAO),,2004,52.05
Eastern Africa (FAO),,2005,54.01
Eastern Africa (FAO),,2006,54.05
Eastern Africa (FAO),,2007,54.3
Eastern Africa (FAO),,2008,54.65
Eastern Africa (FAO),,2009,55.9
Eastern Africa (FAO),,2010,59
Eastern Africa (FAO),,2011,59.55
Eastern Africa (FAO),,2012,60.3
Eastern Africa (FAO),,2013,60.47
Eastern Africa (FAO),,2014,60.33
Eastern Africa (FAO),,2015,60.79
Eastern Africa (FAO),,2016,59.96
Eastern Africa (FAO),,2017,60.53
Eastern Africa (FAO),,2018,60.18
Eastern Africa (FAO),,2019,59.58
Eastern Africa (FAO),,2020,60.69
Eastern Africa (FAO),,2021,60.35
Eastern Africa (FAO),,2022,61.41
Eastern Africa (FAO),,2023,61.22
Eastern Asia (FAO),,1961,44.44
Eastern Asia (FAO),,1962,47.36
Eastern Asia (FAO),,1963,48.56
Eastern Asia (FAO),,1964,49.89
Eastern Asia (FAO),,1965,51.61
Eastern Asia (FAO),,1966,52.56
Eastern Asia (FAO),,1967,51.9
Eastern Asia (FAO),,1968,50.45
Eastern Asia (FAO),,1969,49.39
Eastern Asia (FAO),,1970,51.08
Eastern Asia (FAO),,1971,52
Eastern Asia (FAO),,1972,51.66
Eastern Asia (FAO),,1973,52.97
Eastern Asia (FAO),,1974,52.89
Eastern Asia (FAO),,1975,53.31
Eastern Asia (FAO),,1976,53.08
Eastern Asia (FAO),,1977,53.16
Eastern Asia (FAO),,1978,56.66
Eastern Asia (FAO),,1979,57.42
Eastern Asia (FAO),,1980,58.65
Eastern Asia (FAO),,1981,59.75
Eastern Asia (FAO),,1982,62.12
Eastern Asia (FAO),,1983,63.77
Eastern Asia (FAO),,1984,65.04
Eastern Asia (FAO),,1985,65.66
Eastern Asia (FAO),,1986,66.28
Eastern Asia (FAO),,1987,66.9
Eastern Asia (FAO),,1988,67.16
Eastern Asia (FAO),,1989,66.97
Eastern Asia (FAO),,1990,68.59
Eastern Asia (FAO),,1991,67.18
Eastern Asia (FAO),,1992,69.02
Eastern Asia (FAO),,1993,72.82
Eastern Asia (FAO),,1994,75.73
Eastern Asia (FAO),,1995,77.78
Eastern Asia (FAO),,1996,79.18
Eastern Asia (FAO),,1997,80.61
Eastern Asia (FAO),,1998,81.63
Eastern Asia (FAO),,1999,82.09
Eastern Asia (FAO),,2000,84.76
Eastern Asia (FAO),,2001,84.42
Eastern Asia (FAO),,2002,85
Eastern Asia (FAO),,2003,85.47
Eastern Asia (FAO),,2004,86.13
Eastern Asia (FAO),,2005,87.07
Eastern Asia (FAO),,2006,87.09
Eastern Asia (FAO),,2007,88.94
Eastern Asia (FAO),,2008,91.22
Eastern Asia (FAO),,2009,91.66
Eastern Asia (FAO),,2010,106.2
Eastern Asia (FAO),,2011,107.49
Eastern Asia (FAO),,2012,107.75
Eastern Asia (FAO),,2013,108.17
Eastern Asia (FAO),,2014,110.4
Eastern Asia (FAO),,2015,112.06
Eastern Asia (FAO),,2016,113.97
Eastern Asia (FAO),,2017,115.1
Eastern Asia (FAO),,2018,116.2
Eastern Asia (FAO),,2019,117.38
Eastern Asia (FAO),,2020,118.27
Eastern Asia (FAO),,2021,121.78
Eastern Asia (FAO),,2022,123.63
Eastern Asia (FAO),,2023,126.26
Eastern Europe (FAO),,1961,94.62
Eastern Europe (FAO),,1962,96.5
Eastern Europe (FAO),,1963,97.9
Eastern Europe (FAO),,1964,96.25
Eastern Europe (FAO),,1965,96.47
Eastern Europe (FAO),,1966,97.09
Eastern Europe (FAO),,1967,98.32
Eastern Europe (FAO),,1968,98.88
Eastern Europe (FAO),,1969,99.73
Eastern Europe (FAO),,1970,100.61
Eastern Europe (FAO),,1971,100.83
Eastern Europe (FAO),,1972,101.16
Eastern Europe (FAO),,1973,101.48
Eastern Europe (FAO),,1974,104.12
Eastern Europe (FAO),,1975,105.06
Eastern Europe (FAO),,1976,104.35
Eastern Europe (FAO),,1977,102.95
Eastern Europe (FAO),,1978,104.38
Eastern Europe (FAO),,1979,104.41
Eastern Europe (FAO),,1980,103.54
Eastern Europe (FAO),,1981,102.86
Eastern Europe (FAO),,1982,101.7
Eastern Europe (FAO),,1983,101.78
Eastern Europe (FAO),,1984,103.04
Eastern Europe (FAO),,1985,104.51
Eastern Europe (FAO),,1986,105.2
Eastern Europe (FAO),,1987,105.81
Eastern Europe (FAO),,1988,105.78
Eastern Europe (FAO),,1989,105.37
Eastern Europe (FAO),,1990,105.18
Eastern Europe (FAO),,1991,99.24
Eastern Europe (FAO),,1992,92.39
Eastern Europe (FAO),,1993,91.67
Eastern Europe (FAO),,1994,89.84
Eastern Europe (FAO),,1995,89.16
Eastern Europe (FAO),,1996,86.65
Eastern Europe (FAO),,1997,88.47
Eastern Europe (FAO),,1998,89.2
Eastern Europe (FAO),,1999,87.66
Eastern Europe (FAO),,2000,86.95
Eastern Europe (FAO),,2001,88.24
Eastern Europe (FAO),,2002,90.14
Eastern Europe (FAO),,2003,90.65
Eastern Europe (FAO),,2004,91.69
Eastern Europe (FAO),,2005,93.9
Eastern Europe (FAO),,2006,94.41
Eastern Europe (FAO),,2007,95.74
Eastern Europe (FAO),,2008,96.66
Eastern Europe (FAO),,2009,96.2
Eastern Europe (FAO),,2010,104.36
Eastern Europe (FAO),,2011,104.9
Eastern Europe (FAO),,2012,105.94
Eastern Europe (FAO),,2013,105.52
Eastern Europe (FAO),,2014,105.24
Eastern Europe (FAO),,2015,105.46
Eastern Europe (FAO),,2016,105.83
Eastern Europe (FAO),,2017,106.76
Eastern Europe (FAO),,2018,106.01
Eastern Europe (FAO),,2019,107.4
Eastern Europe (FAO),,2020,107.85
Eastern Europe (FAO),,2021,108.38
Eastern Europe (FAO),,2022,110.2
Eastern Europe (FAO),,2023,110.85
Ecuador,ECU,1961,49.23037
Ecuador,ECU,1962,49.4991
Ecuador,ECU,1963,50.412235
Ecuador,ECU,1964,49.80492
Ecuador,ECU,1965,52.9953
Ecuador,ECU,1966,52.071327
Ecuador,ECU,1967,52.069305
Ecuador,ECU,1968,51.636135
Ecuador,ECU,1969,49.975037
Ecuador,ECU,1970,52.26881
Ecuador,ECU,1971,49.220016
Ecuador,ECU,1972,48.8866
Ecuador,ECU,1973,47.27999
Ecuador,ECU,1974,47.566994
Ecuador,ECU,1975,48.4954
Ecuador,ECU,1976,49.544785
Ecuador,ECU,1977,47.889744
Ecuador,ECU,1978,47.46403
Ecuador,ECU,1979,49.124874
Ecuador,ECU,1980,49.81212
Ecuador,ECU,1981,47.951065
Ecuador,ECU,1982,48.341476
Ecuador,ECU,1983,43.588432
Ecuador,ECU,1984,46.56301
Ecuador,ECU,1985,43.85158
Ecuador,ECU,1986,43.942852
Ecuador,ECU,1987,43.621784
Ecuador,ECU,1988,45.966305
Ecuador,ECU,1989,46.58789
Ecuador,ECU,1990,47.489746
Ecuador,ECU,1991,46.904575
Ecuador,ECU,1992,50.245373
Ecuador,ECU,1993,51.089367
Ecuador,ECU,1994,53.299706
Ecuador,ECU,1995,52.086414
Ecuador,ECU,1996,55.471073
Ecuador,ECU,1997,58.244125
Ecuador,ECU,1998,55.889122
Ecuador,ECU,1999,56.98753
Ecuador,ECU,2000,57.12794
Ecuador,ECU,2001,56.28863
Ecuador,ECU,2002,54.496326
Ecuador,ECU,2003,54.47139
Ecuador,ECU,2004,55.57262
Ecuador,ECU,2005,55.451626
Ecuador,ECU,2006,57.326
Ecuador,ECU,2007,57.913284
Ecuador,ECU,2008,59.779655
Ecuador,ECU,2009,59.010227
Ecuador,ECU,2010,71.36997
Ecuador,ECU,2011,72.30999
Ecuador,ECU,2012,70.64998
Ecuador,ECU,2013,70.99999
Ecuador,ECU,2014,70.95997
Ecuador,ECU,2015,69.91001
Ecuador,ECU,2016,67.549995
Ecuador,ECU,2017,67.13001
Ecuador,ECU,2018,65.89003
Ecuador,ECU,2019,66.850006
Ecuador,ECU,2020,69.76001
Ecuador,ECU,2021,69.47999
Ecuador,ECU,2022,68.64
Ecuador,ECU,2023,69.600006
Egypt,EGY,1961,59.728996
Egypt,EGY,1962,63.908253
Egypt,EGY,1963,63.12623
Egypt,EGY,1964,65.8554
Egypt,EGY,1965,64.48398
Egypt,EGY,1966,67.18167
Egypt,EGY,1967,62.829144
Egypt,EGY,1968,65.55274
Egypt,EGY,1969,64.591
Egypt,EGY,1970,64.331154
Egypt,EGY,1971,63.56026
Egypt,EGY,1972,64.88413
Egypt,EGY,1973,64.36172
Egypt,EGY,1974,64.48149
Egypt,EGY,1975,65.20714
Egypt,EGY,1976,67.201256
Egypt,EGY,1977,67.827446
Egypt,EGY,1978,69.42923
Egypt,EGY,1979,71.59458
Egypt,EGY,1980,73.444466
Egypt,EGY,1981,76.968094
Egypt,EGY,1982,78.15023
Egypt,EGY,1983,79.75382
Egypt,EGY,1984,79.537285
Egypt,EGY,1985,79.46762
Egypt,EGY,1986,78.88791
Egypt,EGY,1987,81.78923
Egypt,EGY,1988,81.47499
Egypt,EGY,1989,79.893974
Egypt,EGY,1990,81.72231
Egypt,EGY,1991,80.53382
Egypt,EGY,1992,80.434906
Egypt,EGY,1993,80.55959
Egypt,EGY,1994,82.9008
Egypt,EGY,1995,83.7684
Egypt,EGY,1996,84.62939
Egypt,EGY,1997,85.699814
Egypt,EGY,1998,85.17255
Egypt,EGY,1999,85.230644
Egypt,EGY,2000,85.69008
Egypt,EGY,2001,85.341805
Egypt,EGY,2002,85.72015
Egypt,EGY,2003,85.49066
Egypt,EGY,2004,82.98351
Egypt,EGY,2005,84.831505
Egypt,EGY,2006,86.87387
Egypt,EGY,2007,88.34365
Egypt,EGY,2008,88.02513
Egypt,EGY,2009,87.17967
Egypt,EGY,2010,93.98
Egypt,EGY,2011,91.58
Egypt,EGY,2012,92.9
Egypt,EGY,2013,91.88999
Egypt,EGY,2014,92.229996
Egypt,EGY,2015,92.16001
Egypt,EGY,2016,90.07001
Egypt,EGY,2017,91.880005
Egypt,EGY,2018,91.7
Egypt,EGY,2019,91.01
Egypt,EGY,2020,91.92
Egypt,EGY,2021,90.59
Egypt,EGY,2022,90.33
Egypt,EGY,2023,89.77
El Salvador,SLV,1961,41.81878
El Salvador,SLV,1962,43.686485
El Salvador,SLV,1963,44.356724
El Salvador,SLV,1964,44.003216
El Salvador,SLV,1965,44.40955
El Salvador,SLV,1966,44.61129
El Salvador,SLV,1967,44.23477
El Salvador,SLV,1968,45.4322
El Salvador,SLV,1969,45.13881
El Salvador,SLV,1970,45.040157
El Salvador,SLV,1971,46.062244
El Salvador,SLV,1972,45.493168
El Salvador,SLV,1973,46.951904
El Salvador,SLV,1974,48.580303
El Salvador,SLV,1975,51.47685
El Salvador,SLV,1976,52.204327
El Salvador,SLV,1977,53.198788
El Salvador,SLV,1978,54.246284
El Salvador,SLV,1979,55.807594
El Salvador,SLV,1980,56.93339
El Salvador,SLV,1981,56.966236
El Salvador,SLV,1982,54.80169
El Salvador,SLV,1983,53.632313
El Salvador,SLV,1984,54.93753
El Salvador,SLV,1985,54.439053
El Salvador,SLV,1986,52.733
El Salvador,SLV,1987,51.66823
El Salvador,SLV,1988,52.87242
El Salvador,SLV,1989,54.549652
El Salvador,SLV,1990,55.471535
El Salvador,SLV,1991,59.471737
El Salvador,SLV,1992,59.49453
El Salvador,SLV,1993,58.136047
El Salvador,SLV,1994,58.795788
El Salvador,SLV,1995,59.962547
El Salvador,SLV,1996,60.567875
El Salvador,SLV,1997,60.67801
El Salvador,SLV,1998,59.242844
El Salvador,SLV,1999,59.521507
El Salvador,SLV,2000,64.62959
El Salvador,SLV,2001,67.8621
El Salvador,SLV,2002,71.98606
El Salvador,SLV,2003,70.01306
El Salvador,SLV,2004,70.30674
El Salvador,SLV,2005,70.66445
El Salvador,SLV,2006,72.01836
El Salvador,SLV,2007,71.14507
El Salvador,SLV,2008,73.16932
El Salvador,SLV,2009,73.03122
El Salvador,SLV,2010,73.30996
El Salvador,SLV,2011,73.580025
El Salvador,SLV,2012,75.35004
El Salvador,SLV,2013,75.43994
El Salvador,SLV,2014,79.65998
El Salvador,SLV,2015,79.14007
El Salvador,SLV,2016,80.24989
El Salvador,SLV,2017,80.19989
El Salvador,SLV,2018,80.980095
El Salvador,SLV,2019,85.540054
El Salvador,SLV,2020,85.519875
El Salvador,SLV,2021,85.92
El Salvador,SLV,2022,86.35005
El Salvador,SLV,2023,88.879875
Estonia,EST,1992,101.92794
Estonia,EST,1993,96.000824
Estonia,EST,1994,96.09559
Estonia,EST,1995,97.39603
Estonia,EST,1996,96.13665
Estonia,EST,1997,89.12731
Estonia,EST,1998,87.97016
Estonia,EST,1999,88.388504
Estonia,EST,2000,86.99566
Estonia,EST,2001,85.300415
Estonia,EST,2002,90.26485
Estonia,EST,2003,88.41694
Estonia,EST,2004,82.99818
Estonia,EST,2005,90.941444
Estonia,EST,2006,91.70134
Estonia,EST,2007,95.07361
Estonia,EST,2008,98.49047
Estonia,EST,2009,96.3487
Estonia,EST,2010,103.23
Estonia,EST,2011,103.32954
Estonia,EST,2012,100.18038
Estonia,EST,2013,107.21
Estonia,EST,2014,106.059425
Estonia,EST,2015,107.57
Estonia,EST,2016,108.24
Estonia,EST,2017,106.53919
Estonia,EST,2018,111.138985
Estonia,EST,2019,110.479836
Estonia,EST,2020,107.8696
Estonia,EST,2021,110.65
Estonia,EST,2022,110.88975
Estonia,EST,2023,112.1304
Eswatini,SWZ,1961,66.58061
Eswatini,SWZ,1962,66.044395
Eswatini,SWZ,1963,63.377144
Eswatini,SWZ,1964,63.06462
Eswatini,SWZ,1965,63.189663
Eswatini,SWZ,1966,62.054626
Eswatini,SWZ,1967,59.48309
Eswatini,SWZ,1968,64.99835
Eswatini,SWZ,1969,63.229664
Eswatini,SWZ,1970,64.12685
Eswatini,SWZ,1971,62.88573
Eswatini,SWZ,1972,64.95445
Eswatini,SWZ,1973,63.24332
Eswatini,SWZ,1974,63.915386
Eswatini,SWZ,1975,64.17755
Eswatini,SWZ,1976,66.11844
Eswatini,SWZ,1977,60.552086
Eswatini,SWZ,1978,61.646927
Eswatini,SWZ,1979,62.938316
Eswatini,SWZ,1980,61.719227
Eswatini,SWZ,1981,63.21592
Eswatini,SWZ,1982,60.998295
Eswatini,SWZ,1983,61.290768
Eswatini,SWZ,1984,59.980316
Eswatini,SWZ,1985,57.92108
Eswatini,SWZ,1986,59.511375
Eswatini,SWZ,1987,61.48556
Eswatini,SWZ,1988,60.199738
Eswatini,SWZ,1989,59.4086
Eswatini,SWZ,1990,57.699123
Eswatini,SWZ,1991,56.148453
Eswatini,SWZ,1992,56.495792
Eswatini,SWZ,1993,55.598495
Eswatini,SWZ,1994,56.588234
Eswatini,SWZ,1995,57.267616
Eswatini,SWZ,1996,56.283043
Eswatini,SWZ,1997,59.68092
Eswatini,SWZ,1998,59.066303
Eswatini,SWZ,1999,59.527836
Eswatini,SWZ,2000,62.771656
Eswatini,SWZ,2001,61.58105
Eswatini,SWZ,2002,66.5261
Eswatini,SWZ,2003,68.296684
Eswatini,SWZ,2004,75.362434
Eswatini,SWZ,2005,69.79075
Eswatini,SWZ,2006,63.104137
Eswatini,SWZ,2007,62.113636
Eswatini,SWZ,2008,59.145103
Eswatini,SWZ,2009,60.274426
Eswatini,SWZ,2010,50.479954
Eswatini,SWZ,2011,50.909313
Eswatini,SWZ,2012,53.87952
Eswatini,SWZ,2013,57.89949
Eswatini,SWZ,2014,58.489746
Eswatini,SWZ,2015,56.829407
Eswatini,SWZ,2016,58.749695
Eswatini,SWZ,2017,58.339596
Eswatini,SWZ,2018,58.77985
Eswatini,SWZ,2019,58.609257
Eswatini,SWZ,2020,61.139793
Eswatini,SWZ,2021,60.0396
Eswatini,SWZ,2022,58.489956
Eswatini,SWZ,2023,58.780144
Ethiopia,ETH,1993,42.05345
Ethiopia,ETH,1994,42.661957
Ethiopia,ETH,1995,44.1228
Ethiopia,ETH,1996,46.642433
Ethiopia,ETH,1997,47.38818
Ethiopia,ETH,1998,47.17621
Ethiopia,ETH,1999,47.892624
Ethiopia,ETH,2000,49.793587
Ethiopia,ETH,2001,51.43148
Ethiopia,ETH,2002,52.13229
Ethiopia,ETH,2003,52.964317
Ethiopia,ETH,2004,52.66979
Ethiopia,ETH,2005,55.205116
Ethiopia,ETH,2006,54.791626
Ethiopia,ETH,2007,54.864254
Ethiopia,ETH,2008,56.868317
Ethiopia,ETH,2009,58.17646
Ethiopia,ETH,2010,72.94999
Ethiopia,ETH,2011,72.17999
Ethiopia,ETH,2012,74.81
Ethiopia,ETH,2013,76.59
Ethiopia,ETH,2014,76.619995
Ethiopia,ETH,2015,79.83999
Ethiopia,ETH,2016,79.649994
Ethiopia,ETH,2017,80.26999
Ethiopia,ETH,2018,78.69999
Ethiopia,ETH,2019,79.73
Ethiopia,ETH,2020,80.8
Ethiopia,ETH,2021,79.8
Ethiopia,ETH,2022,79.53
Ethiopia,ETH,2023,79.87999
Ethiopia (former),OWID_ERE,1961,57.864918
Ethiopia (former),OWID_ERE,1962,58.076023
Ethiopia (former),OWID_ERE,1963,57.901497
Ethiopia (former),OWID_ERE,1964,57.519287
Ethiopia (former),OWID_ERE,1965,58.05786
Ethiopia (former),OWID_ERE,1966,56.89058
Ethiopia (former),OWID_ERE,1967,57.577587
Ethiopia (former),OWID_ERE,1968,55.95469
Ethiopia (former),OWID_ERE,1969,57.220757
Ethiopia (former),OWID_ERE,1970,57.49685
Ethiopia (former),OWID_ERE,1971,56.224422
Ethiopia (former),OWID_ERE,1972,53.82813
Ethiopia (former),OWID_ERE,1973,50.915245
Ethiopia (former),OWID_ERE,1974,49.98555
Ethiopia (former),OWID_ERE,1975,48.855453
Ethiopia (former),OWID_ERE,1976,46.834507
Ethiopia (former),OWID_ERE,1977,49.75468
Ethiopia (former),OWID_ERE,1978,48.90674
Ethiopia (former),OWID_ERE,1979,55.69933
Ethiopia (former),OWID_ERE,1980,60.769283
Ethiopia (former),OWID_ERE,1981,56.518658
Ethiopia (former),OWID_ERE,1982,55.935604
Ethiopia (former),OWID_ERE,1983,57.405518
Ethiopia (former),OWID_ERE,1984,49.610664
Ethiopia (former),OWID_ERE,1985,49.008476
Ethiopia (former),OWID_ERE,1986,51.601406
Ethiopia (former),OWID_ERE,1987,49.08473
Ethiopia (former),OWID_ERE,1988,50.24021
Ethiopia (former),OWID_ERE,1989,48.705547
Ethiopia (former),OWID_ERE,1990,47.919746
Ethiopia (former),OWID_ERE,1991,50.017864
Ethiopia (former),OWID_ERE,1992,47.690784
Europe,OWID_EUR,1961,90.51029
Europe,OWID_EUR,1962,91.99837
Europe,OWID_EUR,1963,92.89941
Europe,OWID_EUR,1964,92.37975
Europe,OWID_EUR,1965,92.78674
Europe,OWID_EUR,1966,93.30301
Europe,OWID_EUR,1967,94.354034
Europe,OWID_EUR,1968,95.08001
Europe,OWID_EUR,1969,95.41418
Europe,OWID_EUR,1970,96.71856
Europe,OWID_EUR,1971,96.74004
Europe,OWID_EUR,1972,97.11283
Europe,OWID_EUR,1973,97.81111
Europe,OWID_EUR,1974,99.22341
Europe,OWID_EUR,1975,99.65506
Europe,OWID_EUR,1976,99.77547
Europe,OWID_EUR,1977,99.51227
Europe,OWID_EUR,1978,100.853386
Europe,OWID_EUR,1979,101.579575
Europe,OWID_EUR,1980,101.418076
Europe,OWID_EUR,1981,100.598045
Europe,OWID_EUR,1982,100.17898
Europe,OWID_EUR,1983,100.45019
Europe,OWID_EUR,1984,101.76234
Europe,OWID_EUR,1985,103.02796
Europe,OWID_EUR,1986,103.45913
Europe,OWID_EUR,1987,104.171486
Europe,OWID_EUR,1988,104.46028
Europe,OWID_EUR,1989,104.02958
Europe,OWID_EUR,1990,104.07584
Europe,OWID_EUR,1991,101.09927
Europe,OWID_EUR,1992,97.353386
Europe,OWID_EUR,1993,96.43633
Europe,OWID_EUR,1994,95.99523
Europe,OWID_EUR,1995,95.917854
Europe,OWID_EUR,1996,95.776596
Europe,OWID_EUR,1997,96.03045
Europe,OWID_EUR,1998,97.9686
Europe,OWID_EUR,1999,97.37552
Europe,OWID_EUR,2000,97.08043
Europe,OWID_EUR,2001,98.55433
Europe,OWID_EUR,2002,99.622055
Europe,OWID_EUR,2003,99.18405
Europe,OWID_EUR,2004,99.53596
Europe,OWID_EUR,2005,100.231895
Europe,OWID_EUR,2006,101.25309
Europe,OWID_EUR,2007,102.4634
Europe,OWID_EUR,2008,102.56274
Europe,OWID_EUR,2009,102.46192
Europe,OWID_EUR,2010,109.03151
Europe,OWID_EUR,2011,108.99359
Europe,OWID_EUR,2012,109.09814
Europe,OWID_EUR,2013,109.00892
Europe,OWID_EUR,2014,108.35643
Europe,OWID_EUR,2015,108.91219
Europe,OWID_EUR,2016,109.17115
Europe,OWID_EUR,2017,109.63314
Europe,OWID_EUR,2018,110.10261
Europe,OWID_EUR,2019,110.814255
Europe,OWID_EUR,2020,111.18924
Europe,OWID_EUR,2021,111.62478
Europe,OWID_EUR,2022,112.29611
Europe,OWID_EUR,2023,113.12013
Europe (FAO),,1961,90.39
Europe (FAO),,1962,91.78
Europe (FAO),,1963,92.63
Europe (FAO),,1964,92.09
Europe (FAO),,1965,92.42
Europe (FAO),,1966,92.95
Europe (FAO),,1967,94
Europe (FAO),,1968,94.74
Europe (FAO),,1969,95.16
Europe (FAO),,1970,96.38
Europe (FAO),,1971,96.41
Europe (FAO),,1972,96.81
Europe (FAO),,1973,97.53
Europe (FAO),,1974,98.94
Europe (FAO),,1975,99.35
Europe (FAO),,1976,99.45
Europe (FAO),,1977,99.27
Europe (FAO),,1978,100.66
Europe (FAO),,1979,101.4
Europe (FAO),,1980,101.33
Europe (FAO),,1981,100.56
Europe (FAO),,1982,100.18
Europe (FAO),,1983,100.44
Europe (FAO),,1984,101.76
Europe (FAO),,1985,102.99
Europe (FAO),,1986,103.42
Europe (FAO),,1987,104.13
Europe (FAO),,1988,104.45
Europe (FAO),,1989,104.06
Europe (FAO),,1990,104.17
Europe (FAO),,1991,101.35
Europe (FAO),,1992,97.55
Europe (FAO),,1993,96.53
Europe (FAO),,1994,96.05
Europe (FAO),,1995,95.95
Europe (FAO),,1996,95.77
Europe (FAO),,1997,96.04
Europe (FAO),,1998,97.94
Europe (FAO),,1999,97.35
Europe (FAO),,2000,96.93
Europe (FAO),,2001,98.37
Europe (FAO),,2002,99.48
Europe (FAO),,2003,99.11
Europe (FAO),,2004,99.44
Europe (FAO),,2005,100.08
Europe (FAO),,2006,100.78
Europe (FAO),,2007,101.93
Europe (FAO),,2008,102.03
Europe (FAO),,2009,101.92
Europe (FAO),,2010,109.11
Europe (FAO),,2011,109.08
Europe (FAO),,2012,109.18
Europe (FAO),,2013,109.1
Europe (FAO),,2014,108.45
Europe (FAO),,2015,109.01
Europe (FAO),,2016,109.27
Europe (FAO),,2017,109.73
Europe (FAO),,2018,110.2
Europe (FAO),,2019,110.91
Europe (FAO),,2020,111.29
Europe (FAO),,2021,111.72
Europe (FAO),,2022,112.4
Europe (FAO),,2023,113.22
European Union (27),OWID_EU27,1961,80.541016
European Union (27),OWID_EU27,1962,81.41968
European Union (27),OWID_EU27,1963,82.01806
European Union (27),OWID_EU27,1964,82.35564
European Union (27),OWID_EU27,1965,83.25464
European Union (27),OWID_EU27,1966,84.097336
European Union (27),OWID_EU27,1967,84.7281
European Union (27),OWID_EU27,1968,85.404076
European Union (27),OWID_EU27,1969,85.548454
European Union (27),OWID_EU27,1970,86.79252
European Union (27),OWID_EU27,1971,87.20365
European Union (27),OWID_EU27,1972,87.899055
European Union (27),OWID_EU27,1973,89.10299
European Union (27),OWID_EU27,1974,89.68976
European Union (27),OWID_EU27,1975,89.90996
European Union (27),OWID_EU27,1976,90.80854
European Union (27),OWID_EU27,1977,91.22724
European Union (27),OWID_EU27,1978,93.05427
European Union (27),OWID_EU27,1979,94.00603
European Union (27),OWID_EU27,1980,94.834496
European Union (27),OWID_EU27,1981,93.54357
European Union (27),OWID_EU27,1982,92.83273
European Union (27),OWID_EU27,1983,93.32389
European Union (27),OWID_EU27,1984,94.412125
European Union (27),OWID_EU27,1985,95.56909
European Union (27),OWID_EU27,1986,95.73583
European Union (27),OWID_EU27,1987,96.74819
European Union (27),OWID_EU27,1988,97.35348
European Union (27),OWID_EU27,1989,96.84564
European Union (27),OWID_EU27,1990,96.38499
European Union (27),OWID_EU27,1991,96.61839
European Union (27),OWID_EU27,1992,98.48585
European Union (27),OWID_EU27,1993,100.57988
European Union (27),OWID_EU27,1994,100.43512
European Union (27),OWID_EU27,1995,101.12398
European Union (27),OWID_EU27,1996,102.18847
European Union (27),OWID_EU27,1997,100.98019
European Union (27),OWID_EU27,1998,104.06426
European Union (27),OWID_EU27,1999,104.13456
European Union (27),OWID_EU27,2000,104.10387
European Union (27),OWID_EU27,2001,105.57163
European Union (27),OWID_EU27,2002,106.16146
European Union (27),OWID_EU27,2003,105.16673
European Union (27),OWID_EU27,2004,104.8215
European Union (27),OWID_EU27,2005,104.53078
European Union (27),OWID_EU27,2006,105.23925
European Union (27),OWID_EU27,2007,106.0352
European Union (27),OWID_EU27,2008,105.63993
European Union (27),OWID_EU27,2009,105.99888
European Union (27),OWID_EU27,2010,111.44999
European Union (27),OWID_EU27,2011,110.76
European Union (27),OWID_EU27,2012,109.77999
European Union (27),OWID_EU27,2013,109.83999
European Union (27),OWID_EU27,2014,109.19999
European Union (27),OWID_EU27,2015,109.75
European Union (27),OWID_EU27,2016,110.22
European Union (27),OWID_EU27,2017,110.439995
European Union (27),OWID_EU27,2018,111.67
European Union (27),OWID_EU27,2019,112.39
European Union (27),OWID_EU27,2020,112.12
European Union (27),OWID_EU27,2021,113.18
European Union (27),OWID_EU27,2022,112.96999
European Union (27),OWID_EU27,2023,113.619995
Fiji,FJI,1961,50.672924
Fiji,FJI,1962,52.133736
Fiji,FJI,1963,55.622658
Fiji,FJI,1964,58.29059
Fiji,FJI,1965,60.304497
Fiji,FJI,1966,54.723667
Fiji,FJI,1967,54.318844
Fiji,FJI,1968,54.59561
Fiji,FJI,1969,56.747726
Fiji,FJI,1970,48.108334
Fiji,FJI,1971,57.719223
Fiji,FJI,1972,58.047382
Fiji,FJI,1973,58.646145
Fiji,FJI,1974,54.329796
Fiji,FJI,1975,56.575996
Fiji,FJI,1976,53.915195
Fiji,FJI,1977,54.727295
Fiji,FJI,1978,57.527073
Fiji,FJI,1979,60.158405
Fiji,FJI,1980,62.146393
Fiji,FJI,1981,55.329845
Fiji,FJI,1982,64.30803
Fiji,FJI,1983,62.358936
Fiji,FJI,1984,62.846497
Fiji,FJI,1985,61.55274
Fiji,FJI,1986,63.69856
Fiji,FJI,1987,59.76657
Fiji,FJI,1988,61.693142
Fiji,FJI,1989,61.31502
Fiji,FJI,1990,64.805244
Fiji,FJI,1991,65.71641
Fiji,FJI,1992,63.92715
Fiji,FJI,1993,69.66541
Fiji,FJI,1994,68.77605
Fiji,FJI,1995,68.511444
Fiji,FJI,1996,66.498436
Fiji,FJI,1997,68.8869
Fiji,FJI,1998,70.36254
Fiji,FJI,1999,69.64666
Fiji,FJI,2000,70.412796
Fiji,FJI,2001,71.93552
Fiji,FJI,2002,70.75334
Fiji,FJI,2003,71.06217
Fiji,FJI,2004,71.21544
Fiji,FJI,2005,71.43257
Fiji,FJI,2006,71.84798
Fiji,FJI,2007,68.755394
Fiji,FJI,2008,70.47947
Fiji,FJI,2009,67.51217
Fiji,FJI,2010,67.42948
Fiji,FJI,2011,72.359924
Fiji,FJI,2012,72.28
Fiji,FJI,2013,69.02932
Fiji,FJI,2014,72.59929
Fiji,FJI,2015,71.86961
Fiji,FJI,2016,67.95022
Fiji,FJI,2017,75.91983
Fiji,FJI,2018,84.14954
Fiji,FJI,2019,81.959465
Fiji,FJI,2020,80.129036
Fiji,FJI,2021,80.14931
Fiji,FJI,2022,84.339264
Fiji,FJI,2023,87.01
Finland,FIN,1961,95.57287
Finland,FIN,1962,92.417046
Finland,FIN,1963,94.26131
Finland,FIN,1964,91.277916
Finland,FIN,1965,91.467026
Finland,FIN,1966,91.191414
Finland,FIN,1967,89.08995
Finland,FIN,1968,89.13506
Finland,FIN,1969,90.85485
Finland,FIN,1970,88.973366
Finland,FIN,1971,89.961426
Finland,FIN,1972,90.44616
Finland,FIN,1973,92.58129
Finland,FIN,1974,92.04205
Finland,FIN,1975,94.816536
Finland,FIN,1976,93.16271
Finland,FIN,1977,91.52809
Finland,FIN,1978,93.78571
Finland,FIN,1979,94.73142
Finland,FIN,1980,94.23294
Finland,FIN,1981,92.702225
Finland,FIN,1982,95.43252
Finland,FIN,1983,90.19813
Finland,FIN,1984,93.445854
Finland,FIN,1985,91.80509
Finland,FIN,1986,93.4421
Finland,FIN,1987,93.75007
Finland,FIN,1988,98.78715
Finland,FIN,1989,101.02066
Finland,FIN,1990,98.97842
Finland,FIN,1991,96.77554
Finland,FIN,1992,97.76127
Finland,FIN,1993,91.868454
Finland,FIN,1994,94.87422
Finland,FIN,1995,97.701546
Finland,FIN,1996,99.12485
Finland,FIN,1997,101.571205
Finland,FIN,1998,102.88912
Finland,FIN,1999,101.079895
Finland,FIN,2000,101.166145
Finland,FIN,2001,102.25059
Finland,FIN,2002,102.11923
Finland,FIN,2003,104.30084
Finland,FIN,2004,105.30704
Finland,FIN,2005,105.96842
Finland,FIN,2006,108.155975
Finland,FIN,2007,110.54863
Finland,FIN,2008,111.8672
Finland,FIN,2009,109.97591
Finland,FIN,2010,115.31007
Finland,FIN,2011,116.59009
Finland,FIN,2012,117.94983
Finland,FIN,2013,118.04985
Finland,FIN,2014,119.99987
Finland,FIN,2015,119.78002
Finland,FIN,2016,120.23005
Finland,FIN,2017,120.93004
Finland,FIN,2018,122.53023
Finland,FIN,2019,121.83013
Finland,FIN,2020,123.049866
Finland,FIN,2021,124.70001
Finland,FIN,2022,125.92999
Finland,FIN,2023,126.140114
France,FRA,1961,101.739586
France,FRA,1962,102.811005
France,FRA,1963,102.7899
France,FRA,1964,101.629295
France,FRA,1965,102.54228
France,FRA,1966,101.745964
France,FRA,1967,102.17743
France,FRA,1968,104.48238
France,FRA,1969,103.4109
France,FRA,1970,104.38545
France,FRA,1971,102.77795
France,FRA,1972,102.600105
France,FRA,1973,102.51197
France,FRA,1974,102.85533
France,FRA,1975,103.21735
France,FRA,1976,104.58818
France,FRA,1977,108.67416
France,FRA,1978,109.9091
France,FRA,1979,112.288925
France,FRA,1980,112.37987
France,FRA,1981,112.80178
France,FRA,1982,113.070335
France,FRA,1983,113.66041
France,FRA,1984,113.560646
France,FRA,1985,116.52823
France,FRA,1986,115.30963
France,FRA,1987,115.73279
France,FRA,1988,116.2144
France,FRA,1989,115.994576
France,FRA,1990,115.437096
France,FRA,1991,118.04118
France,FRA,1992,114.9074
France,FRA,1993,113.61361
France,FRA,1994,112.25624
France,FRA,1995,114.64792
France,FRA,1996,114.43637
France,FRA,1997,115.272705
France,FRA,1998,116.98506
France,FRA,1999,116.4758
France,FRA,2000,116.915474
France,FRA,2001,118.47545
France,FRA,2002,118.31977
France,FRA,2003,115.84212
France,FRA,2004,113.77874
France,FRA,2005,110.96488
France,FRA,2006,110.61365
France,FRA,2007,110.20772
France,FRA,2008,112.1726
France,FRA,2009,110.80509
France,FRA,2010,119.19998
France,FRA,2011,117.520004
France,FRA,2012,116.51001
France,FRA,2013,116.329994
France,FRA,2014,114.22999
France,FRA,2015,115.39001
France,FRA,2016,116.44001
France,FRA,2017,118.11001
France,FRA,2018,117.65
France,FRA,2019,118.39
France,FRA,2020,118.41002
France,FRA,2021,119.23
France,FRA,2022,116.799995
France,FRA,2023,115.98998
French Polynesia,PYF,1961,65.09233
French Polynesia,PYF,1962,65.14769
French Polynesia,PYF,1963,63.116394
French Polynesia,PYF,1964,64.63472
French Polynesia,PYF,1965,69.24182
French Polynesia,PYF,1966,76.99575
French Polynesia,PYF,1967,75.71349
French Polynesia,PYF,1968,76.73994
French Polynesia,PYF,1969,72.85628
French Polynesia,PYF,1970,73.75008
French Polynesia,PYF,1971,71.970604
French Polynesia,PYF,1972,73.9557
French Polynesia,PYF,1973,75.30529
French Polynesia,PYF,1974,71.38843
French Polynesia,PYF,1975,73.81851
French Polynesia,PYF,1976,74.14812
French Polynesia,PYF,1977,71.98024
French Polynesia,PYF,1978,74.141655
French Polynesia,PYF,1979,76.359856
French Polynesia,PYF,1980,72.14135
French Polynesia,PYF,1981,72.36003
French Polynesia,PYF,1982,72.099785
French Polynesia,PYF,1983,73.336205
French Polynesia,PYF,1984,73.614006
French Polynesia,PYF,1985,74.35927
French Polynesia,PYF,1986,78.38436
French Polynesia,PYF,1987,77.41439
French Polynesia,PYF,1988,79.56897
French Polynesia,PYF,1989,78.28991
French Polynesia,PYF,1990,80.917854
French Polynesia,PYF,1991,88.4306
French Polynesia,PYF,1992,86.546295
French Polynesia,PYF,1993,88.281784
French Polynesia,PYF,1994,89.43373
French Polynesia,PYF,1995,90.993256
French Polynesia,PYF,1996,90.56209
French Polynesia,PYF,1997,89.577705
French Polynesia,PYF,1998,92.70839
French Polynesia,PYF,1999,90.76528
French Polynesia,PYF,2000,91.63627
French Polynesia,PYF,2001,94.146255
French Polynesia,PYF,2002,96.08774
French Polynesia,PYF,2003,96.46338
French Polynesia,PYF,2004,97.79843
French Polynesia,PYF,2005,97.119644
French Polynesia,PYF,2006,95.051704
French Polynesia,PYF,2007,99.37548
French Polynesia,PYF,2008,97.1294
French Polynesia,PYF,2009,96.94594
French Polynesia,PYF,2010,110.15593
French Polynesia,PYF,2011,110.438385
French Polynesia,PYF,2012,110.73512
French Polynesia,PYF,2013,110.587585
French Polynesia,PYF,2014,110.5996
French Polynesia,PYF,2015,110.567215
French Polynesia,PYF,2016,108.43
French Polynesia,PYF,2017,107.44769
French Polynesia,PYF,2018,110.63882
French Polynesia,PYF,2019,110.096054
French Polynesia,PYF,2020,112.03679
French Polynesia,PYF,2021,112.60276
French Polynesia,PYF,2022,113.736755
French Polynesia,PYF,2023,110.788025
Gabon,GAB,1961,50.67472
Gabon,GAB,1962,51.43786
Gabon,GAB,1963,51.623398
Gabon,GAB,1964,51.86648
Gabon,GAB,1965,52.126884
Gabon,GAB,1966,53.049374
Gabon,GAB,1967,53.039932
Gabon,GAB,1968,54.08437
Gabon,GAB,1969,54.397568
Gabon,GAB,1970,54.495667
Gabon,GAB,1971,53.060646
Gabon,GAB,1972,52.0966
Gabon,GAB,1973,51.018936
Gabon,GAB,1974,55.480476
Gabon,GAB,1975,60.07312
Gabon,GAB,1976,58.69413
Gabon,GAB,1977,63.105923
Gabon,GAB,1978,64.813156
Gabon,GAB,1979,65.030716
Gabon,GAB,1980,66.3629
Gabon,GAB,1981,66.66658
Gabon,GAB,1982,68.88952
Gabon,GAB,1983,68.432655
Gabon,GAB,1984,71.92101
Gabon,GAB,1985,74.58457
Gabon,GAB,1986,72.12643
Gabon,GAB,1987,71.58158
Gabon,GAB,1988,72.18829
Gabon,GAB,1989,66.88493
Gabon,GAB,1990,63.631344
Gabon,GAB,1991,71.77988
Gabon,GAB,1992,71.56838
Gabon,GAB,1993,75.05435
Gabon,GAB,1994,71.31425
Gabon,GAB,1995,74.12421
Gabon,GAB,1996,74.54828
Gabon,GAB,1997,73.497025
Gabon,GAB,1998,75.909546
Gabon,GAB,1999,75.73244
Gabon,GAB,2000,75.60272
Gabon,GAB,2001,74.37462
Gabon,GAB,2002,69.37312
Gabon,GAB,2003,70.32419
Gabon,GAB,2004,73.90582
Gabon,GAB,2005,76.068634
Gabon,GAB,2006,76.69522
Gabon,GAB,2007,74.85852
Gabon,GAB,2008,72.1485
Gabon,GAB,2009,72.38614
Gabon,GAB,2010,85.99985
Gabon,GAB,2011,90.09964
Gabon,GAB,2012,92.129845
Gabon,GAB,2013,91.719955
Gabon,GAB,2014,93.52
Gabon,GAB,2015,95.89
Gabon,GAB,2016,89.25
Gabon,GAB,2017,88.15992
Gabon,GAB,2018,89.19
Gabon,GAB,2019,86.87996
Gabon,GAB,2020,87.27007
Gabon,GAB,2021,86.549675
Gabon,GAB,2022,84.72
Gabon,GAB,2023,84.78
Gambia,GMB,1961,48.74098
Gambia,GMB,1962,49.186832
Gambia,GMB,1963,49.939713
Gambia,GMB,1964,49.498188
Gambia,GMB,1965,49.4698
Gambia,GMB,1966,49.001034
Gambia,GMB,1967,47.81947
Gambia,GMB,1968,48.889393
Gambia,GMB,1969,48.654312
Gambia,GMB,1970,49.065395
Gambia,GMB,1971,49.104736
Gambia,GMB,1972,47.706974
Gambia,GMB,1973,48.374146
Gambia,GMB,1974,45.627293
Gambia,GMB,1975,41.726086
Gambia,GMB,1976,41.171593
Gambia,GMB,1977,38.50779
Gambia,GMB,1978,40.085686
Gambia,GMB,1979,38.85961
Gambia,GMB,1980,41.387882
Gambia,GMB,1981,41.687412
Gambia,GMB,1982,41.050095
Gambia,GMB,1983,43.876865
Gambia,GMB,1984,41.883366
Gambia,GMB,1985,47.60801
Gambia,GMB,1986,49.08181
Gambia,GMB,1987,46.352303
Gambia,GMB,1988,46.61794
Gambia,GMB,1989,46.063675
Gambia,GMB,1990,47.46268
Gambia,GMB,1991,49.25489
Gambia,GMB,1992,46.109276
Gambia,GMB,1993,44.14981
Gambia,GMB,1994,43.7874
Gambia,GMB,1995,42.88215
Gambia,GMB,1996,44.710083
Gambia,GMB,1997,46.093517
Gambia,GMB,1998,43.304874
Gambia,GMB,1999,48.90691
Gambia,GMB,2000,49.916946
Gambia,GMB,2001,49.15376
Gambia,GMB,2002,49.94124
Gambia,GMB,2003,51.194
Gambia,GMB,2004,49.582157
Gambia,GMB,2005,49.315563
Gambia,GMB,2006,49.80939
Gambia,GMB,2007,52.725094
Gambia,GMB,2008,54.600605
Gambia,GMB,2009,54.283253
Gambia,GMB,2010,63.909866
Gambia,GMB,2011,60.689846
Gambia,GMB,2012,59.2198
Gambia,GMB,2013,57.879864
Gambia,GMB,2014,60.219864
Gambia,GMB,2015,60.44
Gambia,GMB,2016,62.729862
Gambia,GMB,2017,61.399975
Gambia,GMB,2018,57.169926
Gambia,GMB,2019,59.63983
Gambia,GMB,2020,56.969685
Gambia,GMB,2021,58.05989
Gambia,GMB,2022,59.229954
Gambia,GMB,2023,58.120087
Georgia,GEO,1992,59.133125
Georgia,GEO,1993,57.95886
Georgia,GEO,1994,59.465584
Georgia,GEO,1995,74.826
Georgia,GEO,1996,76.10289
Georgia,GEO,1997,81.08362
Georgia,GEO,1998,81.8895
Georgia,GEO,1999,84.761086
Georgia,GEO,2000,81.347115
Georgia,GEO,2001,82.81507
Georgia,GEO,2002,88.938576
Georgia,GEO,2003,93.15508
Georgia,GEO,2004,93.07004
Georgia,GEO,2005,95.09889
Georgia,GEO,2006,84.34596
Georgia,GEO,2007,86.59922
Georgia,GEO,2008,89.33062
Georgia,GEO,2009,84.416595
Georgia,GEO,2010,80.64975
Georgia,GEO,2011,80.099915
Georgia,GEO,2012,79.94004
Georgia,GEO,2013,81.46004
Georgia,GEO,2014,83.879974
Georgia,GEO,2015,84.18
Georgia,GEO,2016,81.83997
Georgia,GEO,2017,84.08
Georgia,GEO,2018,83.82998
Georgia,GEO,2019,87.01995
Georgia,GEO,2020,89.7
Georgia,GEO,2021,88.85
Georgia,GEO,2022,87.719955
Georgia,GEO,2023,90.24991
Germany,DEU,1961,79.81583
Germany,DEU,1962,81.4161
Germany,DEU,1963,80.68935
Germany,DEU,1964,82.84703
Germany,DEU,1965,84.14526
Germany,DEU,1966,83.606255
Germany,DEU,1967,84.54924
Germany,DEU,1968,86.10755
Germany,DEU,1969,86.24986
Germany,DEU,1970,87.808174
Germany,DEU,1971,88.41058
Germany,DEU,1972,88.55124
Germany,DEU,1973,89.243996
Germany,DEU,1974,89.41347
Germany,DEU,1975,90.08946
Germany,DEU,1976,91.31145
Germany,DEU,1977,90.868576
Germany,DEU,1978,94.322296
Germany,DEU,1979,94.65638
Germany,DEU,1980,96.1568
Germany,DEU,1981,95.0003
Germany,DEU,1982,95.479164
Germany,DEU,1983,97.67422
Germany,DEU,1984,99.35337
Germany,DEU,1985,100.05956
Germany,DEU,1986,100.397835
Germany,DEU,1987,101.3201
Germany,DEU,1988,101.84093
Germany,DEU,1989,100.15022
Germany,DEU,1990,97.60472
Germany,DEU,1991,95.461586
Germany,DEU,1992,94.367836
Germany,DEU,1993,90.59336
Germany,DEU,1994,93.03778
Germany,DEU,1995,93.15386
Germany,DEU,1996,95.48916
Germany,DEU,1997,90.828156
Germany,DEU,1998,96.124176
Germany,DEU,1999,95.93285
Germany,DEU,2000,96.4402
Germany,DEU,2001,99.82967
Germany,DEU,2002,100.95021
Germany,DEU,2003,99.94973
Germany,DEU,2004,98.799446
Germany,DEU,2005,99.07449
Germany,DEU,2006,101.654015
Germany,DEU,2007,105.36488
Germany,DEU,2008,104.11349
Germany,DEU,2009,105.40828
Germany,DEU,2010,110.18001
Germany,DEU,2011,111.26998
Germany,DEU,2012,109.5
Germany,DEU,2013,108.939995
Germany,DEU,2014,110.03
Germany,DEU,2015,110.82
Germany,DEU,2016,109.38
Germany,DEU,2017,108.84
Germany,DEU,2018,110.74
Germany,DEU,2019,110.33001
Germany,DEU,2020,110.64
Germany,DEU,2021,110.18
Germany,DEU,2022,109.12
Germany,DEU,2023,109.21999
Ghana,GHA,1961,39.82525
Ghana,GHA,1962,38.407482
Ghana,GHA,1963,37.391262
Ghana,GHA,1964,36.770615
Ghana,GHA,1965,35.294518
Ghana,GHA,1966,39.051735
Ghana,GHA,1967,41.27425
Ghana,GHA,1968,38.08006
Ghana,GHA,1969,39.8525
Ghana,GHA,1970,45.48049
Ghana,GHA,1971,47.4428
Ghana,GHA,1972,47.49803
Ghana,GHA,1973,45.82307
Ghana,GHA,1974,47.143547
Ghana,GHA,1975,43.217846
Ghana,GHA,1976,42.89681
Ghana,GHA,1977,38.605175
Ghana,GHA,1978,36.206062
Ghana,GHA,1979,35.0358
Ghana,GHA,1980,33.55088
Ghana,GHA,1981,32.09103
Ghana,GHA,1982,30.7038
Ghana,GHA,1983,32.383446
Ghana,GHA,1984,35.636
Ghana,GHA,1985,36.174076
Ghana,GHA,1986,37.855164
Ghana,GHA,1987,40.879505
Ghana,GHA,1988,39.013268
Ghana,GHA,1989,39.559258
Ghana,GHA,1990,37.573486
Ghana,GHA,1991,41.02941
Ghana,GHA,1992,43.45771
Ghana,GHA,1993,45.62248
Ghana,GHA,1994,45.017563
Ghana,GHA,1995,45.103107
Ghana,GHA,1996,47.39983
Ghana,GHA,1997,49.04679
Ghana,GHA,1998,48.566574
Ghana,GHA,1999,49.22912
Ghana,GHA,2000,49.379818
Ghana,GHA,2001,50.597664
Ghana,GHA,2002,52.28697
Ghana,GHA,2003,52.564564
Ghana,GHA,2004,55.452656
Ghana,GHA,2005,55.876007
Ghana,GHA,2006,58.269016
Ghana,GHA,2007,56.73831
Ghana,GHA,2008,60.54357
Ghana,GHA,2009,61.253353
Ghana,GHA,2010,64.169975
Ghana,GHA,2011,66.93
Ghana,GHA,2012,66.31999
Ghana,GHA,2013,65.049995
Ghana,GHA,2014,64.049995
Ghana,GHA,2015,62.44
Ghana,GHA,2016,60.54001
Ghana,GHA,2017,63.169968
Ghana,GHA,2018,65.17998
Ghana,GHA,2019,65.10999
Ghana,GHA,2020,67.10001
Ghana,GHA,2021,70.92001
Ghana,GHA,2022,68.95999
Ghana,GHA,2023,67.93999
Greece,GRC,1961,83.11534
Greece,GRC,1962,83.15208
Greece,GRC,1963,86.432755
Greece,GRC,1964,88.42234
Greece,GRC,1965,92.831696
Greece,GRC,1966,92.96393
Greece,GRC,1967,95.54885
Greece,GRC,1968,94.40296
Greece,GRC,1969,96.85924
Greece,GRC,1970,100.54711
Greece,GRC,1971,99.21753
Greece,GRC,1972,99.08148
Greece,GRC,1973,106.782814
Greece,GRC,1974,105.157684
Greece,GRC,1975,105.97177
Greece,GRC,1976,106.07163
Greece,GRC,1977,104.27977
Greece,GRC,1978,106.995094
Greece,GRC,1979,106.90082
Greece,GRC,1980,102.83888
Greece,GRC,1981,105.394005
Greece,GRC,1982,107.87228
Greece,GRC,1983,107.56649
Greece,GRC,1984,110.25402
Greece,GRC,1985,108.276924
Greece,GRC,1986,104.793564
Greece,GRC,1987,108.04306
Greece,GRC,1988,107.93161
Greece,GRC,1989,112.260475
Greece,GRC,1990,110.74738
Greece,GRC,1991,111.91855
Greece,GRC,1992,112.372574
Greece,GRC,1993,112.600044
Greece,GRC,1994,114.232475
Greece,GRC,1995,114.98599
Greece,GRC,1996,115.03947
Greece,GRC,1997,115.63934
Greece,GRC,1998,114.44727
Greece,GRC,1999,118.62426
Greece,GRC,2000,123.06913
Greece,GRC,2001,117.12623
Greece,GRC,2002,115.28903
Greece,GRC,2003,119.01481
Greece,GRC,2004,118.20872
Greece,GRC,2005,115.17271
Greece,GRC,2006,114.020584
Greece,GRC,2007,115.33159
Greece,GRC,2008,111.991905
Greece,GRC,2009,113.16734
Greece,GRC,2010,114.62004
Greece,GRC,2011,112.35001
Greece,GRC,2012,110.660095
Greece,GRC,2013,112.10006
Greece,GRC,2014,109.170006
Greece,GRC,2015,106.459984
Greece,GRC,2016,105.25994
Greece,GRC,2017,105.54999
Greece,GRC,2018,109.90994
Greece,GRC,2019,106.33999
Greece,GRC,2020,100.1
Greece,GRC,2021,106.05998
Greece,GRC,2022,109.909996
Greece,GRC,2023,112.03
Grenada,GRD,1961,40.591
Grenada,GRD,1962,42.84419
Grenada,GRD,1963,44.83922
Grenada,GRD,1964,46.513523
Grenada,GRD,1965,48.129097
Grenada,GRD,1966,52.312584
Grenada,GRD,1967,50.44505
Grenada,GRD,1968,50.96843
Grenada,GRD,1969,55.1797
Grenada,GRD,1970,55.6469
Grenada,GRD,1971,55.47066
Grenada,GRD,1972,54.681812
Grenada,GRD,1973,53.882683
Grenada,GRD,1974,52.966972
Grenada,GRD,1975,53.694164
Grenada,GRD,1976,56.432953
Grenada,GRD,1977,60.011745
Grenada,GRD,1978,61.24167
Grenada,GRD,1979,59.64893
Grenada,GRD,1980,59.92068
Grenada,GRD,1981,59.224586
Grenada,GRD,1982,56.588734
Grenada,GRD,1983,56.237484
Grenada,GRD,1984,57.88605
Grenada,GRD,1985,61.909615
Grenada,GRD,1986,64.01397
Grenada,GRD,1987,68.228264
Grenada,GRD,1988,65.165215
Grenada,GRD,1989,63.40573
Grenada,GRD,1990,65.20161
Grenada,GRD,1991,66.11987
Grenada,GRD,1992,63.563835
Grenada,GRD,1993,63.347137
Grenada,GRD,1994,63.018326
Grenada,GRD,1995,62.864567
Grenada,GRD,1996,62.956623
Grenada,GRD,1997,61.573082
Grenada,GRD,1998,61.901478
Grenada,GRD,1999,57.85946
Grenada,GRD,2000,56.71096
Grenada,GRD,2001,59.737217
Grenada,GRD,2002,66.99706
Grenada,GRD,2003,66.84164
Grenada,GRD,2004,69.295944
Grenada,GRD,2005,72.831314
Grenada,GRD,2006,72.88146
Grenada,GRD,2007,69.64571
Grenada,GRD,2008,69.32333
Grenada,GRD,2009,70.092926
Grenada,GRD,2010,81.81267
Grenada,GRD,2011,80.46067
Grenada,GRD,2012,78.98459
Grenada,GRD,2013,81.06357
Grenada,GRD,2014,79.29749
Grenada,GRD,2015,81.51218
Grenada,GRD,2016,90.97656
Grenada,GRD,2017,91.68365
Grenada,GRD,2018,95.209305
Grenada,GRD,2019,94.77775
Grenada,GRD,2020,98.79896
Grenada,GRD,2021,102.514725
Grenada,GRD,2022,97.61497
Grenada,GRD,2023,98.418236
Guatemala,GTM,1961,52.128704
Guatemala,GTM,1962,51.501324
Guatemala,GTM,1963,53.701103
Guatemala,GTM,1964,55.125095
Guatemala,GTM,1965,53.86287
Guatemala,GTM,1966,53.252247
Guatemala,GTM,1967,53.99517
Guatemala,GTM,1968,54.346996
Guatemala,GTM,1969,54.80465
Guatemala,GTM,1970,54.84268
Guatemala,GTM,1971,54.39038
Guatemala,GTM,1972,54.092068
Guatemala,GTM,1973,54.661896
Guatemala,GTM,1974,53.9397
Guatemala,GTM,1975,55.36337
Guatemala,GTM,1976,54.518955
Guatemala,GTM,1977,55.00664
Guatemala,GTM,1978,55.76862
Guatemala,GTM,1979,55.02931
Guatemala,GTM,1980,54.80902
Guatemala,GTM,1981,60.94059
Guatemala,GTM,1982,57.927013
Guatemala,GTM,1983,55.873756
Guatemala,GTM,1984,52.886257
Guatemala,GTM,1985,57.85359
Guatemala,GTM,1986,59.58054
Guatemala,GTM,1987,61.258545
Guatemala,GTM,1988,61.08154
Guatemala,GTM,1989,55.96603
Guatemala,GTM,1990,59.074417
Guatemala,GTM,1991,57.591263
Guatemala,GTM,1992,57.17526
Guatemala,GTM,1993,57.774517
Guatemala,GTM,1994,58.368656
Guatemala,GTM,1995,56.304615
Guatemala,GTM,1996,56.395416
Guatemala,GTM,1997,53.954716
Guatemala,GTM,1998,54.6684
Guatemala,GTM,1999,53.00027
Guatemala,GTM,2000,52.535545
Guatemala,GTM,2001,55.556435
Guatemala,GTM,2002,58.969677
Guatemala,GTM,2003,57.956287
Guatemala,GTM,2004,57.786953
Guatemala,GTM,2005,57.92317
Guatemala,GTM,2006,60.029472
Guatemala,GTM,2007,60.112263
Guatemala,GTM,2008,58.979004
Guatemala,GTM,2009,62.251556
Guatemala,GTM,2010,64.95997
Guatemala,GTM,2011,65.69003
Guatemala,GTM,2012,66.24005
Guatemala,GTM,2013,65.44
Guatemala,GTM,2014,67.67002
Guatemala,GTM,2015,69.54998
Guatemala,GTM,2016,69.899994
Guatemala,GTM,2017,71.07999
Guatemala,GTM,2018,69.29001
Guatemala,GTM,2019,70.53999
Guatemala,GTM,2020,71.63
Guatemala,GTM,2021,69.48999
Guatemala,GTM,2022,71.710014
Guatemala,GTM,2023,74.38999
Guinea,GIN,1961,43.631485
Guinea,GIN,1962,42.96663
Guinea,GIN,1963,41.237423
Guinea,GIN,1964,44.955204
Guinea,GIN,1965,42.59715
Guinea,GIN,1966,42.483677
Guinea,GIN,1967,43.201775
Guinea,GIN,1968,42.850853
Guinea,GIN,1969,41.754845
Guinea,GIN,1970,42.576675
Guinea,GIN,1971,43.152596
Guinea,GIN,1972,42.392906
Guinea,GIN,1973,43.70001
Guinea,GIN,1974,43.561043
Guinea,GIN,1975,43.837646
Guinea,GIN,1976,44.334877
Guinea,GIN,1977,44.148342
Guinea,GIN,1978,44.909237
Guinea,GIN,1979,47.389416
Guinea,GIN,1980,46.914356
Guinea,GIN,1981,48.705914
Guinea,GIN,1982,47.464375
Guinea,GIN,1983,47.234142
Guinea,GIN,1984,49.90632
Guinea,GIN,1985,49.42935
Guinea,GIN,1986,49.64872
Guinea,GIN,1987,49.49246
Guinea,GIN,1988,52.01847
Guinea,GIN,1989,51.784588
Guinea,GIN,1990,51.093044
Guinea,GIN,1991,51.387604
Guinea,GIN,1992,52.308907
Guinea,GIN,1993,52.527607
Guinea,GIN,1994,54.167538
Guinea,GIN,1995,52.282967
Guinea,GIN,1996,52.070305
Guinea,GIN,1997,52.089455
Guinea,GIN,1998,51.838673
Guinea,GIN,1999,52.80198
Guinea,GIN,2000,53.199203
Guinea,GIN,2001,53.411892
Guinea,GIN,2002,53.60394
Guinea,GIN,2003,54.322304
Guinea,GIN,2004,54.213768
Guinea,GIN,2005,53.38042
Guinea,GIN,2006,54.479404
Guinea,GIN,2007,54.382423
Guinea,GIN,2008,55.80114
Guinea,GIN,2009,57.48926
Guinea,GIN,2010,50.95
Guinea,GIN,2011,52.279987
Guinea,GIN,2012,53.26
Guinea,GIN,2013,54.85998
Guinea,GIN,2014,54.369995
Guinea,GIN,2015,52.86997
Guinea,GIN,2016,53.859997
Guinea,GIN,2017,53.759964
Guinea,GIN,2018,55.25997
Guinea,GIN,2019,56.230003
Guinea,GIN,2020,57.779976
Guinea,GIN,2021,57.229977
Guinea,GIN,2022,57.620014
Guinea,GIN,2023,58.230003
Guinea-Bissau,GNB,1961,34.747917
Guinea-Bissau,GNB,1962,33.901665
Guinea-Bissau,GNB,1963,34.430325
Guinea-Bissau,GNB,1964,35.41096
Guinea-Bissau,GNB,1965,36.651096
Guinea-Bissau,GNB,1966,38.161205
Guinea-Bissau,GNB,1967,37.820095
Guinea-Bissau,GNB,1968,35.196945
Guinea-Bissau,GNB,1969,37.99926
Guinea-Bissau,GNB,1970,36.615437
Guinea-Bissau,GNB,1971,40.23039
Guinea-Bissau,GNB,1972,37.1124
Guinea-Bissau,GNB,1973,40.948963
Guinea-Bissau,GNB,1974,38.873623
Guinea-Bissau,GNB,1975,40.694378
Guinea-Bissau,GNB,1976,41.82577
Guinea-Bissau,GNB,1977,39.56012
Guinea-Bissau,GNB,1978,41.61482
Guinea-Bissau,GNB,1979,39.47963
Guinea-Bissau,GNB,1980,41.555237
Guinea-Bissau,GNB,1981,44.640068
Guinea-Bissau,GNB,1982,45.69865
Guinea-Bissau,GNB,1983,44.349583
Guinea-Bissau,GNB,1984,44.6648
Guinea-Bissau,GNB,1985,46.73128
Guinea-Bissau,GNB,1986,45.02259
Guinea-Bissau,GNB,1987,46.990307
Guinea-Bissau,GNB,1988,46.291775
Guinea-Bissau,GNB,1989,46.509212
Guinea-Bissau,GNB,1990,46.573948
Guinea-Bissau,GNB,1991,49.044136
Guinea-Bissau,GNB,1992,48.157444
Guinea-Bissau,GNB,1993,47.96206
Guinea-Bissau,GNB,1994,47.425007
Guinea-Bissau,GNB,1995,47.55641
Guinea-Bissau,GNB,1996,45.55907
Guinea-Bissau,GNB,1997,44.02694
Guinea-Bissau,GNB,1998,43.110306
Guinea-Bissau,GNB,1999,44.045113
Guinea-Bissau,GNB,2000,45.528095
Guinea-Bissau,GNB,2001,46.070827
Guinea-Bissau,GNB,2002,45.4225
Guinea-Bissau,GNB,2003,43.83901
Guinea-Bissau,GNB,2004,44.320076
Guinea-Bissau,GNB,2005,44.751743
Guinea-Bissau,GNB,2006,44.53506
Guinea-Bissau,GNB,2007,44.602158
Guinea-Bissau,GNB,2008,45.141193
Guinea-Bissau,GNB,2009,44.25233
Guinea-Bissau,GNB,2010,46.919937
Guinea-Bissau,GNB,2011,46.77988
Guinea-Bissau,GNB,2012,47.30986
Guinea-Bissau,GNB,2013,48.639713
Guinea-Bissau,GNB,2014,44.119846
Guinea-Bissau,GNB,2015,45.069973
Guinea-Bissau,GNB,2016,49.249786
Guinea-Bissau,GNB,2017,56.10988
Guinea-Bissau,GNB,2018,57.25009
Guinea-Bissau,GNB,2019,52.139893
Guinea-Bissau,GNB,2020,55.65003
Guinea-Bissau,GNB,2021,52.48998
Guinea-Bissau,GNB,2022,50.00988
Guinea-Bissau,GNB,2023,52.11993
Guyana,GUY,1961,55.56515
Guyana,GUY,1962,54.79898
Guyana,GUY,1963,54.581345
Guyana,GUY,1964,57.444927
Guyana,GUY,1965,55.97213
Guyana,GUY,1966,57.81113
Guyana,GUY,1967,58.963577
Guyana,GUY,1968,58.418655
Guyana,GUY,1969,60.026688
Guyana,GUY,1970,57.84712
Guyana,GUY,1971,56.122173
Guyana,GUY,1972,53.84122
Guyana,GUY,1973,54.98193
Guyana,GUY,1974,58.990738
Guyana,GUY,1975,60.650948
Guyana,GUY,1976,61.372894
Guyana,GUY,1977,64.98975
Guyana,GUY,1978,61.995255
Guyana,GUY,1979,60.193142
Guyana,GUY,1980,61.62844
Guyana,GUY,1981,62.532852
Guyana,GUY,1982,54.377674
Guyana,GUY,1983,54.20959
Guyana,GUY,1984,53.592457
Guyana,GUY,1985,54.137325
Guyana,GUY,1986,55.120598
Guyana,GUY,1987,55.106453
Guyana,GUY,1988,55.124027
Guyana,GUY,1989,54.69116
Guyana,GUY,1990,56.442204
Guyana,GUY,1991,59.15516
Guyana,GUY,1992,64.363594
Guyana,GUY,1993,67.883804
Guyana,GUY,1994,66.82511
Guyana,GUY,1995,67.876076
Guyana,GUY,1996,68.800224
Guyana,GUY,1997,73.63592
Guyana,GUY,1998,76.6515
Guyana,GUY,1999,78.549934
Guyana,GUY,2000,77.72333
Guyana,GUY,2001,74.05795
Guyana,GUY,2002,75.62544
Guyana,GUY,2003,79.30217
Guyana,GUY,2004,76.49193
Guyana,GUY,2005,76.917885
Guyana,GUY,2006,72.70249
Guyana,GUY,2007,74.86622
Guyana,GUY,2008,76.22059
Guyana,GUY,2009,76.77112
Guyana,GUY,2010,84.24011
Guyana,GUY,2011,86.67873
Guyana,GUY,2012,90.53927
Guyana,GUY,2013,87.31
Guyana,GUY,2014,93.03988
Guyana,GUY,2015,101.109604
Guyana,GUY,2016,98.02961
Guyana,GUY,2017,98.42961
Guyana,GUY,2018,103.9196
Guyana,GUY,2019,98.85902
Guyana,GUY,2020,104.19922
Guyana,GUY,2021,106.38947
Guyana,GUY,2022,109.43027
Guyana,GUY,2023,114.20903
Haiti,HTI,1961,43.518063
Haiti,HTI,1962,44.12768
Haiti,HTI,1963,44.437138
Haiti,HTI,1964,42.736282
Haiti,HTI,1965,45.130276
Haiti,HTI,1966,44.64751
Haiti,HTI,1967,44.733486
Haiti,HTI,1968,43.241863
Haiti,HTI,1969,43.80523
Haiti,HTI,1970,43.7326
Haiti,HTI,1971,43.629715
Haiti,HTI,1972,44.390553
Haiti,HTI,1973,44.684277
Haiti,HTI,1974,44.724384
Haiti,HTI,1975,44.831356
Haiti,HTI,1976,44.742535
Haiti,HTI,1977,43.016346
Haiti,HTI,1978,45.71096
Haiti,HTI,1979,46.614017
Haiti,HTI,1980,46.54377
Haiti,HTI,1981,47.227177
Haiti,HTI,1982,46.75556
Haiti,HTI,1983,47.60975
Haiti,HTI,1984,47.784878
Haiti,HTI,1985,48.679623
Haiti,HTI,1986,48.44542
Haiti,HTI,1987,49.71653
Haiti,HTI,1988,47.200493
Haiti,HTI,1989,44.903484
Haiti,HTI,1990,44.19864
Haiti,HTI,1991,44.36722
Haiti,HTI,1992,43.90284
Haiti,HTI,1993,43.16652
Haiti,HTI,1994,42.85115
Haiti,HTI,1995,42.047672
Haiti,HTI,1996,43.87505
Haiti,HTI,1997,43.56849
Haiti,HTI,1998,45.95427
Haiti,HTI,1999,44.982616
Haiti,HTI,2000,44.371723
Haiti,HTI,2001,42.98169
Haiti,HTI,2002,42.654903
Haiti,HTI,2003,44.117805
Haiti,HTI,2004,43.568573
Haiti,HTI,2005,43.988678
Haiti,HTI,2006,44.293457
Haiti,HTI,2007,46.15254
Haiti,HTI,2008,45.90062
Haiti,HTI,2009,47.466583
Haiti,HTI,2010,50.419952
Haiti,HTI,2011,49.059982
Haiti,HTI,2012,49.489998
Haiti,HTI,2013,49.80998
Haiti,HTI,2014,51.269997
Haiti,HTI,2015,52.319958
Haiti,HTI,2016,52.35999
Haiti,HTI,2017,52.44996
Haiti,HTI,2018,50.95994
Haiti,HTI,2019,47.97998
Haiti,HTI,2020,49.280014
Haiti,HTI,2021,48.11999
Haiti,HTI,2022,43.610027
Haiti,HTI,2023,46.00999
High-income countries,OWID_HIC,1961,86.16158
High-income countries,OWID_HIC,1962,86.64486
High-income countries,OWID_HIC,1963,87.39506
High-income countries,OWID_HIC,1964,87.65812
High-income countries,OWID_HIC,1965,88.269554
High-income countries,OWID_HIC,1966,89.21962
High-income countries,OWID_HIC,1967,89.89949
High-income countries,OWID_HIC,1968,90.86578
High-income countries,OWID_HIC,1969,90.88136
High-income countries,OWID_HIC,1970,91.33547
High-income countries,OWID_HIC,1971,91.860344
High-income countries,OWID_HIC,1972,92.24556
High-income countries,OWID_HIC,1973,92.56711
High-income countries,OWID_HIC,1974,92.672714
High-income countries,OWID_HIC,1975,93.08243
High-income countries,OWID_HIC,1976,95.16862
High-income countries,OWID_HIC,1977,94.58355
High-income countries,OWID_HIC,1978,95.69143
High-income countries,OWID_HIC,1979,96.534004
High-income countries,OWID_HIC,1980,96.06403
High-income countries,OWID_HIC,1981,96.141106
High-income countries,OWID_HIC,1982,95.57387
High-income countries,OWID_HIC,1983,96.15682
High-income countries,OWID_HIC,1984,97.305984
High-income countries,OWID_HIC,1985,99.02063
High-income countries,OWID_HIC,1986,99.0767
High-income countries,OWID_HIC,1987,100.80453
High-income countries,OWID_HIC,1988,101.22666
High-income countries,OWID_HIC,1989,100.959
High-income countries,OWID_HIC,1990,100.94998
High-income countries,OWID_HIC,1991,100.913765
High-income countries,OWID_HIC,1992,99.4065
High-income countries,OWID_HIC,1993,99.08569
High-income countries,OWID_HIC,1994,99.830315
High-income countries,OWID_HIC,1995,99.83783
High-income countries,OWID_HIC,1996,99.73745
High-income countries,OWID_HIC,1997,99.99969
High-income countries,OWID_HIC,1998,101.01529
High-income countries,OWID_HIC,1999,101.81913
High-income countries,OWID_HIC,2000,101.67036
High-income countries,OWID_HIC,2001,102.07343
High-income countries,OWID_HIC,2002,102.77826
High-income countries,OWID_HIC,2003,102.734406
High-income countries,OWID_HIC,2004,102.48836
High-income countries,OWID_HIC,2005,102.90188
High-income countries,OWID_HIC,2006,103.15761
High-income countries,OWID_HIC,2007,104.164505
High-income countries,OWID_HIC,2008,103.5063
High-income countries,OWID_HIC,2009,102.722824
High-income countries,OWID_HIC,2010,109.54424
High-income countries,OWID_HIC,2011,109.12445
High-income countries,OWID_HIC,2012,109.21042
High-income countries,OWID_HIC,2013,109.105446
High-income countries,OWID_HIC,2014,108.69787
High-income countries,OWID_HIC,2015,109.078865
High-income countries,OWID_HIC,2016,109.618225
High-income countries,OWID_HIC,2017,110.18958
High-income countries,OWID_HIC,2018,111.16103
High-income countries,OWID_HIC,2019,111.96416
High-income countries,OWID_HIC,2020,113.070656
High-income countries,OWID_HIC,2021,112.55252
High-income countries,OWID_HIC,2022,113.34286
High-income countries,OWID_HIC,2023,115.38711
Honduras,HND,1961,49.948727
Honduras,HND,1962,48.670135
Honduras,HND,1963,49.55063
Honduras,HND,1964,49.66565
Honduras,HND,1965,49.94709
Honduras,HND,1966,50.630302
Honduras,HND,1967,52.826206
Honduras,HND,1968,52.711964
Honduras,HND,1969,52.404198
Honduras,HND,1970,52.78847
Honduras,HND,1971,51.463207
Honduras,HND,1972,49.917664
Honduras,HND,1973,49.56695
Honduras,HND,1974,48.80328
Honduras,HND,1975,50.057148
Honduras,HND,1976,49.410816
Honduras,HND,1977,48.87534
Honduras,HND,1978,49.586586
Honduras,HND,1979,49.35137
Honduras,HND,1980,50.49378
Honduras,HND,1981,50.907936
Honduras,HND,1982,49.029865
Honduras,HND,1983,49.46157
Honduras,HND,1984,49.519684
Honduras,HND,1985,50.75792
Honduras,HND,1986,49.225273
Honduras,HND,1987,50.680878
Honduras,HND,1988,52.325054
Honduras,HND,1989,53.45081
Honduras,HND,1990,54.32267
Honduras,HND,1991,54.476227
Honduras,HND,1992,54.636295
Honduras,HND,1993,53.894
Honduras,HND,1994,56.308582
Honduras,HND,1995,57.170624
Honduras,HND,1996,58.316536
Honduras,HND,1997,57.19524
Honduras,HND,1998,57.30193
Honduras,HND,1999,57.000843
Honduras,HND,2000,56.597992
Honduras,HND,2001,57.189
Honduras,HND,2002,57.91185
Honduras,HND,2003,58.839314
Honduras,HND,2004,58.717003
Honduras,HND,2005,60.50862
Honduras,HND,2006,59.56353
Honduras,HND,2007,60.787758
Honduras,HND,2008,62.175762
Honduras,HND,2009,58.401672
Honduras,HND,2010,58.069992
Honduras,HND,2011,59.30995
Honduras,HND,2012,58.63999
Honduras,HND,2013,58.350025
Honduras,HND,2014,56.439957
Honduras,HND,2015,58.490025
Honduras,HND,2016,60.15
Honduras,HND,2017,60.199974
Honduras,HND,2018,61.930008
Honduras,HND,2019,61.659954
Honduras,HND,2020,61.10001
Honduras,HND,2021,63.479992
Honduras,HND,2022,62.92994
Honduras,HND,2023,63.02998
Hong Kong,HKG,1961,69.5712
Hong Kong,HKG,1962,79.54336
Hong Kong,HKG,1963,87.45515
Hong Kong,HKG,1964,79.88448
Hong Kong,HKG,1965,66.890076
Hong Kong,HKG,1966,66.96961
Hong Kong,HKG,1967,80.85614
Hong Kong,HKG,1968,97.94749
Hong Kong,HKG,1969,90.9836
Hong Kong,HKG,1970,88.10452
Hong Kong,HKG,1971,85.99999
Hong Kong,HKG,1972,86.98952
Hong Kong,HKG,1973,85.93114
Hong Kong,HKG,1974,84.071976
Hong Kong,HKG,1975,83.16765
Hong Kong,HKG,1976,85.18707
Hong Kong,HKG,1977,84.43132
Hong Kong,HKG,1978,87.57243
Hong Kong,HKG,1979,89.14796
Hong Kong,HKG,1980,90.671776
Hong Kong,HKG,1981,90.682434
Hong Kong,HKG,1982,92.16065
Hong Kong,HKG,1983,92.53741
Hong Kong,HKG,1984,90.55584
Hong Kong,HKG,1985,90.33498
Hong Kong,HKG,1986,92.91219
Hong Kong,HKG,1987,94.70807
Hong Kong,HKG,1988,94.90726
Hong Kong,HKG,1989,92.705025
Hong Kong,HKG,1990,96.153366
Hong Kong,HKG,1991,96.54752
Hong Kong,HKG,1992,97.21057
Hong Kong,HKG,1993,94.67467
Hong Kong,HKG,1994,97.92821
Hong Kong,HKG,1995,103.283485
Hong Kong,HKG,1996,99.79316
Hong Kong,HKG,1997,101.31569
Hong Kong,HKG,1998,99.49664
Hong Kong,HKG,1999,98.75845
Hong Kong,HKG,2000,102.62697
Hong Kong,HKG,2001,99.89098
Hong Kong,HKG,2002,98.39962
Hong Kong,HKG,2003,99.593475
Hong Kong,HKG,2004,105.10465
Hong Kong,HKG,2005,110.29637
Hong Kong,HKG,2006,109.05301
Hong Kong,HKG,2007,111.48574
Hong Kong,HKG,2008,117.07473
Hong Kong,HKG,2009,123.63607
Hong Kong,HKG,2010,134.95012
Hong Kong,HKG,2011,141.59003
Hong Kong,HKG,2012,138.54001
Hong Kong,HKG,2013,135.64018
Hong Kong,HKG,2014,140.37996
Hong Kong,HKG,2015,135.95999
Hong Kong,HKG,2016,143.38008
Hong Kong,HKG,2017,148.15001
Hong Kong,HKG,2018,142.06
Hong Kong,HKG,2019,148.90987
Hong Kong,HKG,2020,144.38
Hong Kong,HKG,2021,140.58992
Hong Kong,HKG,2022,121.41995
Hong Kong,HKG,2023,118.31987
Hungary,HUN,1961,85.00801
Hungary,HUN,1962,91.83325
Hungary,HUN,1963,91.54645
Hungary,HUN,1964,90.58326
Hungary,HUN,1965,93.21472
Hungary,HUN,1966,96.44692
Hungary,HUN,1967,92.32022
Hungary,HUN,1968,92.284546
Hungary,HUN,1969,96.47647
Hungary,HUN,1970,95.7556
Hungary,HUN,1971,95.7708
Hungary,HUN,1972,95.3207
Hungary,HUN,1973,95.81586
Hungary,HUN,1974,100.34278
Hungary,HUN,1975,99.52932
Hungary,HUN,1976,100.87263
Hungary,HUN,1977,97.7356
Hungary,HUN,1978,100.24027
Hungary,HUN,1979,98.54212
Hungary,HUN,1980,102.8583
Hungary,HUN,1981,102.31261
Hungary,HUN,1982,102.03815
Hungary,HUN,1983,103.26349
Hungary,HUN,1984,104.038734
Hungary,HUN,1985,104.54453
Hungary,HUN,1986,105.319084
Hungary,HUN,1987,107.780914
Hungary,HUN,1988,106.94525
Hungary,HUN,1989,103.86565
Hungary,HUN,1990,97.905075
Hungary,HUN,1991,95.13501
Hungary,HUN,1992,93.77141
Hungary,HUN,1993,89.08129
Hungary,HUN,1994,86.395645
Hungary,HUN,1995,81.600235
Hungary,HUN,1996,78.27814
Hungary,HUN,1997,83.23154
Hungary,HUN,1998,82.139885
Hungary,HUN,1999,83.97193
Hungary,HUN,2000,91.44877
Hungary,HUN,2001,89.055984
Hungary,HUN,2002,89.37842
Hungary,HUN,2003,87.555145
Hungary,HUN,2004,90.85926
Hungary,HUN,2005,90.86266
Hungary,HUN,2006,90.64336
Hungary,HUN,2007,87.48405
Hungary,HUN,2008,86.71331
Hungary,HUN,2009,85.35202
Hungary,HUN,2010,84.83002
Hungary,HUN,2011,86.450035
Hungary,HUN,2012,85.01999
Hungary,HUN,2013,82.250046
Hungary,HUN,2014,86.35997
Hungary,HUN,2015,88.69999
Hungary,HUN,2016,90.530014
Hungary,HUN,2017,91.63992
Hungary,HUN,2018,94.01994
Hungary,HUN,2019,94.29004
Hungary,HUN,2020,90.560005
Hungary,HUN,2021,92.84001
Hungary,HUN,2022,91.31001
Hungary,HUN,2023,93.63995
Iceland,ISL,1961,120.57057
Iceland,ISL,1962,123.31125
Iceland,ISL,1963,117.36581
Iceland,ISL,1964,121.692314
Iceland,ISL,1965,118.79716
Iceland,ISL,1966,119.43008
Iceland,ISL,1967,110.096275
Iceland,ISL,1968,108.36696
Iceland,ISL,1969,110.185616
Iceland,ISL,1970,122.09733
Iceland,ISL,1971,117.912224
Iceland,ISL,1972,124.478874
Iceland,ISL,1973,112.735504
Iceland,ISL,1974,108.33244
Iceland,ISL,1975,125.59329
Iceland,ISL,1976,119.06393
Iceland,ISL,1977,117.29348
Iceland,ISL,1978,123.48153
Iceland,ISL,1979,125.740746
Iceland,ISL,1980,127.018105
Iceland,ISL,1981,132.84146
Iceland,ISL,1982,127.06537
Iceland,ISL,1983,127.26799
Iceland,ISL,1984,122.976036
Iceland,ISL,1985,127.201485
Iceland,ISL,1986,134.37332
Iceland,ISL,1987,124.09071
Iceland,ISL,1988,115.70311
Iceland,ISL,1989,115.92393
Iceland,ISL,1990,112.11948
Iceland,ISL,1991,114.745224
Iceland,ISL,1992,113.72454
Iceland,ISL,1993,115.36503
Iceland,ISL,1994,123.78346
Iceland,ISL,1995,119.129776
Iceland,ISL,1996,109.86032
Iceland,ISL,1997,115.18197
Iceland,ISL,1998,119.58412
Iceland,ISL,1999,125.42815
Iceland,ISL,2000,123.5212
Iceland,ISL,2001,120.92949
Iceland,ISL,2002,127.5693
Iceland,ISL,2003,129.64166
Iceland,ISL,2004,127.66077
Iceland,ISL,2005,129.40448
Iceland,ISL,2006,133.4617
Iceland,ISL,2007,135.21652
Iceland,ISL,2008,130.62862
Iceland,ISL,2009,132.40234
Iceland,ISL,2010,133.69873
Iceland,ISL,2011,135.16043
Iceland,ISL,2012,136.79532
Iceland,ISL,2013,136.90959
Iceland,ISL,2014,144.75691
Iceland,ISL,2015,148.16463
Iceland,ISL,2016,148.17955
Iceland,ISL,2017,152.53688
Iceland,ISL,2018,151.9157
Iceland,ISL,2019,152.6062
Iceland,ISL,2020,150.85341
Iceland,ISL,2021,149.6572
Iceland,ISL,2022,151.3968
Iceland,ISL,2023,151.6904
India,IND,1961,53.476475
India,IND,1962,53.64416
India,IND,1963,51.471355
India,IND,1964,51.32174
India,IND,1965,49.973988
India,IND,1966,49.39875
India,IND,1967,50.254745
India,IND,1968,52.118553
India,IND,1969,51.78826
India,IND,1970,53.804733
India,IND,1971,50.269535
India,IND,1972,50.28319
India,IND,1973,52.141346
India,IND,1974,48.32118
India,IND,1975,51.59569
India,IND,1976,48.72322
India,IND,1977,52.791588
India,IND,1978,53.26677
India,IND,1979,50.610058
India,IND,1980,49.146477
India,IND,1981,51.44068
India,IND,1982,50.91478
India,IND,1983,55.87279
India,IND,1984,54.80761
India,IND,1985,52.91524
India,IND,1986,54.24023
India,IND,1987,54.463562
India,IND,1988,56.429276
India,IND,1989,58.42615
India,IND,1990,53.45107
India,IND,1991,56.043102
India,IND,1992,56.81985
India,IND,1993,55.439186
India,IND,1994,55.310234
India,IND,1995,56.215508
India,IND,1996,55.914776
India,IND,1997,55.751766
India,IND,1998,55.558075
India,IND,1999,56.304325
India,IND,2000,55.771988
India,IND,2001,55.1818
India,IND,2002,53.30556
India,IND,2003,53.200527
India,IND,2004,52.794235
India,IND,2005,52.38052
India,IND,2006,54.499477
India,IND,2007,56.451897
India,IND,2008,56.742916
India,IND,2009,56.014503
India,IND,2010,60.389996
India,IND,2011,60.660004
India,IND,2012,60.72
India,IND,2013,62.48
India,IND,2014,63.610004
India,IND,2015,63.13
India,IND,2016,65.04
India,IND,2017,66.78
India,IND,2018,66.17
India,IND,2019,67.68
India,IND,2020,69.96
India,IND,2021,70.9
India,IND,2022,73.19
India,IND,2023,74.57
Indonesia,IDN,1961,35.24667
Indonesia,IDN,1962,34.89698
Indonesia,IDN,1963,34.17422
Indonesia,IDN,1964,34.673878
Indonesia,IDN,1965,34.74156
Indonesia,IDN,1966,35.639523
Indonesia,IDN,1967,35.599735
Indonesia,IDN,1968,35.533886
Indonesia,IDN,1969,36.226784
Indonesia,IDN,1970,37.733856
Indonesia,IDN,1971,38.209824
Indonesia,IDN,1972,38.949326
Indonesia,IDN,1973,40.232113
Indonesia,IDN,1974,40.25999
Indonesia,IDN,1975,40.07314
Indonesia,IDN,1976,39.546955
Indonesia,IDN,1977,40.52363
Indonesia,IDN,1978,41.66136
Indonesia,IDN,1979,42.871178
Indonesia,IDN,1980,43.486874
Indonesia,IDN,1981,43.914227
Indonesia,IDN,1982,43.39534
Indonesia,IDN,1983,45.660614
Indonesia,IDN,1984,45.83355
Indonesia,IDN,1985,45.598274
Indonesia,IDN,1986,46.962627
Indonesia,IDN,1987,47.366844
Indonesia,IDN,1988,49.276993
Indonesia,IDN,1989,49.82385
Indonesia,IDN,1990,47.47618
Indonesia,IDN,1991,47.97257
Indonesia,IDN,1992,50.246925
Indonesia,IDN,1993,50.918423
Indonesia,IDN,1994,52.89589
Indonesia,IDN,1995,54.226704
Indonesia,IDN,1996,53.9583
Indonesia,IDN,1997,52.02328
Indonesia,IDN,1998,50.82834
Indonesia,IDN,1999,50.992523
Indonesia,IDN,2000,50.91055
Indonesia,IDN,2001,50.71462
Indonesia,IDN,2002,51.588554
Indonesia,IDN,2003,51.82043
Indonesia,IDN,2004,52.47715
Indonesia,IDN,2005,52.13577
Indonesia,IDN,2006,53.52291
Indonesia,IDN,2007,54.658978
Indonesia,IDN,2008,55.205986
Indonesia,IDN,2009,56.574276
Indonesia,IDN,2010,68.08999
Indonesia,IDN,2011,70.88
Indonesia,IDN,2012,70.81
Indonesia,IDN,2013,71.46
Indonesia,IDN,2014,73.42
Indonesia,IDN,2015,75.5
Indonesia,IDN,2016,76.06999
Indonesia,IDN,2017,80.78
Indonesia,IDN,2018,80.35
Indonesia,IDN,2019,80.31
Indonesia,IDN,2020,76.83001
Indonesia,IDN,2021,77.4
Indonesia,IDN,2022,78.31
Indonesia,IDN,2023,77.8
Iran,IRN,1961,50.98825
Iran,IRN,1962,49.844093
Iran,IRN,1963,49.898663
Iran,IRN,1964,50.608692
Iran,IRN,1965,50.06403
Iran,IRN,1966,53.82295
Iran,IRN,1967,55.179893
Iran,IRN,1968,58.134457
Iran,IRN,1969,55.478424
Iran,IRN,1970,56.23227
Iran,IRN,1971,54.4802
Iran,IRN,1972,57.095566
Iran,IRN,1973,61.50465
Iran,IRN,1974,61.993797
Iran,IRN,1975,60.692513
Iran,IRN,1976,63.029247
Iran,IRN,1977,64.02784
Iran,IRN,1978,65.9107
Iran,IRN,1979,68.37005
Iran,IRN,1980,68.77584
Iran,IRN,1981,70.585754
Iran,IRN,1982,70.50244
Iran,IRN,1983,72.60635
Iran,IRN,1984,69.3862
Iran,IRN,1985,68.70635
Iran,IRN,1986,69.25155
Iran,IRN,1987,71.09779
Iran,IRN,1988,72.508125
Iran,IRN,1989,72.76958
Iran,IRN,1990,72.99629
Iran,IRN,1991,74.65323
Iran,IRN,1992,77.40916
Iran,IRN,1993,80.32231
Iran,IRN,1994,79.49494
Iran,IRN,1995,76.5503
Iran,IRN,1996,80.44423
Iran,IRN,1997,82.198715
Iran,IRN,1998,80.98441
Iran,IRN,1999,82.32569
Iran,IRN,2000,81.64118
Iran,IRN,2001,81.95189
Iran,IRN,2002,81.09955
Iran,IRN,2003,81.92945
Iran,IRN,2004,82.156715
Iran,IRN,2005,82.420364
Iran,IRN,2006,80.297035
Iran,IRN,2007,81.2491
Iran,IRN,2008,78.632324
Iran,IRN,2009,81.78837
Iran,IRN,2010,84.52999
Iran,IRN,2011,81.59
Iran,IRN,2012,84.33999
Iran,IRN,2013,84.82
Iran,IRN,2014,86.41
Iran,IRN,2015,85.03999
Iran,IRN,2016,86.3
Iran,IRN,2017,83.92999
Iran,IRN,2018,82.2
Iran,IRN,2019,81.98
Iran,IRN,2020,82.16999
Iran,IRN,2021,81.77
Iran,IRN,2022,80.98
Iran,IRN,2023,79.61
Iraq,IRQ,1961,50.577515
Iraq,IRQ,1962,53.84518
Iraq,IRQ,1963,55.700867
Iraq,IRQ,1964,57.072166
Iraq,IRQ,1965,56.492577
Iraq,IRQ,1966,56.952152
Iraq,IRQ,1967,57.103027
Iraq,IRQ,1968,57.95123
Iraq,IRQ,1969,58.056156
Iraq,IRQ,1970,59.45333
Iraq,IRQ,1971,59.42237
Iraq,IRQ,1972,56.982967
Iraq,IRQ,1973,56.7641
Iraq,IRQ,1974,57.260075
Iraq,IRQ,1975,58.841827
Iraq,IRQ,1976,58.85446
Iraq,IRQ,1977,59.49039
Iraq,IRQ,1978,63.43606
Iraq,IRQ,1979,67.576645
Iraq,IRQ,1980,71.77068
Iraq,IRQ,1981,74.92603
Iraq,IRQ,1982,78.53276
Iraq,IRQ,1983,80.39477
Iraq,IRQ,1984,84.34235
Iraq,IRQ,1985,86.096176
Iraq,IRQ,1986,86.4777
Iraq,IRQ,1987,86.2609
Iraq,IRQ,1988,87.30515
Iraq,IRQ,1989,85.259125
Iraq,IRQ,1990,83.87736
Iraq,IRQ,1991,61.97532
Iraq,IRQ,1992,55.820843
Iraq,IRQ,1993,52.597687
Iraq,IRQ,1994,48.282112
Iraq,IRQ,1995,45.701195
Iraq,IRQ,1996,45.24731
Iraq,IRQ,1997,44.85222
Iraq,IRQ,1998,46.29148
Iraq,IRQ,1999,48.474773
Iraq,IRQ,2000,50.78067
Iraq,IRQ,2001,51.86957
Iraq,IRQ,2002,53.733677
Iraq,IRQ,2003,52.94152
Iraq,IRQ,2004,53.323093
Iraq,IRQ,2005,52.243587
Iraq,IRQ,2006,53.71252
Iraq,IRQ,2007,57.600227
Iraq,IRQ,2008,58.461704
Iraq,IRQ,2009,62.045563
Iraq,IRQ,2010,57.021202
Iraq,IRQ,2011,58.668015
Iraq,IRQ,2012,57.973248
Iraq,IRQ,2013,58.72806
Iraq,IRQ,2014,56.13774
Iraq,IRQ,2015,56.892532
Iraq,IRQ,2016,58.565083
Iraq,IRQ,2017,61.37841
Iraq,IRQ,2018,61.738644
Iraq,IRQ,2019,61.995964
Iraq,IRQ,2020,61.592834
Iraq,IRQ,2021,60.700813
Iraq,IRQ,2022,59.19122
Iraq,IRQ,2023,63.908672
Ireland,IRL,1961,101.99917
Ireland,IRL,1962,102.48667
Ireland,IRL,1963,103.03349
Ireland,IRL,1964,101.555984
Ireland,IRL,1965,103.28621
Ireland,IRL,1966,102.76294
Ireland,IRL,1967,104.30505
Ireland,IRL,1968,103.46354
Ireland,IRL,1969,104.430725
Ireland,IRL,1970,105.80706
Ireland,IRL,1971,106.363174
Ireland,IRL,1972,105.40406
Ireland,IRL,1973,104.59912
Ireland,IRL,1974,112.49544
Ireland,IRL,1975,111.97649
Ireland,IRL,1976,109.77032
Ireland,IRL,1977,111.061165
Ireland,IRL,1978,112.75906
Ireland,IRL,1979,109.48111
Ireland,IRL,1980,112.701004
Ireland,IRL,1981,111.52484
Ireland,IRL,1982,111.38691
Ireland,IRL,1983,109.090935
Ireland,IRL,1984,109.338715
Ireland,IRL,1985,112.00636
Ireland,IRL,1986,114.56452
Ireland,IRL,1987,117.78738
Ireland,IRL,1988,117.71348
Ireland,IRL,1989,112.3525
Ireland,IRL,1990,113.61652
Ireland,IRL,1991,115.46211
Ireland,IRL,1992,112.561325
Ireland,IRL,1993,109.47937
Ireland,IRL,1994,106.366234
Ireland,IRL,1995,106.84902
Ireland,IRL,1996,109.65472
Ireland,IRL,1997,111.48053
Ireland,IRL,1998,114.41423
Ireland,IRL,1999,117.24942
Ireland,IRL,2000,116.37317
Ireland,IRL,2001,120.56415
Ireland,IRL,2002,116.86443
Ireland,IRL,2003,117.39875
Ireland,IRL,2004,117.5334
Ireland,IRL,2005,113.103905
Ireland,IRL,2006,113.04577
Ireland,IRL,2007,109.0057
Ireland,IRL,2008,108.94572
Ireland,IRL,2009,108.563576
Ireland,IRL,2010,117.3899
Ireland,IRL,2011,114.399925
Ireland,IRL,2012,114.159874
Ireland,IRL,2013,119.7301
Ireland,IRL,2014,110.8701
Ireland,IRL,2015,117.549835
Ireland,IRL,2016,117.84985
Ireland,IRL,2017,126.04005
Ireland,IRL,2018,125.18003
Ireland,IRL,2019,128.55992
Ireland,IRL,2020,127.3902
Ireland,IRL,2021,138.88007
Ireland,IRL,2022,136.96014
Ireland,IRL,2023,136.88004
Israel,ISR,1961,98.729614
Israel,ISR,1962,101.08851
Israel,ISR,1963,98.50833
Israel,ISR,1964,101.76544
Israel,ISR,1965,98.46566
Israel,ISR,1966,101.25882
Israel,ISR,1967,99.41468
Israel,ISR,1968,100.61191
Israel,ISR,1969,99.01362
Israel,ISR,1970,100.10113
Israel,ISR,1971,104.5651
Israel,ISR,1972,103.04788
Israel,ISR,1973,104.73057
Israel,ISR,1974,103.510414
Israel,ISR,1975,106.3226
Israel,ISR,1976,107.94631
Israel,ISR,1977,109.78413
Israel,ISR,1978,104.103134
Israel,ISR,1979,108.09701
Israel,ISR,1980,101.82444
Israel,ISR,1981,104.610085
Israel,ISR,1982,109.06011
Israel,ISR,1983,108.98427
Israel,ISR,1984,107.28622
Israel,ISR,1985,108.48584
Israel,ISR,1986,106.38804
Israel,ISR,1987,108.14454
Israel,ISR,1988,111.13721
Israel,ISR,1989,110.32745
Israel,ISR,1990,111.68817
Israel,ISR,1991,111.90581
Israel,ISR,1992,109.963165
Israel,ISR,1993,111.09103
Israel,ISR,1994,115.24397
Israel,ISR,1995,115.09925
Israel,ISR,1996,114.09808
Israel,ISR,1997,114.21575
Israel,ISR,1998,113.923294
Israel,ISR,1999,112.745865
Israel,ISR,2000,118.35719
Israel,ISR,2001,120.84762
Israel,ISR,2002,123.48655
Israel,ISR,2003,121.34998
Israel,ISR,2004,125.95574
Israel,ISR,2005,126.54977
Israel,ISR,2006,128.44415
Israel,ISR,2007,126.945465
Israel,ISR,2008,128.66135
Israel,ISR,2009,125.945724
Israel,ISR,2010,126.75992
Israel,ISR,2011,127.78995
Israel,ISR,2012,126.06998
Israel,ISR,2013,128.86018
Israel,ISR,2014,127.05012
Israel,ISR,2015,128.20992
Israel,ISR,2016,130.48006
Israel,ISR,2017,130.82007
Israel,ISR,2018,131.06004
Israel,ISR,2019,130.53006
Israel,ISR,2020,133.56
Israel,ISR,2021,135.63992
Israel,ISR,2022,138.1701
Israel,ISR,2023,130.73999
Italy,ITA,1961,82.624084
Italy,ITA,1962,83.30502
Italy,ITA,1963,86.0809
Italy,ITA,1964,87.30057
Italy,ITA,1965,88.81213
Italy,ITA,1966,90.10083
Italy,ITA,1967,92.13238
Italy,ITA,1968,93.54202
Italy,ITA,1969,94.41896
Italy,ITA,1970,98.228
Italy,ITA,1971,98.17575
Italy,ITA,1972,98.85177
Italy,ITA,1973,102.83625
Italy,ITA,1974,99.117424
Italy,ITA,1975,98.9524
Italy,ITA,1976,99.16242
Italy,ITA,1977,99.95268
Italy,ITA,1978,102.88426
Italy,ITA,1979,106.93518
Italy,ITA,1980,107.72386
Italy,ITA,1981,104.40857
Italy,ITA,1982,102.62014
Italy,ITA,1983,102.519066
Italy,ITA,1984,104.48325
Italy,ITA,1985,105.524796
Italy,ITA,1986,106.53439
Italy,ITA,1987,107.44968
Italy,ITA,1988,107.86117
Italy,ITA,1989,108.47839
Italy,ITA,1990,109.944145
Italy,ITA,1991,112.06559
Italy,ITA,1992,110.342
Italy,ITA,1993,107.26959
Italy,ITA,1994,107.221436
Italy,ITA,1995,106.66301
Italy,ITA,1996,110.01506
Italy,ITA,1997,109.528015
Italy,ITA,1998,112.28869
Italy,ITA,1999,114.01268
Italy,ITA,2000,113.36067
Italy,ITA,2001,113.45024
Italy,ITA,2002,113.27832
Italy,ITA,2003,111.93819
Italy,ITA,2004,112.13371
Italy,ITA,2005,111.649826
Italy,ITA,2006,111.49062
Italy,ITA,2007,111.43677
Italy,ITA,2008,111.169876
Italy,ITA,2009,112.60084
Italy,ITA,2010,121.05
Italy,ITA,2011,119.159996
Italy,ITA,2012,118.18998
Italy,ITA,2013,117.45001
Italy,ITA,2014,113.07001
Italy,ITA,2015,111.98002
Italy,ITA,2016,110.99001
Italy,ITA,2017,112.71001
Italy,ITA,2018,113.590004
Italy,ITA,2019,114.86001
Italy,ITA,2020,114.290016
Italy,ITA,2021,116.73
Italy,ITA,2022,115.28001
Italy,ITA,2023,116.59999
Jamaica,JAM,1961,51.25023
Jamaica,JAM,1962,54.913418
Jamaica,JAM,1963,56.245243
Jamaica,JAM,1964,58.404053
Jamaica,JAM,1965,57.06153
Jamaica,JAM,1966,58.23314
Jamaica,JAM,1967,62.154396
Jamaica,JAM,1968,64.08676
Jamaica,JAM,1969,61.75089
Jamaica,JAM,1970,67.49807
Jamaica,JAM,1971,68.43086
Jamaica,JAM,1972,74.21739
Jamaica,JAM,1973,65.82042
Jamaica,JAM,1974,69.9167
Jamaica,JAM,1975,70.63477
Jamaica,JAM,1976,70.931305
Jamaica,JAM,1977,63.261845
Jamaica,JAM,1978,70.560455
Jamaica,JAM,1979,64.724396
Jamaica,JAM,1980,64.725266
Jamaica,JAM,1981,65.532936
Jamaica,JAM,1982,64.97496
Jamaica,JAM,1983,63.47146
Jamaica,JAM,1984,67.15083
Jamaica,JAM,1985,63.294785
Jamaica,JAM,1986,66.06904
Jamaica,JAM,1987,69.55514
Jamaica,JAM,1988,64.04646
Jamaica,JAM,1989,65.401985
Jamaica,JAM,1990,68.270454
Jamaica,JAM,1991,66.544586
Jamaica,JAM,1992,67.38814
Jamaica,JAM,1993,71.11125
Jamaica,JAM,1994,68.915115
Jamaica,JAM,1995,71.26565
Jamaica,JAM,1996,69.66351
Jamaica,JAM,1997,71.62092
Jamaica,JAM,1998,71.304306
Jamaica,JAM,1999,72.63587
Jamaica,JAM,2000,69.8909
Jamaica,JAM,2001,73.43285
Jamaica,JAM,2002,73.16174
Jamaica,JAM,2003,73.95099
Jamaica,JAM,2004,75.94262
Jamaica,JAM,2005,75.88654
Jamaica,JAM,2006,76.93808
Jamaica,JAM,2007,79.9585
Jamaica,JAM,2008,76.19412
Jamaica,JAM,2009,76.2345
Jamaica,JAM,2010,84.589905
Jamaica,JAM,2011,84.699905
Jamaica,JAM,2012,84.36994
Jamaica,JAM,2013,85.10003
Jamaica,JAM,2014,82.98982
Jamaica,JAM,2015,83.45982
Jamaica,JAM,2016,81.84973
Jamaica,JAM,2017,83.84985
Jamaica,JAM,2018,88.78991
Jamaica,JAM,2019,90.90984
Jamaica,JAM,2020,87.49985
Jamaica,JAM,2021,89.63
Jamaica,JAM,2022,92.26967
Jamaica,JAM,2023,91.68016
Japan,JPN,1961,71.24385
Japan,JPN,1962,72.44024
Japan,JPN,1963,73.96276
Japan,JPN,1964,71.99931
Japan,JPN,1965,74.89997
Japan,JPN,1966,75.95364
Japan,JPN,1967,77.89746
Japan,JPN,1968,78.68884
Japan,JPN,1969,78.84198
Japan,JPN,1970,79.642784
Japan,JPN,1971,81.40516
Japan,JPN,1972,82.41327
Japan,JPN,1973,84.05351
Japan,JPN,1974,83.1308
Japan,JPN,1975,83.06376
Japan,JPN,1976,86.36455
Japan,JPN,1977,86.09168
Japan,JPN,1978,87.67144
Japan,JPN,1979,87.67219
Japan,JPN,1980,86.9545
Japan,JPN,1981,87.09074
Japan,JPN,1982,88.14942
Japan,JPN,1983,90.03903
Japan,JPN,1984,90.64067
Japan,JPN,1985,92.23189
Japan,JPN,1986,93.01063
Japan,JPN,1987,94.98667
Japan,JPN,1988,96.26243
Japan,JPN,1989,97.338036
Japan,JPN,1990,95.97654
Japan,JPN,1991,95.41705
Japan,JPN,1992,95.892944
Japan,JPN,1993,96.33994
Japan,JPN,1994,96.87509
Japan,JPN,1995,97.022766
Japan,JPN,1996,96.675644
Japan,JPN,1997,94.42113
Japan,JPN,1998,93.36436
Japan,JPN,1999,93.57521
Japan,JPN,2000,95.433426
Japan,JPN,2001,95.69301
Japan,JPN,2002,93.47516
Japan,JPN,2003,93.5319
Japan,JPN,2004,91.03122
Japan,JPN,2005,91.71515
Japan,JPN,2006,89.55335
Japan,JPN,2007,90.05645
Japan,JPN,2008,88.54788
Japan,JPN,2009,86.48988
Japan,JPN,2010,90.57355
Japan,JPN,2011,90.08724
Japan,JPN,2012,90.81702
Japan,JPN,2013,90.7882
Japan,JPN,2014,90.39301
Japan,JPN,2015,89.45247
Japan,JPN,2016,89.35314
Japan,JPN,2017,90.4428
Japan,JPN,2018,90.92644
Japan,JPN,2019,91.062874
Japan,JPN,2020,91.45614
Japan,JPN,2021,92.4188
Japan,JPN,2022,93.75887
Jordan,JOR,1961,103.42614
Jordan,JOR,1962,102.66618
Jordan,JOR,1963,104.35454
Jordan,JOR,1964,102.026276
Jordan,JOR,1965,99.13093
Jordan,JOR,1966,93.991455
Jordan,JOR,1967,83.14853
Jordan,JOR,1968,61.063255
Jordan,JOR,1969,65.73191
Jordan,JOR,1970,61.053802
Jordan,JOR,1971,63.22665
Jordan,JOR,1972,62.141582
Jordan,JOR,1973,63.615597
Jordan,JOR,1974,60.76927
Jordan,JOR,1975,62.401695
Jordan,JOR,1976,61.14352
Jordan,JOR,1977,62.33493
Jordan,JOR,1978,65.82362
Jordan,JOR,1979,64.44781
Jordan,JOR,1980,66.05551
Jordan,JOR,1981,68.216896
Jordan,JOR,1982,70.27914
Jordan,JOR,1983,71.91722
Jordan,JOR,1984,72.52444
Jordan,JOR,1985,75.42331
Jordan,JOR,1986,71.36916
Jordan,JOR,1987,71.27131
Jordan,JOR,1988,71.00099
Jordan,JOR,1989,65.17369
Jordan,JOR,1990,67.532425
Jordan,JOR,1991,68.958954
Jordan,JOR,1992,66.18738
Jordan,JOR,1993,65.50847
Jordan,JOR,1994,64.55836
Jordan,JOR,1995,65.835014
Jordan,JOR,1996,62.72603
Jordan,JOR,1997,64.01845
Jordan,JOR,1998,62.601074
Jordan,JOR,1999,62.784542
Jordan,JOR,2000,64.200745
Jordan,JOR,2001,64.66128
Jordan,JOR,2002,64.49068
Jordan,JOR,2003,71.46367
Jordan,JOR,2004,68.08591
Jordan,JOR,2005,68.66763
Jordan,JOR,2006,67.691696
Jordan,JOR,2007,67.14561
Jordan,JOR,2008,70.315956
Jordan,JOR,2009,70.96009
Jordan,JOR,2010,75.62994
Jordan,JOR,2011,76.279884
Jordan,JOR,2012,76.519966
Jordan,JOR,2013,76.679985
Jordan,JOR,2014,75.95995
Jordan,JOR,2015,75.7
Jordan,JOR,2016,75.72001
Jordan,JOR,2017,72.400024
Jordan,JOR,2018,72.51
Jordan,JOR,2019,68.64998
Jordan,JOR,2020,71.899994
Jordan,JOR,2021,72.74003
Jordan,JOR,2022,72.64994
Jordan,JOR,2023,71.09994
Kazakhstan,KAZ,1992,85.32592
Kazakhstan,KAZ,1993,84.00039
Kazakhstan,KAZ,1994,84.84618
Kazakhstan,KAZ,1995,83.41706
Kazakhstan,KAZ,1996,84.38804
Kazakhstan,KAZ,1997,86.18153
Kazakhstan,KAZ,1998,82.69431
Kazakhstan,KAZ,1999,83.54446
Kazakhstan,KAZ,2000,83.1901
Kazakhstan,KAZ,2001,82.36878
Kazakhstan,KAZ,2002,82.81586
Kazakhstan,KAZ,2003,85.41216
Kazakhstan,KAZ,2004,84.23068
Kazakhstan,KAZ,2005,84.894745
Kazakhstan,KAZ,2006,87.5114
Kazakhstan,KAZ,2007,88.69845
Kazakhstan,KAZ,2008,89.73158
Kazakhstan,KAZ,2009,89.94622
Kazakhstan,KAZ,2010,83.41002
Kazakhstan,KAZ,2011,86.88002
Kazakhstan,KAZ,2012,87.23997
Kazakhstan,KAZ,2013,87.66999
Kazakhstan,KAZ,2014,85.71997
Kazakhstan,KAZ,2015,87.14998
Kazakhstan,KAZ,2016,89.53
Kazakhstan,KAZ,2017,93.67999
Kazakhstan,KAZ,2018,96.660034
Kazakhstan,KAZ,2019,97.20002
Kazakhstan,KAZ,2020,98.30002
Kazakhstan,KAZ,2021,98.05996
Kazakhstan,KAZ,2022,101.249985
Kazakhstan,KAZ,2023,106.69995
Kenya,KEN,1961,72.95676
Kenya,KEN,1962,72.14651
Kenya,KEN,1963,66.96509
Kenya,KEN,1964,68.024445
Kenya,KEN,1965,71.21052
Kenya,KEN,1966,69.89841
Kenya,KEN,1967,69.37337
Kenya,KEN,1968,68.999435
Kenya,KEN,1969,70.3956
Kenya,KEN,1970,68.83543
Kenya,KEN,1971,68.18841
Kenya,KEN,1972,69.17546
Kenya,KEN,1973,67.18783
Kenya,KEN,1974,67.14248
Kenya,KEN,1975,68.30997
Kenya,KEN,1976,69.45045
Kenya,KEN,1977,69.90241
Kenya,KEN,1978,69.65292
Kenya,KEN,1979,66.2069
Kenya,KEN,1980,63.483776
Kenya,KEN,1981,62.130974
Kenya,KEN,1982,62.856518
Kenya,KEN,1983,63.40163
Kenya,KEN,1984,60.105213
Kenya,KEN,1985,61.06324
Kenya,KEN,1986,63.404663
Kenya,KEN,1987,61.42666
Kenya,KEN,1988,60.72981
Kenya,KEN,1989,61.498318
Kenya,KEN,1990,58.88985
Kenya,KEN,1991,57.449646
Kenya,KEN,1992,54.833496
Kenya,KEN,1993,54.58482
Kenya,KEN,1994,61.43416
Kenya,KEN,1995,61.26385
Kenya,KEN,1996,60.960617
Kenya,KEN,1997,59.99581
Kenya,KEN,1998,61.268982
Kenya,KEN,1999,60.233448
Kenya,KEN,2000,58.888657
Kenya,KEN,2001,57.304047
Kenya,KEN,2002,58.50809
Kenya,KEN,2003,56.440777
Kenya,KEN,2004,56.59748
Kenya,KEN,2005,60.992126
Kenya,KEN,2006,60.517956
Kenya,KEN,2007,58.896385
Kenya,KEN,2008,57.23036
Kenya,KEN,2009,59.09361
Kenya,KEN,2010,57.79
Kenya,KEN,2011,60.579994
Kenya,KEN,2012,60.38999
Kenya,KEN,2013,59.129993
Kenya,KEN,2014,60.45
Kenya,KEN,2015,61.030003
Kenya,KEN,2016,59.68001
Kenya,KEN,2017,58.870014
Kenya,KEN,2018,59.35
Kenya,KEN,2019,60.22
Kenya,KEN,2020,57.24
Kenya,KEN,2021,55.720005
Kenya,KEN,2022,56.540005
Kenya,KEN,2023,55.769993
Kiribati,KIR,1961,35.7954
Kiribati,KIR,1962,38.08462
Kiribati,KIR,1963,39.803196
Kiribati,KIR,1964,42.63386
Kiribati,KIR,1965,40.977325
Kiribati,KIR,1966,42.481773
Kiribati,KIR,1967,44.241673
Kiribati,KIR,1968,45.277885
Kiribati,KIR,1969,44.327065
Kiribati,KIR,1970,46.69216
Kiribati,KIR,1971,47.943653
Kiribati,KIR,1972,48.380157
Kiribati,KIR,1973,51.257416
Kiribati,KIR,1974,50.92594
Kiribati,KIR,1975,51.783447
Kiribati,KIR,1976,54.45611
Kiribati,KIR,1977,54.870365
Kiribati,KIR,1978,57.603127
Kiribati,KIR,1979,59.12663
Kiribati,KIR,1980,64.29704
Kiribati,KIR,1981,58.1206
Kiribati,KIR,1982,57.90628
Kiribati,KIR,1983,58.271038
Kiribati,KIR,1984,59.73791
Kiribati,KIR,1985,59.585625
Kiribati,KIR,1986,59.150105
Kiribati,KIR,1987,61.137222
Kiribati,KIR,1988,61.132904
Kiribati,KIR,1989,60.697063
Kiribati,KIR,1990,60.53852
Kiribati,KIR,1991,61.994366
Kiribati,KIR,1992,62.222267
Kiribati,KIR,1993,64.012024
Kiribati,KIR,1994,60.649982
Kiribati,KIR,1995,64.58752
Kiribati,KIR,1996,65.78893
Kiribati,KIR,1997,63.83004
Kiribati,KIR,1998,65.50565
Kiribati,KIR,1999,64.59438
Kiribati,KIR,2000,65.26164
Kiribati,KIR,2001,67.78573
Kiribati,KIR,2002,66.083595
Kiribati,KIR,2003,66.449165
Kiribati,KIR,2004,65.877556
Kiribati,KIR,2005,68.88266
Kiribati,KIR,2006,67.21478
Kiribati,KIR,2007,65.33988
Kiribati,KIR,2008,62.996117
Kiribati,KIR,2009,65.30189
Kiribati,KIR,2010,76.658005
Kiribati,KIR,2011,77.503
Kiribati,KIR,2012,75.611244
Kiribati,KIR,2013,74.89539
Kiribati,KIR,2014,74.824165
Kiribati,KIR,2015,78.36926
Kiribati,KIR,2016,79.324646
Kiribati,KIR,2017,79.82805
Kiribati,KIR,2018,80.88874
Kiribati,KIR,2019,82.464676
Kiribati,KIR,2020,84.113335
Kiribati,KIR,2021,87.56523
Kiribati,KIR,2022,84.3416
Kiribati,KIR,2023,83.36371
Kuwait,KWT,1961,64.57626
Kuwait,KWT,1962,66.0594
Kuwait,KWT,1963,65.12815
Kuwait,KWT,1964,71.192314
Kuwait,KWT,1965,72.885414
Kuwait,KWT,1966,71.48326
Kuwait,KWT,1967,73.08859
Kuwait,KWT,1968,72.34355
Kuwait,KWT,1969,69.33888
Kuwait,KWT,1970,69.42745
Kuwait,KWT,1971,67.16529
Kuwait,KWT,1972,69.72867
Kuwait,KWT,1973,67.61454
Kuwait,KWT,1974,68.52746
Kuwait,KWT,1975,70.36309
Kuwait,KWT,1976,74.811516
Kuwait,KWT,1977,78.39068
Kuwait,KWT,1978,78.409325
Kuwait,KWT,1979,81.21586
Kuwait,KWT,1980,82.27154
Kuwait,KWT,1981,82.5389
Kuwait,KWT,1982,85.96982
Kuwait,KWT,1983,82.99673
Kuwait,KWT,1984,83.42927
Kuwait,KWT,1985,79.75742
Kuwait,KWT,1986,84.40693
Kuwait,KWT,1987,84.83322
Kuwait,KWT,1988,85.49015
Kuwait,KWT,1989,85.04458
Kuwait,KWT,1990,79.2659
Kuwait,KWT,1991,69.64614
Kuwait,KWT,1992,74.884766
Kuwait,KWT,1993,80.43088
Kuwait,KWT,1994,90.669304
Kuwait,KWT,1995,94.22522
Kuwait,KWT,1996,93.812675
Kuwait,KWT,1997,93.81167
Kuwait,KWT,1998,96.61758
Kuwait,KWT,1999,97.988396
Kuwait,KWT,2000,101.70077
Kuwait,KWT,2001,104.85417
Kuwait,KWT,2002,96.58488
Kuwait,KWT,2003,104.46184
Kuwait,KWT,2004,110.78082
Kuwait,KWT,2005,120.21991
Kuwait,KWT,2006,114.853294
Kuwait,KWT,2007,117.47607
Kuwait,KWT,2008,112.37302
Kuwait,KWT,2009,115.7336
Kuwait,KWT,2010,120.32984
Kuwait,KWT,2011,116.67982
Kuwait,KWT,2012,111.48017
Kuwait,KWT,2013,115.83983
Kuwait,KWT,2014,112.29003
Kuwait,KWT,2015,111.71957
Kuwait,KWT,2016,108.46984
Kuwait,KWT,2017,107.99985
Kuwait,KWT,2018,106.08003
Kuwait,KWT,2019,111.26972
Kuwait,KWT,2020,112.35985
Kuwait,KWT,2021,108.11981
Kuwait,KWT,2022,100.339905
Kuwait,KWT,2023,95.49998
Kyrgyzstan,KGZ,1992,79.064224
Kyrgyzstan,KGZ,1993,75.91204
Kyrgyzstan,KGZ,1994,75.91552
Kyrgyzstan,KGZ,1995,77.82835
Kyrgyzstan,KGZ,1996,79.99295
Kyrgyzstan,KGZ,1997,84.94622
Kyrgyzstan,KGZ,1998,77.75934
Kyrgyzstan,KGZ,1999,81.81773
Kyrgyzstan,KGZ,2000,81.93008
Kyrgyzstan,KGZ,2001,83.16021
Kyrgyzstan,KGZ,2002,82.36551
Kyrgyzstan,KGZ,2003,84.39557
Kyrgyzstan,KGZ,2004,83.29553
Kyrgyzstan,KGZ,2005,84.01512
Kyrgyzstan,KGZ,2006,77.03162
Kyrgyzstan,KGZ,2007,78.07225
Kyrgyzstan,KGZ,2008,79.52314
Kyrgyzstan,KGZ,2009,82.47635
Kyrgyzstan,KGZ,2010,87.419945
Kyrgyzstan,KGZ,2011,87.349884
Kyrgyzstan,KGZ,2012,88.73998
Kyrgyzstan,KGZ,2013,86.699936
Kyrgyzstan,KGZ,2014,87.339966
Kyrgyzstan,KGZ,2015,85.870056
Kyrgyzstan,KGZ,2016,85.38
Kyrgyzstan,KGZ,2017,85.260025
Kyrgyzstan,KGZ,2018,87.88996
Kyrgyzstan,KGZ,2019,86.00992
Kyrgyzstan,KGZ,2020,86.88996
Kyrgyzstan,KGZ,2021,87.98996
Kyrgyzstan,KGZ,2022,93.82998
Kyrgyzstan,KGZ,2023,92.83996
Land Locked Developing Countries (FAO),,1961,57.14
Land Locked Developing Countries (FAO),,1962,57.04
Land Locked Developing Countries (FAO),,1963,57.06
Land Locked Developing Countries (FAO),,1964,58.04
Land Locked Developing Countries (FAO),,1965,58.62
Land Locked Developing Countries (FAO),,1966,58.22
Land Locked Developing Countries (FAO),,1967,59.87
Land Locked Developing Countries (FAO),,1968,60.45
Land Locked Developing Countries (FAO),,1969,60.07
Land Locked Developing Countries (FAO),,1970,59.24
Land Locked Developing Countries (FAO),,1971,59.25
Land Locked Developing Countries (FAO),,1972,59.21
Land Locked Developing Countries (FAO),,1973,58.08
Land Locked Developing Countries (FAO),,1974,58.83
Land Locked Developing Countries (FAO),,1975,58.79
Land Locked Developing Countries (FAO),,1976,60.03
Land Locked Developing Countries (FAO),,1977,59.04
Land Locked Developing Countries (FAO),,1978,59.65
Land Locked Developing Countries (FAO),,1979,58.33
Land Locked Developing Countries (FAO),,1980,56.6
Land Locked Developing Countries (FAO),,1981,56.16
Land Locked Developing Countries (FAO),,1982,56.5
Land Locked Developing Countries (FAO),,1983,56.59
Land Locked Developing Countries (FAO),,1984,55.52
Land Locked Developing Countries (FAO),,1985,54.97
Land Locked Developing Countries (FAO),,1986,54.71
Land Locked Developing Countries (FAO),,1987,56.34
Land Locked Developing Countries (FAO),,1988,56.74
Land Locked Developing Countries (FAO),,1989,57.08
Land Locked Developing Countries (FAO),,1990,56.51
Land Locked Developing Countries (FAO),,1991,55.82
Land Locked Developing Countries (FAO),,1992,62.59
Land Locked Developing Countries (FAO),,1993,57.88
Land Locked Developing Countries (FAO),,1994,58.24
Land Locked Developing Countries (FAO),,1995,57.88
Land Locked Developing Countries (FAO),,1996,57.82
Land Locked Developing Countries (FAO),,1997,58.15
Land Locked Developing Countries (FAO),,1998,58.23
Land Locked Developing Countries (FAO),,1999,58.6
Land Locked Developing Countries (FAO),,2000,58.78
Land Locked Developing Countries (FAO),,2001,59.39
Land Locked Developing Countries (FAO),,2002,60.2
Land Locked Developing Countries (FAO),,2003,61.64
Land Locked Developing Countries (FAO),,2004,61.73
Land Locked Developing Countries (FAO),,2005,62.96
Land Locked Developing Countries (FAO),,2006,63.02
Land Locked Developing Countries (FAO),,2007,63.57
Land Locked Developing Countries (FAO),,2008,65.02
Land Locked Developing Countries (FAO),,2009,65.95
Land Locked Developing Countries (FAO),,2010,71.66
Land Locked Developing Countries (FAO),,2011,71.86
Land Locked Developing Countries (FAO),,2012,72.49
Land Locked Developing Countries (FAO),,2013,73.26
Land Locked Developing Countries (FAO),,2014,73.56
Land Locked Developing Countries (FAO),,2015,74.48
Land Locked Developing Countries (FAO),,2016,74.52
Land Locked Developing Countries (FAO),,2017,75.12
Land Locked Developing Countries (FAO),,2018,75.24
Land Locked Developing Countries (FAO),,2019,75.43
Land Locked Developing Countries (FAO),,2020,77.1
Land Locked Developing Countries (FAO),,2021,76.21
Land Locked Developing Countries (FAO),,2022,77.46
Land Locked Developing Countries (FAO),,2023,77.62
Laos,LAO,1961,49.26183
Laos,LAO,1962,49.181816
Laos,LAO,1963,49.58034
Laos,LAO,1964,50.69736
Laos,LAO,1965,51.223263
Laos,LAO,1966,52.076336
Laos,LAO,1967,52.071136
Laos,LAO,1968,51.975048
Laos,LAO,1969,50.312927
Laos,LAO,1970,51.614056
Laos,LAO,1971,51.373646
Laos,LAO,1972,51.05605
Laos,LAO,1973,50.428486
Laos,LAO,1974,49.23241
Laos,LAO,1975,48.67253
Laos,LAO,1976,48.294506
Laos,LAO,1977,49.976818
Laos,LAO,1978,48.416016
Laos,LAO,1979,47.665005
Laos,LAO,1980,47.778984
Laos,LAO,1981,46.96284
Laos,LAO,1982,47.196823
Laos,LAO,1983,46.55118
Laos,LAO,1984,45.74193
Laos,LAO,1985,45.975185
Laos,LAO,1986,46.573013
Laos,LAO,1987,47.024815
Laos,LAO,1988,45.226536
Laos,LAO,1989,45.98194
Laos,LAO,1990,47.737007
Laos,LAO,1991,47.610516
Laos,LAO,1992,47.676544
Laos,LAO,1993,47.710835
Laos,LAO,1994,48.801937
Laos,LAO,1995,48.73559
Laos,LAO,1996,49.73473
Laos,LAO,1997,50.158607
Laos,LAO,1998,50.609993
Laos,LAO,1999,52.079433
Laos,LAO,2000,55.594124
Laos,LAO,2001,56.19116
Laos,LAO,2002,58.76177
Laos,LAO,2003,58.823563
Laos,LAO,2004,59.014378
Laos,LAO,2005,60.657433
Laos,LAO,2006,60.015976
Laos,LAO,2007,60.66379
Laos,LAO,2008,59.94261
Laos,LAO,2009,63.316185
Laos,LAO,2010,69.96991
Laos,LAO,2011,73.63998
Laos,LAO,2012,71.159996
Laos,LAO,2013,74.72994
Laos,LAO,2014,81.05
Laos,LAO,2015,81.450035
Laos,LAO,2016,81.37
Laos,LAO,2017,78.64
Laos,LAO,2018,78.86008
Laos,LAO,2019,78.510056
Laos,LAO,2020,79.569954
Laos,LAO,2021,81.169975
Laos,LAO,2022,80.87002
Laos,LAO,2023,81.679886
Latvia,LVA,1992,109.09984
Latvia,LVA,1993,106.65506
Latvia,LVA,1994,101.72156
Latvia,LVA,1995,97.20017
Latvia,LVA,1996,86.08326
Latvia,LVA,1997,84.21125
Latvia,LVA,1998,80.53951
Latvia,LVA,1999,79.82926
Latvia,LVA,2000,77.04709
Latvia,LVA,2001,78.44416
Latvia,LVA,2002,81.45836
Latvia,LVA,2003,85.793144
Latvia,LVA,2004,85.8052
Latvia,LVA,2005,85.308685
Latvia,LVA,2006,89.8586
Latvia,LVA,2007,91.75002
Latvia,LVA,2008,94.2691
Latvia,LVA,2009,95.452156
Latvia,LVA,2010,105.4198
Latvia,LVA,2011,106.21
Latvia,LVA,2012,102.47955
Latvia,LVA,2013,101.960304
Latvia,LVA,2014,104.519844
Latvia,LVA,2015,105.419785
Latvia,LVA,2016,109.21983
Latvia,LVA,2017,108.26949
Latvia,LVA,2018,105.69022
Latvia,LVA,2019,108.619606
Latvia,LVA,2020,105.46005
Latvia,LVA,2021,105.52983
Latvia,LVA,2022,105.94006
Latvia,LVA,2023,110.83006
Least Developed Countries (FAO),,1961,49.21
Least Developed Countries (FAO),,1962,49.47
Least Developed Countries (FAO),,1963,49.82
Least Developed Countries (FAO),,1964,50.35
Least Developed Countries (FAO),,1965,49.92
Least Developed Countries (FAO),,1966,49.38
Least Developed Countries (FAO),,1967,49.56
Least Developed Countries (FAO),,1968,49.89
Least Developed Countries (FAO),,1969,50.37
Least Developed Countries (FAO),,1970,50.45
Least Developed Countries (FAO),,1971,49.72
Least Developed Countries (FAO),,1972,48.55
Least Developed Countries (FAO),,1973,49.02
Least Developed Countries (FAO),,1974,49.45
Least Developed Countries (FAO),,1975,48.92
Least Developed Countries (FAO),,1976,49.7
Least Developed Countries (FAO),,1977,49.09
Least Developed Countries (FAO),,1978,50.63
Least Developed Countries (FAO),,1979,51.07
Least Developed Countries (FAO),,1980,50.76
Least Developed Countries (FAO),,1981,50.28
Least Developed Countries (FAO),,1982,50.21
Least Developed Countries (FAO),,1983,50.65
Least Developed Countries (FAO),,1984,49.19
Least Developed Countries (FAO),,1985,49.9
Least Developed Countries (FAO),,1986,49.45
Least Developed Countries (FAO),,1987,49.78
Least Developed Countries (FAO),,1988,50.14
Least Developed Countries (FAO),,1989,49.63
Least Developed Countries (FAO),,1990,49.57
Least Developed Countries (FAO),,1991,49.6
Least Developed Countries (FAO),,1992,49.16
Least Developed Countries (FAO),,1993,48.56
Least Developed Countries (FAO),,1994,48.93
Least Developed Countries (FAO),,1995,49.39
Least Developed Countries (FAO),,1996,49.58
Least Developed Countries (FAO),,1997,50.14
Least Developed Countries (FAO),,1998,50.79
Least Developed Countries (FAO),,1999,52.15
Least Developed Countries (FAO),,2000,52.44
Least Developed Countries (FAO),,2001,53.18
Least Developed Countries (FAO),,2002,54.29
Least Developed Countries (FAO),,2003,55.14
Least Developed Countries (FAO),,2004,55.54
Least Developed Countries (FAO),,2005,56.39
Least Developed Countries (FAO),,2006,56.9
Least Developed Countries (FAO),,2007,58.01
Least Developed Countries (FAO),,2008,58.59
Least Developed Countries (FAO),,2009,60.06
Least Developed Countries (FAO),,2010,59.48
Least Developed Countries (FAO),,2011,59.65
Least Developed Countries (FAO),,2012,60.83
Least Developed Countries (FAO),,2013,61.14
Least Developed Countries (FAO),,2014,61.77
Least Developed Countries (FAO),,2015,61.8
Least Developed Countries (FAO),,2016,61.37
Least Developed Countries (FAO),,2017,62.02
Least Developed Countries (FAO),,2018,62.03
Least Developed Countries (FAO),,2019,61.72
Least Developed Countries (FAO),,2020,62.01
Least Developed Countries (FAO),,2021,62.17
Least Developed Countries (FAO),,2022,62.51
Least Developed Countries (FAO),,2023,61.54
Lebanon,LBN,1961,64.06216
Lebanon,LBN,1962,65.36348
Lebanon,LBN,1963,64.537315
Lebanon,LBN,1964,66.2493
Lebanon,LBN,1965,66.99126
Lebanon,LBN,1966,67.026985
Lebanon,LBN,1967,66.87422
Lebanon,LBN,1968,66.04584
Lebanon,LBN,1969,63.280796
Lebanon,LBN,1970,61.46527
Lebanon,LBN,1971,61.873455
Lebanon,LBN,1972,60.903397
Lebanon,LBN,1973,60.570274
Lebanon,LBN,1974,60.946342
Lebanon,LBN,1975,58.43161
Lebanon,LBN,1976,59.040386
Lebanon,LBN,1977,63.19321
Lebanon,LBN,1978,62.3591
Lebanon,LBN,1979,66.60478
Lebanon,LBN,1980,70.3185
Lebanon,LBN,1981,69.4039
Lebanon,LBN,1982,70.99235
Lebanon,LBN,1983,70.57911
Lebanon,LBN,1984,67.45448
Lebanon,LBN,1985,65.07418
Lebanon,LBN,1986,63.372837
Lebanon,LBN,1987,62.17593
Lebanon,LBN,1988,62.339687
Lebanon,LBN,1989,62.54936
Lebanon,LBN,1990,61.011898
Lebanon,LBN,1991,62.54211
Lebanon,LBN,1992,64.3189
Lebanon,LBN,1993,65.38285
Lebanon,LBN,1994,65.460976
Lebanon,LBN,1995,66.192795
Lebanon,LBN,1996,66.83496
Lebanon,LBN,1997,72.77764
Lebanon,LBN,1998,68.524155
Lebanon,LBN,1999,68.83368
Lebanon,LBN,2000,68.75975
Lebanon,LBN,2001,70.01423
Lebanon,LBN,2002,71.93475
Lebanon,LBN,2003,71.59012
Lebanon,LBN,2004,72.54188
Lebanon,LBN,2005,72.48307
Lebanon,LBN,2006,71.91949
Lebanon,LBN,2007,71.26881
Lebanon,LBN,2008,70.96559
Lebanon,LBN,2009,70.44737
Lebanon,LBN,2010,82.85
Lebanon,LBN,2011,82.730034
Lebanon,LBN,2012,82.49997
Lebanon,LBN,2013,80.55998
Lebanon,LBN,2014,80.439964
Lebanon,LBN,2015,78.26
Lebanon,LBN,2016,78.219986
Lebanon,LBN,2017,81.12002
Lebanon,LBN,2018,82.59
Lebanon,LBN,2019,81.169846
Lebanon,LBN,2020,78.51
Lebanon,LBN,2021,80.50988
Lebanon,LBN,2022,78.849976
Lebanon,LBN,2023,79.57995
Lesotho,LSO,1961,73.2553
Lesotho,LSO,1962,70.565056
Lesotho,LSO,1963,70.83658
Lesotho,LSO,1964,68.571884
Lesotho,LSO,1965,69.84714
Lesotho,LSO,1966,65.32134
Lesotho,LSO,1967,64.475815
Lesotho,LSO,1968,62.818897
Lesotho,LSO,1969,60.94586
Lesotho,LSO,1970,61.873043
Lesotho,LSO,1971,63.644257
Lesotho,LSO,1972,59.514297
Lesotho,LSO,1973,58.054977
Lesotho,LSO,1974,62.40564
Lesotho,LSO,1975,58.18608
Lesotho,LSO,1976,59.538387
Lesotho,LSO,1977,65.55952
Lesotho,LSO,1978,66.47059
Lesotho,LSO,1979,63.94381
Lesotho,LSO,1980,62.64917
Lesotho,LSO,1981,62.082947
Lesotho,LSO,1982,61.808853
Lesotho,LSO,1983,66.07631
Lesotho,LSO,1984,62.629356
Lesotho,LSO,1985,62.528847
Lesotho,LSO,1986,59.49887
Lesotho,LSO,1987,57.77873
Lesotho,LSO,1988,58.759563
Lesotho,LSO,1989,58.875984
Lesotho,LSO,1990,58.597225
Lesotho,LSO,1991,58.13456
Lesotho,LSO,1992,58.69829
Lesotho,LSO,1993,59.09212
Lesotho,LSO,1994,59.79355
Lesotho,LSO,1995,56.57192
Lesotho,LSO,1996,58.734066
Lesotho,LSO,1997,60.2558
Lesotho,LSO,1998,61.196938
Lesotho,LSO,1999,62.94569
Lesotho,LSO,2000,63.767845
Lesotho,LSO,2001,65.10828
Lesotho,LSO,2002,66.62327
Lesotho,LSO,2003,67.414856
Lesotho,LSO,2004,68.91864
Lesotho,LSO,2005,70.804474
Lesotho,LSO,2006,73.63771
Lesotho,LSO,2007,72.90164
Lesotho,LSO,2008,72.319984
Lesotho,LSO,2009,73.51678
Lesotho,LSO,2010,66.0398
Lesotho,LSO,2011,67.05983
Lesotho,LSO,2012,67.01957
Lesotho,LSO,2013,61.69973
Lesotho,LSO,2014,59.229973
Lesotho,LSO,2015,56.129898
Lesotho,LSO,2016,56.679893
Lesotho,LSO,2017,60.17981
Lesotho,LSO,2018,57.299713
Lesotho,LSO,2019,51.809906
Lesotho,LSO,2020,51.100067
Lesotho,LSO,2021,49.249805
Lesotho,LSO,2022,48.389957
Lesotho,LSO,2023,50.539867
Liberia,LBR,1961,38.496094
Liberia,LBR,1962,38.079865
Liberia,LBR,1963,38.033527
Liberia,LBR,1964,38.633213
Liberia,LBR,1965,37.721348
Liberia,LBR,1966,40.948975
Liberia,LBR,1967,39.224285
Liberia,LBR,1968,40.28914
Liberia,LBR,1969,38.183094
Liberia,LBR,1970,43.887375
Liberia,LBR,1971,45.75389
Liberia,LBR,1972,43.11456
Liberia,LBR,1973,44.422916
Liberia,LBR,1974,43.975388
Liberia,LBR,1975,41.521652
Liberia,LBR,1976,43.211098
Liberia,LBR,1977,46.428165
Liberia,LBR,1978,45.6769
Liberia,LBR,1979,48.084534
Liberia,LBR,1980,47.6277
Liberia,LBR,1981,48.68305
Liberia,LBR,1982,49.608856
Liberia,LBR,1983,48.380337
Liberia,LBR,1984,47.35618
Liberia,LBR,1985,45.84133
Liberia,LBR,1986,46.338554
Liberia,LBR,1987,45.227436
Liberia,LBR,1988,42.629494
Liberia,LBR,1989,42.122734
Liberia,LBR,1990,36.94987
Liberia,LBR,1991,41.83693
Liberia,LBR,1992,40.29675
Liberia,LBR,1993,34.030056
Liberia,LBR,1994,33.497723
Liberia,LBR,1995,37.07082
Liberia,LBR,1996,38.282837
Liberia,LBR,1997,39.312202
Liberia,LBR,1998,38.463963
Liberia,LBR,1999,38.870335
Liberia,LBR,2000,38.9634
Liberia,LBR,2001,34.422417
Liberia,LBR,2002,33.669144
Liberia,LBR,2003,33.68816
Liberia,LBR,2004,35.30153
Liberia,LBR,2005,35.830147
Liberia,LBR,2006,33.066563
Liberia,LBR,2007,33.923626
Liberia,LBR,2008,35.643715
Liberia,LBR,2009,35.796722
Liberia,LBR,2010,37.929935
Liberia,LBR,2011,39.79003
Liberia,LBR,2012,38.779945
Liberia,LBR,2013,39.46995
Liberia,LBR,2014,42.099915
Liberia,LBR,2015,41.759945
Liberia,LBR,2016,43.730026
Liberia,LBR,2017,44.909935
Liberia,LBR,2018,43.29002
Liberia,LBR,2019,43.68001
Liberia,LBR,2020,45.289913
Liberia,LBR,2021,45.709938
Liberia,LBR,2022,45.499943
Liberia,LBR,2023,45.03996
Libya,LBY,2010,85.200035
Libya,LBY,2011,83.18987
Libya,LBY,2012,86.390045
Libya,LBY,2013,87.499916
Libya,LBY,2014,91.21986
Libya,LBY,2015,91.30993
Libya,LBY,2016,88.34
Libya,LBY,2017,84.01998
Libya,LBY,2018,90.829895
Libya,LBY,2019,84.57988
Libya,LBY,2020,87.49996
Libya,LBY,2021,94.85001
Libya,LBY,2022,87.17995
Libya,LBY,2023,86.530014
Lithuania,LTU,1992,99.848526
Lithuania,LTU,1993,91.036674
Lithuania,LTU,1994,93.19507
Lithuania,LTU,1995,92.54453
Lithuania,LTU,1996,102.608665
Lithuania,LTU,1997,97.179886
Lithuania,LTU,1998,101.079
Lithuania,LTU,1999,99.95917
Lithuania,LTU,2000,104.75783
Lithuania,LTU,2001,104.009285
Lithuania,LTU,2002,107.475815
Lithuania,LTU,2003,106.80146
Lithuania,LTU,2004,115.2587
Lithuania,LTU,2005,118.726265
Lithuania,LTU,2006,117.75988
Lithuania,LTU,2007,124.534645
Lithuania,LTU,2008,124.89528
Lithuania,LTU,2009,124.56031
Lithuania,LTU,2010,114.24996
Lithuania,LTU,2011,114.829926
Lithuania,LTU,2012,115.20985
Lithuania,LTU,2013,119.170044
Lithuania,LTU,2014,121.16995
Lithuania,LTU,2015,122.36954
Lithuania,LTU,2016,125.62005
Lithuania,LTU,2017,126.699684
Lithuania,LTU,2018,122.73978
Lithuania,LTU,2019,126.83014
Lithuania,LTU,2020,126.94972
Lithuania,LTU,2021,126.98
Lithuania,LTU,2022,127.09986
Lithuania,LTU,2023,123.759834
Low Income Food Deficit Countries (FAO),,1961,51.85
Low Income Food Deficit Countries (FAO),,1962,52.18
Low Income Food Deficit Countries (FAO),,1963,51.03
Low Income Food Deficit Countries (FAO),,1964,51.41
Low Income Food Deficit Countries (FAO),,1965,50.51
Low Income Food Deficit Countries (FAO),,1966,49.68
Low Income Food Deficit Countries (FAO),,1967,50.29
Low Income Food Deficit Countries (FAO),,1968,51.3
Low Income Food Deficit Countries (FAO),,1969,51.87
Low Income Food Deficit Countries (FAO),,1970,53.14
Low Income Food Deficit Countries (FAO),,1971,50.69
Low Income Food Deficit Countries (FAO),,1972,50.17
Low Income Food Deficit Countries (FAO),,1973,51.56
Low Income Food Deficit Countries (FAO),,1974,49.76
Low Income Food Deficit Countries (FAO),,1975,51.28
Low Income Food Deficit Countries (FAO),,1976,49.91
Low Income Food Deficit Countries (FAO),,1977,51.65
Low Income Food Deficit Countries (FAO),,1978,52.46
Low Income Food Deficit Countries (FAO),,1979,50.96
Low Income Food Deficit Countries (FAO),,1980,49.96
Low Income Food Deficit Countries (FAO),,1981,51.07
Low Income Food Deficit Countries (FAO),,1982,50.75
Low Income Food Deficit Countries (FAO),,1983,53.42
Low Income Food Deficit Countries (FAO),,1984,52.52
Low Income Food Deficit Countries (FAO),,1985,51.86
Low Income Food Deficit Countries (FAO),,1986,52.72
Low Income Food Deficit Countries (FAO),,1987,52.96
Low Income Food Deficit Countries (FAO),,1988,54.14
Low Income Food Deficit Countries (FAO),,1989,55.88
Low Income Food Deficit Countries (FAO),,1990,52.99
Low Income Food Deficit Countries (FAO),,1991,54.32
Low Income Food Deficit Countries (FAO),,1992,55.14
Low Income Food Deficit Countries (FAO),,1993,54.41
Low Income Food Deficit Countries (FAO),,1994,54.69
Low Income Food Deficit Countries (FAO),,1995,55.32
Low Income Food Deficit Countries (FAO),,1996,55.41
Low Income Food Deficit Countries (FAO),,1997,55.54
Low Income Food Deficit Countries (FAO),,1998,55.7
Low Income Food Deficit Countries (FAO),,1999,56.59
Low Income Food Deficit Countries (FAO),,2000,56.28
Low Income Food Deficit Countries (FAO),,2001,55.98
Low Income Food Deficit Countries (FAO),,2002,55.35
Low Income Food Deficit Countries (FAO),,2003,55.67
Low Income Food Deficit Countries (FAO),,2004,55.7
Low Income Food Deficit Countries (FAO),,2005,55.97
Low Income Food Deficit Countries (FAO),,2006,57.36
Low Income Food Deficit Countries (FAO),,2007,58.88
Low Income Food Deficit Countries (FAO),,2008,59.14
Low Income Food Deficit Countries (FAO),,2009,59.39
Low Income Food Deficit Countries (FAO),,2010,61.2
Low Income Food Deficit Countries (FAO),,2011,61.46
Low Income Food Deficit Countries (FAO),,2012,62.45
Low Income Food Deficit Countries (FAO),,2013,62.53
Low Income Food Deficit Countries (FAO),,2014,62.67
Low Income Food Deficit Countries (FAO),,2015,62.52
Low Income Food Deficit Countries (FAO),,2016,62.06
Low Income Food Deficit Countries (FAO),,2017,62.22
Low Income Food Deficit Countries (FAO),,2018,62.08
Low Income Food Deficit Countries (FAO),,2019,62.4
Low Income Food Deficit Countries (FAO),,2020,63.17
Low Income Food Deficit Countries (FAO),,2021,62.68
Low Income Food Deficit Countries (FAO),,2022,63.27
Low Income Food Deficit Countries (FAO),,2023,62.42
Low-income countries,OWID_LIC,1961,53.86836
Low-income countries,OWID_LIC,1962,53.833286
Low-income countries,OWID_LIC,1963,54.32616
Low-income countries,OWID_LIC,1964,55.694584
Low-income countries,OWID_LIC,1965,55.75415
Low-income countries,OWID_LIC,1966,55.598595
Low-income countries,OWID_LIC,1967,56.588497
Low-income countries,OWID_LIC,1968,56.48848
Low-income countries,OWID_LIC,1969,56.62872
Low-income countries,OWID_LIC,1970,55.331898
Low-income countries,OWID_LIC,1971,55.6129
Low-income countries,OWID_LIC,1972,55.564785
Low-income countries,OWID_LIC,1973,55.29145
Low-income countries,OWID_LIC,1974,55.475624
Low-income countries,OWID_LIC,1975,56.091152
Low-income countries,OWID_LIC,1976,57.48575
Low-income countries,OWID_LIC,1977,55.80138
Low-income countries,OWID_LIC,1978,56.79252
Low-income countries,OWID_LIC,1979,56.019062
Low-income countries,OWID_LIC,1980,54.117615
Low-income countries,OWID_LIC,1981,54.867634
Low-income countries,OWID_LIC,1982,54.33987
Low-income countries,OWID_LIC,1983,54.058952
Low-income countries,OWID_LIC,1984,52.991028
Low-income countries,OWID_LIC,1985,53.096386
Low-income countries,OWID_LIC,1986,53.48331
Low-income countries,OWID_LIC,1987,54.14365
Low-income countries,OWID_LIC,1988,54.19006
Low-income countries,OWID_LIC,1989,54.11578
Low-income countries,OWID_LIC,1990,53.762676
Low-income countries,OWID_LIC,1991,52.804256
Low-income countries,OWID_LIC,1992,51.68351
Low-income countries,OWID_LIC,1993,49.050835
Low-income countries,OWID_LIC,1994,49.020126
Low-income countries,OWID_LIC,1995,49.224167
Low-income countries,OWID_LIC,1996,49.383068
Low-income countries,OWID_LIC,1997,49.68562
Low-income countries,OWID_LIC,1998,50.554478
Low-income countries,OWID_LIC,1999,50.86241
Low-income countries,OWID_LIC,2000,51.767162
Low-income countries,OWID_LIC,2001,52.159702
Low-income countries,OWID_LIC,2002,53.331608
Low-income countries,OWID_LIC,2003,54.220024
Low-income countries,OWID_LIC,2004,54.019703
Low-income countries,OWID_LIC,2005,54.848724
Low-income countries,OWID_LIC,2006,54.83099
Low-income countries,OWID_LIC,2007,55.457966
Low-income countries,OWID_LIC,2008,56.666275
Low-income countries,OWID_LIC,2009,57.366745
Low-income countries,OWID_LIC,2010,59.6759
Low-income countries,OWID_LIC,2011,59.366188
Low-income countries,OWID_LIC,2012,60.60333
Low-income countries,OWID_LIC,2013,60.509365
Low-income countries,OWID_LIC,2014,60.35686
Low-income countries,OWID_LIC,2015,59.93244
Low-income countries,OWID_LIC,2016,59.04697
Low-income countries,OWID_LIC,2017,59.488037
Low-income countries,OWID_LIC,2018,59.0826
Low-income countries,OWID_LIC,2019,59.44933
Low-income countries,OWID_LIC,2020,60.732655
Low-income countries,OWID_LIC,2021,59.97022
Low-income countries,OWID_LIC,2022,60.251568
Low-income countries,OWID_LIC,2023,58.444553
Lower-middle-income countries,OWID_LMC,1961,51.65214
Lower-middle-income countries,OWID_LMC,1962,51.95276
Lower-middle-income countries,OWID_LMC,1963,50.726112
Lower-middle-income countries,OWID_LMC,1964,51.115753
Lower-middle-income countries,OWID_LMC,1965,50.130203
Lower-middle-income countries,OWID_LMC,1966,49.368732
Lower-middle-income countries,OWID_LMC,1967,49.733444
Lower-middle-income countries,OWID_LMC,1968,50.957947
Lower-middle-income countries,OWID_LMC,1969,51.599148
Lower-middle-income countries,OWID_LMC,1970,52.943542
Lower-middle-income countries,OWID_LMC,1971,50.536976
Lower-middle-income countries,OWID_LMC,1972,50.181084
Lower-middle-income countries,OWID_LMC,1973,51.614265
Lower-middle-income countries,OWID_LMC,1974,49.82827
Lower-middle-income countries,OWID_LMC,1975,51.41248
Lower-middle-income countries,OWID_LMC,1976,49.969765
Lower-middle-income countries,OWID_LMC,1977,52.014416
Lower-middle-income countries,OWID_LMC,1978,52.79742
Lower-middle-income countries,OWID_LMC,1979,51.26398
Lower-middle-income countries,OWID_LMC,1980,50.37279
Lower-middle-income countries,OWID_LMC,1981,51.725746
Lower-middle-income countries,OWID_LMC,1982,51.568398
Lower-middle-income countries,OWID_LMC,1983,54.219128
Lower-middle-income countries,OWID_LMC,1984,53.87626
Lower-middle-income countries,OWID_LMC,1985,53.043602
Lower-middle-income countries,OWID_LMC,1986,53.64239
Lower-middle-income countries,OWID_LMC,1987,54.136375
Lower-middle-income countries,OWID_LMC,1988,55.231976
Lower-middle-income countries,OWID_LMC,1989,56.6731
Lower-middle-income countries,OWID_LMC,1990,54.0089
Lower-middle-income countries,OWID_LMC,1991,55.278492
Lower-middle-income countries,OWID_LMC,1992,56.32643
Lower-middle-income countries,OWID_LMC,1993,55.534508
Lower-middle-income countries,OWID_LMC,1994,55.855465
Lower-middle-income countries,OWID_LMC,1995,56.497128
Lower-middle-income countries,OWID_LMC,1996,56.578625
Lower-middle-income countries,OWID_LMC,1997,56.664326
Lower-middle-income countries,OWID_LMC,1998,56.655613
Lower-middle-income countries,OWID_LMC,1999,57.43375
Lower-middle-income countries,OWID_LMC,2000,56.990036
Lower-middle-income countries,OWID_LMC,2001,56.654655
Lower-middle-income countries,OWID_LMC,2002,55.773865
Lower-middle-income countries,OWID_LMC,2003,55.96582
Lower-middle-income countries,OWID_LMC,2004,55.952183
Lower-middle-income countries,OWID_LMC,2005,56.13083
Lower-middle-income countries,OWID_LMC,2006,57.53527
Lower-middle-income countries,OWID_LMC,2007,59.04664
Lower-middle-income countries,OWID_LMC,2008,59.250256
Lower-middle-income countries,OWID_LMC,2009,59.428055
Lower-middle-income countries,OWID_LMC,2010,63.848553
Lower-middle-income countries,OWID_LMC,2011,64.02313
Lower-middle-income countries,OWID_LMC,2012,64.23617
Lower-middle-income countries,OWID_LMC,2013,65.33269
Lower-middle-income countries,OWID_LMC,2014,66.23376
Lower-middle-income countries,OWID_LMC,2015,66.153175
Lower-middle-income countries,OWID_LMC,2016,66.88067
Lower-middle-income countries,OWID_LMC,2017,68.37148
Lower-middle-income countries,OWID_LMC,2018,68.01343
Lower-middle-income countries,OWID_LMC,2019,68.77766
Lower-middle-income countries,OWID_LMC,2020,69.81608
Lower-middle-income countries,OWID_LMC,2021,70.83899
Lower-middle-income countries,OWID_LMC,2022,71.95077
Lower-middle-income countries,OWID_LMC,2023,72.52361
Luxembourg,LUX,2000,99.127716
Luxembourg,LUX,2001,107.0632
Luxembourg,LUX,2002,105.74033
Luxembourg,LUX,2003,106.911194
Luxembourg,LUX,2004,106.62271
Luxembourg,LUX,2005,108.30739
Luxembourg,LUX,2006,108.24444
Luxembourg,LUX,2007,107.741905
Luxembourg,LUX,2008,107.72868
Luxembourg,LUX,2009,108.04747
Luxembourg,LUX,2010,113.15822
Luxembourg,LUX,2011,116.66933
Luxembourg,LUX,2012,117.20978
Luxembourg,LUX,2013,116.26828
Luxembourg,LUX,2014,115.35897
Luxembourg,LUX,2015,114.44999
Luxembourg,LUX,2016,113.14981
Luxembourg,LUX,2017,111.78888
Luxembourg,LUX,2018,111.76834
Luxembourg,LUX,2019,113.81871
Luxembourg,LUX,2020,116.74055
Luxembourg,LUX,2021,117.16891
Luxembourg,LUX,2022,118.939095
Luxembourg,LUX,2023,122.54981
Macao,MAC,1961,59.879715
Macao,MAC,1962,60.57253
Macao,MAC,1963,64.1888
Macao,MAC,1964,57.222694
Macao,MAC,1965,45.27494
Macao,MAC,1966,47.32802
Macao,MAC,1967,44.17448
Macao,MAC,1968,48.39341
Macao,MAC,1969,48.171677
Macao,MAC,1970,50.41355
Macao,MAC,1971,49.7164
Macao,MAC,1972,55.739883
Macao,MAC,1973,60.405815
Macao,MAC,1974,68.43136
Macao,MAC,1975,68.20385
Macao,MAC,1976,74.22484
Macao,MAC,1977,76.18875
Macao,MAC,1978,74.72538
Macao,MAC,1979,84.17739
Macao,MAC,1980,84.24301
Macao,MAC,1981,84.985985
Macao,MAC,1982,83.302765
Macao,MAC,1983,83.76609
Macao,MAC,1984,82.56002
Macao,MAC,1985,82.4119
Macao,MAC,1986,80.037
Macao,MAC,1987,74.01805
Macao,MAC,1988,74.15574
Macao,MAC,1989,78.776855
Macao,MAC,1990,80.259056
Macao,MAC,1991,80.99615
Macao,MAC,1992,81.56951
Macao,MAC,1993,79.94183
Macao,MAC,1994,80.03261
Macao,MAC,1995,79.79905
Macao,MAC,1996,76.56566
Macao,MAC,1997,72.23107
Macao,MAC,1998,69.2295
Macao,MAC,1999,68.61195
Macao,MAC,2000,70.43328
Macao,MAC,2001,73.052315
Macao,MAC,2002,75.45622
Macao,MAC,2003,78.28479
Macao,MAC,2004,80.785164
Macao,MAC,2005,82.30828
Macao,MAC,2006,83.970184
Macao,MAC,2007,87.11588
Macao,MAC,2008,87.22356
Macao,MAC,2009,84.97466
Macao,MAC,2010,105.92019
Macao,MAC,2011,111.30729
Macao,MAC,2012,110.01
Macao,MAC,2013,109.8278
Macao,MAC,2014,119.84843
Macao,MAC,2015,118.059044
Macao,MAC,2016,115.498726
Macao,MAC,2017,122.23848
Macao,MAC,2018,121.18872
Macao,MAC,2019,116.55791
Macao,MAC,2020,108.70016
Macao,MAC,2021,114.33934
Macao,MAC,2022,112.06
Macao,MAC,2023,117.739006
Madagascar,MDG,1961,62.883217
Madagascar,MDG,1962,62.078693
Madagascar,MDG,1963,63.428543
Madagascar,MDG,1964,64.773346
Madagascar,MDG,1965,62.566467
Madagascar,MDG,1966,64.36786
Madagascar,MDG,1967,65.16781
Madagascar,MDG,1968,65.85344
Madagascar,MDG,1969,64.437035
Madagascar,MDG,1970,62.448307
Madagascar,MDG,1971,62.690334
Madagascar,MDG,1972,61.52669
Madagascar,MDG,1973,60.23416
Madagascar,MDG,1974,60.332584
Madagascar,MDG,1975,60.14329
Madagascar,MDG,1976,60.65486
Madagascar,MDG,1977,56.824104
Madagascar,MDG,1978,59.599037
Madagascar,MDG,1979,57.12841
Madagascar,MDG,1980,56.42888
Madagascar,MDG,1981,56.720875
Madagascar,MDG,1982,53.1494
Madagascar,MDG,1983,55.85082
Madagascar,MDG,1984,54.395016
Madagascar,MDG,1985,54.02275
Madagascar,MDG,1986,54.58526
Madagascar,MDG,1987,52.512386
Madagascar,MDG,1988,50.249763
Madagascar,MDG,1989,50.11824
Madagascar,MDG,1990,49.61017
Madagascar,MDG,1991,48.1613
Madagascar,MDG,1992,48.62154
Madagascar,MDG,1993,48.411324
Madagascar,MDG,1994,46.03415
Madagascar,MDG,1995,45.793484
Madagascar,MDG,1996,45.531326
Madagascar,MDG,1997,45.98603
Madagascar,MDG,1998,44.973373
Madagascar,MDG,1999,44.78595
Madagascar,MDG,2000,44.499977
Madagascar,MDG,2001,43.23771
Madagascar,MDG,2002,42.92256
Madagascar,MDG,2003,43.962112
Madagascar,MDG,2004,44.17216
Madagascar,MDG,2005,45.84979
Madagascar,MDG,2006,46.142075
Madagascar,MDG,2007,46.43833
Madagascar,MDG,2008,45.217983
Madagascar,MDG,2009,45.22056
Madagascar,MDG,2010,43.20999
Madagascar,MDG,2011,42.809994
Madagascar,MDG,2012,42.609993
Madagascar,MDG,2013,42.17
Madagascar,MDG,2014,41.82999
Madagascar,MDG,2015,41.479992
Madagascar,MDG,2016,41.7
Madagascar,MDG,2017,41.499985
Madagascar,MDG,2018,41.17
Madagascar,MDG,2019,39.03999
Madagascar,MDG,2020,38.02
Madagascar,MDG,2021,38.729992
Madagascar,MDG,2022,40.07
Madagascar,MDG,2023,39.52999
Malawi,MWI,1961,58.63552
Malawi,MWI,1962,58.685757
Malawi,MWI,1963,61.486763
Malawi,MWI,1964,64.30454
Malawi,MWI,1965,65.215324
Malawi,MWI,1966,65.54612
Malawi,MWI,1967,63.19348
Malawi,MWI,1968,66.43169
Malawi,MWI,1969,65.50182
Malawi,MWI,1970,69.66149
Malawi,MWI,1971,72.5122
Malawi,MWI,1972,71.37329
Malawi,MWI,1973,72.35198
Malawi,MWI,1974,71.88108
Malawi,MWI,1975,70.497986
Malawi,MWI,1976,70.44786
Malawi,MWI,1977,69.7826
Malawi,MWI,1978,69.19219
Malawi,MWI,1979,66.074715
Malawi,MWI,1980,64.35563
Malawi,MWI,1981,64.13376
Malawi,MWI,1982,63.917225
Malawi,MWI,1983,59.89617
Malawi,MWI,1984,57.08497
Malawi,MWI,1985,57.096035
Malawi,MWI,1986,56.40571
Malawi,MWI,1987,56.517147
Malawi,MWI,1988,56.439217
Malawi,MWI,1989,53.70986
Malawi,MWI,1990,51.84743
Malawi,MWI,1991,50.44726
Malawi,MWI,1992,47.316563
Malawi,MWI,1993,48.518826
Malawi,MWI,1994,48.771034
Malawi,MWI,1995,50.536015
Malawi,MWI,1996,51.950603
Malawi,MWI,1997,52.07893
Malawi,MWI,1998,52.91073
Malawi,MWI,1999,55.524487
Malawi,MWI,2000,56.41518
Malawi,MWI,2001,56.946705
Malawi,MWI,2002,56.24957
Malawi,MWI,2003,56.675922
Malawi,MWI,2004,56.446568
Malawi,MWI,2005,56.88394
Malawi,MWI,2006,59.528923
Malawi,MWI,2007,61.497288
Malawi,MWI,2008,62.119976
Malawi,MWI,2009,61.19414
Malawi,MWI,2010,60.069977
Malawi,MWI,2011,60.179974
Malawi,MWI,2012,62.25001
Malawi,MWI,2013,62.350014
Malawi,MWI,2014,59.81002
Malawi,MWI,2015,62.310013
Malawi,MWI,2016,62.719997
Malawi,MWI,2017,63.94002
Malawi,MWI,2018,65.849976
Malawi,MWI,2019,65.19001
Malawi,MWI,2020,65.56001
Malawi,MWI,2021,66.22999
Malawi,MWI,2022,65.72
Malawi,MWI,2023,65.67
Malaysia,MYS,1961,48.378403
Malaysia,MYS,1962,50.684906
Malaysia,MYS,1963,52.024136
Malaysia,MYS,1964,50.4828
Malaysia,MYS,1965,50.658653
Malaysia,MYS,1966,51.53825
Malaysia,MYS,1967,52.426094
Malaysia,MYS,1968,53.77226
Malaysia,MYS,1969,55.59803
Malaysia,MYS,1970,54.551422
Malaysia,MYS,1971,54.52899
Malaysia,MYS,1972,54.655052
Malaysia,MYS,1973,57.541653
Malaysia,MYS,1974,59.223274
Malaysia,MYS,1975,58.737865
Malaysia,MYS,1976,59.80395
Malaysia,MYS,1977,61.869347
Malaysia,MYS,1978,63.73341
Malaysia,MYS,1979,63.906208
Malaysia,MYS,1980,62.663074
Malaysia,MYS,1981,62.91425
Malaysia,MYS,1982,62.306812
Malaysia,MYS,1983,62.9015
Malaysia,MYS,1984,64.92027
Malaysia,MYS,1985,60.390423
Malaysia,MYS,1986,59.85304
Malaysia,MYS,1987,61.431328
Malaysia,MYS,1988,61.53004
Malaysia,MYS,1989,61.98216
Malaysia,MYS,1990,64.08966
Malaysia,MYS,1991,68.097664
Malaysia,MYS,1992,72.48817
Malaysia,MYS,1993,73.042694
Malaysia,MYS,1994,74.71936
Malaysia,MYS,1995,77.32143
Malaysia,MYS,1996,77.49417
Malaysia,MYS,1997,79.15367
Malaysia,MYS,1998,76.39189
Malaysia,MYS,1999,78.33543
Malaysia,MYS,2000,77.88707
Malaysia,MYS,2001,76.09039
Malaysia,MYS,2002,77.10385
Malaysia,MYS,2003,76.37868
Malaysia,MYS,2004,78.26394
Malaysia,MYS,2005,78.78111
Malaysia,MYS,2006,78.83777
Malaysia,MYS,2007,79.15569
Malaysia,MYS,2008,75.04322
Malaysia,MYS,2009,77.59523
Malaysia,MYS,2010,90.35002
Malaysia,MYS,2011,89.73002
Malaysia,MYS,2012,91.749985
Malaysia,MYS,2013,91.57997
Malaysia,MYS,2014,91.57002
Malaysia,MYS,2015,92.23002
Malaysia,MYS,2016,92.31999
Malaysia,MYS,2017,91.85999
Malaysia,MYS,2018,90.76002
Malaysia,MYS,2019,88.43003
Malaysia,MYS,2020,89.26002
Malaysia,MYS,2021,89.93999
Malaysia,MYS,2022,94.22999
Malaysia,MYS,2023,93.33002
Maldives,MDV,1961,29.725136
Maldives,MDV,1962,31.6973
Maldives,MDV,1963,31.388899
Maldives,MDV,1964,33.228474
Maldives,MDV,1965,49.085632
Maldives,MDV,1966,49.86879
Maldives,MDV,1967,52.08498
Maldives,MDV,1968,49.91972
Maldives,MDV,1969,47.84155
Maldives,MDV,1970,61.218113
Maldives,MDV,1971,54.08132
Maldives,MDV,1972,51.8164
Maldives,MDV,1973,64.12444
Maldives,MDV,1974,63.917862
Maldives,MDV,1975,62.05394
Maldives,MDV,1976,65.76417
Maldives,MDV,1977,59.961437
Maldives,MDV,1978,65.35779
Maldives,MDV,1979,64.08849
Maldives,MDV,1980,66.525566
Maldives,MDV,1981,70.73898
Maldives,MDV,1982,71.28444
Maldives,MDV,1983,79.39992
Maldives,MDV,1984,85.46756
Maldives,MDV,1985,87.46149
Maldives,MDV,1986,82.98493
Maldives,MDV,1987,80.99794
Maldives,MDV,1988,87.71682
Maldives,MDV,1989,77.36523
Maldives,MDV,1990,69.699425
Maldives,MDV,1991,71.03119
Maldives,MDV,1992,81.648735
Maldives,MDV,1993,86.9236
Maldives,MDV,1994,92.386665
Maldives,MDV,1995,82.6276
Maldives,MDV,1996,81.90502
Maldives,MDV,1997,85.49877
Maldives,MDV,1998,91.78944
Maldives,MDV,1999,97.78281
Maldives,MDV,2000,94.86393
Maldives,MDV,2001,98.69369
Maldives,MDV,2002,100.43685
Maldives,MDV,2003,85.14785
Maldives,MDV,2004,82.59751
Maldives,MDV,2005,96.48101
Maldives,MDV,2006,79.47975
Maldives,MDV,2007,90.01119
Maldives,MDV,2008,87.864105
Maldives,MDV,2009,92.95456
Maldives,MDV,2010,115.82615
Maldives,MDV,2011,115.865974
Maldives,MDV,2012,116.079704
Maldives,MDV,2013,118.19793
Maldives,MDV,2014,117.64915
Maldives,MDV,2015,116.785904
Maldives,MDV,2016,119.258385
Maldives,MDV,2017,104.608406
Maldives,MDV,2018,102.5187
Maldives,MDV,2019,98.57859
Maldives,MDV,2020,95.928665
Maldives,MDV,2021,98.49752
Maldives,MDV,2022,100.42885
Maldives,MDV,2023,97.40649
Mali,MLI,1961,46.931293
Mali,MLI,1962,47.73812
Mali,MLI,1963,47.824905
Mali,MLI,1964,48.074844
Mali,MLI,1965,46.176525
Mali,MLI,1966,47.386513
Mali,MLI,1967,48.87769
Mali,MLI,1968,51.002716
Mali,MLI,1969,48.86262
Mali,MLI,1970,52.738758
Mali,MLI,1971,47.27792
Mali,MLI,1972,45.45361
Mali,MLI,1973,43.33754
Mali,MLI,1974,45.987175
Mali,MLI,1975,48.080933
Mali,MLI,1976,48.112984
Mali,MLI,1977,47.300373
Mali,MLI,1978,45.954933
Mali,MLI,1979,47.89532
Mali,MLI,1980,44.99527
Mali,MLI,1981,44.144394
Mali,MLI,1982,48.456493
Mali,MLI,1983,46.330173
Mali,MLI,1984,49.166225
Mali,MLI,1985,52.380894
Mali,MLI,1986,54.99314
Mali,MLI,1987,55.501053
Mali,MLI,1988,57.62485
Mali,MLI,1989,56.91282
Mali,MLI,1990,58.566315
Mali,MLI,1991,57.665276
Mali,MLI,1992,58.866673
Mali,MLI,1993,58.412006
Mali,MLI,1994,56.86695
Mali,MLI,1995,59.880375
Mali,MLI,1996,58.306107
Mali,MLI,1997,59.288036
Mali,MLI,1998,60.978065
Mali,MLI,1999,62.00846
Mali,MLI,2000,60.47792
Mali,MLI,2001,60.635334
Mali,MLI,2002,60.95978
Mali,MLI,2003,62.906544
Mali,MLI,2004,63.15397
Mali,MLI,2005,64.782425
Mali,MLI,2006,65.07427
Mali,MLI,2007,67.415924
Mali,MLI,2008,68.33335
Mali,MLI,2009,70.502594
Mali,MLI,2010,80.70787
Mali,MLI,2011,81.897896
Mali,MLI,2012,79.7343
Mali,MLI,2013,79.03248
Mali,MLI,2014,77.63785
Mali,MLI,2015,75.37214
Mali,MLI,2016,75.96466
Mali,MLI,2017,76.25896
Mali,MLI,2018,76.072426
Mali,MLI,2019,73.216576
Mali,MLI,2020,76.4165
Mali,MLI,2021,73.027565
Mali,MLI,2022,72.75733
Malta,MLT,1961,82.67389
Malta,MLT,1962,81.63002
Malta,MLT,1963,84.26391
Malta,MLT,1964,84.18633
Malta,MLT,1965,85.02799
Malta,MLT,1966,83.124756
Malta,MLT,1967,83.25181
Malta,MLT,1968,86.39538
Malta,MLT,1969,88.88109
Malta,MLT,1970,88.51088
Malta,MLT,1971,91.04338
Malta,MLT,1972,90.771324
Malta,MLT,1973,88.63748
Malta,MLT,1974,86.997345
Malta,MLT,1975,91.11852
Malta,MLT,1976,95.23181
Malta,MLT,1977,94.57409
Malta,MLT,1978,94.6592
Malta,MLT,1979,94.30485
Malta,MLT,1980,99.419044
Malta,MLT,1981,94.654015
Malta,MLT,1982,90.71492
Malta,MLT,1983,92.18857
Malta,MLT,1984,90.86591
Malta,MLT,1985,95.75763
Malta,MLT,1986,90.07302
Malta,MLT,1987,94.60997
Malta,MLT,1988,96.254364
Malta,MLT,1989,99.95312
Malta,MLT,1990,95.13798
Malta,MLT,1991,103.64334
Malta,MLT,1992,102.42254
Malta,MLT,1993,100.06166
Malta,MLT,1994,98.33218
Malta,MLT,1995,106.960236
Malta,MLT,1996,109.37768
Malta,MLT,1997,110.614815
Malta,MLT,1998,112.21823
Malta,MLT,1999,113.38216
Malta,MLT,2000,111.55329
Malta,MLT,2001,109.77733
Malta,MLT,2002,111.53485
Malta,MLT,2003,113.02256
Malta,MLT,2004,112.56965
Malta,MLT,2005,110.59665
Malta,MLT,2006,111.55116
Malta,MLT,2007,115.29503
Malta,MLT,2008,112.93482
Malta,MLT,2009,110.09258
Malta,MLT,2010,108.128975
Malta,MLT,2011,109.58871
Malta,MLT,2012,110.12844
Malta,MLT,2013,114.46813
Malta,MLT,2014,120.21613
Malta,MLT,2015,116.280525
Malta,MLT,2016,116.838455
Malta,MLT,2017,117.4095
Malta,MLT,2018,113.84
Malta,MLT,2019,100.92059
Malta,MLT,2020,104.009605
Malta,MLT,2021,101.46942
Malta,MLT,2022,103.969215
Malta,MLT,2023,105.8392
Marshall Islands,MHL,2019,96.3762
Marshall Islands,MHL,2020,108.004486
Marshall Islands,MHL,2021,116.0623
Marshall Islands,MHL,2022,112.65066
Marshall Islands,MHL,2023,118.98179
Mauritania,MRT,1961,91.23501
Mauritania,MRT,1962,89.64588
Mauritania,MRT,1963,89.20771
Mauritania,MRT,1964,88.23268
Mauritania,MRT,1965,85.686584
Mauritania,MRT,1966,85.32412
Mauritania,MRT,1967,85.56569
Mauritania,MRT,1968,84.75069
Mauritania,MRT,1969,82.63582
Mauritania,MRT,1970,79.12718
Mauritania,MRT,1971,79.11655
Mauritania,MRT,1972,73.370285
Mauritania,MRT,1973,73.510414
Mauritania,MRT,1974,69.80724
Mauritania,MRT,1975,72.86253
Mauritania,MRT,1976,71.76238
Mauritania,MRT,1977,74.436935
Mauritania,MRT,1978,76.563995
Mauritania,MRT,1979,73.86515
Mauritania,MRT,1980,75.84425
Mauritania,MRT,1981,77.28016
Mauritania,MRT,1982,77.69529
Mauritania,MRT,1983,82.63751
Mauritania,MRT,1984,80.38374
Mauritania,MRT,1985,82.80071
Mauritania,MRT,1986,79.87177
Mauritania,MRT,1987,80.38321
Mauritania,MRT,1988,80.20804
Mauritania,MRT,1989,82.130516
Mauritania,MRT,1990,79.02584
Mauritania,MRT,1991,80.796776
Mauritania,MRT,1992,79.15415
Mauritania,MRT,1993,76.91082
Mauritania,MRT,1994,78.56782
Mauritania,MRT,1995,74.18843
Mauritania,MRT,1996,77.72093
Mauritania,MRT,1997,76.888664
Mauritania,MRT,1998,80.859314
Mauritania,MRT,1999,76.44019
Mauritania,MRT,2000,76.30416
Mauritania,MRT,2001,80.434494
Mauritania,MRT,2002,83.70496
Mauritania,MRT,2003,87.2107
Mauritania,MRT,2004,82.278275
Mauritania,MRT,2005,84.59452
Mauritania,MRT,2006,81.75424
Mauritania,MRT,2007,85.579094
Mauritania,MRT,2008,85.089066
Mauritania,MRT,2009,84.40873
Mauritania,MRT,2010,82.6498
Mauritania,MRT,2011,84.58993
Mauritania,MRT,2012,81.96989
Mauritania,MRT,2013,84.03991
Mauritania,MRT,2014,86.029976
Mauritania,MRT,2015,85.82002
Mauritania,MRT,2016,85.2901
Mauritania,MRT,2017,83.86994
Mauritania,MRT,2018,85.4801
Mauritania,MRT,2019,86.079926
Mauritania,MRT,2020,84.179886
Mauritania,MRT,2021,83.78993
Mauritania,MRT,2022,86.619934
Mauritania,MRT,2023,83.19997
Mauritius,MUS,1961,48.189545
Mauritius,MUS,1962,49.325336
Mauritius,MUS,1963,48.313797
Mauritius,MUS,1964,49.91297
Mauritius,MUS,1965,47.49094
Mauritius,MUS,1966,48.53497
Mauritius,MUS,1967,46.423763
Mauritius,MUS,1968,47.502876
Mauritius,MUS,1969,45.68841
Mauritius,MUS,1970,50.17673
Mauritius,MUS,1971,49.693977
Mauritius,MUS,1972,50.993637
Mauritius,MUS,1973,50.581055
Mauritius,MUS,1974,53.793556
Mauritius,MUS,1975,54.18108
Mauritius,MUS,1976,56.232796
Mauritius,MUS,1977,60.25351
Mauritius,MUS,1978,62.61869
Mauritius,MUS,1979,61.710987
Mauritius,MUS,1980,61.003853
Mauritius,MUS,1981,61.451557
Mauritius,MUS,1982,57.895588
Mauritius,MUS,1983,59.136192
Mauritius,MUS,1984,59.98677
Mauritius,MUS,1985,59.78651
Mauritius,MUS,1986,59.664852
Mauritius,MUS,1987,62.65556
Mauritius,MUS,1988,63.998623
Mauritius,MUS,1989,63.149727
Mauritius,MUS,1990,67.275536
Mauritius,MUS,1991,68.22109
Mauritius,MUS,1992,69.06853
Mauritius,MUS,1993,68.80456
Mauritius,MUS,1994,69.197556
Mauritius,MUS,1995,70.15463
Mauritius,MUS,1996,69.95832
Mauritius,MUS,1997,71.11569
Mauritius,MUS,1998,71.29989
Mauritius,MUS,1999,73.130455
Mauritius,MUS,2000,76.51746
Mauritius,MUS,2001,77.72266
Mauritius,MUS,2002,79.629555
Mauritius,MUS,2003,80.541695
Mauritius,MUS,2004,82.55412
Mauritius,MUS,2005,81.01686
Mauritius,MUS,2006,80.06218
Mauritius,MUS,2007,83.32758
Mauritius,MUS,2008,81.11532
Mauritius,MUS,2009,86.07389
Mauritius,MUS,2010,91.14
Mauritius,MUS,2011,90.96
Mauritius,MUS,2012,90.58972
Mauritius,MUS,2013,92.339424
Mauritius,MUS,2014,93.58956
Mauritius,MUS,2015,93.67979
Mauritius,MUS,2016,93.3995
Mauritius,MUS,2017,94.40971
Mauritius,MUS,2018,95.78955
Mauritius,MUS,2019,97.490074
Mauritius,MUS,2020,96.949165
Mauritius,MUS,2021,97.16939
Mauritius,MUS,2022,102.19968
Mauritius,MUS,2023,104.959915
Melanesia (FAO),,1961,54.01
Melanesia (FAO),,1962,55.1
Melanesia (FAO),,1963,57.6
Melanesia (FAO),,1964,59.6
Melanesia (FAO),,1965,60.79
Melanesia (FAO),,1966,58.12
Melanesia (FAO),,1967,58.7
Melanesia (FAO),,1968,58.78
Melanesia (FAO),,1969,60.68
Melanesia (FAO),,1970,56.49
Melanesia (FAO),,1971,62.65
Melanesia (FAO),,1972,62.95
Melanesia (FAO),,1973,62.84
Melanesia (FAO),,1974,60.2
Melanesia (FAO),,1975,60
Melanesia (FAO),,1976,59.15
Melanesia (FAO),,1977,59.4
Melanesia (FAO),,1978,61.01
Melanesia (FAO),,1979,62.52
Melanesia (FAO),,1980,63.92
Melanesia (FAO),,1981,58.26
Melanesia (FAO),,1982,64.78
Melanesia (FAO),,1983,63.15
Melanesia (FAO),,1984,64.08
Melanesia (FAO),,1985,63.63
Melanesia (FAO),,1986,64.93
Melanesia (FAO),,1987,62.87
Melanesia (FAO),,1988,62.78
Melanesia (FAO),,1989,63.44
Melanesia (FAO),,1990,64.62
Melanesia (FAO),,1991,65.69
Melanesia (FAO),,1992,63.88
Melanesia (FAO),,1993,66
Melanesia (FAO),,1994,65.86
Melanesia (FAO),,1995,65.05
Melanesia (FAO),,1996,65.77
Melanesia (FAO),,1997,67.64
Melanesia (FAO),,1998,68.25
Melanesia (FAO),,1999,67.08
Melanesia (FAO),,2000,67.19
Melanesia (FAO),,2001,68.11
Melanesia (FAO),,2002,68.32
Melanesia (FAO),,2003,68.73
Melanesia (FAO),,2004,69.16
Melanesia (FAO),,2005,69.57
Melanesia (FAO),,2006,70.01
Melanesia (FAO),,2007,69.2
Melanesia (FAO),,2008,69.46
Melanesia (FAO),,2009,68.24
Melanesia (FAO),,2010,65.74
Melanesia (FAO),,2011,66.98
Melanesia (FAO),,2012,66.37
Melanesia (FAO),,2013,65.68
Melanesia (FAO),,2014,67.63
Melanesia (FAO),,2015,66.82
Melanesia (FAO),,2016,66.9
Melanesia (FAO),,2017,67.52
Melanesia (FAO),,2018,67.49
Melanesia (FAO),,2019,66.29
Melanesia (FAO),,2020,65.12
Melanesia (FAO),,2021,63.64
Melanesia (FAO),,2022,64.37
Melanesia (FAO),,2023,64.81
Mexico,MEX,1961,66.00612
Mexico,MEX,1962,65.0189
Mexico,MEX,1963,65.27157
Mexico,MEX,1964,67.349846
Mexico,MEX,1965,66.956566
Mexico,MEX,1966,68.41105
Mexico,MEX,1967,69.51415
Mexico,MEX,1968,69.56154
Mexico,MEX,1969,69.488815
Mexico,MEX,1970,69.58363
Mexico,MEX,1971,70.322525
Mexico,MEX,1972,71.42635
Mexico,MEX,1973,71.84449
Mexico,MEX,1974,72.66563
Mexico,MEX,1975,73.29749
Mexico,MEX,1976,73.05879
Mexico,MEX,1977,74.81473
Mexico,MEX,1978,76.68169
Mexico,MEX,1979,76.78628
Mexico,MEX,1980,87.1202
Mexico,MEX,1981,91.55987
Mexico,MEX,1982,88.0576
Mexico,MEX,1983,86.64581
Mexico,MEX,1984,81.83857
Mexico,MEX,1985,85.25297
Mexico,MEX,1986,83.99753
Mexico,MEX,1987,81.396385
Mexico,MEX,1988,82.54632
Mexico,MEX,1989,79.10926
Mexico,MEX,1990,80.84902
Mexico,MEX,1991,82.070366
Mexico,MEX,1992,83.160255
Mexico,MEX,1993,83.776375
Mexico,MEX,1994,84.45683
Mexico,MEX,1995,83.82095
Mexico,MEX,1996,83.78368
Mexico,MEX,1997,85.68362
Mexico,MEX,1998,86.49471
Mexico,MEX,1999,88.20385
Mexico,MEX,2000,90.681885
Mexico,MEX,2001,92.26015
Mexico,MEX,2002,92.379776
Mexico,MEX,2003,91.67789
Mexico,MEX,2004,91.49208
Mexico,MEX,2005,91.108505
Mexico,MEX,2006,92.01119
Mexico,MEX,2007,92.5258
Mexico,MEX,2008,91.86042
Mexico,MEX,2009,90.30082
Mexico,MEX,2010,92.08
Mexico,MEX,2011,91.23
Mexico,MEX,2012,91.72
Mexico,MEX,2013,93.11
Mexico,MEX,2014,93.27999
Mexico,MEX,2015,93.65
Mexico,MEX,2016,94.66001
Mexico,MEX,2017,95.340004
Mexico,MEX,2018,96.95
Mexico,MEX,2019,97.69
Mexico,MEX,2020,97.329994
Mexico,MEX,2021,98.52
Mexico,MEX,2022,99.45
Mexico,MEX,2023,100.29
Micronesia (FAO),,1961,50.9
Micronesia (FAO),,1962,53.93
Micronesia (FAO),,1963,56.18
Micronesia (FAO),,1964,60.04
Micronesia (FAO),,1965,57.64
Micronesia (FAO),,1966,59.31
Micronesia (FAO),,1967,60.85
Micronesia (FAO),,1968,59.88
Micronesia (FAO),,1969,58.12
Micronesia (FAO),,1970,61.05
Micronesia (FAO),,1971,62.51
Micronesia (FAO),,1972,62.89
Micronesia (FAO),,1973,66.35
Micronesia (FAO),,1974,66.35
Micronesia (FAO),,1975,65.82
Micronesia (FAO),,1976,67.44
Micronesia (FAO),,1977,64.86
Micronesia (FAO),,1978,66.33
Micronesia (FAO),,1979,67.15
Micronesia (FAO),,1980,71.51
Micronesia (FAO),,1981,64.49
Micronesia (FAO),,1982,64.15
Micronesia (FAO),,1983,63.39
Micronesia (FAO),,1984,64.96
Micronesia (FAO),,1985,63.92
Micronesia (FAO),,1986,62.92
Micronesia (FAO),,1987,64.61
Micronesia (FAO),,1988,64.23
Micronesia (FAO),,1989,64.36
Micronesia (FAO),,1990,63.84
Micronesia (FAO),,1991,65.77
Micronesia (FAO),,1992,66.19
Micronesia (FAO),,1993,68.21
Micronesia (FAO),,1994,64.72
Micronesia (FAO),,1995,69.05
Micronesia (FAO),,1996,69.7
Micronesia (FAO),,1997,68
Micronesia (FAO),,1998,70.15
Micronesia (FAO),,1999,69.49
Micronesia (FAO),,2000,69.69
Micronesia (FAO),,2001,72.91
Micronesia (FAO),,2002,70.91
Micronesia (FAO),,2003,71.94
Micronesia (FAO),,2004,71.13
Micronesia (FAO),,2005,75.04
Micronesia (FAO),,2006,73.08
Micronesia (FAO),,2007,71.72
Micronesia (FAO),,2008,69.12
Micronesia (FAO),,2009,72.43
Micronesia (FAO),,2010,76.67
Micronesia (FAO),,2011,77.51
Micronesia (FAO),,2012,75.62
Micronesia (FAO),,2013,74.9
Micronesia (FAO),,2014,74.83
Micronesia (FAO),,2015,78.38
Micronesia (FAO),,2016,79.33
Micronesia (FAO),,2017,79.84
Micronesia (FAO),,2018,80.9
Micronesia (FAO),,2019,84.92
Micronesia (FAO),,2020,86.84
Micronesia (FAO),,2021,89.39
Micronesia (FAO),,2022,85.88
Micronesia (FAO),,2023,85.43
Micronesia (country),FSM,2019,78.76071
Micronesia (country),FSM,2020,77.75299
Micronesia (country),FSM,2021,78.1595
Micronesia (country),FSM,2022,74.87199
Micronesia (country),FSM,2023,71.949776
Middle Africa (FAO),,1961,48.9
Middle Africa (FAO),,1962,49.81
Middle Africa (FAO),,1963,50.02
Middle Africa (FAO),,1964,50.36
Middle Africa (FAO),,1965,49.38
Middle Africa (FAO),,1966,49.83
Middle Africa (FAO),,1967,49.52
Middle Africa (FAO),,1968,49.3
Middle Africa (FAO),,1969,50.47
Middle Africa (FAO),,1970,50.34
Middle Africa (FAO),,1971,50.25
Middle Africa (FAO),,1972,49.07
Middle Africa (FAO),,1973,47.52
Middle Africa (FAO),,1974,48.88
Middle Africa (FAO),,1975,49.59
Middle Africa (FAO),,1976,49.28
Middle Africa (FAO),,1977,49.82
Middle Africa (FAO),,1978,49.28
Middle Africa (FAO),,1979,49.77
Middle Africa (FAO),,1980,49.6
Middle Africa (FAO),,1981,48.83
Middle Africa (FAO),,1982,48.41
Middle Africa (FAO),,1983,47.33
Middle Africa (FAO),,1984,45.41
Middle Africa (FAO),,1985,47.36
Middle Africa (FAO),,1986,46.61
Middle Africa (FAO),,1987,45.37
Middle Africa (FAO),,1988,46.01
Middle Africa (FAO),,1989,45.21
Middle Africa (FAO),,1990,44.72
Middle Africa (FAO),,1991,44.89
Middle Africa (FAO),,1992,46.37
Middle Africa (FAO),,1993,44.5
Middle Africa (FAO),,1994,46.64
Middle Africa (FAO),,1995,45.65
Middle Africa (FAO),,1996,46.59
Middle Africa (FAO),,1997,47.73
Middle Africa (FAO),,1998,49.08
Middle Africa (FAO),,1999,49.57
Middle Africa (FAO),,2000,50.94
Middle Africa (FAO),,2001,52.24
Middle Africa (FAO),,2002,52.32
Middle Africa (FAO),,2003,53.13
Middle Africa (FAO),,2004,53.56
Middle Africa (FAO),,2005,54.52
Middle Africa (FAO),,2006,55.75
Middle Africa (FAO),,2007,56.35
Middle Africa (FAO),,2008,58.19
Middle Africa (FAO),,2009,59.11
Middle Africa (FAO),,2010,46.36
Middle Africa (FAO),,2011,47.26
Middle Africa (FAO),,2012,47.01
Middle Africa (FAO),,2013,47.18
Middle Africa (FAO),,2014,48.66
Middle Africa (FAO),,2015,47.49
Middle Africa (FAO),,2016,46.44
Middle Africa (FAO),,2017,46.86
Middle Africa (FAO),,2018,46.55
Middle Africa (FAO),,2019,45.65
Middle Africa (FAO),,2020,44.84
Middle Africa (FAO),,2021,45.23
Middle Africa (FAO),,2022,45.28
Middle Africa (FAO),,2023,44.29
Moldova,MDA,1992,69.8857
Moldova,MDA,1993,65.95584
Moldova,MDA,1994,63.942936
Moldova,MDA,1995,64.7771
Moldova,MDA,1996,63.751266
Moldova,MDA,1997,65.19836
Moldova,MDA,1998,65.929756
Moldova,MDA,1999,64.44578
Moldova,MDA,2000,65.67369
Moldova,MDA,2001,66.4921
Moldova,MDA,2002,68.019135
Moldova,MDA,2003,65.51652
Moldova,MDA,2004,68.11876
Moldova,MDA,2005,71.568565
Moldova,MDA,2006,70.712906
Moldova,MDA,2007,68.38839
Moldova,MDA,2008,69.35266
Moldova,MDA,2009,66.40666
Moldova,MDA,2010,73.5485
Moldova,MDA,2011,73.078255
Moldova,MDA,2012,71.80313
Moldova,MDA,2013,74.196
Moldova,MDA,2014,75.006996
Moldova,MDA,2015,75.18249
Moldova,MDA,2016,78.50286
Moldova,MDA,2017,78.1271
Moldova,MDA,2018,79.2232
Moldova,MDA,2019,77.96818
Moldova,MDA,2020,79.38087
Moldova,MDA,2021,74.82584
Moldova,MDA,2022,75.67337
Moldova,MDA,2023,77.9226
Mongolia,MNG,1961,82.93504
Mongolia,MNG,1962,74.9334
Mongolia,MNG,1963,76.737366
Mongolia,MNG,1964,79.0638
Mongolia,MNG,1965,81.832184
Mongolia,MNG,1966,83.06847
Mongolia,MNG,1967,82.952965
Mongolia,MNG,1968,78.69493
Mongolia,MNG,1969,78.49756
Mongolia,MNG,1970,79.13305
Mongolia,MNG,1971,76.1935
Mongolia,MNG,1972,76.36686
Mongolia,MNG,1973,77.71675
Mongolia,MNG,1974,78.57977
Mongolia,MNG,1975,79.56374
Mongolia,MNG,1976,81.721504
Mongolia,MNG,1977,77.71114
Mongolia,MNG,1978,81.05777
Mongolia,MNG,1979,80.195694
Mongolia,MNG,1980,77.69859
Mongolia,MNG,1981,76.48501
Mongolia,MNG,1982,74.74045
Mongolia,MNG,1983,76.99267
Mongolia,MNG,1984,75.36486
Mongolia,MNG,1985,72.87824
Mongolia,MNG,1986,75.83315
Mongolia,MNG,1987,73.93082
Mongolia,MNG,1988,74.85978
Mongolia,MNG,1989,73.63817
Mongolia,MNG,1990,76.37923
Mongolia,MNG,1991,78.77081
Mongolia,MNG,1992,72.146576
Mongolia,MNG,1993,68.42207
Mongolia,MNG,1994,68.863014
Mongolia,MNG,1995,73.89713
Mongolia,MNG,1996,73.917534
Mongolia,MNG,1997,75.786224
Mongolia,MNG,1998,78.97622
Mongolia,MNG,1999,82.46553
Mongolia,MNG,2000,79.69556
Mongolia,MNG,2001,75.51927
Mongolia,MNG,2002,72.80902
Mongolia,MNG,2003,71.60838
Mongolia,MNG,2004,73.285866
Mongolia,MNG,2005,71.862976
Mongolia,MNG,2006,71.955635
Mongolia,MNG,2007,75.52236
Mongolia,MNG,2008,79.21695
Mongolia,MNG,2009,82.12491
Mongolia,MNG,2010,84.14972
Mongolia,MNG,2011,88.0799
Mongolia,MNG,2012,91.5899
Mongolia,MNG,2013,95.91976
Mongolia,MNG,2014,97.85997
Mongolia,MNG,2015,106.03007
Mongolia,MNG,2016,106.569824
Mongolia,MNG,2017,106.30962
Mongolia,MNG,2018,113.61986
Mongolia,MNG,2019,118.71971
Mongolia,MNG,2020,128.30016
Mongolia,MNG,2021,126.08977
Mongolia,MNG,2022,135.31981
Mongolia,MNG,2023,132.1297
Montenegro,MNE,2006,98.3889
Montenegro,MNE,2007,103.52232
Montenegro,MNE,2008,107.94391
Montenegro,MNE,2009,107.456
Montenegro,MNE,2010,112.630356
Montenegro,MNE,2011,116.580185
Montenegro,MNE,2012,114.14892
Montenegro,MNE,2013,116.690186
Montenegro,MNE,2014,114.53054
Montenegro,MNE,2015,117.99906
Montenegro,MNE,2016,122.600784
Montenegro,MNE,2017,123.889595
Montenegro,MNE,2018,125.67836
Montenegro,MNE,2019,126.40979
Montenegro,MNE,2020,126.449165
Montenegro,MNE,2021,130.41913
Montenegro,MNE,2022,133.53023
Montenegro,MNE,2023,134.42935
Morocco,MAR,1961,57.931618
Morocco,MAR,1962,56.601562
Morocco,MAR,1963,57.997036
Morocco,MAR,1964,61.087025
Morocco,MAR,1965,61.949066
Morocco,MAR,1966,59.26767
Morocco,MAR,1967,61.195137
Morocco,MAR,1968,60.840435
Morocco,MAR,1969,66.923386
Morocco,MAR,1970,64.802444
Morocco,MAR,1971,66.14822
Morocco,MAR,1972,67.867966
Morocco,MAR,1973,67.26581
Morocco,MAR,1974,70.16092
Morocco,MAR,1975,70.80892
Morocco,MAR,1976,69.13175
Morocco,MAR,1977,69.68055
Morocco,MAR,1978,70.438705
Morocco,MAR,1979,72.60686
Morocco,MAR,1980,71.901306
Morocco,MAR,1981,72.688225
Morocco,MAR,1982,74.29604
Morocco,MAR,1983,73.85015
Morocco,MAR,1984,75.92535
Morocco,MAR,1985,77.70216
Morocco,MAR,1986,80.95863
Morocco,MAR,1987,82.68086
Morocco,MAR,1988,84.21955
Morocco,MAR,1989,82.802216
Morocco,MAR,1990,88.109245
Morocco,MAR,1991,87.42459
Morocco,MAR,1992,80.221695
Morocco,MAR,1993,78.20935
Morocco,MAR,1994,82.91866
Morocco,MAR,1995,79.17938
Morocco,MAR,1996,84.795235
Morocco,MAR,1997,84.2769
Morocco,MAR,1998,84.79767
Morocco,MAR,1999,84.14854
Morocco,MAR,2000,82.38227
Morocco,MAR,2001,85.46772
Morocco,MAR,2002,87.45673
Morocco,MAR,2003,88.24648
Morocco,MAR,2004,89.76828
Morocco,MAR,2005,88.04858
Morocco,MAR,2006,91.39882
Morocco,MAR,2007,88.00922
Morocco,MAR,2008,88.54564
Morocco,MAR,2009,89.63968
Morocco,MAR,2010,95.56003
Morocco,MAR,2011,98.23002
Morocco,MAR,2012,98.449974
Morocco,MAR,2013,98.759995
Morocco,MAR,2014,100.80999
Morocco,MAR,2015,101.79
Morocco,MAR,2016,101.73001
Morocco,MAR,2017,101.79999
Morocco,MAR,2018,104.05001
Morocco,MAR,2019,102.24998
Morocco,MAR,2020,99.170006
Morocco,MAR,2021,101.049995
Morocco,MAR,2022,97.92998
Morocco,MAR,2023,98.08996
Mozambique,MOZ,1961,38.49252
Mozambique,MOZ,1962,38.57009
Mozambique,MOZ,1963,38.50041
Mozambique,MOZ,1964,38.67706
Mozambique,MOZ,1965,40.456886
Mozambique,MOZ,1966,39.730904
Mozambique,MOZ,1967,38.917583
Mozambique,MOZ,1968,37.913044
Mozambique,MOZ,1969,39.744453
Mozambique,MOZ,1970,38.17633
Mozambique,MOZ,1971,38.635086
Mozambique,MOZ,1972,36.721893
Mozambique,MOZ,1973,39.461105
Mozambique,MOZ,1974,36.926945
Mozambique,MOZ,1975,35.630703
Mozambique,MOZ,1976,36.591393
Mozambique,MOZ,1977,34.423176
Mozambique,MOZ,1978,33.989635
Mozambique,MOZ,1979,33.11908
Mozambique,MOZ,1980,34.146034
Mozambique,MOZ,1981,32.77461
Mozambique,MOZ,1982,31.670792
Mozambique,MOZ,1983,32.079422
Mozambique,MOZ,1984,33.99946
Mozambique,MOZ,1985,36.778324
Mozambique,MOZ,1986,32.10758
Mozambique,MOZ,1987,32.731926
Mozambique,MOZ,1988,35.07089
Mozambique,MOZ,1989,31.964907
Mozambique,MOZ,1990,32.297028
Mozambique,MOZ,1991,31.456917
Mozambique,MOZ,1992,31.749949
Mozambique,MOZ,1993,32.93138
Mozambique,MOZ,1994,31.638155
Mozambique,MOZ,1995,36.92961
Mozambique,MOZ,1996,37.023693
Mozambique,MOZ,1997,37.48247
Mozambique,MOZ,1998,37.90302
Mozambique,MOZ,1999,36.560444
Mozambique,MOZ,2000,36.754314
Mozambique,MOZ,2001,35.914627
Mozambique,MOZ,2002,39.560555
Mozambique,MOZ,2003,41.24735
Mozambique,MOZ,2004,41.60878
Mozambique,MOZ,2005,41.51385
Mozambique,MOZ,2006,45.12201
Mozambique,MOZ,2007,45.273853
Mozambique,MOZ,2008,45.69493
Mozambique,MOZ,2009,45.539436
Mozambique,MOZ,2010,46.060013
Mozambique,MOZ,2011,47.599987
Mozambique,MOZ,2012,49.27
Mozambique,MOZ,2013,46.019993
Mozambique,MOZ,2014,43.659996
Mozambique,MOZ,2015,41.659992
Mozambique,MOZ,2016,40.689987
Mozambique,MOZ,2017,42.96999
Mozambique,MOZ,2018,42.569992
Mozambique,MOZ,2019,44.180004
Mozambique,MOZ,2020,46.660007
Mozambique,MOZ,2021,45.550003
Mozambique,MOZ,2022,46.560013
Mozambique,MOZ,2023,44.689995
Myanmar,MMR,1961,37.04075
Myanmar,MMR,1962,38.22117
Myanmar,MMR,1963,39.254272
Myanmar,MMR,1964,40.17416
Myanmar,MMR,1965,38.856853
Myanmar,MMR,1966,37.064323
Myanmar,MMR,1967,37.18217
Myanmar,MMR,1968,38.406967
Myanmar,MMR,1969,38.861073
Myanmar,MMR,1970,38.3119
Myanmar,MMR,1971,38.581284
Myanmar,MMR,1972,37.93796
Myanmar,MMR,1973,38.04917
Myanmar,MMR,1974,39.015804
Myanmar,MMR,1975,39.97593
Myanmar,MMR,1976,39.99038
Myanmar,MMR,1977,41.685497
Myanmar,MMR,1978,42.914124
Myanmar,MMR,1979,42.782578
Myanmar,MMR,1980,42.767956
Myanmar,MMR,1981,44.482826
Myanmar,MMR,1982,46.009148
Myanmar,MMR,1983,46.26849
Myanmar,MMR,1984,47.337883
Myanmar,MMR,1985,45.415928
Myanmar,MMR,1986,44.97022
Myanmar,MMR,1987,44.606403
Myanmar,MMR,1988,43.708126
Myanmar,MMR,1989,40.584045
Myanmar,MMR,1990,43.966667
Myanmar,MMR,1991,44.260357
Myanmar,MMR,1992,44.980362
Myanmar,MMR,1993,46.067196
Myanmar,MMR,1994,45.955597
Myanmar,MMR,1995,47.090473
Myanmar,MMR,1996,47.297688
Myanmar,MMR,1997,49.611885
Myanmar,MMR,1998,49.953625
Myanmar,MMR,1999,50.443096
Myanmar,MMR,2000,53.76909
Myanmar,MMR,2001,55.35556
Myanmar,MMR,2002,57.15354
Myanmar,MMR,2003,59.831684
Myanmar,MMR,2004,63.163925
Myanmar,MMR,2005,65.15081
Myanmar,MMR,2006,69.612335
Myanmar,MMR,2007,72.12694
Myanmar,MMR,2008,76.25743
Myanmar,MMR,2009,80.25378
Myanmar,MMR,2010,87.36001
Myanmar,MMR,2011,87.42999
Myanmar,MMR,2012,89.47
Myanmar,MMR,2013,90.32001
Myanmar,MMR,2014,95.47999
Myanmar,MMR,2015,98
Myanmar,MMR,2016,98.93
Myanmar,MMR,2017,99.80001
Myanmar,MMR,2018,98.72
Myanmar,MMR,2019,97.19998
Myanmar,MMR,2020,81.19999
Myanmar,MMR,2021,80.78
Myanmar,MMR,2022,78.7
Myanmar,MMR,2023,78.39
Namibia,NAM,1961,65.447174
Namibia,NAM,1962,68.78335
Namibia,NAM,1963,68.19947
Namibia,NAM,1964,68.188034
Namibia,NAM,1965,68.48942
Namibia,NAM,1966,69.71459
Namibia,NAM,1967,69.00242
Namibia,NAM,1968,68.12219
Namibia,NAM,1969,67.69356
Namibia,NAM,1970,68.25602
Namibia,NAM,1971,68.77261
Namibia,NAM,1972,67.882835
Namibia,NAM,1973,67.93831
Namibia,NAM,1974,68.138
Namibia,NAM,1975,64.815575
Namibia,NAM,1976,66.03464
Namibia,NAM,1977,67.89956
Namibia,NAM,1978,69.241684
Namibia,NAM,1979,70.91614
Namibia,NAM,1980,71.90005
Namibia,NAM,1981,68.59245
Namibia,NAM,1982,67.135185
Namibia,NAM,1983,64.39738
Namibia,NAM,1984,64.6861
Namibia,NAM,1985,63.049103
Namibia,NAM,1986,63.559616
Namibia,NAM,1987,65.11019
Namibia,NAM,1988,65.03292
Namibia,NAM,1989,59.869152
Namibia,NAM,1990,60.60703
Namibia,NAM,1991,61.0864
Namibia,NAM,1992,59.375843
Namibia,NAM,1993,55.624767
Namibia,NAM,1994,55.053185
Namibia,NAM,1995,55.880714
Namibia,NAM,1996,57.868866
Namibia,NAM,1997,59.69362
Namibia,NAM,1998,58.089325
Namibia,NAM,1999,65.87
Namibia,NAM,2000,70.6121
Namibia,NAM,2001,70.09401
Namibia,NAM,2002,65.14318
Namibia,NAM,2003,67.019325
Namibia,NAM,2004,65.615425
Namibia,NAM,2005,65.7395
Namibia,NAM,2006,64.98434
Namibia,NAM,2007,66.18435
Namibia,NAM,2008,66.11251
Namibia,NAM,2009,62.317623
Namibia,NAM,2010,66.46985
Namibia,NAM,2011,67.559654
Namibia,NAM,2012,67.63981
Namibia,NAM,2013,66.820145
Namibia,NAM,2014,66.32991
Namibia,NAM,2015,67.15987
Namibia,NAM,2016,67.14975
Namibia,NAM,2017,67.44989
Namibia,NAM,2018,67.48009
Namibia,NAM,2019,64.40978
Namibia,NAM,2020,66.44
Namibia,NAM,2021,66.219955
Namibia,NAM,2022,67.44981
Namibia,NAM,2023,64.229744
Nauru,NRU,2019,109.9198
Nauru,NRU,2020,108.83625
Nauru,NRU,2021,111.59799
Nauru,NRU,2022,110.31433
Nauru,NRU,2023,110.94322
Nepal,NPL,1961,42.854847
Nepal,NPL,1962,43.06477
Nepal,NPL,1963,43.310852
Nepal,NPL,1964,43.53326
Nepal,NPL,1965,43.632687
Nepal,NPL,1966,43.058174
Nepal,NPL,1967,42.466938
Nepal,NPL,1968,43.76055
Nepal,NPL,1969,44.016422
Nepal,NPL,1970,43.498943
Nepal,NPL,1971,43.526844
Nepal,NPL,1972,42.676044
Nepal,NPL,1973,43.628666
Nepal,NPL,1974,43.769665
Nepal,NPL,1975,42.285667
Nepal,NPL,1976,43.557472
Nepal,NPL,1977,43.951534
Nepal,NPL,1978,44.472485
Nepal,NPL,1979,43.131615
Nepal,NPL,1980,43.729065
Nepal,NPL,1981,44.332153
Nepal,NPL,1982,44.51063
Nepal,NPL,1983,47.565197
Nepal,NPL,1984,47.34718
Nepal,NPL,1985,45.74121
Nepal,NPL,1986,44.96036
Nepal,NPL,1987,49.006214
Nepal,NPL,1988,52.289116
Nepal,NPL,1989,54.67885
Nepal,NPL,1990,51.667324
Nepal,NPL,1991,52.056015
Nepal,NPL,1992,51.75549
Nepal,NPL,1993,50.162785
Nepal,NPL,1994,52.68135
Nepal,NPL,1995,52.28781
Nepal,NPL,1996,52.458202
Nepal,NPL,1997,53.81111
Nepal,NPL,1998,53.367153
Nepal,NPL,1999,54.145176
Nepal,NPL,2000,54.14777
Nepal,NPL,2001,54.52262
Nepal,NPL,2002,54.83104
Nepal,NPL,2003,56.625427
Nepal,NPL,2004,58.17478
Nepal,NPL,2005,59.6888
Nepal,NPL,2006,59.07352
Nepal,NPL,2007,60.156227
Nepal,NPL,2008,61.221653
Nepal,NPL,2009,62.647797
Nepal,NPL,2010,66.249985
Nepal,NPL,2011,68.24998
Nepal,NPL,2012,69.44001
Nepal,NPL,2013,70.76001
Nepal,NPL,2014,72.41999
Nepal,NPL,2015,73.46
Nepal,NPL,2016,75.99997
Nepal,NPL,2017,77.420006
Nepal,NPL,2018,79.15001
Nepal,NPL,2019,81.68999
Nepal,NPL,2020,84.66997
Nepal,NPL,2021,84.639984
Nepal,NPL,2022,83.48002
Nepal,NPL,2023,81.73998
Net Food Importing Developing Countries (FAO),,1961,51.35
Net Food Importing Developing Countries (FAO),,1962,51.84
Net Food Importing Developing Countries (FAO),,1963,51.98
Net Food Importing Developing Countries (FAO),,1964,53.47
Net Food Importing Developing Countries (FAO),,1965,53.21
Net Food Importing Developing Countries (FAO),,1966,52.58
Net Food Importing Developing Countries (FAO),,1967,52.62
Net Food Importing Developing Countries (FAO),,1968,52.81
Net Food Importing Developing Countries (FAO),,1969,54.25
Net Food Importing Developing Countries (FAO),,1970,54.19
Net Food Importing Developing Countries (FAO),,1971,53.57
Net Food Importing Developing Countries (FAO),,1972,53.3
Net Food Importing Developing Countries (FAO),,1973,53.45
Net Food Importing Developing Countries (FAO),,1974,53.91
Net Food Importing Developing Countries (FAO),,1975,53.48
Net Food Importing Developing Countries (FAO),,1976,54.22
Net Food Importing Developing Countries (FAO),,1977,54.04
Net Food Importing Developing Countries (FAO),,1978,55.32
Net Food Importing Developing Countries (FAO),,1979,55.53
Net Food Importing Developing Countries (FAO),,1980,55.22
Net Food Importing Developing Countries (FAO),,1981,55.15
Net Food Importing Developing Countries (FAO),,1982,55.41
Net Food Importing Developing Countries (FAO),,1983,55.69
Net Food Importing Developing Countries (FAO),,1984,55.07
Net Food Importing Developing Countries (FAO),,1985,55.46
Net Food Importing Developing Countries (FAO),,1986,55.27
Net Food Importing Developing Countries (FAO),,1987,55.85
Net Food Importing Developing Countries (FAO),,1988,55.94
Net Food Importing Developing Countries (FAO),,1989,56.01
Net Food Importing Developing Countries (FAO),,1990,56.04
Net Food Importing Developing Countries (FAO),,1991,55.75
Net Food Importing Developing Countries (FAO),,1992,55.39
Net Food Importing Developing Countries (FAO),,1993,55.04
Net Food Importing Developing Countries (FAO),,1994,56.17
Net Food Importing Developing Countries (FAO),,1995,56.47
Net Food Importing Developing Countries (FAO),,1996,57.02
Net Food Importing Developing Countries (FAO),,1997,57.47
Net Food Importing Developing Countries (FAO),,1998,57.82
Net Food Importing Developing Countries (FAO),,1999,58.81
Net Food Importing Developing Countries (FAO),,2000,59.04
Net Food Importing Developing Countries (FAO),,2001,59.35
Net Food Importing Developing Countries (FAO),,2002,59.81
Net Food Importing Developing Countries (FAO),,2003,60.65
Net Food Importing Developing Countries (FAO),,2004,60.72
Net Food Importing Developing Countries (FAO),,2005,61.69
Net Food Importing Developing Countries (FAO),,2006,62.44
Net Food Importing Developing Countries (FAO),,2007,63.64
Net Food Importing Developing Countries (FAO),,2008,64.19
Net Food Importing Developing Countries (FAO),,2009,65.39
Net Food Importing Developing Countries (FAO),,2010,65.51
Net Food Importing Developing Countries (FAO),,2011,65.5
Net Food Importing Developing Countries (FAO),,2012,66.17
Net Food Importing Developing Countries (FAO),,2013,66.57
Net Food Importing Developing Countries (FAO),,2014,66.96
Net Food Importing Developing Countries (FAO),,2015,67.32
Net Food Importing Developing Countries (FAO),,2016,66.42
Net Food Importing Developing Countries (FAO),,2017,67.4
Net Food Importing Developing Countries (FAO),,2018,67.31
Net Food Importing Developing Countries (FAO),,2019,67.4
Net Food Importing Developing Countries (FAO),,2020,67.77
Net Food Importing Developing Countries (FAO),,2021,68.17
Net Food Importing Developing Countries (FAO),,2022,68.07
Net Food Importing Developing Countries (FAO),,2023,67.36
Netherlands,NLD,1961,87.36174
Netherlands,NLD,1962,88.21461
Netherlands,NLD,1963,88.6846
Netherlands,NLD,1964,87.20381
Netherlands,NLD,1965,85.473175
Netherlands,NLD,1966,87.992165
Netherlands,NLD,1967,90.800285
Netherlands,NLD,1968,89.68846
Netherlands,NLD,1969,89.8865
Netherlands,NLD,1970,89.52997
Netherlands,NLD,1971,89.88883
Netherlands,NLD,1972,93.59216
Netherlands,NLD,1973,95.4034
Netherlands,NLD,1974,97.88607
Netherlands,NLD,1975,91.92226
Netherlands,NLD,1976,93.758995
Netherlands,NLD,1977,95.64497
Netherlands,NLD,1978,97.12034
Netherlands,NLD,1979,98.23202
Netherlands,NLD,1980,97.2873
Netherlands,NLD,1981,94.89554
Netherlands,NLD,1982,98.300934
Netherlands,NLD,1983,97.73588
Netherlands,NLD,1984,101.889
Netherlands,NLD,1985,99.789566
Netherlands,NLD,1986,98.32705
Netherlands,NLD,1987,99.31913
Netherlands,NLD,1988,98.93931
Netherlands,NLD,1989,93.45072
Netherlands,NLD,1990,94.961494
Netherlands,NLD,1991,98.33686
Netherlands,NLD,1992,97.47531
Netherlands,NLD,1993,101.744576
Netherlands,NLD,1994,99.99685
Netherlands,NLD,1995,109.18307
Netherlands,NLD,1996,108.37662
Netherlands,NLD,1997,103.60904
Netherlands,NLD,1998,105.72254
Netherlands,NLD,1999,103.789894
Netherlands,NLD,2000,105.922585
Netherlands,NLD,2001,107.21576
Netherlands,NLD,2002,100.45911
Netherlands,NLD,2003,96.280075
Netherlands,NLD,2004,103.751595
Netherlands,NLD,2005,104.00556
Netherlands,NLD,2006,107.824036
Netherlands,NLD,2007,105.45332
Netherlands,NLD,2008,107.39316
Netherlands,NLD,2009,109.872986
Netherlands,NLD,2010,110.05006
Netherlands,NLD,2011,108.78
Netherlands,NLD,2012,114.74999
Netherlands,NLD,2013,114.33996
Netherlands,NLD,2014,110.82003
Netherlands,NLD,2015,110.75001
Netherlands,NLD,2016,110.31998
Netherlands,NLD,2017,104.73996
Netherlands,NLD,2018,107.10996
Netherlands,NLD,2019,107.44003
Netherlands,NLD,2020,111.34999
Netherlands,NLD,2021,112.07997
Netherlands,NLD,2022,114.70999
Netherlands,NLD,2023,117.07996
Netherlands Antilles,ANT,1961,85.28697
Netherlands Antilles,ANT,1962,90.32814
Netherlands Antilles,ANT,1963,95.59152
Netherlands Antilles,ANT,1964,93.61597
Netherlands Antilles,ANT,1965,92.132164
Netherlands Antilles,ANT,1966,89.9367
Netherlands Antilles,ANT,1967,94.35052
Netherlands Antilles,ANT,1968,96.09697
Netherlands Antilles,ANT,1969,94.98316
Netherlands Antilles,ANT,1970,102.66946
Netherlands Antilles,ANT,1971,104.03316
Netherlands Antilles,ANT,1972,99.06132
Netherlands Antilles,ANT,1973,100.787094
Netherlands Antilles,ANT,1974,105.0998
Netherlands Antilles,ANT,1975,103.54913
Netherlands Antilles,ANT,1976,116.98585
Netherlands Antilles,ANT,1977,120.37875
Netherlands Antilles,ANT,1978,115.18121
Netherlands Antilles,ANT,1979,121.755745
Netherlands Antilles,ANT,1980,124.34956
Netherlands Antilles,ANT,1981,135.53748
Netherlands Antilles,ANT,1982,128.7795
Netherlands Antilles,ANT,1983,133.71912
Netherlands Antilles,ANT,1984,128.15875
Netherlands Antilles,ANT,1985,84.93237
Netherlands Antilles,ANT,1986,85.3654
Netherlands Antilles,ANT,1987,94.07082
Netherlands Antilles,ANT,1988,83.50764
Netherlands Antilles,ANT,1989,82.479675
Netherlands Antilles,ANT,1990,83.65909
Netherlands Antilles,ANT,1991,83.57052
Netherlands Antilles,ANT,1992,89.58129
Netherlands Antilles,ANT,1993,92.814545
Netherlands Antilles,ANT,1994,91.32555
Netherlands Antilles,ANT,1995,95.43165
Netherlands Antilles,ANT,1996,90.810745
Netherlands Antilles,ANT,1997,92.67244
Netherlands Antilles,ANT,1998,94.54145
Netherlands Antilles,ANT,1999,98.61394
Netherlands Antilles,ANT,2000,103.76671
Netherlands Antilles,ANT,2001,102.58402
Netherlands Antilles,ANT,2002,95.4379
Netherlands Antilles,ANT,2003,95.934364
Netherlands Antilles,ANT,2004,92.95446
Netherlands Antilles,ANT,2005,94.98866
Netherlands Antilles,ANT,2006,93.55723
Netherlands Antilles,ANT,2007,92.05139
Netherlands Antilles,ANT,2008,92.30128
Netherlands Antilles,ANT,2009,94.60543
New Caledonia,NCL,1961,69.650085
New Caledonia,NCL,1962,69.570244
New Caledonia,NCL,1963,70.64292
New Caledonia,NCL,1964,71.46086
New Caledonia,NCL,1965,72.80157
New Caledonia,NCL,1966,72.592896
New Caledonia,NCL,1967,73.25747
New Caledonia,NCL,1968,74.52127
New Caledonia,NCL,1969,77.73676
New Caledonia,NCL,1970,80.09264
New Caledonia,NCL,1971,80.25427
New Caledonia,NCL,1972,83.60912
New Caledonia,NCL,1973,81.65338
New Caledonia,NCL,1974,79.10117
New Caledonia,NCL,1975,74.67465
New Caledonia,NCL,1976,76.605606
New Caledonia,NCL,1977,75.540924
New Caledonia,NCL,1978,72.5042
New Caledonia,NCL,1979,71.09531
New Caledonia,NCL,1980,74.92091
New Caledonia,NCL,1981,72.970726
New Caledonia,NCL,1982,76.289406
New Caledonia,NCL,1983,74.05834
New Caledonia,NCL,1984,74.215645
New Caledonia,NCL,1985,74.60137
New Caledonia,NCL,1986,73.28055
New Caledonia,NCL,1987,76.69786
New Caledonia,NCL,1988,68.80057
New Caledonia,NCL,1989,70.3856
New Caledonia,NCL,1990,72.4677
New Caledonia,NCL,1991,73.40208
New Caledonia,NCL,1992,73.167816
New Caledonia,NCL,1993,70.57613
New Caledonia,NCL,1994,74.765625
New Caledonia,NCL,1995,69.962975
New Caledonia,NCL,1996,76.66424
New Caledonia,NCL,1997,75.461235
New Caledonia,NCL,1998,74.935394
New Caledonia,NCL,1999,74.82785
New Caledonia,NCL,2000,73.37905
New Caledonia,NCL,2001,77.559654
New Caledonia,NCL,2002,76.22147
New Caledonia,NCL,2003,76.64092
New Caledonia,NCL,2004,75.786224
New Caledonia,NCL,2005,76.29241
New Caledonia,NCL,2006,76.134705
New Caledonia,NCL,2007,78.86747
New Caledonia,NCL,2008,76.02247
New Caledonia,NCL,2009,79.400215
New Caledonia,NCL,2010,92.78999
New Caledonia,NCL,2011,94.67645
New Caledonia,NCL,2012,94.306526
New Caledonia,NCL,2013,93.655945
New Caledonia,NCL,2014,94.895615
New Caledonia,NCL,2015,92.14708
New Caledonia,NCL,2016,93.68604
New Caledonia,NCL,2017,94.138664
New Caledonia,NCL,2018,94.83632
New Caledonia,NCL,2019,102.08783
New Caledonia,NCL,2020,103.05746
New Caledonia,NCL,2021,103.11385
New Caledonia,NCL,2022,106.476295
New Caledonia,NCL,2023,105.76671
New Zealand,NZL,1961,96.07235
New Zealand,NZL,1962,98.814674
New Zealand,NZL,1963,98.522964
New Zealand,NZL,1964,96.11798
New Zealand,NZL,1965,92.57084
New Zealand,NZL,1966,96.48874
New Zealand,NZL,1967,92.64473
New Zealand,NZL,1968,96.02058
New Zealand,NZL,1969,99.89775
New Zealand,NZL,1970,95.84577
New Zealand,NZL,1971,96.35211
New Zealand,NZL,1972,97.70123
New Zealand,NZL,1973,101.86513
New Zealand,NZL,1974,100.178505
New Zealand,NZL,1975,109.23885
New Zealand,NZL,1976,115.22626
New Zealand,NZL,1977,101.92099
New Zealand,NZL,1978,107.35556
New Zealand,NZL,1979,95.34985
New Zealand,NZL,1980,99.82141
New Zealand,NZL,1981,97.03808
New Zealand,NZL,1982,101.80357
New Zealand,NZL,1983,92.106026
New Zealand,NZL,1984,95.97757
New Zealand,NZL,1985,99.479515
New Zealand,NZL,1986,101.23192
New Zealand,NZL,1987,100.28003
New Zealand,NZL,1988,97.84831
New Zealand,NZL,1989,93.03229
New Zealand,NZL,1990,101.30038
New Zealand,NZL,1991,97.09572
New Zealand,NZL,1992,93.78699
New Zealand,NZL,1993,99.85886
New Zealand,NZL,1994,94.33129
New Zealand,NZL,1995,105.93632
New Zealand,NZL,1996,97.39553
New Zealand,NZL,1997,96.84599
New Zealand,NZL,1998,93.24061
New Zealand,NZL,1999,92.788795
New Zealand,NZL,2000,87.89966
New Zealand,NZL,2001,90.63346
New Zealand,NZL,2002,90.95988
New Zealand,NZL,2003,91.80381
New Zealand,NZL,2004,93.2577
New Zealand,NZL,2005,92.16766
New Zealand,NZL,2006,93.988655
New Zealand,NZL,2007,94.637535
New Zealand,NZL,2008,94.49742
New Zealand,NZL,2009,92.379524
New Zealand,NZL,2010,96.78009
New Zealand,NZL,2011,105.40003
New Zealand,NZL,2012,101.51995
New Zealand,NZL,2013,103.41984
New Zealand,NZL,2014,103.28009
New Zealand,NZL,2015,100.78989
New Zealand,NZL,2016,104.80005
New Zealand,NZL,2017,98.720024
New Zealand,NZL,2018,104.110214
New Zealand,NZL,2019,102.56979
New Zealand,NZL,2020,98.03009
New Zealand,NZL,2021,99.81012
New Zealand,NZL,2022,104.93998
New Zealand,NZL,2023,100.93005
Nicaragua,NIC,1961,56.00243
Nicaragua,NIC,1962,54.516155
Nicaragua,NIC,1963,54.945835
Nicaragua,NIC,1964,56.56878
Nicaragua,NIC,1965,58.19673
Nicaragua,NIC,1966,60.583145
Nicaragua,NIC,1967,61.500996
Nicaragua,NIC,1968,63.012234
Nicaragua,NIC,1969,62.819492
Nicaragua,NIC,1970,62.459736
Nicaragua,NIC,1971,60.330143
Nicaragua,NIC,1972,58.53184
Nicaragua,NIC,1973,58.602764
Nicaragua,NIC,1974,56.612003
Nicaragua,NIC,1975,58.84155
Nicaragua,NIC,1976,58.666683
Nicaragua,NIC,1977,59.737957
Nicaragua,NIC,1978,57.84975
Nicaragua,NIC,1979,54.956467
Nicaragua,NIC,1980,52.840916
Nicaragua,NIC,1981,58.60058
Nicaragua,NIC,1982,50.884136
Nicaragua,NIC,1983,51.58582
Nicaragua,NIC,1984,56.019257
Nicaragua,NIC,1985,54.411625
Nicaragua,NIC,1986,54.67209
Nicaragua,NIC,1987,50.35288
Nicaragua,NIC,1988,53.44377
Nicaragua,NIC,1989,49.758095
Nicaragua,NIC,1990,46.444275
Nicaragua,NIC,1991,47.516148
Nicaragua,NIC,1992,44.08738
Nicaragua,NIC,1993,46.680843
Nicaragua,NIC,1994,43.863956
Nicaragua,NIC,1995,43.10866
Nicaragua,NIC,1996,44.77433
Nicaragua,NIC,1997,45.8629
Nicaragua,NIC,1998,49.848583
Nicaragua,NIC,1999,53.645622
Nicaragua,NIC,2000,52.892563
Nicaragua,NIC,2001,57.887096
Nicaragua,NIC,2002,58.565548
Nicaragua,NIC,2003,58.86471
Nicaragua,NIC,2004,60.428837
Nicaragua,NIC,2005,61.543655
Nicaragua,NIC,2006,64.07089
Nicaragua,NIC,2007,64.97665
Nicaragua,NIC,2008,64.53063
Nicaragua,NIC,2009,65.109505
Nicaragua,NIC,2010,62.449993
Nicaragua,NIC,2011,63.48999
Nicaragua,NIC,2012,63.54
Nicaragua,NIC,2013,63.40987
Nicaragua,NIC,2014,65.91997
Nicaragua,NIC,2015,64.44003
Nicaragua,NIC,2016,66.21006
Nicaragua,NIC,2017,66.69994
Nicaragua,NIC,2018,67.550064
Nicaragua,NIC,2019,70.07
Nicaragua,NIC,2020,71.95003
Nicaragua,NIC,2021,74.15995
Nicaragua,NIC,2022,76.84986
Nicaragua,NIC,2023,73.7699
Niger,NER,1961,42.81294
Niger,NER,1962,43.617928
Niger,NER,1963,45.83849
Niger,NER,1964,43.17747
Niger,NER,1965,51.3399
Niger,NER,1966,51.305424
Niger,NER,1967,53.83707
Niger,NER,1968,55.4645
Niger,NER,1969,53.51277
Niger,NER,1970,53.341984
Niger,NER,1971,54.600998
Niger,NER,1972,54.108078
Niger,NER,1973,54.13967
Niger,NER,1974,55.322956
Niger,NER,1975,57.69109
Niger,NER,1976,61.21583
Niger,NER,1977,62.777172
Niger,NER,1978,63.78532
Niger,NER,1979,63.908703
Niger,NER,1980,63.274895
Niger,NER,1981,63.51034
Niger,NER,1982,64.012314
Niger,NER,1983,62.89395
Niger,NER,1984,58.443855
Niger,NER,1985,53.61395
Niger,NER,1986,55.13368
Niger,NER,1987,57.363857
Niger,NER,1988,57.257275
Niger,NER,1989,57.541027
Niger,NER,1990,57.897194
Niger,NER,1991,53.613472
Niger,NER,1992,54.857388
Niger,NER,1993,54.903618
Niger,NER,1994,56.182896
Niger,NER,1995,55.04237
Niger,NER,1996,56.565815
Niger,NER,1997,55.159744
Niger,NER,1998,59.766182
Niger,NER,1999,60.5504
Niger,NER,2000,64.805824
Niger,NER,2001,67.301575
Niger,NER,2002,64.72526
Niger,NER,2003,69.00247
Niger,NER,2004,71.17162
Niger,NER,2005,71.86119
Niger,NER,2006,72.32808
Niger,NER,2007,74.04618
Niger,NER,2008,76.71244
Niger,NER,2009,75.3264
Niger,NER,2010,90.459984
Niger,NER,2011,87.25997
Niger,NER,2012,86.5
Niger,NER,2013,87.020004
Niger,NER,2014,85.94997
Niger,NER,2015,87.60001
Niger,NER,2016,90.33996
Niger,NER,2017,88.7
Niger,NER,2018,91.27998
Niger,NER,2019,90.82998
Niger,NER,2020,90.96998
Niger,NER,2021,90.01998
Niger,NER,2022,90.99998
Niger,NER,2023,92.53002
Nigeria,NGA,1961,45.723278
Nigeria,NGA,1962,46.85184
Nigeria,NGA,1963,46.459072
Nigeria,NGA,1964,46.128204
Nigeria,NGA,1965,42.910027
Nigeria,NGA,1966,39.423473
Nigeria,NGA,1967,40.8871
Nigeria,NGA,1968,40.96903
Nigeria,NGA,1969,44.25318
Nigeria,NGA,1970,45.603493
Nigeria,NGA,1971,43.25015
Nigeria,NGA,1972,37.012978
Nigeria,NGA,1973,40.83742
Nigeria,NGA,1974,44.708546
Nigeria,NGA,1975,43.88714
Nigeria,NGA,1976,41.577396
Nigeria,NGA,1977,39.23079
Nigeria,NGA,1978,39.24471
Nigeria,NGA,1979,39.06587
Nigeria,NGA,1980,42.431633
Nigeria,NGA,1981,43.326557
Nigeria,NGA,1982,43.54658
Nigeria,NGA,1983,39.637394
Nigeria,NGA,1984,41.023033
Nigeria,NGA,1985,43.167572
Nigeria,NGA,1986,44.719463
Nigeria,NGA,1987,44.605324
Nigeria,NGA,1988,45.653297
Nigeria,NGA,1989,48.023705
Nigeria,NGA,1990,48.83194
Nigeria,NGA,1991,49.553894
Nigeria,NGA,1992,50.3192
Nigeria,NGA,1993,52.464367
Nigeria,NGA,1994,52.496487
Nigeria,NGA,1995,55.093334
Nigeria,NGA,1996,55.82986
Nigeria,NGA,1997,56.347736
Nigeria,NGA,1998,57.68934
Nigeria,NGA,1999,57.945217
Nigeria,NGA,2000,57.246838
Nigeria,NGA,2001,56.54878
Nigeria,NGA,2002,57.064564
Nigeria,NGA,2003,57.250446
Nigeria,NGA,2004,58.36915
Nigeria,NGA,2005,59.831955
Nigeria,NGA,2006,60.853245
Nigeria,NGA,2007,61.874004
Nigeria,NGA,2008,61.070393
Nigeria,NGA,2009,61.38552
Nigeria,NGA,2010,62.11
Nigeria,NGA,2011,60.719997
Nigeria,NGA,2012,60.3
Nigeria,NGA,2013,59.8
Nigeria,NGA,2014,61.18
Nigeria,NGA,2015,60.039997
Nigeria,NGA,2016,60.9
Nigeria,NGA,2017,61.89
Nigeria,NGA,2018,60.86
Nigeria,NGA,2019,59.67
Nigeria,NGA,2020,58.47
Nigeria,NGA,2021,58.920002
Nigeria,NGA,2022,58.4
Nigeria,NGA,2023,57.03
North America,OWID_NAM,1961,87.38425
North America,OWID_NAM,1962,86.60488
North America,OWID_NAM,1963,87.48303
North America,OWID_NAM,1964,88.60787
North America,OWID_NAM,1965,87.912964
North America,OWID_NAM,1966,89.031815
North America,OWID_NAM,1967,89.44305
North America,OWID_NAM,1968,90.04544
North America,OWID_NAM,1969,89.558945
North America,OWID_NAM,1970,88.81426
North America,OWID_NAM,1971,89.26044
North America,OWID_NAM,1972,88.75561
North America,OWID_NAM,1973,87.78546
North America,OWID_NAM,1974,87.84583
North America,OWID_NAM,1975,87.86444
North America,OWID_NAM,1976,90.43022
North America,OWID_NAM,1977,89.41574
North America,OWID_NAM,1978,89.60813
North America,OWID_NAM,1979,90.02423
North America,OWID_NAM,1980,90.762375
North America,OWID_NAM,1981,93.1404
North America,OWID_NAM,1982,91.50944
North America,OWID_NAM,1983,91.8037
North America,OWID_NAM,1984,91.60771
North America,OWID_NAM,1985,94.64398
North America,OWID_NAM,1986,93.942535
North America,OWID_NAM,1987,95.2793
North America,OWID_NAM,1988,95.18419
North America,OWID_NAM,1989,94.29492
North America,OWID_NAM,1990,95.00208
North America,OWID_NAM,1991,95.93818
North America,OWID_NAM,1992,96.0086
North America,OWID_NAM,1993,96.15602
North America,OWID_NAM,1994,98.183556
North America,OWID_NAM,1995,97.038475
North America,OWID_NAM,1996,97.214355
North America,OWID_NAM,1997,98.173904
North America,OWID_NAM,1998,99.23232
North America,OWID_NAM,1999,101.16595
North America,OWID_NAM,2000,101.506454
North America,OWID_NAM,2001,101.069595
North America,OWID_NAM,2002,102.1362
North America,OWID_NAM,2003,101.97868
North America,OWID_NAM,2004,102.43437
North America,OWID_NAM,2005,102.10147
North America,OWID_NAM,2006,102.23193
North America,OWID_NAM,2007,102.61678
North America,OWID_NAM,2008,101.433
North America,OWID_NAM,2009,99.80242
North America,OWID_NAM,2010,105.429405
North America,OWID_NAM,2011,104.06794
North America,OWID_NAM,2012,104.615166
North America,OWID_NAM,2013,104.73498
North America,OWID_NAM,2014,104.41934
North America,OWID_NAM,2015,104.96459
North America,OWID_NAM,2016,106.343636
North America,OWID_NAM,2017,107.052605
North America,OWID_NAM,2018,108.56838
North America,OWID_NAM,2019,109.48206
North America,OWID_NAM,2020,111.08018
North America,OWID_NAM,2021,109.268074
North America,OWID_NAM,2022,110.79387
North America,OWID_NAM,2023,110.99262
North Korea,PRK,1961,59.785908
North Korea,PRK,1962,59.994675
North Korea,PRK,1963,62.441628
North Korea,PRK,1964,64.088585
North Korea,PRK,1965,62.23039
North Korea,PRK,1966,63.229465
North Korea,PRK,1967,60.68062
North Korea,PRK,1968,60.345078
North Korea,PRK,1969,62.353397
North Korea,PRK,1970,61.086456
North Korea,PRK,1971,62.234814
North Korea,PRK,1972,63.52653
North Korea,PRK,1973,64.79631
North Korea,PRK,1974,64.85227
North Korea,PRK,1975,68.05922
North Korea,PRK,1976,71.408455
North Korea,PRK,1977,70.03356
North Korea,PRK,1978,71.09095
North Korea,PRK,1979,72.90155
North Korea,PRK,1980,69.157326
North Korea,PRK,1981,71.611015
North Korea,PRK,1982,66.24295
North Korea,PRK,1983,65.754196
North Korea,PRK,1984,66.85687
North Korea,PRK,1985,68.23876
North Korea,PRK,1986,70.805305
North Korea,PRK,1987,71.38611
North Korea,PRK,1988,70.196556
North Korea,PRK,1989,72.41983
North Korea,PRK,1990,72.427055
North Korea,PRK,1991,71.18179
North Korea,PRK,1992,65.19386
North Korea,PRK,1993,63.98698
North Korea,PRK,1994,62.23874
North Korea,PRK,1995,56.912632
North Korea,PRK,1996,56.21627
North Korea,PRK,1997,56.577286
North Korea,PRK,1998,55.29513
North Korea,PRK,1999,55.396675
North Korea,PRK,2000,59.015945
North Korea,PRK,2001,56.960766
North Korea,PRK,2002,60.30466
North Korea,PRK,2003,57.838
North Korea,PRK,2004,58.739464
North Korea,PRK,2005,57.774487
North Korea,PRK,2006,56.56154
North Korea,PRK,2007,55.90109
North Korea,PRK,2008,55.52759
North Korea,PRK,2009,55.232525
North Korea,PRK,2010,59.31001
North Korea,PRK,2011,60.399982
North Korea,PRK,2012,60.409985
North Korea,PRK,2013,58.939983
North Korea,PRK,2014,59.309994
North Korea,PRK,2015,58.639988
North Korea,PRK,2016,57.98001
North Korea,PRK,2017,58.420002
North Korea,PRK,2018,56.93999
North Macedonia,MKD,1992,67.33492
North Macedonia,MKD,1993,65.951775
North Macedonia,MKD,1994,73.83247
North Macedonia,MKD,1995,69.98809
North Macedonia,MKD,1996,67.31015
North Macedonia,MKD,1997,70.54429
North Macedonia,MKD,1998,71.50703
North Macedonia,MKD,1999,71.70336
North Macedonia,MKD,2000,70.7688
North Macedonia,MKD,2001,68.06715
North Macedonia,MKD,2002,75.02257
North Macedonia,MKD,2003,71.53567
North Macedonia,MKD,2004,75.27904
North Macedonia,MKD,2005,72.41662
North Macedonia,MKD,2006,73.28687
North Macedonia,MKD,2007,79.09684
North Macedonia,MKD,2008,77.30725
North Macedonia,MKD,2009,80.73236
North Macedonia,MKD,2010,83.71
North Macedonia,MKD,2011,83.270195
North Macedonia,MKD,2012,84.92008
North Macedonia,MKD,2013,86.59
North Macedonia,MKD,2014,87.91947
North Macedonia,MKD,2015,91.11018
North Macedonia,MKD,2016,92.05962
North Macedonia,MKD,2017,94.15015
North Macedonia,MKD,2018,96.81
North Macedonia,MKD,2019,100.839836
North Macedonia,MKD,2020,104.26994
North Macedonia,MKD,2021,104.400055
North Macedonia,MKD,2022,103.849655
North Macedonia,MKD,2023,103.11
Northern Africa (FAO),,1961,53.48
Northern Africa (FAO),,1962,55.58
Northern Africa (FAO),,1963,54.62
Northern Africa (FAO),,1964,56.41
Northern Africa (FAO),,1965,55.68
Northern Africa (FAO),,1966,56.03
Northern Africa (FAO),,1967,55.57
Northern Africa (FAO),,1968,57.06
Northern Africa (FAO),,1969,57.65
Northern Africa (FAO),,1970,57.36
Northern Africa (FAO),,1971,57.71
Northern Africa (FAO),,1972,59.38
Northern Africa (FAO),,1973,59.4
Northern Africa (FAO),,1974,60.76
Northern Africa (FAO),,1975,61.61
Northern Africa (FAO),,1976,62.59
Northern Africa (FAO),,1977,63.49
Northern Africa (FAO),,1978,66.02
Northern Africa (FAO),,1979,67.19
Northern Africa (FAO),,1980,68.91
Northern Africa (FAO),,1981,70.64
Northern Africa (FAO),,1982,71.01
Northern Africa (FAO),,1983,72.57
Northern Africa (FAO),,1984,71.56
Northern Africa (FAO),,1985,74.28
Northern Africa (FAO),,1986,75
Northern Africa (FAO),,1987,76.31
Northern Africa (FAO),,1988,77.24
Northern Africa (FAO),,1989,76.63
Northern Africa (FAO),,1990,78.26
Northern Africa (FAO),,1991,78.82
Northern Africa (FAO),,1992,78.24
Northern Africa (FAO),,1993,78.89
Northern Africa (FAO),,1994,80.79
Northern Africa (FAO),,1995,80.98
Northern Africa (FAO),,1996,82.42
Northern Africa (FAO),,1997,82.56
Northern Africa (FAO),,1998,83.79
Northern Africa (FAO),,1999,84.3
Northern Africa (FAO),,2000,84.03
Northern Africa (FAO),,2001,85.34
Northern Africa (FAO),,2002,86.71
Northern Africa (FAO),,2003,87.54
Northern Africa (FAO),,2004,86.72
Northern Africa (FAO),,2005,87.72
Northern Africa (FAO),,2006,89.41
Northern Africa (FAO),,2007,89.67
Northern Africa (FAO),,2008,89.81
Northern Africa (FAO),,2009,90.13
Northern Africa (FAO),,2010,93.37
Northern Africa (FAO),,2011,92.92
Northern Africa (FAO),,2012,90.76
Northern Africa (FAO),,2013,90.71
Northern Africa (FAO),,2014,91.24
Northern Africa (FAO),,2015,91.1
Northern Africa (FAO),,2016,89.74
Northern Africa (FAO),,2017,89.99
Northern Africa (FAO),,2018,90.74
Northern Africa (FAO),,2019,90.2
Northern Africa (FAO),,2020,89.47
Northern Africa (FAO),,2021,89.66
Northern Africa (FAO),,2022,89.15
Northern Africa (FAO),,2023,86.71
Northern America (FAO),,1961,94.85
Northern America (FAO),,1962,94.21
Northern America (FAO),,1963,95.33
Northern America (FAO),,1964,96.8
Northern America (FAO),,1965,96.36
Northern America (FAO),,1966,97.86
Northern America (FAO),,1967,98.28
Northern America (FAO),,1968,99.21
Northern America (FAO),,1969,98.8
Northern America (FAO),,1970,97.95
Northern America (FAO),,1971,98.79
Northern America (FAO),,1972,98.38
Northern America (FAO),,1973,97.14
Northern America (FAO),,1974,97.03
Northern America (FAO),,1975,97.11
Northern America (FAO),,1976,100.83
Northern America (FAO),,1977,99.08
Northern America (FAO),,1978,98.91
Northern America (FAO),,1979,99.64
Northern America (FAO),,1980,97.78
Northern America (FAO),,1981,99.91
Northern America (FAO),,1982,98.88
Northern America (FAO),,1983,99.77
Northern America (FAO),,1984,100.83
Northern America (FAO),,1985,104.16
Northern America (FAO),,1986,103.64
Northern America (FAO),,1987,106.34
Northern America (FAO),,1988,105.96
Northern America (FAO),,1989,105.8
Northern America (FAO),,1990,106.7
Northern America (FAO),,1991,108.17
Northern America (FAO),,1992,108.61
Northern America (FAO),,1993,109.01
Northern America (FAO),,1994,111.8
Northern America (FAO),,1995,110.32
Northern America (FAO),,1996,110.41
Northern America (FAO),,1997,111.12
Northern America (FAO),,1998,111.96
Northern America (FAO),,1999,114.04
Northern America (FAO),,2000,113.48
Northern America (FAO),,2001,112.02
Northern America (FAO),,2002,113.47
Northern America (FAO),,2003,113.52
Northern America (FAO),,2004,114.43
Northern America (FAO),,2005,113.81
Northern America (FAO),,2006,113.5
Northern America (FAO),,2007,113.82
Northern America (FAO),,2008,112.08
Northern America (FAO),,2009,110.13
Northern America (FAO),,2010,118.22
Northern America (FAO),,2011,116.18
Northern America (FAO),,2012,116.94
Northern America (FAO),,2013,116.64
Northern America (FAO),,2014,115.81
Northern America (FAO),,2015,116.48
Northern America (FAO),,2016,117.86
Northern America (FAO),,2017,118.65
Northern America (FAO),,2018,120.3
Northern America (FAO),,2019,121.38
Northern America (FAO),,2020,123.49
Northern America (FAO),,2021,120.3
Northern America (FAO),,2022,122.28
Northern America (FAO),,2023,122.06
Northern Europe (FAO),,1961,90.7
Northern Europe (FAO),,1962,91.35
Northern Europe (FAO),,1963,91.21
Northern Europe (FAO),,1964,91.6
Northern Europe (FAO),,1965,90.88
Northern Europe (FAO),,1966,90.55
Northern Europe (FAO),,1967,90.15
Northern Europe (FAO),,1968,90.32
Northern Europe (FAO),,1969,90.73
Northern Europe (FAO),,1970,91.53
Northern Europe (FAO),,1971,90.73
Northern Europe (FAO),,1972,90.28
Northern Europe (FAO),,1973,89.62
Northern Europe (FAO),,1974,89.99
Northern Europe (FAO),,1975,90.25
Northern Europe (FAO),,1976,90.52
Northern Europe (FAO),,1977,91.11
Northern Europe (FAO),,1978,90.22
Northern Europe (FAO),,1979,91.85
Northern Europe (FAO),,1980,90.89
Northern Europe (FAO),,1981,90.58
Northern Europe (FAO),,1982,90.68
Northern Europe (FAO),,1983,90.01
Northern Europe (FAO),,1984,92.13
Northern Europe (FAO),,1985,94.35
Northern Europe (FAO),,1986,94.92
Northern Europe (FAO),,1987,94.97
Northern Europe (FAO),,1988,96.26
Northern Europe (FAO),,1989,95.01
Northern Europe (FAO),,1990,95.97
Northern Europe (FAO),,1991,95.14
Northern Europe (FAO),,1992,96.61
Northern Europe (FAO),,1993,95.85
Northern Europe (FAO),,1994,96.31
Northern Europe (FAO),,1995,95.43
Northern Europe (FAO),,1996,97.15
Northern Europe (FAO),,1997,98.65
Northern Europe (FAO),,1998,100.05
Northern Europe (FAO),,1999,100.3
Northern Europe (FAO),,2000,99.89
Northern Europe (FAO),,2001,101.96
Northern Europe (FAO),,2002,103.22
Northern Europe (FAO),,2003,103.92
Northern Europe (FAO),,2004,104.47
Northern Europe (FAO),,2005,105.38
Northern Europe (FAO),,2006,105.77
Northern Europe (FAO),,2007,106.29
Northern Europe (FAO),,2008,105.76
Northern Europe (FAO),,2009,104.67
Northern Europe (FAO),,2010,109.69
Northern Europe (FAO),,2011,109.98
Northern Europe (FAO),,2012,110.12
Northern Europe (FAO),,2013,110.64
Northern Europe (FAO),,2014,110.9
Northern Europe (FAO),,2015,112.93
Northern Europe (FAO),,2016,113.59
Northern Europe (FAO),,2017,113.79
Northern Europe (FAO),,2018,114
Northern Europe (FAO),,2019,112.82
Northern Europe (FAO),,2020,114.92
Northern Europe (FAO),,2021,113.77
Northern Europe (FAO),,2022,113.94
Northern Europe (FAO),,2023,114.66
Norway,NOR,1961,87.08229
Norway,NOR,1962,88.32386
Norway,NOR,1963,85.23169
Norway,NOR,1964,86.52595
Norway,NOR,1965,87.05933
Norway,NOR,1966,87.74833
Norway,NOR,1967,85.540085
Norway,NOR,1968,87.53501
Norway,NOR,1969,88.23009
Norway,NOR,1970,87.47465
Norway,NOR,1971,85.64926
Norway,NOR,1972,87.95194
Norway,NOR,1973,90.016426
Norway,NOR,1974,90.17096
Norway,NOR,1975,92.118546
Norway,NOR,1976,93.951546
Norway,NOR,1977,94.63053
Norway,NOR,1978,97.9056
Norway,NOR,1979,99.9986
Norway,NOR,1980,103.863785
Norway,NOR,1981,103.13226
Norway,NOR,1982,98.71798
Norway,NOR,1983,98.10161
Norway,NOR,1984,98.807304
Norway,NOR,1985,100.06388
Norway,NOR,1986,100.57146
Norway,NOR,1987,102.38752
Norway,NOR,1988,96.79176
Norway,NOR,1989,98.9379
Norway,NOR,1990,97.31695
Norway,NOR,1991,97.71876
Norway,NOR,1992,97.86418
Norway,NOR,1993,98.637344
Norway,NOR,1994,102.01193
Norway,NOR,1995,100.2632
Norway,NOR,1996,105.02645
Norway,NOR,1997,103.91867
Norway,NOR,1998,105.67688
Norway,NOR,1999,105.409386
Norway,NOR,2000,105.13659
Norway,NOR,2001,105.58157
Norway,NOR,2002,105.58636
Norway,NOR,2003,103.62397
Norway,NOR,2004,104.41491
Norway,NOR,2005,105.41006
Norway,NOR,2006,105.191795
Norway,NOR,2007,107.40261
Norway,NOR,2008,110.07815
Norway,NOR,2009,109.8375
Norway,NOR,2010,132.92
Norway,NOR,2011,131.51003
Norway,NOR,2012,130.51018
Norway,NOR,2013,129.00984
Norway,NOR,2014,124.54007
Norway,NOR,2015,125.549835
Norway,NOR,2016,124.19015
Norway,NOR,2017,126.499825
Norway,NOR,2018,129.58997
Norway,NOR,2019,130.33992
Norway,NOR,2020,129.73988
Norway,NOR,2021,128.41019
Norway,NOR,2022,126.15009
Norway,NOR,2023,125.450066
Oceania,OWID_OCE,1961,99.58045
Oceania,OWID_OCE,1962,102.28334
Oceania,OWID_OCE,1963,103.210144
Oceania,OWID_OCE,1964,103.84358
Oceania,OWID_OCE,1965,101.603386
Oceania,OWID_OCE,1966,105.0252
Oceania,OWID_OCE,1967,100.90861
Oceania,OWID_OCE,1968,103.04042
Oceania,OWID_OCE,1969,103.85461
Oceania,OWID_OCE,1970,102.26026
Oceania,OWID_OCE,1971,104.18657
Oceania,OWID_OCE,1972,104.767845
Oceania,OWID_OCE,1973,102.11123
Oceania,OWID_OCE,1974,97.51214
Oceania,OWID_OCE,1975,107.63874
Oceania,OWID_OCE,1976,109.18359
Oceania,OWID_OCE,1977,105.110214
Oceania,OWID_OCE,1978,106.38831
Oceania,OWID_OCE,1979,100.273766
Oceania,OWID_OCE,1980,99.326195
Oceania,OWID_OCE,1981,98.72069
Oceania,OWID_OCE,1982,102.09021
Oceania,OWID_OCE,1983,98.2094
Oceania,OWID_OCE,1984,101.13081
Oceania,OWID_OCE,1985,102.3468
Oceania,OWID_OCE,1986,102.089966
Oceania,OWID_OCE,1987,103.31238
Oceania,OWID_OCE,1988,102.77287
Oceania,OWID_OCE,1989,101.7314
Oceania,OWID_OCE,1990,104.67689
Oceania,OWID_OCE,1991,101.388275
Oceania,OWID_OCE,1992,99.18078
Oceania,OWID_OCE,1993,99.39391
Oceania,OWID_OCE,1994,100.501205
Oceania,OWID_OCE,1995,104.03815
Oceania,OWID_OCE,1996,101.22365
Oceania,OWID_OCE,1997,100.001595
Oceania,OWID_OCE,1998,97.63993
Oceania,OWID_OCE,1999,97.52558
Oceania,OWID_OCE,2000,96.854
Oceania,OWID_OCE,2001,96.93797
Oceania,OWID_OCE,2002,100.05591
Oceania,OWID_OCE,2003,103.93094
Oceania,OWID_OCE,2004,98.0912
Oceania,OWID_OCE,2005,100.77922
Oceania,OWID_OCE,2006,100.998764
Oceania,OWID_OCE,2007,104.0376
Oceania,OWID_OCE,2008,102.532364
Oceania,OWID_OCE,2009,99.68718
Oceania,OWID_OCE,2010,104.45043
Oceania,OWID_OCE,2011,105.029945
Oceania,OWID_OCE,2012,104.0302
Oceania,OWID_OCE,2013,103.66762
Oceania,OWID_OCE,2014,103.1537
Oceania,OWID_OCE,2015,102.859795
Oceania,OWID_OCE,2016,103.83923
Oceania,OWID_OCE,2017,101.38706
Oceania,OWID_OCE,2018,102.48293
Oceania,OWID_OCE,2019,103.87911
Oceania,OWID_OCE,2020,104.281235
Oceania,OWID_OCE,2021,100.49311
Oceania,OWID_OCE,2022,101.89514
Oceania,OWID_OCE,2023,104.88115
Oceania (FAO),,1961,100.07
Oceania (FAO),,1962,102.84
Oceania (FAO),,1963,103.77
Oceania (FAO),,1964,104.34
Oceania (FAO),,1965,101.93
Oceania (FAO),,1966,105.02
Oceania (FAO),,1967,100.29
Oceania (FAO),,1968,101.68
Oceania (FAO),,1969,102.01
Oceania (FAO),,1970,100.71
Oceania (FAO),,1971,103.51
Oceania (FAO),,1972,104.59
Oceania (FAO),,1973,102.08
Oceania (FAO),,1974,97.67
Oceania (FAO),,1975,107.92
Oceania (FAO),,1976,109.44
Oceania (FAO),,1977,105.36
Oceania (FAO),,1978,106.68
Oceania (FAO),,1979,100.52
Oceania (FAO),,1980,99.6
Oceania (FAO),,1981,99.17
Oceania (FAO),,1982,102.75
Oceania (FAO),,1983,98.89
Oceania (FAO),,1984,101.73
Oceania (FAO),,1985,102.8
Oceania (FAO),,1986,102.43
Oceania (FAO),,1987,103.61
Oceania (FAO),,1988,103.08
Oceania (FAO),,1989,102.09
Oceania (FAO),,1990,105.23
Oceania (FAO),,1991,102.09
Oceania (FAO),,1992,99.78
Oceania (FAO),,1993,99.79
Oceania (FAO),,1994,100.73
Oceania (FAO),,1995,104.25
Oceania (FAO),,1996,101.44
Oceania (FAO),,1997,100.17
Oceania (FAO),,1998,97.7
Oceania (FAO),,1999,97.47
Oceania (FAO),,2000,96.7
Oceania (FAO),,2001,96.77
Oceania (FAO),,2002,99.93
Oceania (FAO),,2003,103.82
Oceania (FAO),,2004,97.87
Oceania (FAO),,2005,100.36
Oceania (FAO),,2006,100.38
Oceania (FAO),,2007,103.32
Oceania (FAO),,2008,101.85
Oceania (FAO),,2009,99.07
Oceania (FAO),,2010,104.45
Oceania (FAO),,2011,105.03
Oceania (FAO),,2012,104.03
Oceania (FAO),,2013,103.67
Oceania (FAO),,2014,103.15
Oceania (FAO),,2015,102.86
Oceania (FAO),,2016,103.84
Oceania (FAO),,2017,101.38
Oceania (FAO),,2018,102.48
Oceania (FAO),,2019,103.87
Oceania (FAO),,2020,104.28
Oceania (FAO),,2021,100.49
Oceania (FAO),,2022,101.89
Oceania (FAO),,2023,104.88
Oman,OMN,1990,66.97368
Oman,OMN,1991,65.12828
Oman,OMN,1992,68.65948
Oman,OMN,1993,66.94108
Oman,OMN,1994,68.4009
Oman,OMN,1995,67.59112
Oman,OMN,1996,67.90526
Oman,OMN,1997,68.76819
Oman,OMN,1998,72.656715
Oman,OMN,1999,77.74393
Oman,OMN,2000,69.149284
Oman,OMN,2001,76.225266
Oman,OMN,2002,76.3657
Oman,OMN,2003,79.67036
Oman,OMN,2004,76.9788
Oman,OMN,2005,76.21955
Oman,OMN,2006,76.829
Oman,OMN,2007,80.55451
Oman,OMN,2008,84.924805
Oman,OMN,2009,86.416954
Oman,OMN,2010,98.22
Oman,OMN,2011,94.54994
Oman,OMN,2012,91.51016
Oman,OMN,2013,93.47988
Oman,OMN,2014,94.1199
Oman,OMN,2015,93.750046
Oman,OMN,2016,91.15
Oman,OMN,2017,93.81006
Oman,OMN,2018,91.29004
Oman,OMN,2019,90.989845
Oman,OMN,2020,92.92996
Oman,OMN,2021,94.21981
Oman,OMN,2022,92.760025
Oman,OMN,2023,85.620056
Pakistan,PAK,1961,54.14315
Pakistan,PAK,1962,54.407932
Pakistan,PAK,1963,53.927975
Pakistan,PAK,1964,57.78601
Pakistan,PAK,1965,59.310455
Pakistan,PAK,1966,55.39635
Pakistan,PAK,1967,55.61525
Pakistan,PAK,1968,53.626606
Pakistan,PAK,1969,59.713245
Pakistan,PAK,1970,59.472904
Pakistan,PAK,1971,57.734512
Pakistan,PAK,1972,59.706306
Pakistan,PAK,1973,59.65115
Pakistan,PAK,1974,59.624954
Pakistan,PAK,1975,56.781784
Pakistan,PAK,1976,57.64157
Pakistan,PAK,1977,56.354317
Pakistan,PAK,1978,58.349003
Pakistan,PAK,1979,56.417618
Pakistan,PAK,1980,52.816593
Pakistan,PAK,1981,51.4128
Pakistan,PAK,1982,52.731815
Pakistan,PAK,1983,52.746063
Pakistan,PAK,1984,53.58083
Pakistan,PAK,1985,53.002827
Pakistan,PAK,1986,52.670418
Pakistan,PAK,1987,53.12893
Pakistan,PAK,1988,51.17341
Pakistan,PAK,1989,57.60206
Pakistan,PAK,1990,56.752674
Pakistan,PAK,1991,53.812847
Pakistan,PAK,1992,55.490356
Pakistan,PAK,1993,56.312584
Pakistan,PAK,1994,58.086555
Pakistan,PAK,1995,57.05567
Pakistan,PAK,1996,58.24611
Pakistan,PAK,1997,58.085327
Pakistan,PAK,1998,57.533436
Pakistan,PAK,1999,57.85086
Pakistan,PAK,2000,57.2991
Pakistan,PAK,2001,54.65959
Pakistan,PAK,2002,53.385315
Pakistan,PAK,2003,54.45192
Pakistan,PAK,2004,53.56906
Pakistan,PAK,2005,53.859516
Pakistan,PAK,2006,54.222576
Pakistan,PAK,2007,55.550972
Pakistan,PAK,2008,54.879353
Pakistan,PAK,2009,55.777267
Pakistan,PAK,2010,66.87
Pakistan,PAK,2011,65.29
Pakistan,PAK,2012,65.17
Pakistan,PAK,2013,67.16
Pakistan,PAK,2014,65
Pakistan,PAK,2015,67.78
Pakistan,PAK,2016,66.61
Pakistan,PAK,2017,69.95
Pakistan,PAK,2018,68.82
Pakistan,PAK,2019,70.94
Pakistan,PAK,2020,72.21
Pakistan,PAK,2021,74.02
Pakistan,PAK,2022,72.8
Pakistan,PAK,2023,73.39
Panama,PAN,1961,53.4019
Panama,PAN,1962,52.878674
Panama,PAN,1963,55.081417
Panama,PAN,1964,54.091618
Panama,PAN,1965,52.3835
Panama,PAN,1966,56.208836
Panama,PAN,1967,56.045433
Panama,PAN,1968,56.060646
Panama,PAN,1969,59.06285
Panama,PAN,1970,57.255093
Panama,PAN,1971,59.79015
Panama,PAN,1972,54.495564
Panama,PAN,1973,56.03375
Panama,PAN,1974,60.64746
Panama,PAN,1975,62.580917
Panama,PAN,1976,57.498035
Panama,PAN,1977,62.393017
Panama,PAN,1978,56.505272
Panama,PAN,1979,55.37817
Panama,PAN,1980,56.420216
Panama,PAN,1981,57.78196
Panama,PAN,1982,60.386196
Panama,PAN,1983,61.547054
Panama,PAN,1984,60.632225
Panama,PAN,1985,64.151596
Panama,PAN,1986,65.701385
Panama,PAN,1987,60.433563
Panama,PAN,1988,56.20424
Panama,PAN,1989,58.306587
Panama,PAN,1990,58.286182
Panama,PAN,1991,60.01632
Panama,PAN,1992,63.7642
Panama,PAN,1993,63.21829
Panama,PAN,1994,62.609127
Panama,PAN,1995,61.007957
Panama,PAN,1996,62.694424
Panama,PAN,1997,61.243767
Panama,PAN,1998,66.17174
Panama,PAN,1999,61.8818
Panama,PAN,2000,63.33513
Panama,PAN,2001,67.3643
Panama,PAN,2002,67.85896
Panama,PAN,2003,68.40028
Panama,PAN,2004,64.81734
Panama,PAN,2005,68.863815
Panama,PAN,2006,69.402466
Panama,PAN,2007,73.44578
Panama,PAN,2008,74.40639
Panama,PAN,2009,74.016556
Panama,PAN,2010,78.36985
Panama,PAN,2011,81.2898
Panama,PAN,2012,83.199974
Panama,PAN,2013,82.93994
Panama,PAN,2014,84.41
Panama,PAN,2015,83.89992
Panama,PAN,2016,85.43011
Panama,PAN,2017,85.57012
Panama,PAN,2018,98.22
Panama,PAN,2019,95.900055
Panama,PAN,2020,95.80004
Panama,PAN,2021,95.39978
Panama,PAN,2022,94.4099
Panama,PAN,2023,93.54004
Papua New Guinea,PNG,2010,64.67997
Papua New Guinea,PNG,2011,65.54001
Papua New Guinea,PNG,2012,64.94995
Papua New Guinea,PNG,2013,64.59
Papua New Guinea,PNG,2014,66.46
Papua New Guinea,PNG,2015,65.84002
Papua New Guinea,PNG,2016,66.400024
Papua New Guinea,PNG,2017,66.24995
Papua New Guinea,PNG,2018,65.46994
Papua New Guinea,PNG,2019,64.04997
Papua New Guinea,PNG,2020,62.900047
Papua New Guinea,PNG,2021,61.140015
Papua New Guinea,PNG,2022,61.92996
Papua New Guinea,PNG,2023,62.19001
Paraguay,PRY,1961,68.5513
Paraguay,PRY,1962,66.70596
Paraguay,PRY,1963,64.60807
Paraguay,PRY,1964,65.79524
Paraguay,PRY,1965,68.26558
Paraguay,PRY,1966,69.886024
Paraguay,PRY,1967,69.785255
Paraguay,PRY,1968,72.20436
Paraguay,PRY,1969,71.15604
Paraguay,PRY,1970,72.728004
Paraguay,PRY,1971,72.753845
Paraguay,PRY,1972,71.3229
Paraguay,PRY,1973,69.13952
Paraguay,PRY,1974,71.10345
Paraguay,PRY,1975,67.89361
Paraguay,PRY,1976,71.88843
Paraguay,PRY,1977,76.70014
Paraguay,PRY,1978,77.258995
Paraguay,PRY,1979,76.54149
Paraguay,PRY,1980,76.17068
Paraguay,PRY,1981,75.85759
Paraguay,PRY,1982,76.41225
Paraguay,PRY,1983,75.8372
Paraguay,PRY,1984,75.15577
Paraguay,PRY,1985,73.78082
Paraguay,PRY,1986,70.469444
Paraguay,PRY,1987,72.70413
Paraguay,PRY,1988,73.80865
Paraguay,PRY,1989,73.95358
Paraguay,PRY,1990,70.01978
Paraguay,PRY,1991,73.831436
Paraguay,PRY,1992,77.51919
Paraguay,PRY,1993,77.209175
Paraguay,PRY,1994,79.69664
Paraguay,PRY,1995,80.326866
Paraguay,PRY,1996,80.22603
Paraguay,PRY,1997,84.29397
Paraguay,PRY,1998,80.57718
Paraguay,PRY,1999,82.10117
Paraguay,PRY,2000,76.491875
Paraguay,PRY,2001,79.19344
Paraguay,PRY,2002,86.159195
Paraguay,PRY,2003,81.42536
Paraguay,PRY,2004,77.30192
Paraguay,PRY,2005,75.29413
Paraguay,PRY,2006,77.17134
Paraguay,PRY,2007,75.48025
Paraguay,PRY,2008,72.06267
Paraguay,PRY,2009,72.16312
Paraguay,PRY,2010,66.23997
Paraguay,PRY,2011,70.10998
Paraguay,PRY,2012,65.539986
Paraguay,PRY,2013,71.709915
Paraguay,PRY,2014,70.829895
Paraguay,PRY,2015,67.80993
Paraguay,PRY,2016,68.48001
Paraguay,PRY,2017,74.120026
Paraguay,PRY,2018,73.67998
Paraguay,PRY,2019,74.72002
Paraguay,PRY,2020,77.369995
Paraguay,PRY,2021,75.33995
Paraguay,PRY,2022,71.63
Paraguay,PRY,2023,66.47
Peru,PER,1961,53.552406
Peru,PER,1962,53.547436
Peru,PER,1963,49.78045
Peru,PER,1964,53.721
Peru,PER,1965,50.957657
Peru,PER,1966,51.03793
Peru,PER,1967,52.819603
Peru,PER,1968,50.276535
Peru,PER,1969,56.121437
Peru,PER,1970,53.586338
Peru,PER,1971,55.04841
Peru,PER,1972,53.910393
Peru,PER,1973,54.27162
Peru,PER,1974,53.419277
Peru,PER,1975,55.784775
Peru,PER,1976,53.27288
Peru,PER,1977,53.834682
Peru,PER,1978,49.444454
Peru,PER,1979,51.747818
Peru,PER,1980,52.383404
Peru,PER,1981,53.86055
Peru,PER,1982,55.07141
Peru,PER,1983,50.97237
Peru,PER,1984,49.407337
Peru,PER,1985,49.36846
Peru,PER,1986,57.296543
Peru,PER,1987,55.46008
Peru,PER,1988,54.860382
Peru,PER,1989,53.22441
Peru,PER,1990,51.535347
Peru,PER,1991,53.14218
Peru,PER,1992,53.34209
Peru,PER,1993,55.324757
Peru,PER,1994,58.76397
Peru,PER,1995,60.22867
Peru,PER,1996,61.633926
Peru,PER,1997,63.63716
Peru,PER,1998,59.69231
Peru,PER,1999,59.600723
Peru,PER,2000,63.47918
Peru,PER,2001,62.613007
Peru,PER,2002,61.68188
Peru,PER,2003,62.233433
Peru,PER,2004,61.710728
Peru,PER,2005,65.23019
Peru,PER,2006,67.0579
Peru,PER,2007,68.97643
Peru,PER,2008,69.55394
Peru,PER,2009,71.46183
Peru,PER,2010,74.2
Peru,PER,2011,75.41002
Peru,PER,2012,78.560005
Peru,PER,2013,79.49003
Peru,PER,2014,82.13001
Peru,PER,2015,83.23001
Peru,PER,2016,82.98998
Peru,PER,2017,84.060005
Peru,PER,2018,86.47997
Peru,PER,2019,88.63
Peru,PER,2020,90.29
Peru,PER,2021,89.579994
Peru,PER,2022,90.34001
Peru,PER,2023,88.55002
Philippines,PHL,1961,39.075687
Philippines,PHL,1962,37.863815
Philippines,PHL,1963,39.095085
Philippines,PHL,1964,39.59831
Philippines,PHL,1965,41.23587
Philippines,PHL,1966,40.571754
Philippines,PHL,1967,41.111523
Philippines,PHL,1968,42.987923
Philippines,PHL,1969,42.568356
Philippines,PHL,1970,42.226868
Philippines,PHL,1971,43.23468
Philippines,PHL,1972,45.116364
Philippines,PHL,1973,44.001366
Philippines,PHL,1974,46.641247
Philippines,PHL,1975,47.207104
Philippines,PHL,1976,45.458332
Philippines,PHL,1977,46.438335
Philippines,PHL,1978,46.20169
Philippines,PHL,1979,47.11292
Philippines,PHL,1980,48.755756
Philippines,PHL,1981,48.97115
Philippines,PHL,1982,49.904335
Philippines,PHL,1983,47.26869
Philippines,PHL,1984,47.02124
Philippines,PHL,1985,45.191296
Philippines,PHL,1986,46.968914
Philippines,PHL,1987,46.310734
Philippines,PHL,1988,47.72303
Philippines,PHL,1989,49.43019
Philippines,PHL,1990,49.90048
Philippines,PHL,1991,50.479305
Philippines,PHL,1992,50.68545
Philippines,PHL,1993,49.515457
Philippines,PHL,1994,51.881775
Philippines,PHL,1995,51.78129
Philippines,PHL,1996,51.44354
Philippines,PHL,1997,52.28972
Philippines,PHL,1998,51.31565
Philippines,PHL,1999,51.98338
Philippines,PHL,2000,52.612926
Philippines,PHL,2001,53.34495
Philippines,PHL,2002,53.521763
Philippines,PHL,2003,53.60971
Philippines,PHL,2004,54.94862
Philippines,PHL,2005,55.55902
Philippines,PHL,2006,57.02198
Philippines,PHL,2007,58.258434
Philippines,PHL,2008,58.025185
Philippines,PHL,2009,59.210155
Philippines,PHL,2010,67.08001
Philippines,PHL,2011,66.46
Philippines,PHL,2012,66.05
Philippines,PHL,2013,65.810005
Philippines,PHL,2014,67.84
Philippines,PHL,2015,68.44
Philippines,PHL,2016,69.91
Philippines,PHL,2017,71.67
Philippines,PHL,2018,72.81
Philippines,PHL,2019,75.9
Philippines,PHL,2020,75.979996
Philippines,PHL,2021,75.79001
Philippines,PHL,2022,78.11
Philippines,PHL,2023,77.49
Poland,POL,1961,96.723816
Poland,POL,1962,96.97475
Poland,POL,1963,98.09963
Poland,POL,1964,99.054955
Poland,POL,1965,101.2644
Poland,POL,1966,102.212204
Poland,POL,1967,101.166954
Poland,POL,1968,100.48318
Poland,POL,1969,101.04659
Poland,POL,1970,102.63105
Poland,POL,1971,104.574745
Poland,POL,1972,106.34649
Poland,POL,1973,107.73888
Poland,POL,1974,108.63731
Poland,POL,1975,111.9634
Poland,POL,1976,112.73355
Poland,POL,1977,111.724144
Poland,POL,1978,113.04306
Poland,POL,1979,112.28101
Poland,POL,1980,112.6438
Poland,POL,1981,107.476036
Poland,POL,1982,98.72484
Poland,POL,1983,100.11374
Poland,POL,1984,98.17791
Poland,POL,1985,101.46901
Poland,POL,1986,104.99976
Poland,POL,1987,104.52875
Poland,POL,1988,105.87599
Poland,POL,1989,104.877975
Poland,POL,1990,101.22087
Poland,POL,1991,102.66388
Poland,POL,1992,102.422134
Poland,POL,1993,101.08559
Poland,POL,1994,97.58595
Poland,POL,1995,98.67575
Poland,POL,1996,99.000885
Poland,POL,1997,97.4054
Poland,POL,1998,99.60585
Poland,POL,1999,99.96634
Poland,POL,2000,100.05242
Poland,POL,2001,99.79618
Poland,POL,2002,100.725746
Poland,POL,2003,101.1529
Poland,POL,2004,99.249115
Poland,POL,2005,98.92133
Poland,POL,2006,99.038506
Poland,POL,2007,100.03157
Poland,POL,2008,98.46042
Poland,POL,2009,101.16817
Poland,POL,2010,112.61999
Poland,POL,2011,111.729996
Poland,POL,2012,110.19002
Poland,POL,2013,108.429985
Poland,POL,2014,109.579994
Poland,POL,2015,110.289986
Poland,POL,2016,113.130005
Poland,POL,2017,114.13999
Poland,POL,2018,114.73
Poland,POL,2019,117.55998
Poland,POL,2020,119.18002
Poland,POL,2021,119.689995
Poland,POL,2022,119.860016
Poland,POL,2023,117.72998
Polynesia (FAO),,1961,54.94
Polynesia (FAO),,1962,54.62
Polynesia (FAO),,1963,54.09
Polynesia (FAO),,1964,55.98
Polynesia (FAO),,1965,57.2
Polynesia (FAO),,1966,59.04
Polynesia (FAO),,1967,58.85
Polynesia (FAO),,1968,60.34
Polynesia (FAO),,1969,58.73
Polynesia (FAO),,1970,60.28
Polynesia (FAO),,1971,61.07
Polynesia (FAO),,1972,61.79
Polynesia (FAO),,1973,61.54
Polynesia (FAO),,1974,60.41
Polynesia (FAO),,1975,64.62
Polynesia (FAO),,1976,65.69
Polynesia (FAO),,1977,66.13
Polynesia (FAO),,1978,66.24
Polynesia (FAO),,1979,69.6
Polynesia (FAO),,1980,66.58
Polynesia (FAO),,1981,68.63
Polynesia (FAO),,1982,69.43
Polynesia (FAO),,1983,67.85
Polynesia (FAO),,1984,69.53
Polynesia (FAO),,1985,74.7
Polynesia (FAO),,1986,73.19
Polynesia (FAO),,1987,75.81
Polynesia (FAO),,1988,76.6
Polynesia (FAO),,1989,76.06
Polynesia (FAO),,1990,77.16
Polynesia (FAO),,1991,80.82
Polynesia (FAO),,1992,80.17
Polynesia (FAO),,1993,80.06
Polynesia (FAO),,1994,80.77
Polynesia (FAO),,1995,81.51
Polynesia (FAO),,1996,82.41
Polynesia (FAO),,1997,79.79
Polynesia (FAO),,1998,83.23
Polynesia (FAO),,1999,83.64
Polynesia (FAO),,2000,85.72
Polynesia (FAO),,2001,87.73
Polynesia (FAO),,2002,88.84
Polynesia (FAO),,2003,89.52
Polynesia (FAO),,2004,89.57
Polynesia (FAO),,2005,90.42
Polynesia (FAO),,2006,88.22
Polynesia (FAO),,2007,91.99
Polynesia (FAO),,2008,91.2
Polynesia (FAO),,2009,90.65
Polynesia (FAO),,2010,104.71
Polynesia (FAO),,2011,104.11
Polynesia (FAO),,2012,104.83
Polynesia (FAO),,2013,105.13
Polynesia (FAO),,2014,106.98
Polynesia (FAO),,2015,108.41
Polynesia (FAO),,2016,110.11
Polynesia (FAO),,2017,107.21
Polynesia (FAO),,2018,110.44
Polynesia (FAO),,2019,111.36
Polynesia (FAO),,2020,111.99
Polynesia (FAO),,2021,115.73
Polynesia (FAO),,2022,111.68
Polynesia (FAO),,2023,111.89
Portugal,PRT,1961,69.99353
Portugal,PRT,1962,73.384674
Portugal,PRT,1963,75.28678
Portugal,PRT,1964,73.99795
Portugal,PRT,1965,77.344574
Portugal,PRT,1966,75.05426
Portugal,PRT,1967,81.73078
Portugal,PRT,1968,79.70754
Portugal,PRT,1969,82.15181
Portugal,PRT,1970,84.694664
Portugal,PRT,1971,83.76141
Portugal,PRT,1972,84.80801
Portugal,PRT,1973,83.05888
Portugal,PRT,1974,84.65161
Portugal,PRT,1975,83.223495
Portugal,PRT,1976,81.61025
Portugal,PRT,1977,83.17014
Portugal,PRT,1978,77.32763
Portugal,PRT,1979,74.38994
Portugal,PRT,1980,76.44079
Portugal,PRT,1981,75.79234
Portugal,PRT,1982,77.647644
Portugal,PRT,1983,80.42867
Portugal,PRT,1984,81.21824
Portugal,PRT,1985,86.947136
Portugal,PRT,1986,91.34658
Portugal,PRT,1987,95.9269
Portugal,PRT,1988,96.40076
Portugal,PRT,1989,98.273476
Portugal,PRT,1990,100.946846
Portugal,PRT,1991,102.72074
Portugal,PRT,1992,104.10411
Portugal,PRT,1993,106.87627
Portugal,PRT,1994,108.88813
Portugal,PRT,1995,108.30987
Portugal,PRT,1996,110.035835
Portugal,PRT,1997,107.13179
Portugal,PRT,1998,113.585266
Portugal,PRT,1999,114.839615
Portugal,PRT,2000,113.04012
Portugal,PRT,2001,114.48318
Portugal,PRT,2002,112.11618
Portugal,PRT,2003,110.288925
Portugal,PRT,2004,113.08346
Portugal,PRT,2005,113.136185
Portugal,PRT,2006,113.63888
Portugal,PRT,2007,117.37205
Portugal,PRT,2008,114.213905
Portugal,PRT,2009,114.221115
Portugal,PRT,2010,122.140015
Portugal,PRT,2011,118.14
Portugal,PRT,2012,115.639946
Portugal,PRT,2013,115.62015
Portugal,PRT,2014,115.81997
Portugal,PRT,2015,117.18006
Portugal,PRT,2016,117.649925
Portugal,PRT,2017,119.61002
Portugal,PRT,2018,120.40994
Portugal,PRT,2019,119.27991
Portugal,PRT,2020,115.86001
Portugal,PRT,2021,117.93003
Portugal,PRT,2022,121.19995
Portugal,PRT,2023,126.35006
Qatar,QAT,2019,114.22971
Qatar,QAT,2020,113.3902
Qatar,QAT,2021,111.14968
Qatar,QAT,2022,110.63939
Qatar,QAT,2023,105.08979
Romania,ROU,1961,88.30139
Romania,ROU,1962,87.89534
Romania,ROU,1963,87.57567
Romania,ROU,1964,87.58565
Romania,ROU,1965,88.31276
Romania,ROU,1966,91.11934
Romania,ROU,1967,91.1913
Romania,ROU,1968,90.43196
Romania,ROU,1969,89.70047
Romania,ROU,1970,85.6496
Romania,ROU,1971,88.16003
Romania,ROU,1972,89.943794
Romania,ROU,1973,90.90849
Romania,ROU,1974,95.00867
Romania,ROU,1975,91.32897
Romania,ROU,1976,93.26
Romania,ROU,1977,93.6179
Romania,ROU,1978,96.06623
Romania,ROU,1979,97.16741
Romania,ROU,1980,96.83004
Romania,ROU,1981,97.75456
Romania,ROU,1982,90.90062
Romania,ROU,1983,90.67927
Romania,ROU,1984,93.33894
Romania,ROU,1985,95.45807
Romania,ROU,1986,91.60868
Romania,ROU,1987,92.40538
Romania,ROU,1988,92.59459
Romania,ROU,1989,90.34194
Romania,ROU,1990,98.02381
Romania,ROU,1991,90.493065
Romania,ROU,1992,86.690186
Romania,ROU,1993,91.529724
Romania,ROU,1994,90.8967
Romania,ROU,1995,95.17944
Romania,ROU,1996,94.41031
Romania,ROU,1997,96.94366
Romania,ROU,1998,98.85097
Romania,ROU,1999,97.675064
Romania,ROU,2000,96.330414
Romania,ROU,2001,100.527695
Romania,ROU,2002,106.35429
Romania,ROU,2003,109.36775
Romania,ROU,2004,110.369606
Romania,ROU,2005,113.195015
Romania,ROU,2006,114.2494
Romania,ROU,2007,114.67549
Romania,ROU,2008,117.23151
Romania,ROU,2009,116.18396
Romania,ROU,2010,106.78998
Romania,ROU,2011,106.65001
Romania,ROU,2012,104.24999
Romania,ROU,2013,105.60004
Romania,ROU,2014,108.93996
Romania,ROU,2015,113.060005
Romania,ROU,2016,113.78001
Romania,ROU,2017,113.71998
Romania,ROU,2018,113.72997
Romania,ROU,2019,110.19998
Romania,ROU,2020,109.75002
Romania,ROU,2021,110.590004
Romania,ROU,2022,112.09996
Romania,ROU,2023,112.41999
Russia,RUS,1992,91.50744
Russia,RUS,1993,91.846634
Russia,RUS,1994,90.73354
Russia,RUS,1995,89.29664
Russia,RUS,1996,84.75589
Russia,RUS,1997,88.89581
Russia,RUS,1998,88.4982
Russia,RUS,1999,86.80006
Russia,RUS,2000,85.29627
Russia,RUS,2001,86.85132
Russia,RUS,2002,88.45561
Russia,RUS,2003,89.44558
Russia,RUS,2004,90.13971
Russia,RUS,2005,93.766846
Russia,RUS,2006,95.02349
Russia,RUS,2007,98.37771
Russia,RUS,2008,99.46665
Russia,RUS,2009,99.49597
Russia,RUS,2010,109.54
Russia,RUS,2011,110.08
Russia,RUS,2012,113.07001
Russia,RUS,2013,112.06999
Russia,RUS,2014,112.43
Russia,RUS,2015,112.240005
Russia,RUS,2016,110.890015
Russia,RUS,2017,112.56
Russia,RUS,2018,111.12001
Russia,RUS,2019,112.29
Russia,RUS,2020,113.68
Russia,RUS,2021,114.74
Russia,RUS,2022,117.92001
Russia,RUS,2023,117.83
Rwanda,RWA,1961,45.169716
Rwanda,RWA,1962,45.419983
Rwanda,RWA,1963,48.39837
Rwanda,RWA,1964,47.16212
Rwanda,RWA,1965,47.174458
Rwanda,RWA,1966,55.50161
Rwanda,RWA,1967,57.086185
Rwanda,RWA,1968,53.356995
Rwanda,RWA,1969,56.728054
Rwanda,RWA,1970,55.19294
Rwanda,RWA,1971,54.217392
Rwanda,RWA,1972,52.61861
Rwanda,RWA,1973,52.225613
Rwanda,RWA,1974,50.8177
Rwanda,RWA,1975,54.935345
Rwanda,RWA,1976,56.217266
Rwanda,RWA,1977,57.46949
Rwanda,RWA,1978,55.766476
Rwanda,RWA,1979,55.23824
Rwanda,RWA,1980,54.384556
Rwanda,RWA,1981,55.23363
Rwanda,RWA,1982,54.114815
Rwanda,RWA,1983,53.903236
Rwanda,RWA,1984,53.251995
Rwanda,RWA,1985,56.037827
Rwanda,RWA,1986,52.33161
Rwanda,RWA,1987,52.084373
Rwanda,RWA,1988,47.141357
Rwanda,RWA,1989,46.78446
Rwanda,RWA,1990,44.325123
Rwanda,RWA,1991,43.3526
Rwanda,RWA,1992,39.483307
Rwanda,RWA,1993,34.749104
Rwanda,RWA,1994,38.64847
Rwanda,RWA,1995,44.869846
Rwanda,RWA,1996,37.327858
Rwanda,RWA,1997,34.469227
Rwanda,RWA,1998,35.824768
Rwanda,RWA,1999,38.455807
Rwanda,RWA,2000,44.116653
Rwanda,RWA,2001,48.10706
Rwanda,RWA,2002,51.26257
Rwanda,RWA,2003,50.22719
Rwanda,RWA,2004,49.403793
Rwanda,RWA,2005,50.474575
Rwanda,RWA,2006,51.955433
Rwanda,RWA,2007,54.83825
Rwanda,RWA,2008,55.56597
Rwanda,RWA,2009,58.236946
Rwanda,RWA,2010,60.14994
Rwanda,RWA,2011,58.729935
Rwanda,RWA,2012,58.50998
Rwanda,RWA,2013,58.7
Rwanda,RWA,2014,58.38001
Rwanda,RWA,2015,56.38997
Rwanda,RWA,2016,59.049984
Rwanda,RWA,2017,59.78999
Rwanda,RWA,2018,58.44
Rwanda,RWA,2019,56.58999
Rwanda,RWA,2020,55.430008
Rwanda,RWA,2021,57.24
Rwanda,RWA,2022,57.51002
Rwanda,RWA,2023,57.049984
Saint Kitts and Nevis,KNA,1961,31.170149
Saint Kitts and Nevis,KNA,1962,32.97781
Saint Kitts and Nevis,KNA,1963,35.51617
Saint Kitts and Nevis,KNA,1964,36.906853
Saint Kitts and Nevis,KNA,1965,37.600216
Saint Kitts and Nevis,KNA,1966,38.992725
Saint Kitts and Nevis,KNA,1967,41.881096
Saint Kitts and Nevis,KNA,1968,42.91971
Saint Kitts and Nevis,KNA,1969,43.61705
Saint Kitts and Nevis,KNA,1970,46.47002
Saint Kitts and Nevis,KNA,1971,48.070904
Saint Kitts and Nevis,KNA,1972,53.76402
Saint Kitts and Nevis,KNA,1973,52.6733
Saint Kitts and Nevis,KNA,1974,52.376884
Saint Kitts and Nevis,KNA,1975,52.534153
Saint Kitts and Nevis,KNA,1976,56.736015
Saint Kitts and Nevis,KNA,1977,57.311478
Saint Kitts and Nevis,KNA,1978,61.30305
Saint Kitts and Nevis,KNA,1979,61.634033
Saint Kitts and Nevis,KNA,1980,65.39379
Saint Kitts and Nevis,KNA,1981,65.34397
Saint Kitts and Nevis,KNA,1982,64.46615
Saint Kitts and Nevis,KNA,1983,63.90863
Saint Kitts and Nevis,KNA,1984,65.42127
Saint Kitts and Nevis,KNA,1985,67.87129
Saint Kitts and Nevis,KNA,1986,69.74449
Saint Kitts and Nevis,KNA,1987,69.803474
Saint Kitts and Nevis,KNA,1988,73.29982
Saint Kitts and Nevis,KNA,1989,69.21647
Saint Kitts and Nevis,KNA,1990,70.698044
Saint Kitts and Nevis,KNA,1991,69.31479
Saint Kitts and Nevis,KNA,1992,66.58223
Saint Kitts and Nevis,KNA,1993,64.9857
Saint Kitts and Nevis,KNA,1994,64.76147
Saint Kitts and Nevis,KNA,1995,71.140335
Saint Kitts and Nevis,KNA,1996,72.56369
Saint Kitts and Nevis,KNA,1997,67.326996
Saint Kitts and Nevis,KNA,1998,67.04257
Saint Kitts and Nevis,KNA,1999,69.52941
Saint Kitts and Nevis,KNA,2000,78.095955
Saint Kitts and Nevis,KNA,2001,76.768814
Saint Kitts and Nevis,KNA,2002,79.52072
Saint Kitts and Nevis,KNA,2003,78.31688
Saint Kitts and Nevis,KNA,2004,79.80491
Saint Kitts and Nevis,KNA,2005,77.150826
Saint Kitts and Nevis,KNA,2006,80.13178
Saint Kitts and Nevis,KNA,2007,78.51885
Saint Kitts and Nevis,KNA,2008,82.0776
Saint Kitts and Nevis,KNA,2009,83.80307
Saint Kitts and Nevis,KNA,2010,95.80705
Saint Kitts and Nevis,KNA,2011,93.70605
Saint Kitts and Nevis,KNA,2012,90.949715
Saint Kitts and Nevis,KNA,2013,92.076965
Saint Kitts and Nevis,KNA,2014,95.50539
Saint Kitts and Nevis,KNA,2015,96.59308
Saint Kitts and Nevis,KNA,2016,100.957794
Saint Kitts and Nevis,KNA,2017,103.005264
Saint Kitts and Nevis,KNA,2018,97.07457
Saint Kitts and Nevis,KNA,2019,89.84025
Saint Kitts and Nevis,KNA,2020,99.62473
Saint Kitts and Nevis,KNA,2021,100.79395
Saint Kitts and Nevis,KNA,2022,89.45786
Saint Kitts and Nevis,KNA,2023,90.93527
Saint Lucia,LCA,1961,37.185955
Saint Lucia,LCA,1962,37.2777
Saint Lucia,LCA,1963,35.968033
Saint Lucia,LCA,1964,38.707024
Saint Lucia,LCA,1965,38.030624
Saint Lucia,LCA,1966,40.867332
Saint Lucia,LCA,1967,41.106075
Saint Lucia,LCA,1968,43.3906
Saint Lucia,LCA,1969,44.887638
Saint Lucia,LCA,1970,48.550938
Saint Lucia,LCA,1971,51.607906
Saint Lucia,LCA,1972,51.07988
Saint Lucia,LCA,1973,47.93065
Saint Lucia,LCA,1974,45.51117
Saint Lucia,LCA,1975,46.993862
Saint Lucia,LCA,1976,49.68455
Saint Lucia,LCA,1977,54.683487
Saint Lucia,LCA,1978,59.498672
Saint Lucia,LCA,1979,58.864967
Saint Lucia,LCA,1980,55.289936
Saint Lucia,LCA,1981,58.978573
Saint Lucia,LCA,1982,58.97788
Saint Lucia,LCA,1983,60.007435
Saint Lucia,LCA,1984,64.70032
Saint Lucia,LCA,1985,65.20739
Saint Lucia,LCA,1986,69.91886
Saint Lucia,LCA,1987,71.76129
Saint Lucia,LCA,1988,69.809135
Saint Lucia,LCA,1989,74.900314
Saint Lucia,LCA,1990,74.948425
Saint Lucia,LCA,1991,81.379715
Saint Lucia,LCA,1992,82.1747
Saint Lucia,LCA,1993,85.04651
Saint Lucia,LCA,1994,86.28385
Saint Lucia,LCA,1995,84.722824
Saint Lucia,LCA,1996,82.515335
Saint Lucia,LCA,1997,84.74106
Saint Lucia,LCA,1998,82.54926
Saint Lucia,LCA,1999,87.26224
Saint Lucia,LCA,2000,87.80178
Saint Lucia,LCA,2001,82.99906
Saint Lucia,LCA,2002,88.75197
Saint Lucia,LCA,2003,88.760315
Saint Lucia,LCA,2004,89.275375
Saint Lucia,LCA,2005,89.27112
Saint Lucia,LCA,2006,86.229324
Saint Lucia,LCA,2007,86.841194
Saint Lucia,LCA,2008,86.256096
Saint Lucia,LCA,2009,86.61408
Saint Lucia,LCA,2010,96.713776
Saint Lucia,LCA,2011,97.69204
Saint Lucia,LCA,2012,97.347176
Saint Lucia,LCA,2013,94.73453
Saint Lucia,LCA,2014,99.89713
Saint Lucia,LCA,2015,100.499084
Saint Lucia,LCA,2016,101.00942
Saint Lucia,LCA,2017,100.97313
Saint Lucia,LCA,2018,107.51271
Saint Lucia,LCA,2019,93.75209
Saint Lucia,LCA,2020,101.12376
Saint Lucia,LCA,2021,109.71771
Saint Lucia,LCA,2022,95.462524
Saint Lucia,LCA,2023,93.02429
Saint Vincent and the Grenadines,VCT,1961,39.870525
Saint Vincent and the Grenadines,VCT,1962,41.97559
Saint Vincent and the Grenadines,VCT,1963,39.276276
Saint Vincent and the Grenadines,VCT,1964,39.03834
Saint Vincent and the Grenadines,VCT,1965,41.15276
Saint Vincent and the Grenadines,VCT,1966,44.090103
Saint Vincent and the Grenadines,VCT,1967,40.579338
Saint Vincent and the Grenadines,VCT,1968,43.451065
Saint Vincent and the Grenadines,VCT,1969,44.35913
Saint Vincent and the Grenadines,VCT,1970,47.99275
Saint Vincent and the Grenadines,VCT,1971,48.903625
Saint Vincent and the Grenadines,VCT,1972,49.120598
Saint Vincent and the Grenadines,VCT,1973,48.026627
Saint Vincent and the Grenadines,VCT,1974,47.673157
Saint Vincent and the Grenadines,VCT,1975,45.72248
Saint Vincent and the Grenadines,VCT,1976,47.015553
Saint Vincent and the Grenadines,VCT,1977,47.975452
Saint Vincent and the Grenadines,VCT,1978,48.707787
Saint Vincent and the Grenadines,VCT,1979,52.030994
Saint Vincent and the Grenadines,VCT,1980,51.4259
Saint Vincent and the Grenadines,VCT,1981,53.108322
Saint Vincent and the Grenadines,VCT,1982,53.72068
Saint Vincent and the Grenadines,VCT,1983,53.361282
Saint Vincent and the Grenadines,VCT,1984,55.656696
Saint Vincent and the Grenadines,VCT,1985,54.507862
Saint Vincent and the Grenadines,VCT,1986,54.084095
Saint Vincent and the Grenadines,VCT,1987,57.683468
Saint Vincent and the Grenadines,VCT,1988,56.884655
Saint Vincent and the Grenadines,VCT,1989,54.773926
Saint Vincent and the Grenadines,VCT,1990,57.60966
Saint Vincent and the Grenadines,VCT,1991,57.841335
Saint Vincent and the Grenadines,VCT,1992,58.845047
Saint Vincent and the Grenadines,VCT,1993,61.23509
Saint Vincent and the Grenadines,VCT,1994,58.651062
Saint Vincent and the Grenadines,VCT,1995,59.88219
Saint Vincent and the Grenadines,VCT,1996,60.827324
Saint Vincent and the Grenadines,VCT,1997,61.302254
Saint Vincent and the Grenadines,VCT,1998,61.224964
Saint Vincent and the Grenadines,VCT,1999,64.18048
Saint Vincent and the Grenadines,VCT,2000,64.44184
Saint Vincent and the Grenadines,VCT,2001,62.084824
Saint Vincent and the Grenadines,VCT,2002,73.117805
Saint Vincent and the Grenadines,VCT,2003,74.22143
Saint Vincent and the Grenadines,VCT,2004,76.54223
Saint Vincent and the Grenadines,VCT,2005,78.39781
Saint Vincent and the Grenadines,VCT,2006,79.18109
Saint Vincent and the Grenadines,VCT,2007,82.484856
Saint Vincent and the Grenadines,VCT,2008,84.45397
Saint Vincent and the Grenadines,VCT,2009,85.625175
Saint Vincent and the Grenadines,VCT,2010,102.30698
Saint Vincent and the Grenadines,VCT,2011,101.584206
Saint Vincent and the Grenadines,VCT,2012,102.17779
Saint Vincent and the Grenadines,VCT,2013,102.23487
Saint Vincent and the Grenadines,VCT,2014,97.80726
Saint Vincent and the Grenadines,VCT,2015,107.334946
Saint Vincent and the Grenadines,VCT,2016,112.50413
Saint Vincent and the Grenadines,VCT,2017,111.57522
Saint Vincent and the Grenadines,VCT,2018,114.600174
Saint Vincent and the Grenadines,VCT,2019,115.3256
Saint Vincent and the Grenadines,VCT,2020,110.49933
Saint Vincent and the Grenadines,VCT,2021,116.190956
Saint Vincent and the Grenadines,VCT,2022,116.08521
Saint Vincent and the Grenadines,VCT,2023,114.00762
Samoa,WSM,1961,43.63032
Samoa,WSM,1962,44.1644
Samoa,WSM,1963,45.426548
Samoa,WSM,1964,47.421688
Samoa,WSM,1965,46.36637
Samoa,WSM,1966,44.34089
Samoa,WSM,1967,44.77217
Samoa,WSM,1968,46.896748
Samoa,WSM,1969,47.325363
Samoa,WSM,1970,48.718987
Samoa,WSM,1971,51.411438
Samoa,WSM,1972,50.908123
Samoa,WSM,1973,49.10501
Samoa,WSM,1974,49.48474
Samoa,WSM,1975,54.3038
Samoa,WSM,1976,54.802925
Samoa,WSM,1977,56.740795
Samoa,WSM,1978,54.439384
Samoa,WSM,1979,57.977985
Samoa,WSM,1980,56.09298
Samoa,WSM,1981,58.705727
Samoa,WSM,1982,60.43466
Samoa,WSM,1983,56.310787
Samoa,WSM,1984,59.25146
Samoa,WSM,1985,69.30757
Samoa,WSM,1986,62.281483
Samoa,WSM,1987,68.50165
Samoa,WSM,1988,67.43716
Samoa,WSM,1989,67.821945
Samoa,WSM,1990,67.21083
Samoa,WSM,1991,66.17979
Samoa,WSM,1992,67.1153
Samoa,WSM,1993,64.1515
Samoa,WSM,1994,64.74362
Samoa,WSM,1995,63.974564
Samoa,WSM,1996,66.54089
Samoa,WSM,1997,62.363693
Samoa,WSM,1998,65.85605
Samoa,WSM,1999,69.69497
Samoa,WSM,2000,73.151436
Samoa,WSM,2001,74.26294
Samoa,WSM,2002,74.16496
Samoa,WSM,2003,75.22289
Samoa,WSM,2004,73.01651
Samoa,WSM,2005,75.56432
Samoa,WSM,2006,73.03674
Samoa,WSM,2007,75.136734
Samoa,WSM,2008,76.82233
Samoa,WSM,2009,76.5867
Samoa,WSM,2010,97.06246
Samoa,WSM,2011,95.27217
Samoa,WSM,2012,96.61115
Samoa,WSM,2013,97.57311
Samoa,WSM,2014,101.98438
Samoa,WSM,2015,105.41268
Samoa,WSM,2016,112.39503
Samoa,WSM,2017,106.87324
Samoa,WSM,2018,110.15205
Samoa,WSM,2019,104.23304
Samoa,WSM,2020,106.72144
Samoa,WSM,2021,108.7239
Samoa,WSM,2022,102.97522
Samoa,WSM,2023,105.293686
Sao Tome and Principe,STP,1961,47.36628
Sao Tome and Principe,STP,1962,43.402958
Sao Tome and Principe,STP,1963,45.299072
Sao Tome and Principe,STP,1964,42.4915
Sao Tome and Principe,STP,1965,44.055042
Sao Tome and Principe,STP,1966,47.32209
Sao Tome and Principe,STP,1967,49.542725
Sao Tome and Principe,STP,1968,49.142185
Sao Tome and Principe,STP,1969,45.416317
Sao Tome and Principe,STP,1970,43.920197
Sao Tome and Principe,STP,1971,43.252888
Sao Tome and Principe,STP,1972,41.963215
Sao Tome and Principe,STP,1973,40.007484
Sao Tome and Principe,STP,1974,35.351715
Sao Tome and Principe,STP,1975,33.306427
Sao Tome and Principe,STP,1976,37.28229
Sao Tome and Principe,STP,1977,40.25308
Sao Tome and Principe,STP,1978,41.369164
Sao Tome and Principe,STP,1979,41.570126
Sao Tome and Principe,STP,1980,43.39255
Sao Tome and Principe,STP,1981,44.321815
Sao Tome and Principe,STP,1982,46.068295
Sao Tome and Principe,STP,1983,51.352818
Sao Tome and Principe,STP,1984,47.947
Sao Tome and Principe,STP,1985,46.492744
Sao Tome and Principe,STP,1986,40.581127
Sao Tome and Principe,STP,1987,41.463127
Sao Tome and Principe,STP,1988,44.242657
Sao Tome and Principe,STP,1989,48.8024
Sao Tome and Principe,STP,1990,48.505444
Sao Tome and Principe,STP,1991,48.797638
Sao Tome and Principe,STP,1992,48.988033
Sao Tome and Principe,STP,1993,48.61233
Sao Tome and Principe,STP,1994,49.331276
Sao Tome and Principe,STP,1995,47.623142
Sao Tome and Principe,STP,1996,49.00346
Sao Tome and Principe,STP,1997,46.73869
Sao Tome and Principe,STP,1998,47.109436
Sao Tome and Principe,STP,1999,47.112713
Sao Tome and Principe,STP,2000,49.296463
Sao Tome and Principe,STP,2001,48.957825
Sao Tome and Principe,STP,2002,50.11552
Sao Tome and Principe,STP,2003,54.834488
Sao Tome and Principe,STP,2004,55.097607
Sao Tome and Principe,STP,2005,55.230434
Sao Tome and Principe,STP,2006,55.65206
Sao Tome and Principe,STP,2007,55.831985
Sao Tome and Principe,STP,2008,55.51091
Sao Tome and Principe,STP,2009,56.471615
Sao Tome and Principe,STP,2010,57.43684
Sao Tome and Principe,STP,2011,56.345444
Sao Tome and Principe,STP,2012,55.2265
Sao Tome and Principe,STP,2013,55.4677
Sao Tome and Principe,STP,2014,55.68717
Sao Tome and Principe,STP,2015,54.975056
Sao Tome and Principe,STP,2016,55.946705
Sao Tome and Principe,STP,2017,54.785767
Sao Tome and Principe,STP,2018,56.367855
Sao Tome and Principe,STP,2019,58.535885
Sao Tome and Principe,STP,2020,60.274452
Sao Tome and Principe,STP,2021,60.7259
Sao Tome and Principe,STP,2022,56.47925
Sao Tome and Principe,STP,2023,54.387173
Saudi Arabia,SAU,1961,76.31231
Saudi Arabia,SAU,1962,77.35501
Saudi Arabia,SAU,1963,78.38654
Saudi Arabia,SAU,1964,78.37144
Saudi Arabia,SAU,1965,79.15979
Saudi Arabia,SAU,1966,80.81066
Saudi Arabia,SAU,1967,80.05661
Saudi Arabia,SAU,1968,80.069664
Saudi Arabia,SAU,1969,80.13017
Saudi Arabia,SAU,1970,79.08424
Saudi Arabia,SAU,1971,78.22265
Saudi Arabia,SAU,1972,71.868
Saudi Arabia,SAU,1973,73.1295
Saudi Arabia,SAU,1974,74.50158
Saudi Arabia,SAU,1975,77.03011
Saudi Arabia,SAU,1976,86.402176
Saudi Arabia,SAU,1977,98.21766
Saudi Arabia,SAU,1978,104.90254
Saudi Arabia,SAU,1979,118.18543
Saudi Arabia,SAU,1980,125.75545
Saudi Arabia,SAU,1981,122.83702
Saudi Arabia,SAU,1982,125.29441
Saudi Arabia,SAU,1983,130.48524
Saudi Arabia,SAU,1984,123.8635
Saudi Arabia,SAU,1985,126.06729
Saudi Arabia,SAU,1986,118.03938
Saudi Arabia,SAU,1987,115.9986
Saudi Arabia,SAU,1988,124.16926
Saudi Arabia,SAU,1989,118.30261
Saudi Arabia,SAU,1990,121.59795
Saudi Arabia,SAU,1991,121.05684
Saudi Arabia,SAU,1992,109.315544
Saudi Arabia,SAU,1993,101.80145
Saudi Arabia,SAU,1994,100.960945
Saudi Arabia,SAU,1995,109.913376
Saudi Arabia,SAU,1996,110.74953
Saudi Arabia,SAU,1997,108.90334
Saudi Arabia,SAU,1998,106.20895
Saudi Arabia,SAU,1999,108.42731
Saudi Arabia,SAU,2000,104.35029
Saudi Arabia,SAU,2001,101.3865
Saudi Arabia,SAU,2002,99.66366
Saudi Arabia,SAU,2003,99.06263
Saudi Arabia,SAU,2004,98.945946
Saudi Arabia,SAU,2005,100.53786
Saudi Arabia,SAU,2006,98.81998
Saudi Arabia,SAU,2007,98.52762
Saudi Arabia,SAU,2008,93.52912
Saudi Arabia,SAU,2009,91.75918
Saudi Arabia,SAU,2010,100.36999
Saudi Arabia,SAU,2011,99.370056
Saudi Arabia,SAU,2012,99.839966
Saudi Arabia,SAU,2013,100.16002
Saudi Arabia,SAU,2014,101.030014
Saudi Arabia,SAU,2015,101.25999
Saudi Arabia,SAU,2016,101.04002
Saudi Arabia,SAU,2017,99
Saudi Arabia,SAU,2018,99.4
Saudi Arabia,SAU,2019,105.97001
Saudi Arabia,SAU,2020,108.81001
Saudi Arabia,SAU,2021,108.12998
Saudi Arabia,SAU,2022,105.96999
Saudi Arabia,SAU,2023,103.8
Senegal,SEN,1961,58.840443
Senegal,SEN,1962,58.626846
Senegal,SEN,1963,62.672523
Senegal,SEN,1964,66.738304
Senegal,SEN,1965,65.96989
Senegal,SEN,1966,64.08013
Senegal,SEN,1967,68.295135
Senegal,SEN,1968,63.5579
Senegal,SEN,1969,64.02159
Senegal,SEN,1970,58.609436
Senegal,SEN,1971,58.44194
Senegal,SEN,1972,55.95163
Senegal,SEN,1973,59.506054
Senegal,SEN,1974,61.74339
Senegal,SEN,1975,60.42354
Senegal,SEN,1976,60.3529
Senegal,SEN,1977,58.227295
Senegal,SEN,1978,58.98891
Senegal,SEN,1979,62.94557
Senegal,SEN,1980,61.74292
Senegal,SEN,1981,65.809395
Senegal,SEN,1982,63.958385
Senegal,SEN,1983,60.481342
Senegal,SEN,1984,62.36999
Senegal,SEN,1985,68.37483
Senegal,SEN,1986,67.63268
Senegal,SEN,1987,63.824142
Senegal,SEN,1988,65.30509
Senegal,SEN,1989,64.85622
Senegal,SEN,1990,64.857376
Senegal,SEN,1991,61.53681
Senegal,SEN,1992,60.39917
Senegal,SEN,1993,62.898087
Senegal,SEN,1994,57.869022
Senegal,SEN,1995,58.781624
Senegal,SEN,1996,57.03959
Senegal,SEN,1997,56.75981
Senegal,SEN,1998,56.91313
Senegal,SEN,1999,59.29028
Senegal,SEN,2000,60.686115
Senegal,SEN,2001,53.899616
Senegal,SEN,2002,51.66104
Senegal,SEN,2003,55.04671
Senegal,SEN,2004,56.78008
Senegal,SEN,2005,57.220364
Senegal,SEN,2006,58.528923
Senegal,SEN,2007,58.906265
Senegal,SEN,2008,61.464367
Senegal,SEN,2009,62.35658
Senegal,SEN,2010,63.00996
Senegal,SEN,2011,59.84999
Senegal,SEN,2012,61.479958
Senegal,SEN,2013,60.11997
Senegal,SEN,2014,59.589985
Senegal,SEN,2015,60.899982
Senegal,SEN,2016,62.18001
Senegal,SEN,2017,63.939995
Senegal,SEN,2018,64.78002
Senegal,SEN,2019,65.33997
Senegal,SEN,2020,66.87002
Senegal,SEN,2021,67.70001
Senegal,SEN,2022,69.45
Senegal,SEN,2023,71.659996
Serbia,SRB,2006,102.58426
Serbia,SRB,2007,102.979416
Serbia,SRB,2008,105.50224
Serbia,SRB,2009,103.73143
Serbia,SRB,2010,111.85982
Serbia,SRB,2011,113.09003
Serbia,SRB,2012,115.43994
Serbia,SRB,2013,117.539955
Serbia,SRB,2014,118.20995
Serbia,SRB,2015,119.46989
Serbia,SRB,2016,119.359955
Serbia,SRB,2017,120.91005
Serbia,SRB,2018,124.65011
Serbia,SRB,2019,127.79991
Serbia,SRB,2020,130.48993
Serbia,SRB,2021,132.57002
Serbia,SRB,2022,134.7399
Serbia,SRB,2023,135.57993
Serbia and Montenegro,OWID_SRM,1992,90.01367
Serbia and Montenegro,OWID_SRM,1993,88.47647
Serbia and Montenegro,OWID_SRM,1994,83.94284
Serbia and Montenegro,OWID_SRM,1995,91.733826
Serbia and Montenegro,OWID_SRM,1996,94.27247
Serbia and Montenegro,OWID_SRM,1997,94.016365
Serbia and Montenegro,OWID_SRM,1998,93.66783
Serbia and Montenegro,OWID_SRM,1999,89.26662
Serbia and Montenegro,OWID_SRM,2000,83.31094
Serbia and Montenegro,OWID_SRM,2001,81.1139
Serbia and Montenegro,OWID_SRM,2002,83.58301
Serbia and Montenegro,OWID_SRM,2003,80.53986
Serbia and Montenegro,OWID_SRM,2004,83.73019
Serbia and Montenegro,OWID_SRM,2005,81.81548
Seychelles,SYC,2010,92.527596
Seychelles,SYC,2011,91.12027
Seychelles,SYC,2012,88.41779
Seychelles,SYC,2013,88.654366
Seychelles,SYC,2014,82.73972
Seychelles,SYC,2015,93.245224
Seychelles,SYC,2016,97.525795
Seychelles,SYC,2017,97.838684
Seychelles,SYC,2018,101.29855
Seychelles,SYC,2019,99.939804
Seychelles,SYC,2020,101.20243
Seychelles,SYC,2021,101.52174
Seychelles,SYC,2022,99.889656
Seychelles,SYC,2023,104.34103
Sierra Leone,SLE,1961,36.992702
Sierra Leone,SLE,1962,38.369022
Sierra Leone,SLE,1963,39.96813
Sierra Leone,SLE,1964,41.1403
Sierra Leone,SLE,1965,43.27661
Sierra Leone,SLE,1966,44.428627
Sierra Leone,SLE,1967,45.079582
Sierra Leone,SLE,1968,42.988956
Sierra Leone,SLE,1969,43.979683
Sierra Leone,SLE,1970,43.763866
Sierra Leone,SLE,1971,43.046417
Sierra Leone,SLE,1972,44.026077
Sierra Leone,SLE,1973,46.52947
Sierra Leone,SLE,1974,46.19126
Sierra Leone,SLE,1975,45.40671
Sierra Leone,SLE,1976,43.556156
Sierra Leone,SLE,1977,44.561375
Sierra Leone,SLE,1978,44.49363
Sierra Leone,SLE,1979,45.00918
Sierra Leone,SLE,1980,44.199913
Sierra Leone,SLE,1981,44.135677
Sierra Leone,SLE,1982,43.130554
Sierra Leone,SLE,1983,40.964783
Sierra Leone,SLE,1984,40.083656
Sierra Leone,SLE,1985,39.992477
Sierra Leone,SLE,1986,41.13955
Sierra Leone,SLE,1987,40.762005
Sierra Leone,SLE,1988,39.591362
Sierra Leone,SLE,1989,40.097893
Sierra Leone,SLE,1990,39.073284
Sierra Leone,SLE,1991,40.107468
Sierra Leone,SLE,1992,40.993862
Sierra Leone,SLE,1993,39.92797
Sierra Leone,SLE,1994,42.767212
Sierra Leone,SLE,1995,42.604115
Sierra Leone,SLE,1996,43.632156
Sierra Leone,SLE,1997,44.44465
Sierra Leone,SLE,1998,43.846134
Sierra Leone,SLE,1999,42.75412
Sierra Leone,SLE,2000,40.392845
Sierra Leone,SLE,2001,40.994366
Sierra Leone,SLE,2002,42.404568
Sierra Leone,SLE,2003,42.645313
Sierra Leone,SLE,2004,45.114395
Sierra Leone,SLE,2005,47.03355
Sierra Leone,SLE,2006,48.364483
Sierra Leone,SLE,2007,47.232834
Sierra Leone,SLE,2008,50.311146
Sierra Leone,SLE,2009,50.572548
Sierra Leone,SLE,2010,56.279953
Sierra Leone,SLE,2011,56.749928
Sierra Leone,SLE,2012,57.20002
Sierra Leone,SLE,2013,57.58994
Sierra Leone,SLE,2014,56.430042
Sierra Leone,SLE,2015,55.68992
Sierra Leone,SLE,2016,53.509933
Sierra Leone,SLE,2017,54.42
Sierra Leone,SLE,2018,54.379944
Sierra Leone,SLE,2019,55.159973
Sierra Leone,SLE,2020,55.750023
Sierra Leone,SLE,2021,57.77998
Sierra Leone,SLE,2022,58.270004
Sierra Leone,SLE,2023,57.57991
Slovakia,SVK,1993,79.128105
Slovakia,SVK,1994,82.82026
Slovakia,SVK,1995,74.32074
Slovakia,SVK,1996,78.20933
Slovakia,SVK,1997,77.092125
Slovakia,SVK,1998,78.37391
Slovakia,SVK,1999,75.831154
Slovakia,SVK,2000,71.71647
Slovakia,SVK,2001,71.12301
Slovakia,SVK,2002,73.75119
Slovakia,SVK,2003,73.89819
Slovakia,SVK,2004,71.41856
Slovakia,SVK,2005,74.31718
Slovakia,SVK,2006,74.12679
Slovakia,SVK,2007,71.63437
Slovakia,SVK,2008,73.9197
Slovakia,SVK,2009,73.06775
Slovakia,SVK,2010,79.3299
Slovakia,SVK,2011,79.33007
Slovakia,SVK,2012,73.78991
Slovakia,SVK,2013,77.12997
Slovakia,SVK,2014,78.319885
Slovakia,SVK,2015,73.93002
Slovakia,SVK,2016,76.95997
Slovakia,SVK,2017,75.70998
Slovakia,SVK,2018,75.60001
Slovakia,SVK,2019,79.23004
Slovakia,SVK,2020,79.05988
Slovakia,SVK,2021,78.54991
Slovakia,SVK,2022,84.11008
Slovakia,SVK,2023,81.30989
Slovenia,SVN,1992,75.438835
Slovenia,SVN,1993,87.01964
Slovenia,SVN,1994,91.298355
Slovenia,SVN,1995,96.09824
Slovenia,SVN,1996,100.13142
Slovenia,SVN,1997,98.21695
Slovenia,SVN,1998,96.43291
Slovenia,SVN,1999,103.92766
Slovenia,SVN,2000,102.50395
Slovenia,SVN,2001,99.99588
Slovenia,SVN,2002,98.55219
Slovenia,SVN,2003,100.03468
Slovenia,SVN,2004,99.38233
Slovenia,SVN,2005,98.24153
Slovenia,SVN,2006,98.4684
Slovenia,SVN,2007,98.54495
Slovenia,SVN,2008,102.00689
Slovenia,SVN,2009,102.35011
Slovenia,SVN,2010,109.75995
Slovenia,SVN,2011,107.89974
Slovenia,SVN,2012,106.5099
Slovenia,SVN,2013,103.98939
Slovenia,SVN,2014,106.88025
Slovenia,SVN,2015,105.3902
Slovenia,SVN,2016,106.979546
Slovenia,SVN,2017,106.12999
Slovenia,SVN,2018,105.12979
Slovenia,SVN,2019,106.6201
Slovenia,SVN,2020,104.24995
Slovenia,SVN,2021,101.419754
Slovenia,SVN,2022,100.27995
Slovenia,SVN,2023,101.46028
Small Island Developing States (FAO),,1961,47.31
Small Island Developing States (FAO),,1962,48.59
Small Island Developing States (FAO),,1963,50.91
Small Island Developing States (FAO),,1964,50.76
Small Island Developing States (FAO),,1965,50.2
Small Island Developing States (FAO),,1966,50.47
Small Island Developing States (FAO),,1967,51.99
Small Island Developing States (FAO),,1968,53.1
Small Island Developing States (FAO),,1969,53.76
Small Island Developing States (FAO),,1970,55.61
Small Island Developing States (FAO),,1971,56.81
Small Island Developing States (FAO),,1972,56.05
Small Island Developing States (FAO),,1973,55.86
Small Island Developing States (FAO),,1974,57.32
Small Island Developing States (FAO),,1975,55.9
Small Island Developing States (FAO),,1976,57.22
Small Island Developing States (FAO),,1977,56.83
Small Island Developing States (FAO),,1978,58.06
Small Island Developing States (FAO),,1979,57.66
Small Island Developing States (FAO),,1980,60.28
Small Island Developing States (FAO),,1981,60.59
Small Island Developing States (FAO),,1982,60.21
Small Island Developing States (FAO),,1983,60.59
Small Island Developing States (FAO),,1984,61.14
Small Island Developing States (FAO),,1985,62.05
Small Island Developing States (FAO),,1986,60.85
Small Island Developing States (FAO),,1987,61.27
Small Island Developing States (FAO),,1988,60.23
Small Island Developing States (FAO),,1989,59.82
Small Island Developing States (FAO),,1990,57.76
Small Island Developing States (FAO),,1991,56.6
Small Island Developing States (FAO),,1992,54.44
Small Island Developing States (FAO),,1993,53.21
Small Island Developing States (FAO),,1994,54.16
Small Island Developing States (FAO),,1995,53.77
Small Island Developing States (FAO),,1996,54.15
Small Island Developing States (FAO),,1997,54.76
Small Island Developing States (FAO),,1998,56.54
Small Island Developing States (FAO),,1999,57.96
Small Island Developing States (FAO),,2000,58.98
Small Island Developing States (FAO),,2001,59.61
Small Island Developing States (FAO),,2002,59.79
Small Island Developing States (FAO),,2003,60.58
Small Island Developing States (FAO),,2004,60.7
Small Island Developing States (FAO),,2005,62.61
Small Island Developing States (FAO),,2006,63.86
Small Island Developing States (FAO),,2007,65.14
Small Island Developing States (FAO),,2008,66.7
Small Island Developing States (FAO),,2009,66.73
Small Island Developing States (FAO),,2010,70.47
Small Island Developing States (FAO),,2011,71.58
Small Island Developing States (FAO),,2012,70.97
Small Island Developing States (FAO),,2013,71.57
Small Island Developing States (FAO),,2014,72.68
Small Island Developing States (FAO),,2015,72.61
Small Island Developing States (FAO),,2016,74.74
Small Island Developing States (FAO),,2017,75.22
Small Island Developing States (FAO),,2018,75.65
Small Island Developing States (FAO),,2019,74.74
Small Island Developing States (FAO),,2020,73.67
Small Island Developing States (FAO),,2021,72.48
Small Island Developing States (FAO),,2022,72.17
Small Island Developing States (FAO),,2023,71.38
Solomon Islands,SLB,1961,40.13833
Solomon Islands,SLB,1962,41.63532
Solomon Islands,SLB,1963,42.207584
Solomon Islands,SLB,1964,44.68719
Solomon Islands,SLB,1965,43.08572
Solomon Islands,SLB,1966,46.764713
Solomon Islands,SLB,1967,49.347054
Solomon Islands,SLB,1968,48.92244
Solomon Islands,SLB,1969,48.830643
Solomon Islands,SLB,1970,51.74472
Solomon Islands,SLB,1971,51.696106
Solomon Islands,SLB,1972,51.870544
Solomon Islands,SLB,1973,52.17548
Solomon Islands,SLB,1974,52.799297
Solomon Islands,SLB,1975,52.316757
Solomon Islands,SLB,1976,53.846386
Solomon Islands,SLB,1977,53.38084
Solomon Islands,SLB,1978,55.076565
Solomon Islands,SLB,1979,54.20718
Solomon Islands,SLB,1980,55.10462
Solomon Islands,SLB,1981,50.105976
Solomon Islands,SLB,1982,55.45603
Solomon Islands,SLB,1983,54.32476
Solomon Islands,SLB,1984,54.963356
Solomon Islands,SLB,1985,54.92569
Solomon Islands,SLB,1986,54.804855
Solomon Islands,SLB,1987,52.6153
Solomon Islands,SLB,1988,51.75422
Solomon Islands,SLB,1989,54.216774
Solomon Islands,SLB,1990,48.50643
Solomon Islands,SLB,1991,50.121174
Solomon Islands,SLB,1992,47.492867
Solomon Islands,SLB,1993,46.564034
Solomon Islands,SLB,1994,46.7251
Solomon Islands,SLB,1995,47.792767
Solomon Islands,SLB,1996,50.688736
Solomon Islands,SLB,1997,54.004612
Solomon Islands,SLB,1998,52.62624
Solomon Islands,SLB,1999,49.264454
Solomon Islands,SLB,2000,48.77804
Solomon Islands,SLB,2001,47.173313
Solomon Islands,SLB,2002,50.231495
Solomon Islands,SLB,2003,49.87511
Solomon Islands,SLB,2004,51.356586
Solomon Islands,SLB,2005,51.939598
Solomon Islands,SLB,2006,53.001755
Solomon Islands,SLB,2007,53.70835
Solomon Islands,SLB,2008,53.82715
Solomon Islands,SLB,2009,54.347584
Solomon Islands,SLB,2010,60.209316
Solomon Islands,SLB,2011,61.539112
Solomon Islands,SLB,2012,59.04866
Solomon Islands,SLB,2013,57.439808
Solomon Islands,SLB,2014,59.489517
Solomon Islands,SLB,2015,56.818844
Solomon Islands,SLB,2016,55.659412
Solomon Islands,SLB,2017,56.959415
Solomon Islands,SLB,2018,57.149273
Solomon Islands,SLB,2019,57.949524
Solomon Islands,SLB,2020,56.50962
Solomon Islands,SLB,2021,56.069706
Solomon Islands,SLB,2022,53.689655
Solomon Islands,SLB,2023,54.49973
Somalia,SOM,2010,43.744823
Somalia,SOM,2011,46.359142
Somalia,SOM,2012,47.75004
Somalia,SOM,2013,47.42687
Somalia,SOM,2014,44.708363
Somalia,SOM,2015,43.753124
Somalia,SOM,2016,42.752815
Somalia,SOM,2017,44.463226
Somalia,SOM,2018,43.11418
Somalia,SOM,2019,42.38826
Somalia,SOM,2020,42.98322
Somalia,SOM,2021,41.321556
Somalia,SOM,2022,39.8472
South Africa,ZAF,1961,74.607086
South Africa,ZAF,1962,71.75849
South Africa,ZAF,1963,73.439896
South Africa,ZAF,1964,73.575676
South Africa,ZAF,1965,77.732765
South Africa,ZAF,1966,75.4365
South Africa,ZAF,1967,74.62729
South Africa,ZAF,1968,74.33261
South Africa,ZAF,1969,74.57892
South Africa,ZAF,1970,74.19529
South Africa,ZAF,1971,73.27276
South Africa,ZAF,1972,75.22102
South Africa,ZAF,1973,75.4106
South Africa,ZAF,1974,75.86722
South Africa,ZAF,1975,76.17388
South Africa,ZAF,1976,74.06351
South Africa,ZAF,1977,74.887924
South Africa,ZAF,1978,75.238464
South Africa,ZAF,1979,74.78966
South Africa,ZAF,1980,73.89705
South Africa,ZAF,1981,72.06963
South Africa,ZAF,1982,73.92455
South Africa,ZAF,1983,71.043365
South Africa,ZAF,1984,69.906364
South Africa,ZAF,1985,69.152855
South Africa,ZAF,1986,66.2623
South Africa,ZAF,1987,69.41315
South Africa,ZAF,1988,67.80045
South Africa,ZAF,1989,64.808304
South Africa,ZAF,1990,66.82942
South Africa,ZAF,1991,65.87061
South Africa,ZAF,1992,67.42246
South Africa,ZAF,1993,68.782
South Africa,ZAF,1994,67.92574
South Africa,ZAF,1995,68.20242
South Africa,ZAF,1996,67.5013
South Africa,ZAF,1997,68.56952
South Africa,ZAF,1998,68.21503
South Africa,ZAF,1999,68.96532
South Africa,ZAF,2000,72.60417
South Africa,ZAF,2001,72.795074
South Africa,ZAF,2002,72.014534
South Africa,ZAF,2003,73.15376
South Africa,ZAF,2004,75.63222
South Africa,ZAF,2005,76.928375
South Africa,ZAF,2006,78.00894
South Africa,ZAF,2007,79.55552
South Africa,ZAF,2008,79.833855
South Africa,ZAF,2009,79.07704
South Africa,ZAF,2010,78.94001
South Africa,ZAF,2011,79.18
South Africa,ZAF,2012,79.69
South Africa,ZAF,2013,79.84
South Africa,ZAF,2014,81.2
South Africa,ZAF,2015,79.89001
South Africa,ZAF,2016,80.78
South Africa,ZAF,2017,79.5
South Africa,ZAF,2018,80.63
South Africa,ZAF,2019,79.85001
South Africa,ZAF,2020,81.91001
South Africa,ZAF,2021,79.64
South Africa,ZAF,2022,78.869995
South Africa,ZAF,2023,79.17999
South America,OWID_SAM,1961,62.59988
South America,OWID_SAM,1962,62.643227
South America,OWID_SAM,1963,62.776512
South America,OWID_SAM,1964,63.016083
South America,OWID_SAM,1965,63.836494
South America,OWID_SAM,1966,63.7247
South America,OWID_SAM,1967,64.70764
South America,OWID_SAM,1968,65.6384
South America,OWID_SAM,1969,65.080376
South America,OWID_SAM,1970,64.63212
South America,OWID_SAM,1971,64.285446
South America,OWID_SAM,1972,62.631626
South America,OWID_SAM,1973,62.240406
South America,OWID_SAM,1974,63.64941
South America,OWID_SAM,1975,64.55227
South America,OWID_SAM,1976,64.566505
South America,OWID_SAM,1977,64.704445
South America,OWID_SAM,1978,64.99223
South America,OWID_SAM,1979,66.54913
South America,OWID_SAM,1980,67.31379
South America,OWID_SAM,1981,66.867165
South America,OWID_SAM,1982,65.995224
South America,OWID_SAM,1983,64.58467
South America,OWID_SAM,1984,65.12345
South America,OWID_SAM,1985,65.50163
South America,OWID_SAM,1986,65.761
South America,OWID_SAM,1987,66.46534
South America,OWID_SAM,1988,65.840645
South America,OWID_SAM,1989,65.95144
South America,OWID_SAM,1990,65.203476
South America,OWID_SAM,1991,67.46769
South America,OWID_SAM,1992,68.3584
South America,OWID_SAM,1993,69.55245
South America,OWID_SAM,1994,71.57673
South America,OWID_SAM,1995,72.89953
South America,OWID_SAM,1996,75.47613
South America,OWID_SAM,1997,74.85079
South America,OWID_SAM,1998,74.749374
South America,OWID_SAM,1999,76.1148
South America,OWID_SAM,2000,76.6474
South America,OWID_SAM,2001,76.84113
South America,OWID_SAM,2002,76.042404
South America,OWID_SAM,2003,78.05845
South America,OWID_SAM,2004,77.47651
South America,OWID_SAM,2005,77.92573
South America,OWID_SAM,2006,79.42344
South America,OWID_SAM,2007,80.54168
South America,OWID_SAM,2008,83.05451
South America,OWID_SAM,2009,82.5077
South America,OWID_SAM,2010,91.45016
South America,OWID_SAM,2011,92.68295
South America,OWID_SAM,2012,92.33362
South America,OWID_SAM,2013,93.874176
South America,OWID_SAM,2014,95.026436
South America,OWID_SAM,2015,94.26822
South America,OWID_SAM,2016,92.9536
South America,OWID_SAM,2017,94.16985
South America,OWID_SAM,2018,95.949875
South America,OWID_SAM,2019,95.21932
South America,OWID_SAM,2020,95.97764
South America,OWID_SAM,2021,96.715645
South America,OWID_SAM,2022,97.64287
South America,OWID_SAM,2023,98.69152
South America (FAO),,1961,62.88
South America (FAO),,1962,62.9
South America (FAO),,1963,63
South America (FAO),,1964,63.21
South America (FAO),,1965,64.02
South America (FAO),,1966,63.9
South America (FAO),,1967,64.87
South America (FAO),,1968,65.79
South America (FAO),,1969,65.21
South America (FAO),,1970,64.73
South America (FAO),,1971,64.36
South America (FAO),,1972,62.68
South America (FAO),,1973,62.28
South America (FAO),,1974,63.66
South America (FAO),,1975,64.54
South America (FAO),,1976,64.52
South America (FAO),,1977,64.63
South America (FAO),,1978,64.9
South America (FAO),,1979,66.44
South America (FAO),,1980,67.2
South America (FAO),,1981,66.75
South America (FAO),,1982,65.87
South America (FAO),,1983,64.47
South America (FAO),,1984,65.01
South America (FAO),,1985,65.4
South America (FAO),,1986,65.66
South America (FAO),,1987,66.37
South America (FAO),,1988,65.76
South America (FAO),,1989,65.89
South America (FAO),,1990,65.16
South America (FAO),,1991,67.45
South America (FAO),,1992,68.36
South America (FAO),,1993,69.58
South America (FAO),,1994,71.62
South America (FAO),,1995,72.94
South America (FAO),,1996,75.51
South America (FAO),,1997,74.86
South America (FAO),,1998,74.75
South America (FAO),,1999,76.1
South America (FAO),,2000,76.6
South America (FAO),,2001,76.73
South America (FAO),,2002,75.86
South America (FAO),,2003,77.79
South America (FAO),,2004,77.14
South America (FAO),,2005,77.53
South America (FAO),,2006,78.98
South America (FAO),,2007,80.05
South America (FAO),,2008,82.49
South America (FAO),,2009,81.89
South America (FAO),,2010,91.45
South America (FAO),,2011,92.68
South America (FAO),,2012,92.33
South America (FAO),,2013,93.87
South America (FAO),,2014,95.03
South America (FAO),,2015,94.27
South America (FAO),,2016,92.95
South America (FAO),,2017,94.17
South America (FAO),,2018,95.95
South America (FAO),,2019,95.22
South America (FAO),,2020,95.98
South America (FAO),,2021,96.72
South America (FAO),,2022,97.64
South America (FAO),,2023,98.69
South Korea,KOR,1961,54.630234
South Korea,KOR,1962,53.983498
South Korea,KOR,1963,54.053493
South Korea,KOR,1964,53.947945
South Korea,KOR,1965,58.542183
South Korea,KOR,1966,60.167694
South Korea,KOR,1967,63.79504
South Korea,KOR,1968,67.57687
South Korea,KOR,1969,69.65712
South Korea,KOR,1970,69.429146
South Korea,KOR,1971,72.47826
South Korea,KOR,1972,75.21646
South Korea,KOR,1973,77.74111
South Korea,KOR,1974,79.472374
South Korea,KOR,1975,83.43527
South Korea,KOR,1976,85.57939
South Korea,KOR,1977,78.56197
South Korea,KOR,1978,82.46962
South Korea,KOR,1979,83.863815
South Korea,KOR,1980,81.29203
South Korea,KOR,1981,82.947716
South Korea,KOR,1982,79.304474
South Korea,KOR,1983,78.54885
South Korea,KOR,1984,81.55963
South Korea,KOR,1985,78.1615
South Korea,KOR,1986,79.77856
South Korea,KOR,1987,82.755196
South Korea,KOR,1988,82.23656
South Korea,KOR,1989,81.46205
South Korea,KOR,1990,80.92084
South Korea,KOR,1991,74.35644
South Korea,KOR,1992,80.89429
South Korea,KOR,1993,82.93095
South Korea,KOR,1994,83.10026
South Korea,KOR,1995,85.06706
South Korea,KOR,1996,83.454384
South Korea,KOR,1997,83.58813
South Korea,KOR,1998,80.33973
South Korea,KOR,1999,88.000984
South Korea,KOR,2000,85.707954
South Korea,KOR,2001,85.908325
South Korea,KOR,2002,87.15957
South Korea,KOR,2003,87.48841
South Korea,KOR,2004,85.3263
South Korea,KOR,2005,86.121
South Korea,KOR,2006,88.88516
South Korea,KOR,2007,89.9064
South Korea,KOR,2008,92.189224
South Korea,KOR,2009,91.14769
South Korea,KOR,2010,101.7
South Korea,KOR,2011,105.59
South Korea,KOR,2012,103.41999
South Korea,KOR,2013,103.87998
South Korea,KOR,2014,103.630005
South Korea,KOR,2015,103.52
South Korea,KOR,2016,104.51001
South Korea,KOR,2017,106.98
South Korea,KOR,2018,107.92999
South Korea,KOR,2019,106.94002
South Korea,KOR,2020,106.36
South Korea,KOR,2021,108.159996
South Korea,KOR,2022,109.26999
South Korea,KOR,2023,110.68999
South Sudan,SSD,2019,74.41299
South Sudan,SSD,2020,72.76716
South Sudan,SSD,2021,74.60431
South Sudan,SSD,2022,74.0174
South-eastern Asia (FAO),,1961,39.54
South-eastern Asia (FAO),,1962,40.11
South-eastern Asia (FAO),,1963,40.64
South-eastern Asia (FAO),,1964,40.94
South-eastern Asia (FAO),,1965,40.76
South-eastern Asia (FAO),,1966,41.46
South-eastern Asia (FAO),,1967,41.27
South-eastern Asia (FAO),,1968,42.16
South-eastern Asia (FAO),,1969,42.45
South-eastern Asia (FAO),,1970,43.15
South-eastern Asia (FAO),,1971,43.21
South-eastern Asia (FAO),,1972,43.75
South-eastern Asia (FAO),,1973,44.35
South-eastern Asia (FAO),,1974,44.48
South-eastern Asia (FAO),,1975,43.92
South-eastern Asia (FAO),,1976,43.41
South-eastern Asia (FAO),,1977,43.99
South-eastern Asia (FAO),,1978,45.07
South-eastern Asia (FAO),,1979,45.41
South-eastern Asia (FAO),,1980,45.87
South-eastern Asia (FAO),,1981,46.73
South-eastern Asia (FAO),,1982,46.16
South-eastern Asia (FAO),,1983,47.4
South-eastern Asia (FAO),,1984,47.67
South-eastern Asia (FAO),,1985,46.86
South-eastern Asia (FAO),,1986,47.89
South-eastern Asia (FAO),,1987,47.61
South-eastern Asia (FAO),,1988,48.61
South-eastern Asia (FAO),,1989,48.82
South-eastern Asia (FAO),,1990,48.37
South-eastern Asia (FAO),,1991,49.08
South-eastern Asia (FAO),,1992,50.75
South-eastern Asia (FAO),,1993,51.36
South-eastern Asia (FAO),,1994,53.17
South-eastern Asia (FAO),,1995,53.91
South-eastern Asia (FAO),,1996,54.06
South-eastern Asia (FAO),,1997,53.52
South-eastern Asia (FAO),,1998,53.4
South-eastern Asia (FAO),,1999,54.15
South-eastern Asia (FAO),,2000,54.86
South-eastern Asia (FAO),,2001,55.13
South-eastern Asia (FAO),,2002,56.1
South-eastern Asia (FAO),,2003,56.85
South-eastern Asia (FAO),,2004,58.04
South-eastern Asia (FAO),,2005,58.76
South-eastern Asia (FAO),,2006,59.99
South-eastern Asia (FAO),,2007,61.35
South-eastern Asia (FAO),,2008,61.79
South-eastern Asia (FAO),,2009,63.52
South-eastern Asia (FAO),,2010,71.7
South-eastern Asia (FAO),,2011,73.15
South-eastern Asia (FAO),,2012,74.18
South-eastern Asia (FAO),,2013,74.37
South-eastern Asia (FAO),,2014,75.85
South-eastern Asia (FAO),,2015,77.24
South-eastern Asia (FAO),,2016,77.96
South-eastern Asia (FAO),,2017,80.41
South-eastern Asia (FAO),,2018,80.66
South-eastern Asia (FAO),,2019,81.08
South-eastern Asia (FAO),,2020,78.79
South-eastern Asia (FAO),,2021,79.4
South-eastern Asia (FAO),,2022,80.53
South-eastern Asia (FAO),,2023,80.89
Southern Africa (FAO),,1961,70.1
Southern Africa (FAO),,1962,67.87
Southern Africa (FAO),,1963,69.59
Southern Africa (FAO),,1964,69.91
Southern Africa (FAO),,1965,73.86
Southern Africa (FAO),,1966,72.06
Southern Africa (FAO),,1967,71.73
Southern Africa (FAO),,1968,71.93
Southern Africa (FAO),,1969,72.42
Southern Africa (FAO),,1970,72.55
Southern Africa (FAO),,1971,72.07
Southern Africa (FAO),,1972,73.84
Southern Africa (FAO),,1973,73.86
Southern Africa (FAO),,1974,74.4
Southern Africa (FAO),,1975,74.6
Southern Africa (FAO),,1976,72.98
Southern Africa (FAO),,1977,74.19
Southern Africa (FAO),,1978,74.62
Southern Africa (FAO),,1979,74.51
Southern Africa (FAO),,1980,73.89
Southern Africa (FAO),,1981,72.69
Southern Africa (FAO),,1982,74.86
Southern Africa (FAO),,1983,72.98
Southern Africa (FAO),,1984,72.7
Southern Africa (FAO),,1985,72.47
Southern Africa (FAO),,1986,70.14
Southern Africa (FAO),,1987,73.68
Southern Africa (FAO),,1988,72.81
Southern Africa (FAO),,1989,70.28
Southern Africa (FAO),,1990,72.71
Southern Africa (FAO),,1991,71.62
Southern Africa (FAO),,1992,72.67
Southern Africa (FAO),,1993,73.39
Southern Africa (FAO),,1994,72.21
Southern Africa (FAO),,1995,71.81
Southern Africa (FAO),,1996,70.94
Southern Africa (FAO),,1997,71.68
Southern Africa (FAO),,1998,70.94
Southern Africa (FAO),,1999,71.81
Southern Africa (FAO),,2000,75.07
Southern Africa (FAO),,2001,74.93
Southern Africa (FAO),,2002,73.78
Southern Africa (FAO),,2003,74.45
Southern Africa (FAO),,2004,76.55
Southern Africa (FAO),,2005,77.25
Southern Africa (FAO),,2006,77.78
Southern Africa (FAO),,2007,78.91
Southern Africa (FAO),,2008,79.02
Southern Africa (FAO),,2009,78.38
Southern Africa (FAO),,2010,77.2
Southern Africa (FAO),,2011,77.66
Southern Africa (FAO),,2012,78.11
Southern Africa (FAO),,2013,77.93
Southern Africa (FAO),,2014,79
Southern Africa (FAO),,2015,77.78
Southern Africa (FAO),,2016,78.61
Southern Africa (FAO),,2017,77.5
Southern Africa (FAO),,2018,78.41
Southern Africa (FAO),,2019,77.45
Southern Africa (FAO),,2020,79.53
Southern Africa (FAO),,2021,77.62
Southern Africa (FAO),,2022,77.01
Southern Africa (FAO),,2023,77.09
Southern Asia (FAO),,1961,51.85
Southern Asia (FAO),,1962,52.01
Southern Asia (FAO),,1963,50.51
Southern Asia (FAO),,1964,51.04
Southern Asia (FAO),,1965,50.08
Southern Asia (FAO),,1966,49.43
Southern Asia (FAO),,1967,49.99
Southern Asia (FAO),,1968,51.47
Southern Asia (FAO),,1969,51.76
Southern Asia (FAO),,1970,53.23
Southern Asia (FAO),,1971,50.12
Southern Asia (FAO),,1972,50.27
Southern Asia (FAO),,1973,52.13
Southern Asia (FAO),,1974,49.46
Southern Asia (FAO),,1975,51.36
Southern Asia (FAO),,1976,49.65
Southern Asia (FAO),,1977,52.16
Southern Asia (FAO),,1978,53.16
Southern Asia (FAO),,1979,51.14
Southern Asia (FAO),,1980,49.7
Southern Asia (FAO),,1981,51.32
Southern Asia (FAO),,1982,51.2
Southern Asia (FAO),,1983,55.08
Southern Asia (FAO),,1984,54.24
Southern Asia (FAO),,1985,52.88
Southern Asia (FAO),,1986,53.7
Southern Asia (FAO),,1987,54.37
Southern Asia (FAO),,1988,55.72
Southern Asia (FAO),,1989,57.8
Southern Asia (FAO),,1990,54.23
Southern Asia (FAO),,1991,55.97
Southern Asia (FAO),,1992,56.84
Southern Asia (FAO),,1993,55.93
Southern Asia (FAO),,1994,56.11
Southern Asia (FAO),,1995,56.64
Southern Asia (FAO),,1996,56.84
Southern Asia (FAO),,1997,56.98
Southern Asia (FAO),,1998,56.84
Southern Asia (FAO),,1999,58.01
Southern Asia (FAO),,2000,57.44
Southern Asia (FAO),,2001,56.97
Southern Asia (FAO),,2002,55.67
Southern Asia (FAO),,2003,55.92
Southern Asia (FAO),,2004,55.83
Southern Asia (FAO),,2005,55.64
Southern Asia (FAO),,2006,57.24
Southern Asia (FAO),,2007,59.26
Southern Asia (FAO),,2008,59.24
Southern Asia (FAO),,2009,59.39
Southern Asia (FAO),,2010,61.95
Southern Asia (FAO),,2011,61.92
Southern Asia (FAO),,2012,62.15
Southern Asia (FAO),,2013,63.75
Southern Asia (FAO),,2014,64.49
Southern Asia (FAO),,2015,64.68
Southern Asia (FAO),,2016,65.94
Southern Asia (FAO),,2017,67.63
Southern Asia (FAO),,2018,67.19
Southern Asia (FAO),,2019,68.42
Southern Asia (FAO),,2020,70.54
Southern Asia (FAO),,2021,71.57
Southern Asia (FAO),,2022,72.97
Southern Asia (FAO),,2023,73.89
Southern Europe (FAO),,1961,81.73
Southern Europe (FAO),,1962,83.11
Southern Europe (FAO),,1963,84.61
Southern Europe (FAO),,1964,84.83
Southern Europe (FAO),,1965,85.85
Southern Europe (FAO),,1966,87.78
Southern Europe (FAO),,1967,89.87
Southern Europe (FAO),,1968,90.64
Southern Europe (FAO),,1969,90.33
Southern Europe (FAO),,1970,92.91
Southern Europe (FAO),,1971,92.98
Southern Europe (FAO),,1972,93.97
Southern Europe (FAO),,1973,96.66
Southern Europe (FAO),,1974,96.95
Southern Europe (FAO),,1975,96.78
Southern Europe (FAO),,1976,97.52
Southern Europe (FAO),,1977,97.93
Southern Europe (FAO),,1978,99.25
Southern Europe (FAO),,1979,100.91
Southern Europe (FAO),,1980,101.91
Southern Europe (FAO),,1981,99.94
Southern Europe (FAO),,1982,99.98
Southern Europe (FAO),,1983,100.37
Southern Europe (FAO),,1984,101.6
Southern Europe (FAO),,1985,101.9
Southern Europe (FAO),,1986,102.51
Southern Europe (FAO),,1987,103.9
Southern Europe (FAO),,1988,104.61
Southern Europe (FAO),,1989,105.58
Southern Europe (FAO),,1990,107.15
Southern Europe (FAO),,1991,107.65
Southern Europe (FAO),,1992,103.28
Southern Europe (FAO),,1993,102.55
Southern Europe (FAO),,1994,103.37
Southern Europe (FAO),,1995,103.36
Southern Europe (FAO),,1996,105.48
Southern Europe (FAO),,1997,104.88
Southern Europe (FAO),,1998,107.76
Southern Europe (FAO),,1999,108.31
Southern Europe (FAO),,2000,107.43
Southern Europe (FAO),,2001,107.28
Southern Europe (FAO),,2002,108.15
Southern Europe (FAO),,2003,107.04
Southern Europe (FAO),,2004,106.93
Southern Europe (FAO),,2005,105.87
Southern Europe (FAO),,2006,106.39
Southern Europe (FAO),,2007,107.27
Southern Europe (FAO),,2008,106.22
Southern Europe (FAO),,2009,106.87
Southern Europe (FAO),,2010,114.19
Southern Europe (FAO),,2011,112.95
Southern Europe (FAO),,2012,112.34
Southern Europe (FAO),,2013,112.64
Southern Europe (FAO),,2014,110.49
Southern Europe (FAO),,2015,110.48
Southern Europe (FAO),,2016,110.76
Southern Europe (FAO),,2017,111.59
Southern Europe (FAO),,2018,113.84
Southern Europe (FAO),,2019,114.85
Southern Europe (FAO),,2020,113.27
Southern Europe (FAO),,2021,114.82
Southern Europe (FAO),,2022,115.56
Southern Europe (FAO),,2023,117.67
Spain,ESP,1961,79.02624
Spain,ESP,1962,80.78812
Spain,ESP,1963,81.19638
Spain,ESP,1964,78.5227
Spain,ESP,1965,77.68806
Spain,ESP,1966,82.047295
Spain,ESP,1967,82.6871
Spain,ESP,1968,84.259155
Spain,ESP,1969,81.06439
Spain,ESP,1970,84.048416
Spain,ESP,1971,84.53859
Spain,ESP,1972,87.63092
Spain,ESP,1973,89.12241
Spain,ESP,1974,93.37365
Spain,ESP,1975,93.351715
Spain,ESP,1976,94.003975
Spain,ESP,1977,93.501236
Spain,ESP,1978,95.069176
Spain,ESP,1979,95.76893
Spain,ESP,1980,98.14336
Spain,ESP,1981,95.474075
Spain,ESP,1982,98.75813
Spain,ESP,1983,98.35582
Spain,ESP,1984,99.73598
Spain,ESP,1985,99.645065
Spain,ESP,1986,98.627075
Spain,ESP,1987,101.67616
Spain,ESP,1988,103.652084
Spain,ESP,1989,104.30452
Spain,ESP,1990,105.42239
Spain,ESP,1991,107.33997
Spain,ESP,1992,106.76024
Spain,ESP,1993,106.99897
Spain,ESP,1994,107.64298
Spain,ESP,1995,106.0013
Spain,ESP,1996,107.58054
Spain,ESP,1997,106.38772
Spain,ESP,1998,111.71467
Spain,ESP,1999,110.332886
Spain,ESP,2000,110.23383
Spain,ESP,2001,111.48351
Spain,ESP,2002,114.27047
Spain,ESP,2003,112.447174
Spain,ESP,2004,109.38652
Spain,ESP,2005,107.285866
Spain,ESP,2006,108.54945
Spain,ESP,2007,109.15653
Spain,ESP,2008,105.760956
Spain,ESP,2009,105.978935
Spain,ESP,2010,109.69
Spain,ESP,2011,108.99
Spain,ESP,2012,108.41999
Spain,ESP,2013,109.41999
Spain,ESP,2014,108.450005
Spain,ESP,2015,109.02002
Spain,ESP,2016,110.69
Spain,ESP,2017,110.20001
Spain,ESP,2018,114.12001
Spain,ESP,2019,115.67
Spain,ESP,2020,113.360016
Spain,ESP,2021,113.309975
Spain,ESP,2022,114.969986
Spain,ESP,2023,117.639984
Sri Lanka,LKA,1961,43.74755
Sri Lanka,LKA,1962,43.335022
Sri Lanka,LKA,1963,43.591087
Sri Lanka,LKA,1964,49.477837
Sri Lanka,LKA,1965,46.309177
Sri Lanka,LKA,1966,49.40836
Sri Lanka,LKA,1967,49.6488
Sri Lanka,LKA,1968,48.703762
Sri Lanka,LKA,1969,48.020725
Sri Lanka,LKA,1970,47.28954
Sri Lanka,LKA,1971,43.820667
Sri Lanka,LKA,1972,45.846333
Sri Lanka,LKA,1973,44.183796
Sri Lanka,LKA,1974,44.635693
Sri Lanka,LKA,1975,44.54719
Sri Lanka,LKA,1976,43.559067
Sri Lanka,LKA,1977,46.779736
Sri Lanka,LKA,1978,47.769337
Sri Lanka,LKA,1979,46.823566
Sri Lanka,LKA,1980,45.793633
Sri Lanka,LKA,1981,45.37691
Sri Lanka,LKA,1982,46.72035
Sri Lanka,LKA,1983,47.642685
Sri Lanka,LKA,1984,49.64249
Sri Lanka,LKA,1985,48.845024
Sri Lanka,LKA,1986,48.928032
Sri Lanka,LKA,1987,50.347534
Sri Lanka,LKA,1988,50.68032
Sri Lanka,LKA,1989,48.859066
Sri Lanka,LKA,1990,49.474564
Sri Lanka,LKA,1991,51.24102
Sri Lanka,LKA,1992,51.040134
Sri Lanka,LKA,1993,49.534008
Sri Lanka,LKA,1994,51.060925
Sri Lanka,LKA,1995,53.207367
Sri Lanka,LKA,1996,52.14434
Sri Lanka,LKA,1997,52.501694
Sri Lanka,LKA,1998,51.094975
Sri Lanka,LKA,1999,53.84078
Sri Lanka,LKA,2000,50.736454
Sri Lanka,LKA,2001,51.564068
Sri Lanka,LKA,2002,51.600605
Sri Lanka,LKA,2003,53.057034
Sri Lanka,LKA,2004,53.836426
Sri Lanka,LKA,2005,52.047295
Sri Lanka,LKA,2006,53.431103
Sri Lanka,LKA,2007,55.75669
Sri Lanka,LKA,2008,54.3189
Sri Lanka,LKA,2009,55.79177
Sri Lanka,LKA,2010,61.579994
Sri Lanka,LKA,2011,62.459988
Sri Lanka,LKA,2012,63.81
Sri Lanka,LKA,2013,66.06
Sri Lanka,LKA,2014,66.510025
Sri Lanka,LKA,2015,78.11999
Sri Lanka,LKA,2016,72.00002
Sri Lanka,LKA,2017,71.819984
Sri Lanka,LKA,2018,74.770004
Sri Lanka,LKA,2019,72.85999
Sri Lanka,LKA,2020,76.850006
Sri Lanka,LKA,2021,75.33997
Sri Lanka,LKA,2022,65.37002
Sri Lanka,LKA,2023,67.540016
Sudan,SDN,2012,73.13217
Sudan,SDN,2013,75.123
Sudan,SDN,2014,74.54344
Sudan,SDN,2015,73.415596
Sudan,SDN,2016,72.56069
Sudan,SDN,2017,72.29441
Sudan,SDN,2018,72.241585
Sudan,SDN,2019,71.88868
Sudan,SDN,2020,69.64895
Sudan,SDN,2021,69.58727
Sudan,SDN,2022,70.486885
Sudan (former),OWID_SDN,1961,50.311916
Sudan (former),OWID_SDN,1962,55.569027
Sudan (former),OWID_SDN,1963,53.612267
Sudan (former),OWID_SDN,1964,54.75386
Sudan (former),OWID_SDN,1965,49.53779
Sudan (former),OWID_SDN,1966,48.858322
Sudan (former),OWID_SDN,1967,52.06797
Sudan (former),OWID_SDN,1968,52.801098
Sudan (former),OWID_SDN,1969,52.489285
Sudan (former),OWID_SDN,1970,54.321453
Sudan (former),OWID_SDN,1971,53.9899
Sudan (former),OWID_SDN,1972,53.237617
Sudan (former),OWID_SDN,1973,52.95073
Sudan (former),OWID_SDN,1974,53.41172
Sudan (former),OWID_SDN,1975,52.603924
Sudan (former),OWID_SDN,1976,53.148113
Sudan (former),OWID_SDN,1977,53.208755
Sudan (former),OWID_SDN,1978,57.547924
Sudan (former),OWID_SDN,1979,55.79563
Sudan (former),OWID_SDN,1980,56.054108
Sudan (former),OWID_SDN,1981,57.656574
Sudan (former),OWID_SDN,1982,54.58978
Sudan (former),OWID_SDN,1983,56.291264
Sudan (former),OWID_SDN,1984,49.560303
Sudan (former),OWID_SDN,1985,57.401134
Sudan (former),OWID_SDN,1986,57.45906
Sudan (former),OWID_SDN,1987,55.693176
Sudan (former),OWID_SDN,1988,59.167416
Sudan (former),OWID_SDN,1989,58.924374
Sudan (former),OWID_SDN,1990,58.662968
Sudan (former),OWID_SDN,1991,62.858948
Sudan (former),OWID_SDN,1992,63.405754
Sudan (former),OWID_SDN,1993,66.13253
Sudan (former),OWID_SDN,1994,68.50754
Sudan (former),OWID_SDN,1995,69.87336
Sudan (former),OWID_SDN,1996,69.92996
Sudan (former),OWID_SDN,1997,70.16983
Sudan (former),OWID_SDN,1998,70.0818
Sudan (former),OWID_SDN,1999,71.20599
Sudan (former),OWID_SDN,2000,72.06453
Sudan (former),OWID_SDN,2001,73.86315
Sudan (former),OWID_SDN,2002,74.99003
Sudan (former),OWID_SDN,2003,75.11985
Sudan (former),OWID_SDN,2004,72.99398
Sudan (former),OWID_SDN,2005,73.16691
Sudan (former),OWID_SDN,2006,74.08103
Sudan (former),OWID_SDN,2007,73.72759
Sudan (former),OWID_SDN,2008,73.74203
Sudan (former),OWID_SDN,2009,71.66816
Sudan (former),OWID_SDN,2010,71.451324
Sudan (former),OWID_SDN,2011,70.37146
Suriname,SUR,1961,55.165764
Suriname,SUR,1962,52.270134
Suriname,SUR,1963,54.337772
Suriname,SUR,1964,58.58076
Suriname,SUR,1965,57.029594
Suriname,SUR,1966,55.492786
Suriname,SUR,1967,55.606983
Suriname,SUR,1968,56.549244
Suriname,SUR,1969,59.846283
Suriname,SUR,1970,54.959194
Suriname,SUR,1971,52.54932
Suriname,SUR,1972,53.422474
Suriname,SUR,1973,51.492764
Suriname,SUR,1974,51.467068
Suriname,SUR,1975,50.489643
Suriname,SUR,1976,52.099403
Suriname,SUR,1977,54.562225
Suriname,SUR,1978,56.043743
Suriname,SUR,1979,54.719986
Suriname,SUR,1980,58.098953
Suriname,SUR,1981,60.09279
Suriname,SUR,1982,61.332355
Suriname,SUR,1983,65.391464
Suriname,SUR,1984,63.294174
Suriname,SUR,1985,63.37887
Suriname,SUR,1986,59.77038
Suriname,SUR,1987,64.05783
Suriname,SUR,1988,60.30356
Suriname,SUR,1989,63.131863
Suriname,SUR,1990,63.896534
Suriname,SUR,1991,64.89245
Suriname,SUR,1992,62.919933
Suriname,SUR,1993,64.07162
Suriname,SUR,1994,61.33666
Suriname,SUR,1995,60.577682
Suriname,SUR,1996,59.264507
Suriname,SUR,1997,59.251003
Suriname,SUR,1998,57.85507
Suriname,SUR,1999,56.21374
Suriname,SUR,2000,55.97373
Suriname,SUR,2001,54.740017
Suriname,SUR,2002,54.4411
Suriname,SUR,2003,53.10234
Suriname,SUR,2004,53.777145
Suriname,SUR,2005,55.235584
Suriname,SUR,2006,56.61739
Suriname,SUR,2007,57.499443
Suriname,SUR,2008,56.613842
Suriname,SUR,2009,58.258217
Suriname,SUR,2010,70.56859
Suriname,SUR,2011,69.08888
Suriname,SUR,2012,70.82874
Suriname,SUR,2013,71.51949
Suriname,SUR,2014,69.92879
Suriname,SUR,2015,68.30953
Suriname,SUR,2016,68.77941
Suriname,SUR,2017,68.448845
Suriname,SUR,2018,73.4189
Suriname,SUR,2019,76.81886
Suriname,SUR,2020,76.13
Suriname,SUR,2021,73.749405
Suriname,SUR,2022,72.69859
Suriname,SUR,2023,68.319786
Sweden,SWE,1961,86.21022
Sweden,SWE,1962,84.76204
Sweden,SWE,1963,84.58383
Sweden,SWE,1964,86.14455
Sweden,SWE,1965,85.88864
Sweden,SWE,1966,87.352264
Sweden,SWE,1967,86.6306
Sweden,SWE,1968,86.32056
Sweden,SWE,1969,85.85119
Sweden,SWE,1970,87.607666
Sweden,SWE,1971,88.72112
Sweden,SWE,1972,85.8155
Sweden,SWE,1973,87.044395
Sweden,SWE,1974,89.641785
Sweden,SWE,1975,92.21404
Sweden,SWE,1976,95.82046
Sweden,SWE,1977,95.2042
Sweden,SWE,1978,93.9969
Sweden,SWE,1979,95.88446
Sweden,SWE,1980,97.62623
Sweden,SWE,1981,95.9347
Sweden,SWE,1982,96.6247
Sweden,SWE,1983,95.52655
Sweden,SWE,1984,97.830864
Sweden,SWE,1985,96.00864
Sweden,SWE,1986,95.95528
Sweden,SWE,1987,94.2331
Sweden,SWE,1988,95.43293
Sweden,SWE,1989,97.030334
Sweden,SWE,1990,95.704796
Sweden,SWE,1991,94.14049
Sweden,SWE,1992,98.798676
Sweden,SWE,1993,100.830345
Sweden,SWE,1994,100.25049
Sweden,SWE,1995,96.117645
Sweden,SWE,1996,97.365395
Sweden,SWE,1997,99.71166
Sweden,SWE,1998,100.0874
Sweden,SWE,1999,102.41289
Sweden,SWE,2000,101.91886
Sweden,SWE,2001,103.80636
Sweden,SWE,2002,107.53051
Sweden,SWE,2003,107.99153
Sweden,SWE,2004,108.185745
Sweden,SWE,2005,108.022736
Sweden,SWE,2006,107.80115
Sweden,SWE,2007,107.175446
Sweden,SWE,2008,109.10837
Sweden,SWE,2009,107.7904
Sweden,SWE,2010,113.93996
Sweden,SWE,2011,113.26996
Sweden,SWE,2012,111.17015
Sweden,SWE,2013,113.72
Sweden,SWE,2014,112.9999
Sweden,SWE,2015,112.30997
Sweden,SWE,2016,110.41999
Sweden,SWE,2017,109.909966
Sweden,SWE,2018,107.850006
Sweden,SWE,2019,113.12011
Sweden,SWE,2020,112.35009
Sweden,SWE,2021,112.079956
Sweden,SWE,2022,113.06005
Sweden,SWE,2023,112.79997
Switzerland,CHE,1961,94.2612
Switzerland,CHE,1962,88.81888
Switzerland,CHE,1963,90.06894
Switzerland,CHE,1964,89.88622
Switzerland,CHE,1965,91.51537
Switzerland,CHE,1966,89.915276
Switzerland,CHE,1967,87.39389
Switzerland,CHE,1968,88.96875
Switzerland,CHE,1969,89.26829
Switzerland,CHE,1970,91.63291
Switzerland,CHE,1971,90.36292
Switzerland,CHE,1972,92.41138
Switzerland,CHE,1973,93.173035
Switzerland,CHE,1974,90.16458
Switzerland,CHE,1975,88.722885
Switzerland,CHE,1976,92.795784
Switzerland,CHE,1977,96.90132
Switzerland,CHE,1978,99.05603
Switzerland,CHE,1979,95.28554
Switzerland,CHE,1980,98.26297
Switzerland,CHE,1981,99.26397
Switzerland,CHE,1982,98.08414
Switzerland,CHE,1983,95.79444
Switzerland,CHE,1984,97.588165
Switzerland,CHE,1985,98.52172
Switzerland,CHE,1986,97.9927
Switzerland,CHE,1987,99.54486
Switzerland,CHE,1988,97.28732
Switzerland,CHE,1989,97.610664
Switzerland,CHE,1990,98.7604
Switzerland,CHE,1991,98.44827
Switzerland,CHE,1992,98.49752
Switzerland,CHE,1993,96.25793
Switzerland,CHE,1994,96.106125
Switzerland,CHE,1995,94.11507
Switzerland,CHE,1996,93.3229
Switzerland,CHE,1997,93.361046
Switzerland,CHE,1998,95.14957
Switzerland,CHE,1999,92.66757
Switzerland,CHE,2000,95.6098
Switzerland,CHE,2001,94.40711
Switzerland,CHE,2002,93.29663
Switzerland,CHE,2003,93.13204
Switzerland,CHE,2004,92.267624
Switzerland,CHE,2005,91.6377
Switzerland,CHE,2006,92.272995
Switzerland,CHE,2007,94.2644
Switzerland,CHE,2008,93.55778
Switzerland,CHE,2009,94.70551
Switzerland,CHE,2010,98.64
Switzerland,CHE,2011,99.40989
Switzerland,CHE,2012,95.90004
Switzerland,CHE,2013,96.73002
Switzerland,CHE,2014,100.59003
Switzerland,CHE,2015,100.46988
Switzerland,CHE,2016,99.39997
Switzerland,CHE,2017,99.64
Switzerland,CHE,2018,100.48998
Switzerland,CHE,2019,99.78994
Switzerland,CHE,2020,103.50998
Switzerland,CHE,2021,103.12001
Switzerland,CHE,2022,104.53
Switzerland,CHE,2023,101.40995
Syria,SYR,2010,79.43001
Syria,SYR,2011,81.47999
Syria,SYR,2012,79.27999
Syria,SYR,2013,78.659996
Syria,SYR,2014,77.06
Syria,SYR,2015,76.15002
Syria,SYR,2016,73.639984
Syria,SYR,2017,70.99999
Syria,SYR,2018,72.2
Syria,SYR,2019,72.75998
Syria,SYR,2020,76.46999
Syria,SYR,2021,73.07001
Syria,SYR,2022,69.14
Syria,SYR,2023,70.55998
Taiwan,TWN,1961,58.532528
Taiwan,TWN,1962,57.826813
Taiwan,TWN,1963,57.792515
Taiwan,TWN,1964,58.888866
Taiwan,TWN,1965,59.22023
Taiwan,TWN,1966,58.882435
Taiwan,TWN,1967,60.914677
Taiwan,TWN,1968,62.674305
Taiwan,TWN,1969,66.499
Taiwan,TWN,1970,68.25626
Taiwan,TWN,1971,69.50373
Taiwan,TWN,1972,71.534874
Taiwan,TWN,1973,71.69276
Taiwan,TWN,1974,71.68424
Taiwan,TWN,1975,73.91865
Taiwan,TWN,1976,74.22636
Taiwan,TWN,1977,74.51269
Taiwan,TWN,1978,75.9686
Taiwan,TWN,1979,77.5482
Taiwan,TWN,1980,75.83261
Taiwan,TWN,1981,74.37721
Taiwan,TWN,1982,74.074326
Taiwan,TWN,1983,74.46386
Taiwan,TWN,1984,76.10166
Taiwan,TWN,1985,77.60462
Taiwan,TWN,1986,77.64118
Taiwan,TWN,1987,81.13988
Taiwan,TWN,1988,81.31436
Taiwan,TWN,1989,83.56128
Taiwan,TWN,1990,83.64956
Taiwan,TWN,1991,84.186966
Taiwan,TWN,1992,84.91535
Taiwan,TWN,1993,87.85739
Taiwan,TWN,1994,88.0065
Taiwan,TWN,1995,89.498795
Taiwan,TWN,1996,90.95496
Taiwan,TWN,1997,95.60863
Taiwan,TWN,1998,91.09299
Taiwan,TWN,1999,93.13901
Taiwan,TWN,2000,92.786964
Taiwan,TWN,2001,89.3246
Taiwan,TWN,2002,89.91536
Taiwan,TWN,2003,89.61684
Taiwan,TWN,2004,87.757904
Taiwan,TWN,2005,87.32755
Taiwan,TWN,2006,87.50403
Taiwan,TWN,2007,90.06967
Taiwan,TWN,2008,89.60313
Taiwan,TWN,2009,87.94856
Taiwan,TWN,2010,92.33001
Taiwan,TWN,2011,94.600006
Taiwan,TWN,2012,93.95999
Taiwan,TWN,2013,92.96
Taiwan,TWN,2014,93.69004
Taiwan,TWN,2015,95.299965
Taiwan,TWN,2016,94.39
Taiwan,TWN,2017,93.4
Taiwan,TWN,2018,97.15001
Taiwan,TWN,2019,97.30002
Taiwan,TWN,2020,99.94
Taiwan,TWN,2021,98.28
Taiwan,TWN,2022,101.32001
Taiwan,TWN,2023,98.77002
Tajikistan,TJK,1992,54.825294
Tajikistan,TJK,1993,52.25526
Tajikistan,TJK,1994,51.29926
Tajikistan,TJK,1995,49.122192
Tajikistan,TJK,1996,45.280186
Tajikistan,TJK,1997,45.553722
Tajikistan,TJK,1998,47.56736
Tajikistan,TJK,1999,49.56799
Tajikistan,TJK,2000,49.047142
Tajikistan,TJK,2001,48.173252
Tajikistan,TJK,2002,48.414776
Tajikistan,TJK,2003,48.38726
Tajikistan,TJK,2004,48.145676
Tajikistan,TJK,2005,49.712826
Tajikistan,TJK,2006,50.85011
Tajikistan,TJK,2007,50.54661
Tajikistan,TJK,2008,51.21367
Tajikistan,TJK,2009,51.898712
Tajikistan,TJK,2010,60.70997
Tajikistan,TJK,2011,62.030014
Tajikistan,TJK,2012,64.33994
Tajikistan,TJK,2013,65.99989
Tajikistan,TJK,2014,66.63992
Tajikistan,TJK,2015,71.200005
Tajikistan,TJK,2016,73.35005
Tajikistan,TJK,2017,76.54007
Tajikistan,TJK,2018,81.02987
Tajikistan,TJK,2019,82.41
Tajikistan,TJK,2020,81.849976
Tajikistan,TJK,2021,81.86999
Tajikistan,TJK,2022,83.20993
Tajikistan,TJK,2023,83.13994
Tanzania,TZA,1961,42.68167
Tanzania,TZA,1962,42.33766
Tanzania,TZA,1963,43.196503
Tanzania,TZA,1964,41.156483
Tanzania,TZA,1965,41.83003
Tanzania,TZA,1966,44.00971
Tanzania,TZA,1967,42.481644
Tanzania,TZA,1968,42.951153
Tanzania,TZA,1969,42.126987
Tanzania,TZA,1970,42.0774
Tanzania,TZA,1971,41.36662
Tanzania,TZA,1972,41.022655
Tanzania,TZA,1973,43.271736
Tanzania,TZA,1974,45.883133
Tanzania,TZA,1975,51.770405
Tanzania,TZA,1976,52.729176
Tanzania,TZA,1977,54.08235
Tanzania,TZA,1978,53.879272
Tanzania,TZA,1979,54.37873
Tanzania,TZA,1980,53.98748
Tanzania,TZA,1981,52.86181
Tanzania,TZA,1982,53.143078
Tanzania,TZA,1983,52.092564
Tanzania,TZA,1984,53.85714
Tanzania,TZA,1985,55.80555
Tanzania,TZA,1986,54.76312
Tanzania,TZA,1987,55.903973
Tanzania,TZA,1988,54.50454
Tanzania,TZA,1989,56.982414
Tanzania,TZA,1990,54.51267
Tanzania,TZA,1991,54.984222
Tanzania,TZA,1992,53.623707
Tanzania,TZA,1993,53.138435
Tanzania,TZA,1994,52.60074
Tanzania,TZA,1995,53.19918
Tanzania,TZA,1996,52.825516
Tanzania,TZA,1997,52.783215
Tanzania,TZA,1998,54.258846
Tanzania,TZA,1999,54.01899
Tanzania,TZA,2000,52.451305
Tanzania,TZA,2001,53.048904
Tanzania,TZA,2002,54.757816
Tanzania,TZA,2003,51.668213
Tanzania,TZA,2004,53.56117
Tanzania,TZA,2005,53.922657
Tanzania,TZA,2006,54.805775
Tanzania,TZA,2007,56.33773
Tanzania,TZA,2008,53.18783
Tanzania,TZA,2009,55.11761
Tanzania,TZA,2010,55.109997
Tanzania,TZA,2011,56.62
Tanzania,TZA,2012,57.21
Tanzania,TZA,2013,58.329994
Tanzania,TZA,2014,59.36001
Tanzania,TZA,2015,58.710003
Tanzania,TZA,2016,59.12
Tanzania,TZA,2017,58.740005
Tanzania,TZA,2018,58.550007
Tanzania,TZA,2019,56.97
Tanzania,TZA,2020,57.289997
Tanzania,TZA,2021,58.19
Tanzania,TZA,2022,60.08
Tanzania,TZA,2023,60.460003
Thailand,THA,1961,43.13324
Thailand,THA,1962,46.300877
Thailand,THA,1963,49.393814
Thailand,THA,1964,49.136868
Thailand,THA,1965,46.96407
Thailand,THA,1966,51.864117
Thailand,THA,1967,49.87722
Thailand,THA,1968,52.921886
Thailand,THA,1969,52.122776
Thailand,THA,1970,52.752552
Thailand,THA,1971,52.102253
Thailand,THA,1972,53.08784
Thailand,THA,1973,53.982025
Thailand,THA,1974,52.23225
Thailand,THA,1975,52.06318
Thailand,THA,1976,51.00657
Thailand,THA,1977,50.291233
Thailand,THA,1978,54.642937
Thailand,THA,1979,49.29441
Thailand,THA,1980,50.201767
Thailand,THA,1981,51.20841
Thailand,THA,1982,47.68691
Thailand,THA,1983,51.166462
Thailand,THA,1984,50.02195
Thailand,THA,1985,50.302708
Thailand,THA,1986,50.447155
Thailand,THA,1987,48.33791
Thailand,THA,1988,49.08506
Thailand,THA,1989,48.90796
Thailand,THA,1990,50.88904
Thailand,THA,1991,54.57603
Thailand,THA,1992,55.846542
Thailand,THA,1993,54.84505
Thailand,THA,1994,56.78343
Thailand,THA,1995,57.1094
Thailand,THA,1996,59.760746
Thailand,THA,1997,58.328564
Thailand,THA,1998,58.43547
Thailand,THA,1999,57.805836
Thailand,THA,2000,58.812828
Thailand,THA,2001,57.003845
Thailand,THA,2002,58.014034
Thailand,THA,2003,57.7595
Thailand,THA,2004,58.193615
Thailand,THA,2005,60.109688
Thailand,THA,2006,60.056786
Thailand,THA,2007,58.46277
Thailand,THA,2008,56.45608
Thailand,THA,2009,56.605034
Thailand,THA,2010,64.33001
Thailand,THA,2011,63.84
Thailand,THA,2012,66.25001
Thailand,THA,2013,65.69
Thailand,THA,2014,66.50001
Thailand,THA,2015,67.28001
Thailand,THA,2016,66.91001
Thailand,THA,2017,66.40001
Thailand,THA,2018,67.28
Thailand,THA,2019,66.850006
Thailand,THA,2020,68.329994
Thailand,THA,2021,68.119995
Thailand,THA,2022,67.58001
Thailand,THA,2023,68.62999
Togo,TGO,1961,39.567257
Togo,TGO,1962,43.91418
Togo,TGO,1963,43.179497
Togo,TGO,1964,45.036568
Togo,TGO,1965,47.464283
Togo,TGO,1966,46.236927
Togo,TGO,1967,50.89504
Togo,TGO,1968,47.705574
Togo,TGO,1969,44.705093
Togo,TGO,1970,45.618214
Togo,TGO,1971,49.35622
Togo,TGO,1972,48.959072
Togo,TGO,1973,46.52146
Togo,TGO,1974,44.820736
Togo,TGO,1975,43.401268
Togo,TGO,1976,41.058807
Togo,TGO,1977,39.72519
Togo,TGO,1978,41.873913
Togo,TGO,1979,43.680706
Togo,TGO,1980,44.927452
Togo,TGO,1981,46.96369
Togo,TGO,1982,44.901405
Togo,TGO,1983,43.68777
Togo,TGO,1984,46.193954
Togo,TGO,1985,49.87627
Togo,TGO,1986,44.750042
Togo,TGO,1987,46.6731
Togo,TGO,1988,48.073536
Togo,TGO,1989,49.304817
Togo,TGO,1990,49.874004
Togo,TGO,1991,45.881332
Togo,TGO,1992,45.934223
Togo,TGO,1993,51.224796
Togo,TGO,1994,54.13413
Togo,TGO,1995,50.443504
Togo,TGO,1996,52.976715
Togo,TGO,1997,54.21484
Togo,TGO,1998,50.46758
Togo,TGO,1999,50.826656
Togo,TGO,2000,52.191963
Togo,TGO,2001,51.038334
Togo,TGO,2002,49.89326
Togo,TGO,2003,50.946083
Togo,TGO,2004,51.401054
Togo,TGO,2005,53.74049
Togo,TGO,2006,53.668102
Togo,TGO,2007,53.737198
Togo,TGO,2008,53.998726
Togo,TGO,2009,54.796444
Togo,TGO,2010,55.06158
Togo,TGO,2011,57.493565
Togo,TGO,2012,56.110863
Togo,TGO,2013,57.68516
Togo,TGO,2014,57.034634
Togo,TGO,2015,57.109997
Togo,TGO,2016,59.357544
Togo,TGO,2017,59.075214
Togo,TGO,2018,58.703114
Togo,TGO,2019,60.038914
Togo,TGO,2020,57.432533
Togo,TGO,2021,60.10718
Togo,TGO,2022,62.390198
Tonga,TON,2019,130.66774
Tonga,TON,2020,123.335495
Tonga,TON,2021,139.61148
Tonga,TON,2022,125.09452
Tonga,TON,2023,129.28394
Trinidad and Tobago,TTO,1961,57.4327
Trinidad and Tobago,TTO,1962,59.35617
Trinidad and Tobago,TTO,1963,59.476112
Trinidad and Tobago,TTO,1964,61.233784
Trinidad and Tobago,TTO,1965,58.456688
Trinidad and Tobago,TTO,1966,59.39846
Trinidad and Tobago,TTO,1967,58.72041
Trinidad and Tobago,TTO,1968,55.619457
Trinidad and Tobago,TTO,1969,60.858723
Trinidad and Tobago,TTO,1970,62.085186
Trinidad and Tobago,TTO,1971,63.505245
Trinidad and Tobago,TTO,1972,63.34756
Trinidad and Tobago,TTO,1973,62.373535
Trinidad and Tobago,TTO,1974,63.6747
Trinidad and Tobago,TTO,1975,66.525536
Trinidad and Tobago,TTO,1976,69.903336
Trinidad and Tobago,TTO,1977,71.13416
Trinidad and Tobago,TTO,1978,77.06954
Trinidad and Tobago,TTO,1979,70.47193
Trinidad and Tobago,TTO,1980,78.42371
Trinidad and Tobago,TTO,1981,77.171326
Trinidad and Tobago,TTO,1982,80.28124
Trinidad and Tobago,TTO,1983,80.11513
Trinidad and Tobago,TTO,1984,79.17666
Trinidad and Tobago,TTO,1985,76.60905
Trinidad and Tobago,TTO,1986,79.3872
Trinidad and Tobago,TTO,1987,73.93613
Trinidad and Tobago,TTO,1988,64.360916
Trinidad and Tobago,TTO,1989,61.961025
Trinidad and Tobago,TTO,1990,61.343235
Trinidad and Tobago,TTO,1991,61.686424
Trinidad and Tobago,TTO,1992,58.66524
Trinidad and Tobago,TTO,1993,56.27016
Trinidad and Tobago,TTO,1994,55.555424
Trinidad and Tobago,TTO,1995,58.90472
Trinidad and Tobago,TTO,1996,57.768303
Trinidad and Tobago,TTO,1997,55.593243
Trinidad and Tobago,TTO,1998,59.736343
Trinidad and Tobago,TTO,1999,59.703804
Trinidad and Tobago,TTO,2000,62.82445
Trinidad and Tobago,TTO,2001,65.29977
Trinidad and Tobago,TTO,2002,68.36061
Trinidad and Tobago,TTO,2003,66.83194
Trinidad and Tobago,TTO,2004,68.431885
Trinidad and Tobago,TTO,2005,68.70444
Trinidad and Tobago,TTO,2006,69.364525
Trinidad and Tobago,TTO,2007,69.703255
Trinidad and Tobago,TTO,2008,69.49789
Trinidad and Tobago,TTO,2009,71.44294
Trinidad and Tobago,TTO,2010,91.63954
Trinidad and Tobago,TTO,2011,93.57933
Trinidad and Tobago,TTO,2012,94.92973
Trinidad and Tobago,TTO,2013,98.26944
Trinidad and Tobago,TTO,2014,99.32965
Trinidad and Tobago,TTO,2015,95.95999
Trinidad and Tobago,TTO,2016,94.27994
Trinidad and Tobago,TTO,2017,94.33967
Trinidad and Tobago,TTO,2018,94.23987
Trinidad and Tobago,TTO,2019,94.71949
Trinidad and Tobago,TTO,2020,89.69964
Trinidad and Tobago,TTO,2021,87.32029
Trinidad and Tobago,TTO,2022,88.109825
Trinidad and Tobago,TTO,2023,87.43954
Tunisia,TUN,1961,55.440132
Tunisia,TUN,1962,56.45778
Tunisia,TUN,1963,56.523727
Tunisia,TUN,1964,56.52302
Tunisia,TUN,1965,60.32284
Tunisia,TUN,1966,59.01023
Tunisia,TUN,1967,60.874146
Tunisia,TUN,1968,60.322346
Tunisia,TUN,1969,59.161156
Tunisia,TUN,1970,57.944412
Tunisia,TUN,1971,62.691196
Tunisia,TUN,1972,65.60621
Tunisia,TUN,1973,66.45428
Tunisia,TUN,1974,68.03151
Tunisia,TUN,1975,68.0451
Tunisia,TUN,1976,69.60203
Tunisia,TUN,1977,72.79866
Tunisia,TUN,1978,74.912415
Tunisia,TUN,1979,73.583496
Tunisia,TUN,1980,77.821205
Tunisia,TUN,1981,74.85498
Tunisia,TUN,1982,73.87213
Tunisia,TUN,1983,77.33407
Tunisia,TUN,1984,79.82758
Tunisia,TUN,1985,82.78611
Tunisia,TUN,1986,82.93944
Tunisia,TUN,1987,83.54795
Tunisia,TUN,1988,82.88745
Tunisia,TUN,1989,82.515564
Tunisia,TUN,1990,81.80433
Tunisia,TUN,1991,84.07235
Tunisia,TUN,1992,83.898476
Tunisia,TUN,1993,84.02854
Tunisia,TUN,1994,81.83143
Tunisia,TUN,1995,84.04222
Tunisia,TUN,1996,85.47648
Tunisia,TUN,1997,85.91602
Tunisia,TUN,1998,87.70341
Tunisia,TUN,1999,88.73557
Tunisia,TUN,2000,88.115105
Tunisia,TUN,2001,88.592
Tunisia,TUN,2002,86.34816
Tunisia,TUN,2003,87.96331
Tunisia,TUN,2004,87.88359
Tunisia,TUN,2005,89.35225
Tunisia,TUN,2006,88.02499
Tunisia,TUN,2007,91.102905
Tunisia,TUN,2008,90.48947
Tunisia,TUN,2009,94.513985
Tunisia,TUN,2010,97.67997
Tunisia,TUN,2011,99.34999
Tunisia,TUN,2012,99.890015
Tunisia,TUN,2013,100.08996
Tunisia,TUN,2014,101.95995
Tunisia,TUN,2015,101.75991
Tunisia,TUN,2016,102.059944
Tunisia,TUN,2017,101.259964
Tunisia,TUN,2018,102.079956
Tunisia,TUN,2019,103.50997
Tunisia,TUN,2020,103.62002
Tunisia,TUN,2021,106.58995
Tunisia,TUN,2022,104.13993
Tunisia,TUN,2023,105.049965
Turkey,TUR,1961,90.3313
Turkey,TUR,1962,89.002464
Turkey,TUR,1963,89.45512
Turkey,TUR,1964,87.74895
Turkey,TUR,1965,88.250465
Turkey,TUR,1966,88.736305
Turkey,TUR,1967,88.632935
Turkey,TUR,1968,87.339676
Turkey,TUR,1969,89.412636
Turkey,TUR,1970,89.4107
Turkey,TUR,1971,90.63673
Turkey,TUR,1972,90.907
Turkey,TUR,1973,89.29992
Turkey,TUR,1974,90.261314
Turkey,TUR,1975,92.55974
Turkey,TUR,1976,93.75405
Turkey,TUR,1977,95.191284
Turkey,TUR,1978,93.421555
Turkey,TUR,1979,96.49563
Turkey,TUR,1980,96.961205
Turkey,TUR,1981,97.234886
Turkey,TUR,1982,96.42432
Turkey,TUR,1983,99.009186
Turkey,TUR,1984,97.74408
Turkey,TUR,1985,105.34723
Turkey,TUR,1986,104.88547
Turkey,TUR,1987,104.60437
Turkey,TUR,1988,104.581474
Turkey,TUR,1989,102.18083
Turkey,TUR,1990,105.309074
Turkey,TUR,1991,105.285614
Turkey,TUR,1992,104.468834
Turkey,TUR,1993,103.12299
Turkey,TUR,1994,104.17278
Turkey,TUR,1995,104.79863
Turkey,TUR,1996,101.57419
Turkey,TUR,1997,98.1563
Turkey,TUR,1998,101.82026
Turkey,TUR,1999,101.83853
Turkey,TUR,2000,101.69489
Turkey,TUR,2001,99.87757
Turkey,TUR,2002,100.30345
Turkey,TUR,2003,99.84253
Turkey,TUR,2004,100.39673
Turkey,TUR,2005,100.926285
Turkey,TUR,2006,100.93247
Turkey,TUR,2007,100.850845
Turkey,TUR,2008,98.84658
Turkey,TUR,2009,99.01896
Turkey,TUR,2010,102.22001
Turkey,TUR,2011,103.48
Turkey,TUR,2012,105.880005
Turkey,TUR,2013,105.64
Turkey,TUR,2014,105.58999
Turkey,TUR,2015,107.55001
Turkey,TUR,2016,105.48001
Turkey,TUR,2017,107.289986
Turkey,TUR,2018,107.62
Turkey,TUR,2019,106.52
Turkey,TUR,2020,113.01999
Turkey,TUR,2021,113.509995
Turkey,TUR,2022,114.87
Turkey,TUR,2023,119.68
Turkmenistan,TKM,1992,73.90651
Turkmenistan,TKM,1993,73.169235
Turkmenistan,TKM,1994,72.753006
Turkmenistan,TKM,1995,75.23239
Turkmenistan,TKM,1996,72.80134
Turkmenistan,TKM,1997,73.547585
Turkmenistan,TKM,1998,74.038704
Turkmenistan,TKM,1999,76.06188
Turkmenistan,TKM,2000,78.043816
Turkmenistan,TKM,2001,79.43628
Turkmenistan,TKM,2002,81.1792
Turkmenistan,TKM,2003,82.957146
Turkmenistan,TKM,2004,83.725945
Turkmenistan,TKM,2005,84.053696
Turkmenistan,TKM,2006,82.96742
Turkmenistan,TKM,2007,86.996704
Turkmenistan,TKM,2008,85.32149
Turkmenistan,TKM,2009,84.673004
Turkmenistan,TKM,2010,96.47007
Turkmenistan,TKM,2011,96.720116
Turkmenistan,TKM,2012,97.44003
Turkmenistan,TKM,2013,97.30986
Turkmenistan,TKM,2014,103.9099
Turkmenistan,TKM,2015,102.319954
Turkmenistan,TKM,2016,103.18999
Turkmenistan,TKM,2017,104.259926
Turkmenistan,TKM,2018,104.25996
Turkmenistan,TKM,2019,102.27995
Turkmenistan,TKM,2020,102.369934
Turkmenistan,TKM,2021,102.94997
Turkmenistan,TKM,2022,103.299904
Turkmenistan,TKM,2023,104.65004
Tuvalu,TUV,2019,92.6885
Tuvalu,TUV,2020,101.874695
Tuvalu,TUV,2021,100.45341
Tuvalu,TUV,2022,99.66052
Tuvalu,TUV,2023,102.92182
USSR,OWID_USS,1961,96.16019
USSR,OWID_USS,1962,98.36228
USSR,OWID_USS,1963,100.09381
USSR,OWID_USS,1964,97.71141
USSR,OWID_USS,1965,97.488
USSR,OWID_USS,1966,97.75673
USSR,OWID_USS,1967,99.66725
USSR,OWID_USS,1968,100.48547
USSR,OWID_USS,1969,101.42225
USSR,OWID_USS,1970,102.84457
USSR,OWID_USS,1971,102.6166
USSR,OWID_USS,1972,102.681854
USSR,OWID_USS,1973,102.85815
USSR,OWID_USS,1974,105.6894
USSR,OWID_USS,1975,106.62487
USSR,OWID_USS,1976,105.05798
USSR,OWID_USS,1977,103.36221
USSR,OWID_USS,1978,104.57045
USSR,OWID_USS,1979,104.67073
USSR,OWID_USS,1980,103.3117
USSR,OWID_USS,1981,102.93278
USSR,OWID_USS,1982,103.161865
USSR,OWID_USS,1983,102.9252
USSR,OWID_USS,1984,104.35883
USSR,OWID_USS,1985,105.658195
USSR,OWID_USS,1986,106.301
USSR,OWID_USS,1987,106.769035
USSR,OWID_USS,1988,106.32445
USSR,OWID_USS,1989,106.14958
USSR,OWID_USS,1990,106.48103
USSR,OWID_USS,1991,99.828415
Uganda,UGA,1961,48.562798
Uganda,UGA,1962,48.205643
Uganda,UGA,1963,48.217384
Uganda,UGA,1964,48.913372
Uganda,UGA,1965,48.885242
Uganda,UGA,1966,46.29714
Uganda,UGA,1967,51.6287
Uganda,UGA,1968,52.962177
Uganda,UGA,1969,52.40777
Uganda,UGA,1970,54.37925
Uganda,UGA,1971,57.075737
Uganda,UGA,1972,59.2997
Uganda,UGA,1973,53.446815
Uganda,UGA,1974,55.71801
Uganda,UGA,1975,54.68331
Uganda,UGA,1976,56.84154
Uganda,UGA,1977,56.85535
Uganda,UGA,1978,57.56238
Uganda,UGA,1979,50.112915
Uganda,UGA,1980,45.971523
Uganda,UGA,1981,46.07157
Uganda,UGA,1982,47.673393
Uganda,UGA,1983,51.988808
Uganda,UGA,1984,50.931274
Uganda,UGA,1985,46.47043
Uganda,UGA,1986,46.580666
Uganda,UGA,1987,46.75183
Uganda,UGA,1988,50.137684
Uganda,UGA,1989,53.781277
Uganda,UGA,1990,53.962612
Uganda,UGA,1991,51.15028
Uganda,UGA,1992,50.437954
Uganda,UGA,1993,49.43143
Uganda,UGA,1994,48.87233
Uganda,UGA,1995,47.964195
Uganda,UGA,1996,44.153923
Uganda,UGA,1997,44.541767
Uganda,UGA,1998,49.261307
Uganda,UGA,1999,49.588882
Uganda,UGA,2000,49.3103
Uganda,UGA,2001,51.31012
Uganda,UGA,2002,52.510124
Uganda,UGA,2003,55.077118
Uganda,UGA,2004,53.7762
Uganda,UGA,2005,55.255226
Uganda,UGA,2006,52.38686
Uganda,UGA,2007,52.279877
Uganda,UGA,2008,56.12916
Uganda,UGA,2009,57.15724
Uganda,UGA,2010,61.36
Uganda,UGA,2011,61.789997
Uganda,UGA,2012,58.680008
Uganda,UGA,2013,57.92998
Uganda,UGA,2014,59.929996
Uganda,UGA,2015,55.530006
Uganda,UGA,2016,47.409996
Uganda,UGA,2017,49.770008
Uganda,UGA,2018,51.809986
Uganda,UGA,2019,43.480003
Uganda,UGA,2020,53.65
Uganda,UGA,2021,51.7
Uganda,UGA,2022,57.86
Uganda,UGA,2023,56.429996
Ukraine,UKR,1992,92.68744
Ukraine,UKR,1993,87.84518
Ukraine,UKR,1994,85.02502
Ukraine,UKR,1995,82.89955
Ukraine,UKR,1996,81.19278
Ukraine,UKR,1997,79.97129
Ukraine,UKR,1998,80.85357
Ukraine,UKR,1999,78.37323
Ukraine,UKR,2000,79.45078
Ukraine,UKR,2001,80.911476
Ukraine,UKR,2002,84.04949
Ukraine,UKR,2003,83.06709
Ukraine,UKR,2004,86.91016
Ukraine,UKR,2005,88.17899
Ukraine,UKR,2006,88.31185
Ukraine,UKR,2007,87.798775
Ukraine,UKR,2008,90.71072
Ukraine,UKR,2009,86.75112
Ukraine,UKR,2010,93.19001
Ukraine,UKR,2011,95.60999
Ukraine,UKR,2012,96.91002
Ukraine,UKR,2013,97.98003
Ukraine,UKR,2014,90.69
Ukraine,UKR,2015,91.12999
Ukraine,UKR,2016,93.06999
Ukraine,UKR,2017,92.96001
Ukraine,UKR,2018,91.540016
Ukraine,UKR,2019,93.28002
Ukraine,UKR,2020,90.62001
Ukraine,UKR,2021,89.13
Ukraine,UKR,2022,88.02
Ukraine,UKR,2023,90.530014
United Arab Emirates,ARE,1961,61.767513
United Arab Emirates,ARE,1962,61.15333
United Arab Emirates,ARE,1963,63.242878
United Arab Emirates,ARE,1964,62.83741
United Arab Emirates,ARE,1965,63.64311
United Arab Emirates,ARE,1966,69.15695
United Arab Emirates,ARE,1967,74.658775
United Arab Emirates,ARE,1968,73.61362
United Arab Emirates,ARE,1969,68.323364
United Arab Emirates,ARE,1970,64.64033
United Arab Emirates,ARE,1971,61.439938
United Arab Emirates,ARE,1972,62.095966
United Arab Emirates,ARE,1973,81.48712
United Arab Emirates,ARE,1974,87.42352
United Arab Emirates,ARE,1975,95.09933
United Arab Emirates,ARE,1976,102.16912
United Arab Emirates,ARE,1977,101.268005
United Arab Emirates,ARE,1978,104.29406
United Arab Emirates,ARE,1979,100.142296
United Arab Emirates,ARE,1980,106.69526
United Arab Emirates,ARE,1981,104.431526
United Arab Emirates,ARE,1982,113.3618
United Arab Emirates,ARE,1983,114.73222
United Arab Emirates,ARE,1984,117.246925
United Arab Emirates,ARE,1985,113.03547
United Arab Emirates,ARE,1986,109.08281
United Arab Emirates,ARE,1987,108.70798
United Arab Emirates,ARE,1988,103.59307
United Arab Emirates,ARE,1989,101.0834
United Arab Emirates,ARE,1990,96.0361
United Arab Emirates,ARE,1991,95.29398
United Arab Emirates,ARE,1992,98.9681
United Arab Emirates,ARE,1993,101.24417
United Arab Emirates,ARE,1994,107.44933
United Arab Emirates,ARE,1995,105.59889
United Arab Emirates,ARE,1996,103.71737
United Arab Emirates,ARE,1997,96.22355
United Arab Emirates,ARE,1998,97.12001
United Arab Emirates,ARE,1999,100.18204
United Arab Emirates,ARE,2000,92.82631
United Arab Emirates,ARE,2001,88.97392
United Arab Emirates,ARE,2002,93.2776
United Arab Emirates,ARE,2003,93.43277
United Arab Emirates,ARE,2004,90.348045
United Arab Emirates,ARE,2005,90.4548
United Arab Emirates,ARE,2006,100.5745
United Arab Emirates,ARE,2007,109.474976
United Arab Emirates,ARE,2008,114.66027
United Arab Emirates,ARE,2009,119.44549
United Arab Emirates,ARE,2010,93.35984
United Arab Emirates,ARE,2011,103.42977
United Arab Emirates,ARE,2012,98.96998
United Arab Emirates,ARE,2013,101.069984
United Arab Emirates,ARE,2014,94.04989
United Arab Emirates,ARE,2015,92.93997
United Arab Emirates,ARE,2016,91.45997
United Arab Emirates,ARE,2017,89.8
United Arab Emirates,ARE,2018,91.01
United Arab Emirates,ARE,2019,92.959946
United Arab Emirates,ARE,2020,110.80988
United Arab Emirates,ARE,2021,113.42994
United Arab Emirates,ARE,2022,100.81004
United Arab Emirates,ARE,2023,96.67992
United Kingdom,GBR,1961,91.51159
United Kingdom,GBR,1962,93.115204
United Kingdom,GBR,1963,92.89738
United Kingdom,GBR,1964,93.42745
United Kingdom,GBR,1965,92.45623
United Kingdom,GBR,1966,91.533165
United Kingdom,GBR,1967,91.44941
United Kingdom,GBR,1968,91.84101
United Kingdom,GBR,1969,92.13969
United Kingdom,GBR,1970,93.215836
United Kingdom,GBR,1971,91.81975
United Kingdom,GBR,1972,91.310196
United Kingdom,GBR,1973,90.282295
United Kingdom,GBR,1974,89.86962
United Kingdom,GBR,1975,89.418335
United Kingdom,GBR,1976,89.2423
United Kingdom,GBR,1977,90.08675
United Kingdom,GBR,1978,88.14445
United Kingdom,GBR,1979,90.25176
United Kingdom,GBR,1980,87.80243
United Kingdom,GBR,1981,87.74203
United Kingdom,GBR,1982,88.07895
United Kingdom,GBR,1983,88.02801
United Kingdom,GBR,1984,90.2696
United Kingdom,GBR,1985,92.82773
United Kingdom,GBR,1986,92.87781
United Kingdom,GBR,1987,92.66548
United Kingdom,GBR,1988,94.386284
United Kingdom,GBR,1989,92.40855
United Kingdom,GBR,1990,93.953476
United Kingdom,GBR,1991,92.65991
United Kingdom,GBR,1992,93.39383
United Kingdom,GBR,1993,93.29507
United Kingdom,GBR,1994,93.96252
United Kingdom,GBR,1995,92.91316
United Kingdom,GBR,1996,95.042336
United Kingdom,GBR,1997,97.57812
United Kingdom,GBR,1998,98.9275
United Kingdom,GBR,1999,99.37282
United Kingdom,GBR,2000,98.99018
United Kingdom,GBR,2001,100.91877
United Kingdom,GBR,2002,102.105774
United Kingdom,GBR,2003,103.267166
United Kingdom,GBR,2004,103.29068
United Kingdom,GBR,2005,103.45017
United Kingdom,GBR,2006,103.749115
United Kingdom,GBR,2007,103.895195
United Kingdom,GBR,2008,102.12648
United Kingdom,GBR,2009,101.1701
United Kingdom,GBR,2010,105.92
United Kingdom,GBR,2011,106.96001
United Kingdom,GBR,2012,107.22999
United Kingdom,GBR,2013,106.840004
United Kingdom,GBR,2014,107.680016
United Kingdom,GBR,2015,109.98001
United Kingdom,GBR,2016,111.02
United Kingdom,GBR,2017,110.60999
United Kingdom,GBR,2018,110.62001
United Kingdom,GBR,2019,107.86001
United Kingdom,GBR,2020,111.15
United Kingdom,GBR,2021,108.49
United Kingdom,GBR,2022,108.90001
United Kingdom,GBR,2023,110.009995
United States,USA,1961,98.21253
United States,USA,1962,97.291275
United States,USA,1963,98.08073
United States,USA,1964,99.626526
United States,USA,1965,98.55
United States,USA,1966,100.14075
United States,USA,1967,100.37653
United States,USA,1968,101.211784
United States,USA,1969,100.476616
United States,USA,1970,99.300995
United States,USA,1971,99.91956
United States,USA,1972,99.31952
United States,USA,1973,97.64483
United States,USA,1974,97.35483
United States,USA,1975,97.7079
United States,USA,1976,101.25001
United States,USA,1977,99.36159
United States,USA,1978,99.61131
United States,USA,1979,100.49176
United States,USA,1980,98.4257
United States,USA,1981,100.7838
United States,USA,1982,99.2776
United States,USA,1983,100.66976
United States,USA,1984,101.81338
United States,USA,1985,105.38824
United States,USA,1986,104.73083
United States,USA,1987,107.472466
United States,USA,1988,107.531624
United States,USA,1989,107.3954
United States,USA,1990,108.342575
United States,USA,1991,109.7385
United States,USA,1992,110.009476
United States,USA,1993,110.31564
United States,USA,1994,112.97746
United States,USA,1995,111.60097
United States,USA,1996,111.85312
United States,USA,1997,112.74723
United States,USA,1998,113.701126
United States,USA,1999,115.88445
United States,USA,2000,115.55269
United States,USA,2001,114.07068
United States,USA,2002,115.63912
United States,USA,2003,115.735565
United States,USA,2004,116.54523
United States,USA,2005,116.04325
United States,USA,2006,115.428734
United States,USA,2007,115.58921
United States,USA,2008,113.51435
United States,USA,2009,111.428734
United States,USA,2010,119.07
United States,USA,2011,116.90001
United States,USA,2012,117.48
United States,USA,2013,117.28
United States,USA,2014,116.72
United States,USA,2015,117.58
United States,USA,2016,118.57001
United States,USA,2017,119.21
United States,USA,2018,120.66
United States,USA,2019,122.02
United States,USA,2020,124.35
United States,USA,2021,121.05
United States,USA,2022,123.04001
United States,USA,2023,123.100006
Upper-middle-income countries,OWID_UMC,1961,54.493694
Upper-middle-income countries,OWID_UMC,1962,56.562363
Upper-middle-income countries,OWID_UMC,1963,57.177387
Upper-middle-income countries,OWID_UMC,1964,57.529213
Upper-middle-income countries,OWID_UMC,1965,58.164837
Upper-middle-income countries,OWID_UMC,1966,58.808487
Upper-middle-income countries,OWID_UMC,1967,58.720524
Upper-middle-income countries,OWID_UMC,1968,58.102646
Upper-middle-income countries,OWID_UMC,1969,57.43559
Upper-middle-income countries,OWID_UMC,1970,58.5646
Upper-middle-income countries,OWID_UMC,1971,58.82998
Upper-middle-income countries,OWID_UMC,1972,58.497868
Upper-middle-income countries,OWID_UMC,1973,59.266815
Upper-middle-income countries,OWID_UMC,1974,59.91441
Upper-middle-income countries,OWID_UMC,1975,60.2707
Upper-middle-income countries,OWID_UMC,1976,59.66061
Upper-middle-income countries,OWID_UMC,1977,59.875675
Upper-middle-income countries,OWID_UMC,1978,62.191635
Upper-middle-income countries,OWID_UMC,1979,62.91355
Upper-middle-income countries,OWID_UMC,1980,64.123955
Upper-middle-income countries,OWID_UMC,1981,64.849304
Upper-middle-income countries,OWID_UMC,1982,65.90725
Upper-middle-income countries,OWID_UMC,1983,66.85691
Upper-middle-income countries,OWID_UMC,1984,67.50508
Upper-middle-income countries,OWID_UMC,1985,68.27333
Upper-middle-income countries,OWID_UMC,1986,68.871765
Upper-middle-income countries,OWID_UMC,1987,69.1031
Upper-middle-income countries,OWID_UMC,1988,69.36154
Upper-middle-income countries,OWID_UMC,1989,69.150314
Upper-middle-income countries,OWID_UMC,1990,70.06471
Upper-middle-income countries,OWID_UMC,1991,68.68659
Upper-middle-income countries,OWID_UMC,1992,66.69638
Upper-middle-income countries,OWID_UMC,1993,69.024216
Upper-middle-income countries,OWID_UMC,1994,71.331345
Upper-middle-income countries,OWID_UMC,1995,72.658195
Upper-middle-income countries,OWID_UMC,1996,73.86317
Upper-middle-income countries,OWID_UMC,1997,74.488846
Upper-middle-income countries,OWID_UMC,1998,75.282196
Upper-middle-income countries,OWID_UMC,1999,75.722015
Upper-middle-income countries,OWID_UMC,2000,77.35711
Upper-middle-income countries,OWID_UMC,2001,77.22665
Upper-middle-income countries,OWID_UMC,2002,77.82828
Upper-middle-income countries,OWID_UMC,2003,78.48223
Upper-middle-income countries,OWID_UMC,2004,79.307945
Upper-middle-income countries,OWID_UMC,2005,80.03835
Upper-middle-income countries,OWID_UMC,2006,80.560616
Upper-middle-income countries,OWID_UMC,2007,82.025475
Upper-middle-income countries,OWID_UMC,2008,83.56683
Upper-middle-income countries,OWID_UMC,2009,84.138275
Upper-middle-income countries,OWID_UMC,2010,94.99846
Upper-middle-income countries,OWID_UMC,2011,96.097084
Upper-middle-income countries,OWID_UMC,2012,96.61066
Upper-middle-income countries,OWID_UMC,2013,97.16636
Upper-middle-income countries,OWID_UMC,2014,98.67712
Upper-middle-income countries,OWID_UMC,2015,100.01729
Upper-middle-income countries,OWID_UMC,2016,101.16032
Upper-middle-income countries,OWID_UMC,2017,102.328995
Upper-middle-income countries,OWID_UMC,2018,103.31946
Upper-middle-income countries,OWID_UMC,2019,103.906
Upper-middle-income countries,OWID_UMC,2020,104.440895
Upper-middle-income countries,OWID_UMC,2021,106.363235
Upper-middle-income countries,OWID_UMC,2022,107.67115
Upper-middle-income countries,OWID_UMC,2023,109.57382
Uruguay,URY,1961,86.92638
Uruguay,URY,1962,83.91501
Uruguay,URY,1963,85.38399
Uruguay,URY,1964,88.90746
Uruguay,URY,1965,83.81003
Uruguay,URY,1966,83.24914
Uruguay,URY,1967,79.0996
Uruguay,URY,1968,85.10549
Uruguay,URY,1969,88.59614
Uruguay,URY,1970,92.35065
Uruguay,URY,1971,85.43982
Uruguay,URY,1972,82.45029
Uruguay,URY,1973,81.11474
Uruguay,URY,1974,86.413635
Uruguay,URY,1975,87.43228
Uruguay,URY,1976,85.35647
Uruguay,URY,1977,82.84849
Uruguay,URY,1978,81.95337
Uruguay,URY,1979,83.97684
Uruguay,URY,1980,84.40918
Uruguay,URY,1981,85.89326
Uruguay,URY,1982,85.48808
Uruguay,URY,1983,76.36469
Uruguay,URY,1984,78.50096
Uruguay,URY,1985,78.378746
Uruguay,URY,1986,77.07306
Uruguay,URY,1987,81.44278
Uruguay,URY,1988,79.52703
Uruguay,URY,1989,77.158585
Uruguay,URY,1990,75.70622
Uruguay,URY,1991,83.96853
Uruguay,URY,1992,85.8261
Uruguay,URY,1993,84.86813
Uruguay,URY,1994,89.76976
Uruguay,URY,1995,84.3644
Uruguay,URY,1996,88.54603
Uruguay,URY,1997,86.08405
Uruguay,URY,1998,85.82428
Uruguay,URY,1999,88.51063
Uruguay,URY,2000,88.36784
Uruguay,URY,2001,93.43116
Uruguay,URY,2002,87.725105
Uruguay,URY,2003,82.132225
Uruguay,URY,2004,80.33713
Uruguay,URY,2005,80.428795
Uruguay,URY,2006,81.207466
Uruguay,URY,2007,85.36571
Uruguay,URY,2008,90.697876
Uruguay,URY,2009,89.20499
Uruguay,URY,2010,94.68998
Uruguay,URY,2011,95.059746
Uruguay,URY,2012,96.54983
Uruguay,URY,2013,91.490135
Uruguay,URY,2014,97.499626
Uruguay,URY,2015,93.42995
Uruguay,URY,2016,89.97003
Uruguay,URY,2017,92.529884
Uruguay,URY,2018,96.27977
Uruguay,URY,2019,100.83012
Uruguay,URY,2020,99.10011
Uruguay,URY,2021,102.20991
Uruguay,URY,2022,102.97991
Uruguay,URY,2023,104.52991
Uzbekistan,UZB,1992,79.650894
Uzbekistan,UZB,1993,78.414764
Uzbekistan,UZB,1994,80.13361
Uzbekistan,UZB,1995,76.78178
Uzbekistan,UZB,1996,74.21211
Uzbekistan,UZB,1997,73.01526
Uzbekistan,UZB,1998,70.13466
Uzbekistan,UZB,1999,68.517334
Uzbekistan,UZB,2000,66.65261
Uzbekistan,UZB,2001,66.08293
Uzbekistan,UZB,2002,67.62386
Uzbekistan,UZB,2003,70.60549
Uzbekistan,UZB,2004,71.63832
Uzbekistan,UZB,2005,73.062
Uzbekistan,UZB,2006,74.26059
Uzbekistan,UZB,2007,72.32618
Uzbekistan,UZB,2008,75.374084
Uzbekistan,UZB,2009,76.42574
Uzbekistan,UZB,2010,89.65
Uzbekistan,UZB,2011,92.860016
Uzbekistan,UZB,2012,96.38998
Uzbekistan,UZB,2013,99.039986
Uzbekistan,UZB,2014,101.709984
Uzbekistan,UZB,2015,103.71
Uzbekistan,UZB,2016,104.59001
Uzbekistan,UZB,2017,102.20002
Uzbekistan,UZB,2018,102.50001
Uzbekistan,UZB,2019,105.4
Uzbekistan,UZB,2020,105.37999
Uzbekistan,UZB,2021,103.69001
Uzbekistan,UZB,2022,109.36002
Uzbekistan,UZB,2023,111.41999
Vanuatu,VUT,1961,57.586567
Vanuatu,VUT,1962,58.468353
Vanuatu,VUT,1963,61.060837
Vanuatu,VUT,1964,59.60793
Vanuatu,VUT,1965,60.961075
Vanuatu,VUT,1966,60.805954
Vanuatu,VUT,1967,63.402164
Vanuatu,VUT,1968,62.562027
Vanuatu,VUT,1969,64.28363
Vanuatu,VUT,1970,66.644066
Vanuatu,VUT,1971,70.9695
Vanuatu,VUT,1972,69.866234
Vanuatu,VUT,1973,68.702995
Vanuatu,VUT,1974,71.78796
Vanuatu,VUT,1975,65.07259
Vanuatu,VUT,1976,67.267456
Vanuatu,VUT,1977,66.64141
Vanuatu,VUT,1978,65.69931
Vanuatu,VUT,1979,70.232086
Vanuatu,VUT,1980,65.73965
Vanuatu,VUT,1981,61.981262
Vanuatu,VUT,1982,61.99387
Vanuatu,VUT,1983,62.523445
Vanuatu,VUT,1984,66.045
Vanuatu,VUT,1985,65.98965
Vanuatu,VUT,1986,63.885983
Vanuatu,VUT,1987,62.35704
Vanuatu,VUT,1988,58.890522
Vanuatu,VUT,1989,56.552387
Vanuatu,VUT,1990,58.37391
Vanuatu,VUT,1991,58.795773
Vanuatu,VUT,1992,59.133846
Vanuatu,VUT,1993,58.241104
Vanuatu,VUT,1994,59.192547
Vanuatu,VUT,1995,59.358562
Vanuatu,VUT,1996,62.359386
Vanuatu,VUT,1997,61.88802
Vanuatu,VUT,1998,63.195683
Vanuatu,VUT,1999,63.11179
Vanuatu,VUT,2000,62.881527
Vanuatu,VUT,2001,62.16669
Vanuatu,VUT,2002,62.3685
Vanuatu,VUT,2003,63.35963
Vanuatu,VUT,2004,63.62357
Vanuatu,VUT,2005,64.14614
Vanuatu,VUT,2006,65.12557
Vanuatu,VUT,2007,67.84189
Vanuatu,VUT,2008,68.32064
Vanuatu,VUT,2009,67.82908
Vanuatu,VUT,2010,76.00809
Vanuatu,VUT,2011,75.32598
Vanuatu,VUT,2012,76.84568
Vanuatu,VUT,2013,77.945404
Vanuatu,VUT,2014,78.107895
Vanuatu,VUT,2015,78.33558
Vanuatu,VUT,2016,79.19796
Vanuatu,VUT,2017,80.83768
Vanuatu,VUT,2018,79.0664
Vanuatu,VUT,2019,76.756065
Vanuatu,VUT,2020,77.33818
Vanuatu,VUT,2021,78.08693
Vanuatu,VUT,2022,73.437416
Vanuatu,VUT,2023,74.627205
Venezuela,VEN,1961,50.65917
Venezuela,VEN,1962,49.90802
Venezuela,VEN,1963,50.624344
Venezuela,VEN,1964,55.005516
Venezuela,VEN,1965,52.947018
Venezuela,VEN,1966,52.56734
Venezuela,VEN,1967,52.29472
Venezuela,VEN,1968,52.52973
Venezuela,VEN,1969,54.809795
Venezuela,VEN,1970,55.174786
Venezuela,VEN,1971,54.94057
Venezuela,VEN,1972,54.846756
Venezuela,VEN,1973,55.074497
Venezuela,VEN,1974,54.660194
Venezuela,VEN,1975,59.304737
Venezuela,VEN,1976,60.935417
Venezuela,VEN,1977,66.54539
Venezuela,VEN,1978,66.064896
Venezuela,VEN,1979,65.81523
Venezuela,VEN,1980,67.86075
Venezuela,VEN,1981,70.36865
Venezuela,VEN,1982,67.86033
Venezuela,VEN,1983,65.91345
Venezuela,VEN,1984,68.46833
Venezuela,VEN,1985,65.33787
Venezuela,VEN,1986,58.163273
Venezuela,VEN,1987,63.059505
Venezuela,VEN,1988,68.287834
Venezuela,VEN,1989,55.681297
Venezuela,VEN,1990,55.1099
Venezuela,VEN,1991,60.323723
Venezuela,VEN,1992,62.043304
Venezuela,VEN,1993,59.49423
Venezuela,VEN,1994,58.345116
Venezuela,VEN,1995,60.799774
Venezuela,VEN,1996,59.36336
Venezuela,VEN,1997,58.993767
Venezuela,VEN,1998,62.107014
Venezuela,VEN,1999,61.06988
Venezuela,VEN,2000,62.685135
Venezuela,VEN,2001,67.421974
Venezuela,VEN,2002,61.084846
Venezuela,VEN,2003,63.723576
Venezuela,VEN,2004,64.14497
Venezuela,VEN,2005,63.348267
Venezuela,VEN,2006,64.13054
Venezuela,VEN,2007,70.416885
Venezuela,VEN,2008,78.93613
Venezuela,VEN,2009,79.39193
Venezuela,VEN,2010,83.62999
Venezuela,VEN,2011,84.18998
Venezuela,VEN,2012,82.96
Venezuela,VEN,2013,81.90002
Venezuela,VEN,2014,86.23
Venezuela,VEN,2015,69.83001
Venezuela,VEN,2016,57.550003
Venezuela,VEN,2017,58.379982
Venezuela,VEN,2018,52.539997
Venezuela,VEN,2019,57.250008
Venezuela,VEN,2020,60.09
Venezuela,VEN,2021,71.29
Venezuela,VEN,2022,72.320015
Venezuela,VEN,2023,73.57997
Vietnam,VNM,1961,46.166756
Vietnam,VNM,1962,47.97937
Vietnam,VNM,1963,48.238796
Vietnam,VNM,1964,48.142906
Vietnam,VNM,1965,48.167927
Vietnam,VNM,1966,47.98205
Vietnam,VNM,1967,47.96589
Vietnam,VNM,1968,48.835854
Vietnam,VNM,1969,49.356167
Vietnam,VNM,1970,50.12189
Vietnam,VNM,1971,48.660336
Vietnam,VNM,1972,48.48277
Vietnam,VNM,1973,49.002132
Vietnam,VNM,1974,48.565804
Vietnam,VNM,1975,45.7337
Vietnam,VNM,1976,46.268425
Vietnam,VNM,1977,45.305023
Vietnam,VNM,1978,44.51464
Vietnam,VNM,1979,47.160553
Vietnam,VNM,1980,46.655567
Vietnam,VNM,1981,48.436203
Vietnam,VNM,1982,47.01717
Vietnam,VNM,1983,47.728916
Vietnam,VNM,1984,48.911285
Vietnam,VNM,1985,47.887276
Vietnam,VNM,1986,49.717808
Vietnam,VNM,1987,48.581673
Vietnam,VNM,1988,48.729626
Vietnam,VNM,1989,48.986862
Vietnam,VNM,1990,47.40258
Vietnam,VNM,1991,45.425514
Vietnam,VNM,1992,47.188095
Vietnam,VNM,1993,50.183353
Vietnam,VNM,1994,52.08299
Vietnam,VNM,1995,51.309586
Vietnam,VNM,1996,51.148296
Vietnam,VNM,1997,51.032173
Vietnam,VNM,1998,54.284874
Vietnam,VNM,1999,56.54284
Vietnam,VNM,2000,57.494064
Vietnam,VNM,2001,59.360672
Vietnam,VNM,2002,60.96873
Vietnam,VNM,2003,64.240364
Vietnam,VNM,2004,66.51302
Vietnam,VNM,2005,68.14629
Vietnam,VNM,2006,67.50858
Vietnam,VNM,2007,71.23284
Vietnam,VNM,2008,72.82819
Vietnam,VNM,2009,75.17299
Vietnam,VNM,2010,79.67
Vietnam,VNM,2011,82.42
Vietnam,VNM,2012,86.69001
Vietnam,VNM,2013,86.24
Vietnam,VNM,2014,85.1
Vietnam,VNM,2015,86.03
Vietnam,VNM,2016,87.3
Vietnam,VNM,2017,88.83
Vietnam,VNM,2018,90.62
Vietnam,VNM,2019,92.13
Vietnam,VNM,2020,93.399994
Vietnam,VNM,2021,96.19
Vietnam,VNM,2022,98.77999
Vietnam,VNM,2023,102.2
Western Africa (FAO),,1961,45.93
Western Africa (FAO),,1962,46.61
Western Africa (FAO),,1963,46.87
Western Africa (FAO),,1964,47.26
Western Africa (FAO),,1965,45.76
Western Africa (FAO),,1966,44.19
Western Africa (FAO),,1967,45.85
Western Africa (FAO),,1968,45.63
Western Africa (FAO),,1969,47.2
Western Africa (FAO),,1970,48.42
Western Africa (FAO),,1971,47.19
Western Africa (FAO),,1972,43.32
Western Africa (FAO),,1973,45.28
Western Africa (FAO),,1974,47.65
Western Africa (FAO),,1975,47.04
Western Africa (FAO),,1976,46.22
Western Africa (FAO),,1977,44.38
Western Africa (FAO),,1978,44.75
Western Africa (FAO),,1979,45.39
Western Africa (FAO),,1980,46.81
Western Africa (FAO),,1981,47.5
Western Africa (FAO),,1982,47.61
Western Africa (FAO),,1983,45.07
Western Africa (FAO),,1984,46.2
Western Africa (FAO),,1985,47.98
Western Africa (FAO),,1986,49.63
Western Africa (FAO),,1987,49.68
Western Africa (FAO),,1988,50.48
Western Africa (FAO),,1989,51.78
Western Africa (FAO),,1990,52.19
Western Africa (FAO),,1991,52.48
Western Africa (FAO),,1992,53.32
Western Africa (FAO),,1993,54.71
Western Africa (FAO),,1994,54.41
Western Africa (FAO),,1995,55.88
Western Africa (FAO),,1996,56.53
Western Africa (FAO),,1997,56.91
Western Africa (FAO),,1998,57.9
Western Africa (FAO),,1999,58.41
Western Africa (FAO),,2000,58.21
Western Africa (FAO),,2001,57.85
Western Africa (FAO),,2002,58.47
Western Africa (FAO),,2003,59.46
Western Africa (FAO),,2004,60.67
Western Africa (FAO),,2005,61.74
Western Africa (FAO),,2006,62.76
Western Africa (FAO),,2007,63.59
Western Africa (FAO),,2008,64.22
Western Africa (FAO),,2009,64.78
Western Africa (FAO),,2010,64.42
Western Africa (FAO),,2011,63.76
Western Africa (FAO),,2012,63.53
Western Africa (FAO),,2013,63.11
Western Africa (FAO),,2014,63.82
Western Africa (FAO),,2015,63.31
Western Africa (FAO),,2016,63.83
Western Africa (FAO),,2017,64.56
Western Africa (FAO),,2018,64.44
Western Africa (FAO),,2019,64.77
Western Africa (FAO),,2020,64.64
Western Africa (FAO),,2021,64.99
Western Africa (FAO),,2022,65.13
Western Africa (FAO),,2023,64.28
Western Asia (FAO),,1961,75.88
Western Asia (FAO),,1962,76
Western Asia (FAO),,1963,76.79
Western Asia (FAO),,1964,76.43
Western Asia (FAO),,1965,76.67
Western Asia (FAO),,1966,77.36
Western Asia (FAO),,1967,77.34
Western Asia (FAO),,1968,77.31
Western Asia (FAO),,1969,78.49
Western Asia (FAO),,1970,78.58
Western Asia (FAO),,1971,79.55
Western Asia (FAO),,1972,78.8
Western Asia (FAO),,1973,77.99
Western Asia (FAO),,1974,78.34
Western Asia (FAO),,1975,79.89
Western Asia (FAO),,1976,81.19
Western Asia (FAO),,1977,83.25
Western Asia (FAO),,1978,83.25
Western Asia (FAO),,1979,86.57
Western Asia (FAO),,1980,87.65
Western Asia (FAO),,1981,88.1
Western Asia (FAO),,1982,88.71
Western Asia (FAO),,1983,90.56
Western Asia (FAO),,1984,89.9
Western Asia (FAO),,1985,94.14
Western Asia (FAO),,1986,93.33
Western Asia (FAO),,1987,93.01
Western Asia (FAO),,1988,94.54
Western Asia (FAO),,1989,92.48
Western Asia (FAO),,1990,92.67
Western Asia (FAO),,1991,89.01
Western Asia (FAO),,1992,84.47
Western Asia (FAO),,1993,83
Western Asia (FAO),,1994,83.12
Western Asia (FAO),,1995,84.47
Western Asia (FAO),,1996,83.2
Western Asia (FAO),,1997,81.95
Western Asia (FAO),,1998,83.95
Western Asia (FAO),,1999,85
Western Asia (FAO),,2000,84.94
Western Asia (FAO),,2001,84.34
Western Asia (FAO),,2002,85.15
Western Asia (FAO),,2003,85.08
Western Asia (FAO),,2004,84.93
Western Asia (FAO),,2005,85.56
Western Asia (FAO),,2006,85.57
Western Asia (FAO),,2007,86.36
Western Asia (FAO),,2008,85.59
Western Asia (FAO),,2009,86.28
Western Asia (FAO),,2010,88.31
Western Asia (FAO),,2011,88.99
Western Asia (FAO),,2012,89.58
Western Asia (FAO),,2013,89.61
Western Asia (FAO),,2014,88.69
Western Asia (FAO),,2015,88.7
Western Asia (FAO),,2016,87.49
Western Asia (FAO),,2017,87.99
Western Asia (FAO),,2018,88
Western Asia (FAO),,2019,89.27
Western Asia (FAO),,2020,92.84
Western Asia (FAO),,2021,92.78
Western Asia (FAO),,2022,90.88
Western Asia (FAO),,2023,91.25
Western Europe (FAO),,1961,88.67
Western Europe (FAO),,1962,89.47
Western Europe (FAO),,1963,89.17
Western Europe (FAO),,1964,89.72
Western Europe (FAO),,1965,90.26
Western Europe (FAO),,1966,89.93
Western Europe (FAO),,1967,90.52
Western Europe (FAO),,1968,91.85
Western Europe (FAO),,1969,91.97
Western Europe (FAO),,1970,93.02
Western Europe (FAO),,1971,93.02
Western Europe (FAO),,1972,93.47
Western Europe (FAO),,1973,94.13
Western Europe (FAO),,1974,94.36
Western Europe (FAO),,1975,94.16
Western Europe (FAO),,1976,95.29
Western Europe (FAO),,1977,96.73
Western Europe (FAO),,1978,99.14
Western Europe (FAO),,1979,100.14
Western Europe (FAO),,1980,101.27
Western Europe (FAO),,1981,101.04
Western Europe (FAO),,1982,101.69
Western Europe (FAO),,1983,102.64
Western Europe (FAO),,1984,103.77
Western Europe (FAO),,1985,104.75
Western Europe (FAO),,1986,104.36
Western Europe (FAO),,1987,105.06
Western Europe (FAO),,1988,105.35
Western Europe (FAO),,1989,104.31
Western Europe (FAO),,1990,103.49
Western Europe (FAO),,1991,103.83
Western Europe (FAO),,1992,102.43
Western Europe (FAO),,1993,100.47
Western Europe (FAO),,1994,100.77
Western Europe (FAO),,1995,101.94
Western Europe (FAO),,1996,102.84
Western Europe (FAO),,1997,100.49
Western Europe (FAO),,1998,103.73
Western Europe (FAO),,1999,103.32
Western Europe (FAO),,2000,103.63
Western Europe (FAO),,2001,106.09
Western Europe (FAO),,2002,105.89
Western Europe (FAO),,2003,103.98
Western Europe (FAO),,2004,103.28
Western Europe (FAO),,2005,102.55
Western Europe (FAO),,2006,103.77
Western Europe (FAO),,2007,105.12
Western Europe (FAO),,2008,105.15
Western Europe (FAO),,2009,105.44
Western Europe (FAO),,2010,112.13
Western Europe (FAO),,2011,111.98
Western Europe (FAO),,2012,111.18
Western Europe (FAO),,2013,110.98
Western Europe (FAO),,2014,110.46
Western Europe (FAO),,2015,111.16
Western Europe (FAO),,2016,111.01
Western Europe (FAO),,2017,110.61
Western Europe (FAO),,2018,111.67
Western Europe (FAO),,2019,112.1
Western Europe (FAO),,2020,112.93
Western Europe (FAO),,2021,113.21
Western Europe (FAO),,2022,112.38
Western Europe (FAO),,2023,112.5
World,OWID_WRL,1961,61.11687
World,OWID_WRL,1962,62.19463
World,OWID_WRL,1963,62.269814
World,OWID_WRL,1964,62.55309
World,OWID_WRL,1965,62.64907
World,OWID_WRL,1966,62.881485
World,OWID_WRL,1967,63.047127
World,OWID_WRL,1968,63.18334
World,OWID_WRL,1969,62.98582
World,OWID_WRL,1970,63.83978
World,OWID_WRL,1971,63.381126
World,OWID_WRL,1972,63.110306
World,OWID_WRL,1973,63.795288
World,OWID_WRL,1974,63.561035
World,OWID_WRL,1975,64.13701
World,OWID_WRL,1976,63.842987
World,OWID_WRL,1977,64.248215
World,OWID_WRL,1978,65.71136
World,OWID_WRL,1979,65.72511
World,OWID_WRL,1980,65.83559
World,OWID_WRL,1981,66.44599
World,OWID_WRL,1982,66.62762
World,OWID_WRL,1983,67.82247
World,OWID_WRL,1984,68.01349
World,OWID_WRL,1985,68.38818
World,OWID_WRL,1986,68.76564
World,OWID_WRL,1987,69.21653
World,OWID_WRL,1988,69.65218
World,OWID_WRL,1989,69.7988
World,OWID_WRL,1990,69.35006
World,OWID_WRL,1991,69.006874
World,OWID_WRL,1992,68.881294
World,OWID_WRL,1993,69.44377
World,OWID_WRL,1994,70.54597
World,OWID_WRL,1995,71.18785
World,OWID_WRL,1996,71.57929
World,OWID_WRL,1997,71.81231
World,OWID_WRL,1998,72.26405
World,OWID_WRL,1999,72.75318
World,OWID_WRL,2000,73.17479
World,OWID_WRL,2001,73.00616
World,OWID_WRL,2002,73.040695
World,OWID_WRL,2003,73.2858
World,OWID_WRL,2004,73.42559
World,OWID_WRL,2005,73.77959
World,OWID_WRL,2006,74.40292
World,OWID_WRL,2007,75.597145
World,OWID_WRL,2008,76.10621
World,OWID_WRL,2009,76.15635
World,OWID_WRL,2010,83.926384
World,OWID_WRL,2011,84.21338
World,OWID_WRL,2012,84.78896
World,OWID_WRL,2013,85.26029
World,OWID_WRL,2014,85.994484
World,OWID_WRL,2015,86.44325
World,OWID_WRL,2016,87.0733
World,OWID_WRL,2017,88.0861
World,OWID_WRL,2018,88.39791
World,OWID_WRL,2019,89.09365
World,OWID_WRL,2020,89.80202
World,OWID_WRL,2021,90.6001
World,OWID_WRL,2022,91.505775
World,OWID_WRL,2023,92.151764
Yemen,YEM,1961,48.11614
Yemen,YEM,1962,47.830692
Yemen,YEM,1963,48.52037
Yemen,YEM,1964,48.042477
Yemen,YEM,1965,47.41267
Yemen,YEM,1966,47.02312
Yemen,YEM,1967,46.537693
Yemen,YEM,1968,44.941845
Yemen,YEM,1969,44.021782
Yemen,YEM,1970,44.554237
Yemen,YEM,1971,45.216614
Yemen,YEM,1972,45.024525
Yemen,YEM,1973,44.52364
Yemen,YEM,1974,44.43515
Yemen,YEM,1975,45.035423
Yemen,YEM,1976,46.16157
Yemen,YEM,1977,48.936447
Yemen,YEM,1978,50.841774
Yemen,YEM,1979,51.201893
Yemen,YEM,1980,49.736916
Yemen,YEM,1981,50.72007
Yemen,YEM,1982,50.802197
Yemen,YEM,1983,49.54052
Yemen,YEM,1984,49.011887
Yemen,YEM,1985,49.132042
Yemen,YEM,1986,50.253563
Yemen,YEM,1987,48.238106
Yemen,YEM,1988,51.936436
Yemen,YEM,1989,51.77856
Yemen,YEM,1990,47.4559
Yemen,YEM,1991,47.333546
Yemen,YEM,1992,49.077217
Yemen,YEM,1993,50.3079
Yemen,YEM,1994,49.68342
Yemen,YEM,1995,49.65612
Yemen,YEM,1996,49.157967
Yemen,YEM,1997,49.279446
Yemen,YEM,1998,50.950916
Yemen,YEM,1999,51.78099
Yemen,YEM,2000,51.37031
Yemen,YEM,2001,50.703995
Yemen,YEM,2002,52.51419
Yemen,YEM,2003,52.050297
Yemen,YEM,2004,48.72368
Yemen,YEM,2005,49.53238
Yemen,YEM,2006,48.980244
Yemen,YEM,2007,49.492424
Yemen,YEM,2008,48.34838
Yemen,YEM,2009,50.011177
Yemen,YEM,2010,59.700016
Yemen,YEM,2011,56.589996
Yemen,YEM,2012,60.64999
Yemen,YEM,2013,58.529987
Yemen,YEM,2014,58.04
Yemen,YEM,2015,52.910004
Yemen,YEM,2016,48.69998
Yemen,YEM,2017,49.03
Yemen,YEM,2018,47.8
Yemen,YEM,2019,50.649994
Yemen,YEM,2020,54.10999
Yemen,YEM,2021,56.089996
Yemen,YEM,2022,51.08
Yemen,YEM,2023,45
Yugoslavia,OWID_YGS,1961,90.77925
Yugoslavia,OWID_YGS,1962,93.35688
Yugoslavia,OWID_YGS,1963,92.60241
Yugoslavia,OWID_YGS,1964,94.61034
Yugoslavia,OWID_YGS,1965,94.26064
Yugoslavia,OWID_YGS,1966,96.258484
Yugoslavia,OWID_YGS,1967,97.901436
Yugoslavia,OWID_YGS,1968,97.114075
Yugoslavia,OWID_YGS,1969,96.07886
Yugoslavia,OWID_YGS,1970,95.45078
Yugoslavia,OWID_YGS,1971,96.74302
Yugoslavia,OWID_YGS,1972,95.14788
Yugoslavia,OWID_YGS,1973,96.5459
Yugoslavia,OWID_YGS,1974,100.863495
Yugoslavia,OWID_YGS,1975,100.41772
Yugoslavia,OWID_YGS,1976,103.11927
Yugoslavia,OWID_YGS,1977,104.26225
Yugoslavia,OWID_YGS,1978,104.21789
Yugoslavia,OWID_YGS,1979,105.01881
Yugoslavia,OWID_YGS,1980,105.6084
Yugoslavia,OWID_YGS,1981,105.11005
Yugoslavia,OWID_YGS,1982,102.539665
Yugoslavia,OWID_YGS,1983,104.48262
Yugoslavia,OWID_YGS,1984,103.85253
Yugoslavia,OWID_YGS,1985,102.06668
Yugoslavia,OWID_YGS,1986,104.39619
Yugoslavia,OWID_YGS,1987,102.93913
Yugoslavia,OWID_YGS,1988,102.24811
Yugoslavia,OWID_YGS,1989,102.79826
Yugoslavia,OWID_YGS,1990,106.623276
Yugoslavia,OWID_YGS,1991,98.29623
Zambia,ZMB,1961,60.181526
Zambia,ZMB,1962,59.80012
Zambia,ZMB,1963,59.790054
Zambia,ZMB,1964,58.04167
Zambia,ZMB,1965,57.700058
Zambia,ZMB,1966,61.249187
Zambia,ZMB,1967,60.616886
Zambia,ZMB,1968,61.55973
Zambia,ZMB,1969,62.791367
Zambia,ZMB,1970,62.772015
Zambia,ZMB,1971,62.724472
Zambia,ZMB,1972,64.066536
Zambia,ZMB,1973,63.198467
Zambia,ZMB,1974,64.42269
Zambia,ZMB,1975,64.61045
Zambia,ZMB,1976,64.29159
Zambia,ZMB,1977,67.35934
Zambia,ZMB,1978,63.2287
Zambia,ZMB,1979,61.839695
Zambia,ZMB,1980,60.506973
Zambia,ZMB,1981,57.90408
Zambia,ZMB,1982,55.824635
Zambia,ZMB,1983,55.21294
Zambia,ZMB,1984,54.937706
Zambia,ZMB,1985,53.123188
Zambia,ZMB,1986,52.74848
Zambia,ZMB,1987,52.945286
Zambia,ZMB,1988,53.52211
Zambia,ZMB,1989,52.899662
Zambia,ZMB,1990,52.231735
Zambia,ZMB,1991,51.672226
Zambia,ZMB,1992,51.799362
Zambia,ZMB,1993,51.057507
Zambia,ZMB,1994,52.808357
Zambia,ZMB,1995,53.645138
Zambia,ZMB,1996,52.44853
Zambia,ZMB,1997,50.721355
Zambia,ZMB,1998,50.27655
Zambia,ZMB,1999,49.558594
Zambia,ZMB,2000,47.18947
Zambia,ZMB,2001,46.90665
Zambia,ZMB,2002,46.260056
Zambia,ZMB,2003,47.84093
Zambia,ZMB,2004,45.63356
Zambia,ZMB,2005,49.966084
Zambia,ZMB,2006,45.468708
Zambia,ZMB,2007,43.765305
Zambia,ZMB,2008,45.766678
Zambia,ZMB,2009,47.457764
Zambia,ZMB,2010,47.019993
Zambia,ZMB,2011,49.48001
Zambia,ZMB,2012,50.799995
Zambia,ZMB,2013,52.07
Zambia,ZMB,2014,52
Zambia,ZMB,2015,53.199993
Zambia,ZMB,2016,52.979973
Zambia,ZMB,2017,52.199978
Zambia,ZMB,2018,51.94999
Zambia,ZMB,2019,46.340004
Zambia,ZMB,2020,45.610016
Zambia,ZMB,2021,47.41
Zambia,ZMB,2022,47.39001
Zambia,ZMB,2023,48.260006
Zimbabwe,ZWE,1961,61.729733
Zimbabwe,ZWE,1962,62.559673
Zimbabwe,ZWE,1963,62.047607
Zimbabwe,ZWE,1964,61.108833
Zimbabwe,ZWE,1965,59.916023
Zimbabwe,ZWE,1966,60.360996
Zimbabwe,ZWE,1967,61.45829
Zimbabwe,ZWE,1968,62.57057
Zimbabwe,ZWE,1969,61.4493
Zimbabwe,ZWE,1970,63.02991
Zimbabwe,ZWE,1971,64.6334
Zimbabwe,ZWE,1972,66.283424
Zimbabwe,ZWE,1973,64.219826
Zimbabwe,ZWE,1974,63.151333
Zimbabwe,ZWE,1975,61.10661
Zimbabwe,ZWE,1976,63.09007
Zimbabwe,ZWE,1977,64.76393
Zimbabwe,ZWE,1978,65.80349
Zimbabwe,ZWE,1979,64.7407
Zimbabwe,ZWE,1980,62.690357
Zimbabwe,ZWE,1981,57.537434
Zimbabwe,ZWE,1982,58.497807
Zimbabwe,ZWE,1983,55.443546
Zimbabwe,ZWE,1984,53.953625
Zimbabwe,ZWE,1985,52.842915
Zimbabwe,ZWE,1986,51.545315
Zimbabwe,ZWE,1987,51.551384
Zimbabwe,ZWE,1988,52.729614
Zimbabwe,ZWE,1989,53.03645
Zimbabwe,ZWE,1990,52.551044
Zimbabwe,ZWE,1991,51.16444
Zimbabwe,ZWE,1992,50.37675
Zimbabwe,ZWE,1993,49.395237
Zimbabwe,ZWE,1994,49.129433
Zimbabwe,ZWE,1995,48.731773
Zimbabwe,ZWE,1996,50.087475
Zimbabwe,ZWE,1997,49.710342
Zimbabwe,ZWE,1998,49.95669
Zimbabwe,ZWE,1999,48.968422
Zimbabwe,ZWE,2000,48.556343
Zimbabwe,ZWE,2001,51.044415
Zimbabwe,ZWE,2002,48.795963
Zimbabwe,ZWE,2003,49.584183
Zimbabwe,ZWE,2004,50.80936
Zimbabwe,ZWE,2005,50.48382
Zimbabwe,ZWE,2006,51.72594
Zimbabwe,ZWE,2007,51.58063
Zimbabwe,ZWE,2008,50.02461
Zimbabwe,ZWE,2009,51.68235
Zimbabwe,ZWE,2010,61.179996
Zimbabwe,ZWE,2011,59.949997
Zimbabwe,ZWE,2012,60.80001
Zimbabwe,ZWE,2013,60.089993
Zimbabwe,ZWE,2014,55.299973
Zimbabwe,ZWE,2015,56.340008
Zimbabwe,ZWE,2016,57.569973
Zimbabwe,ZWE,2017,57.779984
Zimbabwe,ZWE,2018,57.619972
Zimbabwe,ZWE,2019,59.319973
Zimbabwe,ZWE,2020,63.76001
Zimbabwe,ZWE,2021,66.16995
Zimbabwe,ZWE,2022,67.16999
Zimbabwe,ZWE,2023,69.10996